Date,Price,Rolling_Mean,Rolling_STD
1987-05-15,18.58,,
1987-05-22,18.54,,
1987-05-29,18.6,,
1987-06-05,18.7,,
1987-06-12,18.75,,
1987-06-19,19.01,,
1987-06-26,18.91,18.72714285714286,0.17679689719320063
1987-07-03,19.16,18.810000000000002,0.2255363976538314
1987-07-10,19.57,18.95714285714286,0.3312458445381779
1987-07-17,20.2,19.185714285714287,0.5338182319497028
1987-07-24,20.19,19.398571428571426,0.6007336784141163
1987-07-31,19.86,19.557142857142857,0.5449071567926151
1987-08-07,20.16,19.72142857142857,0.525465779774752
1987-08-14,19.41,19.792857142857144,0.42022669618966213
1987-08-21,18.5,19.698571428571427,0.6148557709313794
1987-08-28,17.92,19.462857142857143,0.915254323229602
1987-09-04,18.35,19.19857142857143,0.9338348992448395
1987-09-11,17.93,18.875714285714285,0.9245693978434355
1987-09-18,18.39,18.665714285714284,0.8253657198046053
1987-09-25,18.5,18.428571428571427,0.4980437922990532
1987-10-02,18.56,18.307142857142857,0.27053738409040606
1987-10-09,18.64,18.327142857142857,0.2915312610861484
1987-10-16,18.69,18.437142857142856,0.2553242569566796
1987-10-23,18.98,18.527142857142856,0.3218547439303653
1987-10-30,18.79,18.650000000000002,0.195106808355505
1987-11-06,18.15,18.615714285714287,0.2590274852119814
1987-11-13,17.74,18.50714285714286,0.42299386464086547
1987-11-20,17.47,18.351428571428567,0.5739752773836381
1987-11-27,17.78,18.228571428571428,0.5936168397046675
1987-12-04,17.8,18.10142857142857,0.5732779596736847
1987-12-11,17.61,17.905714285714286,0.4422238174973256
1987-12-18,15.91,17.494285714285716,0.7290829203608513
1987-12-25,16.61,17.274285714285714,0.7305901072160144
1988-01-01,17.46,17.234285714285715,0.7081632849105077
1988-01-08,17.45,17.231428571428573,0.7070933123576797
1988-01-15,16.44,17.04,0.7151689777015423
1988-01-22,16.91,16.912857142857142,0.631788843568122
1988-01-29,16.24,16.717142857142857,0.5906977310975657
1988-02-05,16.14,16.75,0.5427706698044786
1988-02-12,16.18,16.68857142857143,0.5840213629491261
1988-02-19,15.64,16.428571428571427,0.588456415022348
1988-02-26,15.16,16.10142857142857,0.5619142452791352
1988-03-04,14.14,15.772857142857143,0.9010496524556655
1988-03-11,14.21,15.387142857142859,0.9109832469318382
1988-03-18,14.48,15.135714285714284,0.8786705325444251
1988-03-25,15.38,15.02714285714286,0.7746980978788716
1988-04-01,15.63,14.948571428571428,0.6572779364274179
1988-04-08,15.49,14.927142857142858,0.6329748358798649
1988-04-15,16.55,15.125714285714286,0.8857549913841316
1988-04-22,17.09,15.547142857142859,1.0288296633507767
1988-04-29,17.04,15.95142857142857,0.9701791685289962
1988-05-06,16.16,16.19142857142857,0.721420556296821
1988-05-13,16.45,16.344285714285714,0.6281681606824996
1988-05-20,16.46,16.462857142857143,0.54349836815806
1988-05-27,16.23,16.568571428571428,0.365578471805463
1988-06-03,16.31,16.534285714285712,0.37863162145006213
1988-06-10,16.18,16.404285714285713,0.3051151226918042
1988-06-17,15.6,16.19857142857143,0.2901395394994399
1988-06-24,15.09,16.045714285714286,0.5113660509803437
1988-07-01,14.49,15.765714285714285,0.7390276752340851
1988-07-08,14.62,15.502857142857142,0.7771682418823264
1988-07-15,14.22,15.215714285714284,0.8330437592118994
1988-07-22,15.37,15.081428571428573,0.6908793568447925
1988-07-29,15.62,15.001428571428571,0.5630698172052973
1988-08-05,15.06,14.924285714285714,0.5009609812768777
1988-08-12,15.22,14.942857142857141,0.5104479825184252
1988-08-19,14.81,14.98857142857143,0.4763202204199819
1988-08-26,14.76,15.008571428571429,0.46095656235803845
1988-09-02,14.3,15.02,0.43859624561395266
1988-09-09,13.35,14.73142857142857,0.7345844306233781
1988-09-16,13.35,14.407142857142858,0.7767821291652265
1988-09-23,13.09,14.125714285714285,0.8538707385167991
1988-09-30,12.57,13.747142857142858,0.8750374141660805
1988-10-07,11.42,13.262857142857143,1.0983580819525385
1988-10-14,12.55,12.947142857142856,0.8951110598823988
1988-10-21,13.36,12.812857142857142,0.7096176032604629
1988-10-28,12.26,12.657142857142858,0.6914649734612663
1988-11-04,12.48,12.532857142857141,0.6207445606074927
1988-11-11,12.82,12.494285714285713,0.5878734881717474
1988-11-18,12.57,12.494285714285715,0.5878734881717474
1988-11-25,13.3,12.762857142857143,0.4210587562210963
1988-12-02,14.61,13.057142857142859,0.798346505508181
1988-12-09,14.76,13.257142857142856,1.0289268565794454
1988-12-16,15.38,13.702857142857143,1.188398281802217
1988-12-23,15.31,14.107142857142858,1.1844227044670879
1988-12-30,16.12,14.578571428571431,1.2420605000217482
1989-01-06,16.59,15.152857142857144,1.0769666396212716
1989-01-13,16.98,15.678571428571429,0.906447802715419
1989-01-20,17.9,16.148571428571426,1.0936548598076739
1989-01-27,17.33,16.51571428571429,0.9747282893684919
1989-02-03,16.67,16.7,0.8363412381717491
1989-02-10,16.57,16.88,0.5852065162544361
1989-02-17,16.88,16.988571428571426,0.4821282184726443
1989-02-24,17.14,17.06714285714286,0.4501005178740221
1989-03-03,17.44,17.132857142857144,0.46846253089988915
1989-03-10,17.65,17.097142857142856,0.4055331587640273
1989-03-17,18.81,17.30857142857143,0.7695762594100752
1989-03-24,19.59,17.725714285714286,1.0903035837609105
1989-03-31,19.91,18.202857142857145,1.2229978779719066
1989-04-07,19.56,18.585714285714285,1.157596031190737
1989-04-14,19.8,18.965714285714284,1.033906139241796
1989-04-21,21.09,19.487142857142857,1.0563571726411674
1989-04-28,20.84,19.942857142857143,0.7849355448212081
1989-05-05,19.28,20.009999999999998,0.6857113095173183
1989-05-12,19.04,19.93142857142857,0.7683842044929364
1989-05-19,18.9,19.787142857142857,0.8621816182551697
1989-05-26,17.82,19.538571428571426,1.1435096351645886
1989-06-02,18.05,19.288571428571426,1.261988227248676
1989-06-09,18.19,18.874285714285715,1.0259931309525825
1989-06-16,16.9,18.31142857142857,0.8298680331118579
1989-06-23,17.24,18.02,0.7902953034572995
1989-06-30,18.18,17.897142857142857,0.6616825594828772
1989-07-07,18.38,17.822857142857142,0.5501125425981609
1989-07-14,17.72,17.80857142857143,0.551495801477784
1989-07-21,17.95,17.794285714285714,0.5454617964886046
1989-07-28,16.7,17.58142857142857,0.6466433476404329
1989-08-04,16.24,17.487142857142857,0.7939083550325465
1989-08-11,16.54,17.387142857142855,0.8706073413756348
1989-08-18,16.93,17.208571428571428,0.8067306153322155
1989-08-25,17.02,17.014285714285712,0.6196734931359005
1989-09-01,17.15,16.93285714285714,0.5443563258783908
1989-09-08,17.66,16.89142857142857,0.45827315622268067
1989-09-15,17.94,17.068571428571428,0.5920706199834866
1989-09-22,17.83,17.295714285714286,0.5220746160865452
1989-09-29,17.72,17.464285714285715,0.4174069614040695
1989-10-06,18.59,17.701428571428572,0.5217735323371852
1989-10-13,18.9,17.97,0.591720654813853
1989-10-20,19.37,18.287142857142857,0.668872541064795
1989-10-27,18.75,18.442857142857143,0.6239047546357865
1989-11-03,19.07,18.604285714285712,0.6182733252873697
1989-11-10,18.93,18.76142857142857,0.5207823784598321
1989-11-17,18.72,18.904285714285713,0.25870556899410363
1989-11-24,18.59,18.904285714285713,0.25870556899410363
1989-12-01,18.41,18.834285714285716,0.31926254310295227
1989-12-08,19.24,18.815714285714282,0.28483077682821484
1989-12-15,19.62,18.939999999999998,0.4125530268947131
1989-12-22,20.22,19.104285714285712,0.6395012937921937
1989-12-29,20.93,19.389999999999997,0.9296235797353555
1990-01-05,22.37,19.91142857142857,1.3972285493245487
1990-01-12,21.67,20.351428571428567,1.3967036021937165
1990-01-19,21.05,20.728571428571428,1.1126459240840691
1990-01-26,20.49,20.907142857142855,0.9170371545674018
1990-02-02,20.65,21.054285714285715,0.7420210496307827
1990-02-09,20.26,21.06,0.7346427703312196
1990-02-16,19.82,20.90142857142857,0.8739646936313952
1990-02-23,19.45,20.48428571428571,0.7432778112938985
1990-03-02,19.17,20.127142857142854,0.6761832662257775
1990-03-09,18.94,19.825714285714287,0.6664547282163009
1990-03-16,18.41,19.52857142857143,0.7756594736400673
1990-03-23,17.81,19.122857142857146,0.8320199173440028
1990-03-30,18.04,18.805714285714284,0.7448681570778527
1990-04-06,17.8,18.517142857142858,0.6743815508971661
1990-04-13,15.89,18.00857142857143,1.0762501037000114
1990-04-20,15.88,17.538571428571426,1.1962082952873603
1990-04-27,16.65,17.211428571428574,1.0537145181282732
1990-05-04,16.17,16.89142857142857,0.965495185063588
1990-05-11,16.34,16.681428571428572,0.8892586532505472
1990-05-18,17.24,16.56714285714286,0.7210574245674446
1990-05-25,16.12,16.327142857142857,0.48241456189033105
1990-06-01,15.55,16.27857142857143,0.5466085915726014
1990-06-08,14.93,16.142857142857142,0.7442605790473127
1990-06-15,15.01,15.90857142857143,0.8129663496814117
1990-06-22,14.9,15.727142857142857,0.8835480421896575
1990-06-29,15.52,15.61,0.8421401308571125
1990-07-06,15.39,15.345714285714285,0.4392742933087947
1990-07-13,15.83,15.304285714285713,0.36073337997558197
1990-07-20,17.77,15.62142857142857,1.0079753398344233
1990-07-27,18.91,16.19,1.5367606623457561
1990-08-03,20.9,17.03142857142857,2.2362724086556
1990-08-10,26.4,18.674285714285713,3.965261055478601
1990-08-17,27.18,20.34,4.783917502075751
1990-08-24,30.48,22.495714285714286,5.524228021913585
1990-08-31,27.65,24.184285714285714,4.920680363333436
1990-09-07,31.09,26.087142857142858,4.591266035585811
1990-09-14,32.01,27.958571428571428,3.7756122177797398
1990-09-21,35.71,30.074285714285715,3.2776762965189135
1990-09-28,40.79,32.13,4.76451116765054
1990-10-05,37.64,33.62428571428571,4.590402513733985
1990-10-12,40.27,35.02285714285714,4.950046175830808
1990-10-19,36.28,36.255714285714284,3.732728479914119
1990-10-26,30.63,36.19,3.8412975238409652
1990-11-02,35.03,36.621428571428574,3.44247211836412
1990-11-09,34.13,36.395714285714284,3.561918290017608
1990-11-16,32.24,35.174285714285716,3.2568024049306312
1990-11-23,31.01,34.22714285714286,3.3818767683330067
1990-11-30,33.98,33.32857142857143,2.1022006609854405
1990-12-07,29.72,32.39142857142857,2.028081429754307
1990-12-14,28.06,32.02428571428572,2.562348253346635
1990-12-21,27.67,30.97285714285714,2.632512831787104
1990-12-28,27.47,30.02142857142857,2.5015557064316734
1991-01-04,26.07,29.139999999999997,2.6708300832013294
1991-01-11,25.33,28.328571428571426,2.863863524282215
1991-01-18,25.86,27.16857142857143,1.5245920609726349
1991-01-25,20.77,25.889999999999997,2.4810951882854333
1991-02-01,20.72,24.84142857142857,2.9228549318056687
1991-02-08,20.63,23.835714285714285,2.9975982449446046
1991-02-15,20.44,22.83142857142857,2.743971747737329
1991-02-22,18.13,21.697142857142858,2.822089735672865
1991-03-01,18.66,20.744285714285716,2.4985386204929623
1991-03-08,19.77,19.874285714285715,1.0752186931479801
1991-03-15,19.28,19.66142857142857,1.0140911952978182
1991-03-22,18.8,19.387142857142855,0.9367624082569748
1991-03-29,18.28,19.051428571428573,0.8323947094861549
1991-04-05,17.95,18.695714285714285,0.6527597093071964
1991-04-12,19.17,18.844285714285714,0.6200768001585126
1991-04-19,19.71,18.994285714285716,0.6910103024520152
1991-04-26,19.63,18.974285714285713,0.6664047104386528
1991-05-03,19.72,19.037142857142857,0.7187422877430164
1991-05-10,19.81,19.181428571428572,0.7632043975112739
1991-05-17,18.9,19.27,0.6716397844079804
1991-05-24,18.82,19.39428571428571,0.42003401222778924
1991-05-31,18.87,19.351428571428567,0.46012420683320643
1991-06-07,18.55,19.185714285714287,0.5150681878109286
1991-06-14,17.86,18.93285714285714,0.6713596722498286
1991-06-21,18.06,18.695714285714285,0.6393970373939429
1991-06-28,18.2,18.465714285714284,0.42559202462939083
1991-07-05,18.55,18.415714285714284,0.38465816611827675
1991-07-12,19.24,18.475714285714286,0.4793348566101544
1991-07-19,20.02,18.639999999999997,0.7548730577606483
1991-07-26,19.66,18.798571428571428,0.844125357424596
1991-08-02,19.57,19.042857142857144,0.7715506958003906
1991-08-09,19.52,19.25142857142857,0.6492156439739792
1991-08-16,19.39,19.42142857142857,0.4546584275188207
1991-08-23,20.09,19.641428571428573,0.31333839914788575
1991-08-30,20.17,19.774285714285718,0.3119218461327286
1991-09-06,20.34,19.82,0.3716629297265822
1991-09-13,20.08,19.88,0.37541088600751615
1991-09-20,20.47,20.00857142857143,0.4045338292989081
1991-09-27,20.94,20.21142857142857,0.4695184970235417
1991-10-04,21.49,20.511428571428574,0.5248310385707537
1991-10-11,22.11,20.8,0.7580237463296559
1991-10-18,22.75,21.16857142857143,0.9918237170555786
1991-10-25,22.54,21.482857142857142,1.0332104381603382
1991-11-01,22.05,21.764285714285716,0.8370953180064076
1991-11-08,22.18,22.008571428571425,0.6170204905138639
1991-11-15,21.36,22.068571428571428,0.5062749112033612
1991-11-22,20.76,21.964285714285715,0.6879161078418302
1991-11-29,19.85,21.641428571428573,1.0455210594311126
1991-12-06,19.24,21.139999999999997,1.2474373731773698
1991-12-13,18.45,20.555714285714284,1.4272918078520402
1991-12-20,18.31,20.021428571428572,1.4739451433869275
1991-12-27,17.73,19.385714285714283,1.3414775081086934
1992-01-03,18.18,18.93142857142857,1.0730552730624874
1992-01-10,17.77,18.504285714285714,0.7785425944854575
1992-01-17,18.37,18.292857142857144,0.5051308175677972
1992-01-24,18.11,18.13142857142857,0.28427853544340925
1992-01-31,18.28,18.107142857142858,0.2586319318839798
1992-02-07,18.47,18.13,0.2852484297349082
1992-02-14,18.58,18.251428571428573,0.2669224963302787
1992-02-21,17.74,18.18857142857143,0.3307279129141033
1992-02-28,17.42,18.138571428571428,0.4191828786029426
1992-03-06,17.28,17.982857142857142,0.51123100733103
1992-03-13,17.4,17.88142857142857,0.5507094990832327
1992-03-20,17.73,17.802857142857142,0.5228994258204525
1992-03-27,17.75,17.7,0.4328587144394946
1992-04-03,18.52,17.69142857142857,0.4126511267166222
1992-04-10,19.01,17.872857142857146,0.6490432519152298
1992-04-17,18.86,18.07857142857143,0.7071875887724897
1992-04-24,18.86,18.304285714285715,0.6604255482349825
1992-05-01,19.37,18.585714285714285,0.6298903910693429
1992-05-08,19.76,18.875714285714285,0.6375175067621045
1992-05-15,19.79,19.16714285714286,0.4852392635151796
1992-05-22,19.49,19.305714285714284,0.4007849441136586
1992-05-29,20.68,19.544285714285714,0.6280354858033106
1992-06-05,21.08,19.861428571428572,0.7694896267747414
1992-06-12,21.21,20.197142857142858,0.7723926955831086
1992-06-19,21.16,20.452857142857145,0.7488594502242428
1992-06-26,21.31,20.674285714285713,0.7389374611076788
1992-07-03,20.62,20.792857142857144,0.6322898672208602
1992-07-10,19.95,20.858571428571427,0.47984124358720875
1992-07-17,20.02,20.764285714285712,0.5759877644200437
1992-07-24,20.26,20.647142857142857,0.584400384602456
1992-07-31,20.58,20.557142857142857,0.5291727596196667
1992-08-07,19.88,20.374285714285715,0.5068154543436679
1992-08-14,19.68,20.141428571428573,0.35779084073512424
1992-08-21,19.79,20.02285714285714,0.30663302092805383
1992-08-28,19.62,19.975714285714286,0.3429216209207148
1992-09-04,19.9,19.958571428571425,0.3433379565102057
1992-09-11,20.28,19.96142857142857,0.34633454786848905
1992-09-18,20.45,19.942857142857143,0.30912318395227817
1992-09-25,20.35,20.009999999999998,0.3424422092358384
1992-10-02,20.26,20.092857142857145,0.31862801120345513
1992-10-09,20.33,20.169999999999998,0.297769485787799
1992-10-16,20.76,20.332857142857144,0.25558522947048923
1992-10-23,20.37,20.400000000000002,0.17048949136631053
1992-10-30,19.55,20.295714285714286,0.3665995609584234
1992-11-06,19.19,20.115714285714287,0.5444219302112087
1992-11-13,19.25,19.958571428571428,0.6191507240141697
1992-11-20,19.28,19.818571428571428,0.6496775757101334
1992-11-27,19.12,19.645714285714288,0.6518910221513557
1992-12-04,18.57,19.332857142857144,0.5446930109613055
1992-12-11,18.12,19.011428571428574,0.4919833524086122
1992-12-18,18.04,18.795714285714286,0.5446973821259136
1992-12-25,18.23,18.65857142857143,0.5497098801918426
1993-01-01,17.87,18.46142857142857,0.549709880191833
1993-01-08,17.51,18.208571428571428,0.5165084243073927
1993-01-15,17.05,17.912857142857142,0.5000238089564804
1993-01-22,16.98,17.685714285714287,0.5127331061037145
1993-01-29,18.0,17.66857142857143,0.49757507210518104
1993-02-05,18.58,17.745714285714286,0.5967371599747798
1993-02-12,18.45,17.777142857142856,0.6312874222755742
1993-02-19,18.05,17.802857142857142,0.63931510972551
1993-02-26,18.81,17.98857142857143,0.7233585687936264
1993-03-05,19.15,18.288571428571426,0.7044484502411691
1993-03-12,19.02,18.580000000000002,0.44825587930658495
1993-03-19,18.66,18.674285714285713,0.368187322923397
1993-03-26,18.42,18.65142857142857,0.37979944582267416
1993-04-02,18.73,18.69142857142857,0.3696587873258433
1993-04-09,18.71,18.785714285714285,0.2403370648932563
1993-04-16,18.67,18.76571428571429,0.24377976008719532
1993-04-23,18.56,18.681428571428572,0.1832510637910349
1993-04-30,18.67,18.631428571428575,0.1076148334596232
1993-05-07,18.97,18.67571428571429,0.16811277393909727
1993-05-14,18.76,18.724285714285713,0.125679107630645
1993-05-21,18.15,18.641428571428573,0.25049474854217985
1993-05-28,18.25,18.575714285714287,0.28716180937145935
1993-06-04,18.34,18.528571428571432,0.296053405734845
1993-06-11,18.06,18.457142857142856,0.3436914452286896
1993-06-18,17.31,18.262857142857143,0.5346560977457404
1993-06-25,17.2,18.009999999999998,0.5623166367799731
1993-07-02,17.15,17.779999999999998,0.5329165037785202
1993-07-09,16.8,17.587142857142858,0.6147008563981745
1993-07-16,16.66,17.359999999999996,0.6226556030419131
1993-07-23,16.68,17.122857142857143,0.4889687885642059
1993-07-30,16.95,16.964285714285715,0.26146109607619306
1993-08-06,16.6,16.86285714285714,0.24198583193359716
1993-08-13,16.61,16.77857142857143,0.2048925386157315
1993-08-20,16.72,16.717142857142857,0.12311434870308813
1993-08-27,16.85,16.724285714285717,0.1299816836892078
1993-09-03,16.53,16.705714285714286,0.14864467058956454
1993-09-10,15.78,16.577142857142857,0.3814758308507164
1993-09-17,15.47,16.365714285714287,0.5239229314457051
1993-09-24,16.03,16.284285714285716,0.5257330483188747
1993-10-01,16.72,16.3,0.538578375601997
1993-10-08,16.9,16.325714285714287,0.5655928200522512
1993-10-15,16.96,16.341428571428573,0.5838215643902168
1993-10-22,16.61,16.352857142857143,0.5888891883791869
1993-10-29,15.86,16.364285714285714,0.5765661899799478
1993-11-05,15.76,16.405714285714286,0.5079323164503932
1993-11-12,15.22,16.29,0.6731765494029668
1993-11-19,15.36,16.095714285714283,0.7228152632321165
1993-11-26,14.87,15.805714285714286,0.7529465926796983
1993-12-03,14.16,15.405714285714284,0.78076580233423
1993-12-10,13.73,14.994285714285713,0.7989963942938626
1993-12-17,13.99,14.727142857142857,0.7735139362177986
1993-12-24,13.52,14.407142857142858,0.7375119046653673
1993-12-31,13.17,14.114285714285714,0.7673516608621408
1994-01-07,14.18,13.945714285714285,0.545675640615569
1994-01-14,14.0,13.821428571428571,0.371278357902693
1994-01-21,14.22,13.83,0.38096369030740307
1994-01-28,14.64,13.959999999999999,0.4828043081822152
1994-02-04,15.13,14.122857142857143,0.6558636617899009
1994-02-11,13.91,14.178571428571429,0.6111581511471499
1994-02-18,13.18,14.179999999999998,0.6084132367609892
1994-02-25,13.24,14.045714285714286,0.7045532187809158
1994-03-04,13.5,13.974285714285715,0.7346622158705859
1994-03-11,13.3,13.842857142857143,0.7650427936983515
1994-03-18,14.18,13.777142857142858,0.7023464075438669
1994-03-25,14.59,13.7,0.5398456569544938
1994-04-01,13.4,13.627142857142857,0.5411935662863788
1994-04-08,14.34,13.792857142857144,0.558769907496018
1994-04-15,15.01,14.045714285714284,0.6584794895017968
1994-04-22,15.56,14.34,0.8155366331436745
1994-04-29,15.84,14.702857142857143,0.8403712331601695
1994-05-06,16.0,14.962857142857144,0.9285600731902883
1994-05-13,16.29,15.205714285714285,1.03140449780607
1994-05-20,16.08,15.588571428571429,0.6904691296842949
1994-05-27,16.35,15.875714285714285,0.46622087550997254
1994-06-03,16.27,16.055714285714284,0.28383429102434404
1994-06-10,16.06,16.127142857142857,0.18345883150323647
1994-06-17,16.67,16.245714285714286,0.22940917904034844
1994-06-24,17.44,16.451428571428572,0.4805354156705721
1994-07-01,17.34,16.601428571428574,0.5761200271763646
1994-07-08,17.06,16.74142857142857,0.5466085915720372
1994-07-15,18.09,16.990000000000002,0.7101173611918585
1994-07-22,17.42,17.154285714285717,0.6459065242700871
1994-07-29,17.82,17.405714285714286,0.466613942599238
1994-08-05,18.44,17.658571428571427,0.48084746616128604
1994-08-12,17.51,17.66857142857143,0.47625023434506525
1994-08-19,16.43,17.53857142857143,0.6669189998645956
1994-08-26,15.59,17.32857142857143,0.9939723096648044
1994-09-02,15.93,17.020000000000003,1.0517921214128247
1994-09-09,15.91,16.804285714285715,1.1093520202178027
1994-09-16,15.45,16.465714285714288,1.1093520202177969
1994-09-23,15.85,16.095714285714287,0.6960569215909186
1994-09-30,16.35,15.929999999999998,0.3603701800455299
1994-10-07,16.72,15.97142857142857,0.4361356276591812
1994-10-14,16.07,16.04,0.4026164427831838
1994-10-21,16.21,16.080000000000002,0.4037738641030639
1994-10-28,16.82,16.21,0.4793398237848156
1994-11-04,17.58,16.514285714285712,0.5816315312073788
1994-11-11,17.46,16.744285714285716,0.5933761354273094
1994-11-18,16.8,16.80857142857143,0.567345531735613
1994-11-25,17.06,16.857142857142858,0.5730245569402395
1994-12-02,16.85,16.96857142857143,0.4589273207314043
1994-12-09,16.0,16.93857142857143,0.5196289885232579
1994-12-16,15.72,16.78142857142857,0.6973862767842736
1994-12-23,15.62,16.501428571428573,0.7165293334635287
1994-12-30,16.19,16.32,0.5814063409808401
1995-01-06,16.07,16.215714285714284,0.5453089993400954
1995-01-13,16.23,16.097142857142856,0.40272878738657814
1995-01-20,16.88,16.101428571428574,0.4121257320854959
1995-01-27,16.85,16.222857142857144,0.4942912193466533
1995-02-03,16.99,16.404285714285713,0.5117244422160263
1995-02-10,16.97,16.597142857142856,0.41144923889816737
1995-02-17,17.1,16.72714285714286,0.40508082673694445
1995-02-24,17.18,16.885714285714286,0.3113870658221388
1995-03-03,16.93,16.985714285714288,0.11816050423608218
1995-03-10,16.7,16.96,0.15790292376252255
1995-03-17,16.41,16.897142857142857,0.2621522640055339
1995-03-24,17.17,16.922857142857143,0.28093381698049125
1995-03-31,17.94,17.06142857142857,0.4781014038678153
1995-04-07,18.24,17.224285714285713,0.6549009376193218
1995-04-14,18.37,17.394285714285715,0.7833444781371776
1995-04-21,18.9,17.675714285714285,0.9290650702514606
1995-04-28,19.07,18.014285714285716,0.9459185508072906
1995-05-05,18.81,18.357142857142858,0.6589313137117925
1995-05-12,18.26,18.512857142857143,0.4154400994005704
1995-05-19,18.42,18.58142857142857,0.33741312814871566
1995-05-26,18.24,18.58142857142857,0.33741312814871566
1995-06-02,17.65,18.478571428571428,0.48851573060352693
1995-06-09,17.98,18.34714285714286,0.4799206283577342
1995-06-16,17.76,18.16,0.39979161238424943
1995-06-23,16.67,17.854285714285716,0.5919419212175216
1995-06-30,16.64,17.622857142857143,0.7114940685088335
1995-07-07,16.11,17.29285714285714,0.8091500537744772
1995-07-14,15.92,16.961428571428574,0.8313729321913063
1995-07-21,15.65,16.675714285714285,0.8964161448575728
1995-07-28,15.75,16.357142857142858,0.7378733921592099
1995-08-04,16.02,16.108571428571427,0.40412162242779254
1995-08-11,16.07,16.02285714285714,0.32008927326064013
1995-08-18,15.89,15.915714285714285,0.16890403023003414
1995-08-25,16.29,15.941428571428572,0.2116938490217979
1995-09-01,16.22,15.984285714285713,0.23564501146417563
1995-09-08,16.69,16.132857142857144,0.30685035906208563
1995-09-15,16.94,16.302857142857142,0.3802505439705161
1995-09-22,16.89,16.427142857142858,0.4131470394301285
1995-09-29,16.37,16.470000000000002,0.3844910055290496
1995-10-06,16.23,16.518571428571427,0.31402911602858513
1995-10-13,15.98,16.474285714285717,0.3687301245644451
1995-10-20,15.96,16.437142857142856,0.40945957414199885
1995-10-27,16.12,16.35571428571429,0.40746603714662066
1995-11-03,16.65,16.314285714285713,0.34865728840983956
1995-11-10,16.79,16.3,0.32218007387080355
1995-11-17,16.75,16.354285714285712,0.3650962038896563
1995-11-24,16.82,16.43857142857143,0.39822223993689326
1995-12-01,17.21,16.614285714285717,0.4320824436315975
1995-12-08,17.53,16.83857142857143,0.44318651346099647
1995-12-15,17.78,17.075714285714287,0.43870480366796527
1995-12-22,18.14,17.28857142857143,0.5460594769623622
1995-12-29,18.72,17.564285714285717,0.7138360489365737
1996-01-05,19.18,17.911428571428573,0.8327950642547755
1996-01-12,18.53,18.155714285714286,0.699401104346724
1996-01-19,17.61,18.212857142857143,0.6212276631987068
1996-01-26,17.19,18.164285714285715,0.6926965940641577
1996-02-02,16.64,18.001428571428573,0.9008408770220122
1996-02-09,16.99,17.837142857142858,0.9733056095201045
1996-02-16,17.98,17.731428571428573,0.8987663502715478
1996-02-23,18.79,17.675714285714285,0.8007466753566451
1996-03-01,18.77,17.71,0.8472111110379462
1996-03-08,18.84,17.885714285714286,0.9449313404130132
1996-03-15,19.3,18.187142857142856,1.0196030973815218
1996-03-22,20.55,18.745714285714286,1.098709199361442
1996-03-29,20.98,19.315714285714282,1.0706829151347745
1996-04-05,20.94,19.73857142857143,1.039285468826496
1996-04-12,22.67,20.292857142857144,1.4156001587748837
1996-04-19,20.52,20.542857142857144,1.2462305068446045
1996-04-26,20.28,20.74857142857143,1.0158482263839006
1996-05-03,19.47,20.77285714285714,0.976724360395591
1996-05-10,19.63,20.641428571428573,1.0692275805680054
1996-05-17,19.06,20.367142857142856,1.205483503076732
1996-05-24,19.2,20.118571428571432,1.2463737878530963
1996-05-31,18.67,19.54714285714286,0.661254219537961
1996-06-07,18.31,19.231428571428573,0.646772205427753
1996-06-14,18.16,18.928571428571427,0.5651379941045579
1996-06-21,18.56,18.798571428571424,0.5229221921540339
1996-06-28,18.8,18.68,0.3766076649948669
1996-07-05,19.62,18.759999999999998,0.507510262621581
1996-07-12,19.8,18.845714285714287,0.6300755812557765
1996-07-19,19.93,19.025714285714287,0.741616638226799
1996-07-26,19.3,19.16714285714286,0.673664463604398
1996-08-02,19.07,19.29714285714286,0.5163562815764045
1996-08-09,19.73,19.464285714285715,0.4179655943912763
1996-08-16,20.95,19.771428571428572,0.5991501918389008
1996-08-23,21.15,19.990000000000002,0.7849628441310608
1996-08-30,20.78,20.13,0.8314445261108344
1996-09-06,22.18,20.451428571428572,1.1245062408515047
1996-09-13,23.08,20.99142857142857,1.3619523801198137
1996-09-20,22.11,21.42571428571429,1.1081945849421095
1996-09-27,22.85,21.87142857142857,0.9247599431099759
1996-10-04,23.59,22.24857142857143,1.0197945638121404
1996-10-11,24.18,22.68142857142857,1.1144419914831034
1996-10-18,24.77,23.25142857142857,0.9936704445543643
1996-10-25,24.7,23.61142857142857,0.9972867954509844
1996-11-01,23.2,23.62857142857143,0.9876137668040551
1996-11-08,21.99,23.611428571428572,1.0189116509201834
1996-11-15,22.88,23.615714285714287,1.0152316179548293
1996-11-22,23.21,23.561428571428568,1.0269279197591672
1996-11-29,23.05,23.400000000000002,1.0019980039899912
1996-12-06,24.18,23.315714285714286,0.8856044478745345
1996-12-13,23.27,23.111428571428572,0.6454308269527095
1996-12-20,23.97,23.221428571428568,0.7238883102483419
1996-12-27,23.57,23.447142857142858,0.48175769447971056
1997-01-03,24.12,23.624285714285715,0.4661851257049226
1997-01-10,24.67,23.832857142857144,0.5658832119119356
1997-01-17,23.23,23.858571428571427,0.5271441476303358
1997-01-24,22.9,23.675714285714285,0.6122052254719695
1997-01-31,22.98,23.634285714285713,0.652708642066669
1997-02-07,22.53,23.428571428571427,0.7490756208249024
1997-02-14,20.83,23.03714285714286,1.2265631426294539
1997-02-21,20.54,22.525714285714287,1.4293921452008076
1997-02-28,19.83,21.834285714285716,1.3893266611666184
1997-03-07,19.36,21.28142857142857,1.5064243378656823
1997-03-14,19.1,20.738571428571426,1.5106227035168933
1997-03-21,19.51,20.24285714285714,1.1872336794092002
1997-03-28,18.73,19.7,0.7585073060511611
1997-04-04,17.84,19.27285714285714,0.852207218261361
1997-04-11,17.14,18.787142857142857,0.9703558502889872
1997-04-18,17.33,18.43,0.9825477087651074
1997-04-25,17.76,18.201428571428572,0.9138458763455856
1997-05-02,18.08,18.055714285714284,0.8235463383611792
1997-05-09,18.06,17.84857142857143,0.5250532852772861
1997-05-16,19.42,17.947142857142858,0.7392048494993363
1997-05-23,19.91,18.242857142857144,1.0414527399375153
1997-05-30,19.15,18.53,0.9606594956935759
1997-06-06,18.3,18.66857142857143,0.8180959310377546
1997-06-13,16.88,18.54285714285714,1.022948585962843
1997-06-20,17.27,18.427142857142858,1.1247772266201745
1997-06-27,17.74,18.381428571428568,1.148439935614329
1997-07-04,18.41,18.237142857142857,1.0559310944327873
1997-07-11,18.17,17.988571428571426,0.7597681350564447
1997-07-18,18.26,17.861428571428572,0.5880881048339096
1997-07-25,18.57,17.9,0.6290733926441782
1997-08-01,18.96,18.197142857142858,0.5537061280047568
1997-08-08,19.17,18.46857142857143,0.4848858481270097
1997-08-15,18.63,18.595714285714287,0.36349494003100496
1997-08-22,18.6,18.622857142857146,0.35429339469341503
1997-08-29,17.83,18.57428571428571,0.43972935399115254
1997-09-05,18.1,18.551428571428573,0.46236452327197675
1997-09-12,18.11,18.485714285714288,0.49108238082980543
1997-09-19,18.22,18.38,0.4498888751675882
1997-09-26,18.83,18.33142857142857,0.3596956385341723
1997-10-03,20.14,18.54714285714286,0.7780684264189389
1997-10-10,20.75,18.854285714285712,1.1417655501144524
1997-10-17,19.55,19.099999999999998,1.067239429556274
1997-10-24,19.56,19.30857142857143,0.9781858816437876
1997-10-31,19.27,19.474285714285713,0.8280269146762059
1997-11-07,19.14,19.60571428571428,0.6495346319441881
1997-11-14,19.59,19.714285714285715,0.554883085068268
1997-11-21,19.2,19.580000000000002,0.5483915875840599
1997-11-28,18.85,19.30857142857143,0.27467729983971084
1997-12-05,17.92,19.075714285714287,0.5690593742555969
1997-12-12,17.32,18.755714285714284,0.8240318995209783
1997-12-19,17.04,18.437142857142856,1.0035721911535336
1997-12-26,17.06,18.139999999999997,1.0667239567946072
1998-01-02,16.0,17.627142857142854,1.1152983798921192
1998-01-09,15.38,17.08142857142857,1.1514111424886821
1998-01-16,14.92,16.52,1.1024215769535572
1998-01-23,14.72,16.062857142857144,1.088511434416996
1998-01-30,15.61,15.81857142857143,0.941283318514502
1998-02-06,14.92,15.515714285714285,0.81543152467141
1998-02-13,14.36,15.13,0.5625833271608259
1998-02-20,13.68,14.798571428571426,0.6423505940789729
1998-02-27,13.32,14.504285714285714,0.7871437213714801
1998-03-06,13.13,14.248571428571427,0.9106486437590733
1998-03-13,12.31,13.904285714285715,1.1315013204121782
1998-03-20,11.95,13.381428571428572,1.054979124144257
1998-03-27,14.61,13.337142857142856,0.9837295408408946
1998-04-03,13.79,13.255714285714285,0.9054254459062109
1998-04-10,12.99,13.157142857142858,0.8889453355088971
1998-04-17,13.55,13.19,0.9001481359564575
1998-04-24,13.64,13.262857142857143,0.914999349465907
1998-05-01,14.0,13.504285714285714,0.841701790874384
1998-05-08,13.95,13.790000000000001,0.49365980188715003
1998-05-15,14.39,13.758571428571429,0.43644123588429484
1998-05-22,14.56,13.86857142857143,0.53221012677972
1998-05-29,14.45,14.077142857142857,0.40023802441766904
1998-06-05,13.63,14.088571428571429,0.3834678852875457
1998-06-12,12.46,13.92,0.7227724399832012
1998-06-19,10.92,13.48,1.339950247832323
1998-06-26,11.96,13.195714285714287,1.4315825409063172
1998-07-03,11.87,12.835714285714285,1.3976510907332207
1998-07-10,11.66,12.421428571428569,1.219855573027717
1998-07-17,12.04,12.077142857142858,0.8295523749928506
1998-07-24,12.12,11.861428571428572,0.48195534272385926
1998-07-31,12.61,11.882857142857144,0.5151929827966713
1998-08-07,12.1,12.051428571428572,0.29259918952967046
1998-08-14,11.39,11.97,0.386522961800626
1998-08-21,12.0,11.98857142857143,0.384032488703862
1998-08-28,12.16,12.06,0.3583759664548783
1998-09-04,12.42,12.114285714285714,0.38279050592681896
1998-09-11,12.61,12.184285714285716,0.4263354369050833
1998-09-18,12.92,12.22857142857143,0.4893679110649769
1998-09-25,14.55,12.578571428571427,0.9959824056579133
1998-10-02,14.43,13.012857142857143,1.0525162593469415
1998-10-09,13.61,13.242857142857144,0.9667077166977758
1998-10-16,12.45,13.284285714285714,0.9175303290688136
1998-10-23,11.74,13.187142857142858,1.050630196369314
1998-10-30,12.35,13.15,1.078656571851862
1998-11-06,11.9,13.004285714285714,1.1791219493452627
1998-11-13,11.36,12.54857142857143,1.095649405168819
1998-11-20,10.56,11.995714285714286,0.9554904001406991
1998-11-27,10.56,11.559999999999999,0.7750483855857632
1998-12-04,9.85,11.18857142857143,0.8916731196913051
1998-12-11,9.44,10.86,1.0620891362462865
1998-12-18,9.89,10.508571428571429,0.8779223308736627
1998-12-25,9.78,10.205714285714285,0.6553842929362711
1999-01-01,10.41,10.069999999999999,0.43924177093296674
1999-01-08,10.94,10.124285714285715,0.5250034013485723
1999-01-15,11.36,10.23857142857143,0.695160139138188
1999-01-22,11.04,10.40857142857143,0.7289816772137022
1999-01-29,11.11,10.647142857142857,0.6250257137559817
1999-02-05,10.52,10.737142857142857,0.5369889597153561
1999-02-12,9.88,10.751428571428571,0.5078198030600917
1999-02-19,10.07,10.702857142857143,0.5595448830875955
1999-02-26,10.58,10.651428571428571,0.5505884298154572
1999-03-05,10.79,10.570000000000002,0.4636090306846492
1999-03-12,11.67,10.659999999999998,0.6085501896576533
1999-03-19,12.75,10.894285714285713,1.00028091292444
1999-03-26,13.57,11.33,1.3960539626625252
1999-04-02,14.62,12.007142857142858,1.6934059789438922
1999-04-09,14.13,12.587142857142856,1.6127069819167266
1999-04-16,14.7,13.175714285714287,1.5064069519094392
1999-04-23,16.07,13.929999999999998,1.4328410007159063
1999-04-30,16.18,14.574285714285717,1.249491325071061
1999-05-07,16.48,15.107142857142858,1.1316317758837342
1999-05-14,15.22,15.342857142857142,0.9077942917807913
1999-05-21,14.55,15.332857142857145,0.917418739102518
1999-05-28,14.9,15.442857142857141,0.7858904564397812
1999-06-04,14.49,15.412857142857144,0.8221458565991351
1999-06-11,16.13,15.421428571428573,0.8304101109573925
1999-06-18,16.12,15.412857142857145,0.8215374669016173
1999-06-25,16.03,15.34857142857143,0.7374150475683723
1999-07-02,16.88,15.585714285714287,0.930749825729001
1999-07-09,18.62,16.167142857142856,1.3518840468730462
1999-07-16,19.25,16.78857142857143,1.6411726353577285
1999-07-23,19.28,17.472857142857144,1.5169455525902278
1999-07-30,19.76,17.99142857142857,1.599587744508082
1999-08-06,19.44,18.465714285714284,1.4360577651199977
1999-08-13,20.21,19.062857142857144,1.0791464881362163
1999-08-20,20.8,19.622857142857146,0.7123836580032608
1999-08-27,20.25,19.85571428571429,0.5849460699599199
1999-09-03,20.9,20.09142857142857,0.6308308957615263
1999-09-10,21.94,20.47142857142857,0.8302294576685751
1999-09-17,23.08,20.945714285714285,1.2151523518040779
1999-09-24,23.02,21.457142857142856,1.2291014914116183
1999-10-01,23.25,21.89142857142857,1.2518576672479365
1999-10-08,22.42,22.122857142857146,1.1630522241887178
1999-10-15,21.78,22.341428571428573,0.8555393731719693
1999-10-22,21.79,22.46857142857143,0.6461276595076484
1999-10-29,21.82,22.451428571428572,0.6638380468011983
1999-11-05,22.22,22.328571428571426,0.6051013295700854
1999-11-12,24.77,22.57857142857143,1.0986268485618047
1999-11-19,25.19,22.85571428571429,1.4760855569473228
1999-11-26,25.82,23.34142857142857,1.826594541502734
1999-12-03,25.35,23.851428571428567,1.816328059312974
1999-12-10,25.74,24.415714285714284,1.6774271682436692
1999-12-17,25.44,24.93285714285714,1.2464578383793263
1999-12-24,25.41,25.388571428571428,0.35030598869338203
1999-12-31,25.28,25.46142857142857,0.23391084992888728
2000-01-07,23.64,25.240000000000002,0.7335984369304599
2000-01-14,24.34,25.028571428571432,0.7516299748198881
2000-01-21,26.38,25.17571428571429,0.9093194734316676
2000-01-28,26.99,25.354285714285716,1.1336645174368805
2000-02-04,27.33,25.624285714285715,1.3599614840485077
2000-02-11,27.63,25.94142857142857,1.5475726000356704
2000-02-18,27.81,26.302857142857142,1.6587918724754847
2000-02-25,27.76,26.89142857142857,1.2326858017007396
2000-03-03,29.49,27.627142857142854,0.9635821066161733
2000-03-10,30.3,28.187142857142856,1.2223299375336107
2000-03-17,28.39,28.387142857142855,1.1024626113951772
2000-03-24,25.47,28.12142857142857,1.5378819695871955
2000-03-31,24.33,27.650000000000002,2.1121947511219377
2000-04-07,23.28,27.002857142857145,2.674195918313418
2000-04-14,21.66,26.131428571428575,3.3056790959974527
2000-04-21,22.99,25.20285714285714,3.1122859459766814
2000-04-28,23.28,24.199999999999996,2.190677216448539
2000-05-05,24.96,23.71,1.2996922712703967
2000-05-12,26.9,23.914285714285715,1.6793635415722017
2000-05-19,28.67,24.534285714285712,2.4723393587373876
2000-05-26,29.05,25.358571428571427,2.907951332533117
2000-06-02,29.64,26.49857142857143,2.77762145591894
2000-06-09,28.67,27.310000000000002,2.3835267986746826
2000-06-16,29.81,28.242857142857144,1.7322789833600574
2000-06-23,29.78,28.931428571428572,1.0223735222745998
2000-06-30,31.03,29.521428571428572,0.8278572455733139
2000-07-07,30.9,29.840000000000003,0.873422387317451
2000-07-14,30.53,30.051428571428573,0.8282799158788595
2000-07-21,27.95,29.810000000000002,1.1514483632946726
2000-07-28,26.02,29.431428571428572,1.8264850448465848
2000-08-04,26.48,28.955714285714286,2.121311364407043
2000-08-11,28.34,28.75,2.097744820833525
2000-08-18,30.07,28.61285714285714,1.950023198885338
2000-08-25,31.77,28.737142857142857,2.1386889620024268
2000-09-01,34.32,29.27857142857143,2.981774799072114
2000-09-08,36.43,30.490000000000002,3.925361979062233
2000-09-15,33.26,31.524285714285714,3.4798125291595863
2000-09-22,33.09,32.46857142857143,2.6900893948681035
2000-09-29,29.41,32.621428571428574,2.4346692353819215
2000-10-06,29.83,32.58714285714286,2.4778936907902334
2000-10-13,31.83,32.59571428571429,2.474697672732868
2000-10-20,30.97,32.11714285714286,2.4087113725374683
2000-10-27,31.35,31.39142857142857,1.4783146775010645
2000-11-03,30.9,31.054285714285715,1.2292796961755008
2000-11-10,31.59,30.84,0.9026073343379925
2000-11-17,33.32,31.398571428571426,1.0653392037508107
2000-11-24,33.46,31.917142857142856,1.0580125123037625
2000-12-01,32.53,32.01714285714286,1.0812294589299702
2000-12-08,28.28,31.632857142857144,1.772490848925496
2000-12-15,25.94,30.860000000000003,2.798743765811262
2000-12-22,23.48,29.800000000000004,3.9495864762445647
2000-12-29,22.48,28.49857142857143,4.69250618387603
2001-01-05,24.05,27.17428571428572,4.404262545696945
2001-01-12,25.02,25.96857142857143,3.4481803344732214
2001-01-19,25.37,24.945714285714285,1.885115886295068
2001-01-26,27.15,24.784285714285716,1.5748529787767556
2001-02-02,27.19,24.962857142857143,1.78463548365596
2001-02-09,29.62,25.84,2.352799750651738
2001-02-16,27.63,26.575714285714287,1.8858937504789388
2001-02-23,26.29,26.895714285714288,1.5451629595058511
2001-03-02,25.26,26.93,1.4985659811967944
2001-03-09,25.93,27.009999999999998,1.413966053340857
2001-03-16,24.33,26.607142857142858,1.7331350619202859
2001-03-23,23.48,26.077142857142857,2.061372635613802
2001-03-30,24.04,25.279999999999998,1.4517575555168256
2001-04-06,24.0,24.76142857142857,1.0707540734054843
2001-04-13,26.0,24.72,1.0053689206787806
2001-04-20,26.27,24.86428571428571,1.1568471109422365
2001-04-27,26.05,24.881428571428575,1.1760021056023304
2001-05-04,27.28,25.302857142857142,1.443591750758274
2001-05-11,27.77,25.915714285714284,1.4513540475806765
2001-05-18,28.34,26.53,1.4350377463096984
2001-05-25,29.31,27.28857142857143,1.268561239770456
2001-06-01,28.86,27.697142857142858,1.2447183655446625
2001-06-08,28.87,28.068571428571428,1.130566651012379
2001-06-15,28.87,28.471428571428568,0.7188747821292508
2001-06-22,26.82,28.405714285714282,0.8542220074990219
2001-06-29,26.63,28.242857142857144,1.0756039278118212
2001-07-06,25.9,27.89428571428571,1.388678714256452
2001-07-13,24.47,27.20285714285714,1.7294287523700238
2001-07-20,23.47,26.43285714285714,2.0405613139993477
2001-07-27,24.69,25.83571428571429,1.8067083987449273
2001-08-03,24.83,25.25857142857143,1.22869074725137
2001-08-10,25.6,25.084285714285716,1.042750483782547
2001-08-17,25.41,24.909999999999997,0.8193696764384305
2001-08-24,25.48,24.85,0.7469716638981794
2001-08-31,26.57,25.150000000000002,0.9601909532310945
2001-09-07,26.64,25.602857142857147,0.7631014411754286
2001-09-14,28.47,26.142857142857142,1.2138055072885687
2001-09-21,26.41,26.368571428571432,1.0670118489101017
2001-09-28,20.95,25.704285714285714,2.327816266681884
2001-10-05,21.11,25.09,2.9123816141891212
2001-10-12,20.91,24.437142857142856,3.2971842243835754
2001-10-19,19.88,23.481428571428573,3.5367896392605807
2001-10-26,20.46,22.59857142857143,3.3850082647433695
2001-11-02,19.72,21.34857142857143,2.295818144448906
2001-11-09,19.31,20.334285714285716,0.7024921623014885
2001-11-16,18.42,19.972857142857144,0.9426861316773977
2001-11-23,18.57,19.610000000000003,0.9206157359794894
2001-11-30,18.8,19.30857142857143,0.7544629120864617
2001-12-07,18.99,19.181428571428572,0.7161337996822292
2001-12-14,18.02,18.83285714285714,0.5687329275299629
2001-12-21,18.74,18.692857142857143,0.413348694030586
2001-12-28,19.1,18.662857142857142,0.3660015612764362
2002-01-04,20.29,18.93,0.6943582168686416
2002-01-11,20.42,19.194285714285716,0.8654836247795744
2002-01-18,18.52,19.154285714285713,0.8927832350361358
2002-01-25,18.77,19.12285714285714,0.9033403619475278
2002-02-01,19.3,19.305714285714284,0.7612677396476655
2002-02-08,19.91,19.472857142857144,0.744618790292623
2002-02-15,20.99,19.74285714285714,0.9109649514975141
2002-02-22,20.02,19.704285714285714,0.8893978701505272
2002-03-01,20.6,19.73,0.9157510578752963
2002-03-08,22.27,20.265714285714285,1.155434364829232
2002-03-15,23.42,20.93,1.4510685717772978
2002-03-22,24.43,21.662857142857142,1.7543822681664905
2002-03-29,25.03,22.39428571428571,1.9573524392475867
2002-04-05,26.42,23.169999999999998,2.345548976252672
2002-04-12,24.89,23.865714285714287,1.9432520607035446
2002-04-19,24.89,24.478571428571428,1.317351238551939
2002-04-26,26.24,25.04571428571429,1.0316468572604263
2002-05-03,26.41,25.472857142857144,0.8492097166526344
2002-05-10,26.15,25.718571428571426,0.7388375683335765
2002-05-17,26.35,25.907142857142862,0.7013015111376434
2002-05-24,24.61,25.648571428571426,0.8064826629967946
2002-05-31,24.0,25.52142857142857,0.9942908456354173
2002-06-07,22.99,25.25,1.3799396122053398
2002-06-14,23.2,24.815714285714282,1.4903898499258397
2002-06-21,24.55,24.55,1.3141664024519035
2002-06-28,25.16,24.408571428571427,1.1571722512433729
2002-07-05,25.63,24.305714285714284,0.9732224333429299
2002-07-12,25.55,24.44,1.0810797072063512
2002-07-19,26.28,24.76571428571429,1.2557714381056606
2002-07-26,25.45,25.117142857142856,0.9926683616347137
2002-08-02,25.68,25.47142857142857,0.5283757681622404
2002-08-09,25.52,25.609999999999996,0.3400980250850597
2002-08-16,26.44,25.792857142857144,0.39714457005467074
2002-08-23,27.58,26.071428571428573,0.7714149028772153
2002-08-30,27.53,26.354285714285712,0.9005527403186129
2002-09-06,27.45,26.52142857142857,0.9887269351954994
2002-09-13,28.51,26.958571428571428,1.105613382869938
2002-09-20,28.32,27.335714285714285,1.045416298942872
2002-09-27,29.17,27.857142857142858,0.8871248368694665
2002-10-04,28.89,28.207142857142856,0.697966433904498
2002-10-11,28.17,28.291428571428575,0.6430766820899676
2002-10-18,28.45,28.422857142857143,0.5485956095863063
2002-10-25,26.62,28.304285714285715,0.817635965102315
2002-11-01,25.55,27.881428571428575,1.3104252308752655
2002-11-08,24.3,27.307142857142857,1.854226831554686
2002-11-15,23.4,26.482857142857142,2.147414835608303
2002-11-22,24.16,25.807142857142857,2.0030619418423576
2002-11-29,25.19,25.381428571428568,1.712828348779022
2002-12-06,25.91,25.018571428571427,1.1213299926342202
2002-12-13,26.84,25.05,1.1754715365900792
2002-12-20,29.56,25.622857142857146,2.0849997145141144
2002-12-27,31.01,26.58142857142857,2.796506323798999
2003-01-03,30.97,27.662857142857142,2.824722489530141
2003-01-10,30.37,28.55,2.4974587083674185
2003-01-17,31.48,29.44857142857143,2.20102573490511
2003-01-24,31.81,30.291428571428575,1.6906155542823111
2003-01-31,31.2,30.914285714285715,0.7468345899610356
2003-02-07,31.58,31.20285714285714,0.47832047435882646
2003-02-14,32.79,31.457142857142856,0.7529876998934736
2003-02-21,33.0,31.747142857142858,0.908876857917255
2003-02-28,33.72,32.22571428571428,0.9441726032682393
2003-03-07,34.11,32.60142857142857,1.1071800300981103
2003-03-14,33.72,32.87428571428571,1.114956757649827
2003-03-21,28.18,32.44285714285714,2.0570586953684393
2003-03-28,26.95,31.78142857142857,2.936933937353948
2003-04-04,26.93,30.944285714285716,3.4001708640540835
2003-04-11,24.96,29.79571428571429,3.909777730864282
2003-04-18,24.92,28.53857142857143,3.8520099886139008
2003-04-25,24.66,27.18857142857143,3.169460672161941
2003-05-02,23.55,25.735714285714288,1.6369163809112133
2003-05-09,24.31,25.18285714285714,1.290706709335634
2003-05-16,26.21,25.07714285714286,1.1437906901428039
2003-05-23,27.19,25.114285714285717,1.2159338954463967
2003-05-30,26.56,25.342857142857138,1.3273747811089474
2003-06-06,27.92,25.771428571428572,1.6201175736288962
2003-06-13,28.38,26.302857142857142,1.795417447148169
2003-06-20,26.88,26.77857142857143,1.323624173389562
2003-06-27,27.19,27.189999999999998,0.7530382903059611
2003-07-04,28.4,27.502857142857145,0.7326826117249374
2003-07-11,28.42,27.678571428571427,0.7903676058526335
2003-07-18,28.74,27.99,0.7005474050105
2003-07-25,28.02,28.004285714285714,0.6999013535936218
2003-08-01,28.52,28.024285714285718,0.7142795237828942
2003-08-08,30.19,28.497142857142858,0.9015674181801975
2003-08-15,29.6,28.841428571428573,0.7697278430596517
2003-08-22,29.7,29.027142857142856,0.801638203633115
2003-08-29,30.12,29.27,0.8434650753490984
2003-09-05,28.16,29.187142857142856,0.9284164705871318
2003-09-12,27.57,29.122857142857146,1.032452005110874
2003-09-19,25.9,28.74857142857143,1.6040825890150612
2003-09-26,26.49,28.22,1.6586239276380959
2003-10-03,28.38,28.045714285714286,1.5499877111648943
2003-10-10,29.88,28.071428571428573,1.583144850936863
2003-10-17,31.0,28.197142857142858,1.7938479523612816
2003-10-24,29.66,28.41142857142857,1.87636553449692
2003-10-31,28.46,28.53857142857143,1.8396415282280536
2003-11-07,28.05,28.845714285714287,1.4675359977738907
2003-11-14,29.01,29.205714285714286,1.040222045893192
2003-11-21,29.61,29.381428571428575,0.9796160569569778
2003-11-28,28.34,29.16142857142857,1.0210358885536779
2003-12-05,28.93,28.865714285714287,0.6213119759258453
2003-12-12,30.17,28.938571428571432,0.7471373941348373
2003-12-19,30.87,29.282857142857146,1.0017437178194806
2003-12-26,28.84,29.395714285714284,0.8763533751264727
2004-01-02,29.78,29.505714285714284,0.8681562290829704
2004-01-09,31.5,29.775714285714287,1.153124120854112
2004-01-16,31.7,30.255714285714287,1.1552035483392433
2004-01-23,31.88,30.677142857142858,1.1287561633013683
2004-01-30,30.39,30.708571428571425,1.115264222377207
2004-02-06,29.66,30.535714285714285,1.1780755089391561
2004-02-13,30.12,30.71857142857143,0.9478471847901623
2004-02-20,31.39,30.94857142857143,0.8746509507881642
2004-02-27,32.27,31.058571428571433,0.9956141918674998
2004-03-05,33.73,31.34857142857143,1.419147967049704
2004-03-12,33.36,31.56,1.6090576952573896
2004-03-19,34.56,32.15571428571429,1.8565816001715623
2004-03-26,33.59,32.71714285714286,1.5439960523020044
2004-04-02,32.23,33.01857142857143,1.09237399840042
2004-04-09,32.75,33.212857142857146,0.8480706394659461
2004-04-16,33.95,33.45285714285715,0.7709888517509068
2004-04-23,33.7,33.44857142857143,0.7692730025038739
2004-04-30,34.64,33.63142857142857,0.8877204622221978
2004-05-07,36.38,33.89142857142857,1.350770503224485
2004-05-14,37.62,34.46714285714286,1.9338537887314164
2004-05-21,38.43,35.35285714285715,2.146576454774173
2004-05-28,37.95,36.09571428571429,1.989730778630356
2004-06-04,37.25,36.567142857142855,1.7760791488155991
2004-06-11,35.34,36.80142857142857,1.4040350015988534
2004-06-18,35.09,36.86571428571428,1.2946152213800741
2004-06-25,34.71,36.62714285714286,1.5312817538011132
2004-07-02,34.0,36.11,1.7374790166599794
2004-07-09,36.51,35.83571428571428,1.4355005763712863
2004-07-16,37.76,35.80857142857143,1.389933194694864
2004-07-23,39.05,36.065714285714286,1.805444147967187
2004-07-30,40.66,36.825714285714284,2.45273219860947
2004-08-06,42.01,37.81428571428571,2.9754151371019923
2004-08-13,43.16,39.021428571428565,3.2108743802451616
2004-08-20,44.56,40.529999999999994,2.926567955814543
2004-08-27,42.23,41.347142857142856,2.360944121079038
2004-09-03,41.0,41.81,1.7887425751070312
2004-09-10,40.6,42.03142857142857,1.4549275877908212
2004-09-17,41.55,42.15857142857143,1.3502274940597296
2004-09-24,45.3,42.628571428571426,1.7906649469907774
2004-10-01,47.11,43.19285714285714,2.4769182080812318
2004-10-08,48.09,43.69714285714286,3.0860855155883713
2004-10-15,50.96,44.94428571428572,4.017722643251493
2004-10-22,50.5,46.30142857142857,4.067519426593411
2004-10-29,50.15,47.66571428571429,3.379954916577396
2004-11-05,45.78,48.269999999999996,2.31453379034896
2004-11-12,42.83,47.917142857142856,2.94515259528675
2004-11-19,40.63,46.99142857142857,4.051663973280786
2004-11-26,42.78,46.23285714285714,4.301107277146703
2004-12-03,41.31,44.85428571428571,4.073953269012274
2004-12-10,37.6,43.011428571428574,4.011655637312552
2004-12-17,39.98,41.558571428571426,2.582475740908643
2004-12-24,41.15,40.89714285714285,1.7934669803273569
2004-12-31,39.79,40.462857142857146,1.6056537016195445
2005-01-07,42.07,40.66857142857143,1.718889453217304
2005-01-14,44.59,40.92714285714286,2.167138776403395
2005-01-21,45.08,41.465714285714284,2.6847771921389096
2005-01-28,45.82,42.64,2.503717236430804
2005-02-04,44.04,43.21999999999999,2.241324013464814
2005-02-11,43.29,43.52571428571429,2.0496736093248082
2005-02-18,45.22,44.301428571428566,1.2851644326887899
2005-02-25,48.23,45.18142857142857,1.5781574548762969
2005-03-04,51.33,46.144285714285715,2.766133626218359
2005-03-11,53.09,47.28857142857144,3.738392830131909
2005-03-18,54.85,48.57857142857143,4.604767198500016
2005-03-25,53.76,49.96714285714285,4.471669018333597
2005-04-01,52.23,51.24428571428571,3.393463604946426
2005-04-08,53.79,52.46857142857143,2.1905130949273928
2005-04-15,50.43,52.78285714285715,1.5432078525562398
2005-04-22,51.23,52.76857142857143,1.5592779159112031
2005-04-29,51.64,52.561428571428564,1.6051005012298711
2005-05-06,50.05,51.87571428571429,1.4852817593852927
2005-05-13,48.7,51.152857142857144,1.6387669580687516
2005-05-20,46.98,50.402857142857144,2.1767078680562344
2005-05-27,48.59,49.660000000000004,1.6522308151912208
2005-06-03,50.46,49.66428571428572,1.6545982104716597
2005-06-10,51.9,49.76,1.7752464617626422
2005-06-17,54.17,50.121428571428574,2.377263332569981
2005-06-24,56.95,51.107142857142854,3.505499081375516
2005-07-01,56.69,52.24857142857143,3.8726624285774056
2005-07-08,57.98,53.82,3.6007128923775733
2005-07-15,57.43,55.082857142857144,2.952579179213409
2005-07-22,56.39,55.93,2.1455613096190103
2005-07-29,58.5,56.87285714285714,1.4001037376534529
2005-08-05,60.42,57.76571428571429,1.3819172327226856
2005-08-12,64.46,58.83857142857143,2.8151105873567883
2005-08-19,64.23,59.91571428571429,3.262886539772602
2005-08-26,65.68,61.01571428571429,3.7613953844412413
2005-09-02,66.09,62.25285714285714,3.8093293998013733
2005-09-09,63.24,63.23142857142857,2.797739733972446
2005-09-16,61.22,63.620000000000005,2.1434629302448696
2005-09-23,63.63,64.07857142857144,1.6255607091241457
2005-09-30,62.16,63.75,1.7623090913156894
2005-10-07,58.93,62.99285714285714,2.504114709072072
2005-10-14,58.59,61.980000000000004,2.6647951766193962
2005-10-21,58.15,60.84571428571429,2.28682354036393
2005-10-28,58.5,60.16857142857143,2.1578340110046392
2005-11-04,58.74,59.81428571428571,2.160022045743054
2005-11-11,56.79,58.83714285714286,1.627735792296966
2005-11-18,53.77,57.63857142857143,1.847326253187339
2005-11-25,53.57,56.87285714285714,2.2824308261569293
2005-12-02,53.59,56.15857142857143,2.432902440648872
2005-12-09,56.07,55.861428571428576,2.270759260478439
2005-12-16,58.75,55.89714285714286,2.3205941357458673
2005-12-23,56.36,55.55714285714286,1.9846974100665289
2005-12-30,57.38,55.64142857142857,2.0569915618969525
2006-01-06,61.72,56.777142857142856,2.8811208136518833
2006-01-13,62.18,58.00714285714286,3.11233949672237
2006-01-20,63.54,59.42857142857143,3.0297988303486147
2006-01-27,63.77,60.528571428571425,3.0048872889092664
2006-02-03,64.0,61.278571428571425,3.139163522190022
2006-02-10,61.23,61.97428571428572,2.2930318877189797
2006-02-17,58.04,62.06857142857143,2.0759289372186585
2006-02-24,59.39,61.73571428571428,2.3142519103941015
2006-03-03,61.06,61.575714285714284,2.3171308202378396
2006-03-10,59.5,60.99857142857143,2.248447083147642
2006-03-17,62.42,60.80571428571428,2.0171089636976554
2006-03-24,61.61,60.464285714285715,1.5296934022093345
2006-03-31,64.76,60.96857142857142,2.2407768635858893
2006-04-07,66.93,62.23857142857143,2.7627970643984088
2006-04-14,68.91,63.59857142857144,3.3971724937632706
2006-04-21,72.54,65.23857142857143,4.544635770412749
2006-04-28,72.84,67.14428571428572,4.53414033433344
2006-05-05,72.92,68.64428571428572,4.446732347626665
2006-05-12,70.44,69.9057142857143,3.1949327439080806
2006-05-19,67.84,70.3457142857143,2.5059652640774366
2006-05-26,68.47,70.5657142857143,2.2057338698860995
2006-06-02,68.75,70.54285714285716,2.22648238473261
2006-06-09,67.89,69.87857142857143,2.2249901016367963
2006-06-16,66.17,68.92571428571429,2.172992231485413
2006-06-23,68.33,68.27000000000001,1.2729362382567901
2006-06-30,71.82,68.46714285714286,1.7001834634898925
2006-07-07,73.45,69.26857142857143,2.492765723525107
2006-07-14,73.99,70.05714285714285,3.016193596161313
2006-07-21,73.52,70.73857142857142,3.204603088118974
2006-07-28,73.53,71.5442857142857,3.0754504122316733
2006-08-04,76.32,72.99428571428572,2.4480390597570088
2006-08-11,76.98,74.23,1.798091580908518
2006-08-18,72.35,74.30571428571429,1.6874522920948007
2006-08-25,71.92,74.08714285714287,1.9021892149637916
2006-09-01,68.35,73.28142857142858,2.88880268491666
2006-09-08,65.76,72.17285714285714,4.0411125295135255
2006-09-15,61.38,70.43714285714285,5.650052254288553
2006-09-22,60.23,68.13857142857144,6.111904854657145
2006-09-29,58.76,65.53571428571429,5.575167731835137
2006-10-06,57.15,63.36428571428571,5.437140354827679
2006-10-13,58.33,61.42285714285715,4.145976822116124
2006-10-20,58.51,60.01714285714286,2.881028255592792
2006-10-27,57.73,58.870000000000005,1.462930848217651
2006-11-03,56.48,58.17,1.2126417442922297
2006-11-10,58.02,57.854285714285716,0.8066568279605173
2006-11-17,57.85,57.72428571428571,0.7030376268465188
2006-11-24,59.2,58.01714285714285,0.8379680639443069
2006-12-01,62.59,58.62571428571429,1.9336395488203153
2006-12-08,63.63,59.357142857142854,2.699331486903866
2006-12-15,62.56,60.04714285714285,2.8283193730890184
2006-12-22,62.44,60.89857142857143,2.446871666512397
2006-12-29,59.69,61.137142857142855,2.187050634116799
2007-01-05,55.63,60.82,2.8142020775583148
2007-01-12,51.79,59.761428571428574,4.445801122300432
2007-01-19,51.4,58.16285714285714,5.206014836339843
2007-01-26,54.87,56.91142857142857,4.701175131714158
2007-02-02,55.92,55.962857142857146,3.9871531794239394
2007-02-09,57.9,55.31428571428571,3.006630767392047
2007-02-16,55.54,54.721428571428575,2.333905372056497
2007-02-23,58.16,55.082857142857144,2.6697859732302605
2007-03-02,60.62,56.34428571428571,2.9281726790090823
2007-03-09,60.35,57.62285714285714,2.294985216261148
2007-03-16,60.87,58.480000000000004,2.214520264075303
2007-03-23,61.09,59.21857142857142,2.076242026446136
2007-03-30,66.1,60.39,3.2112925746496948
2007-04-06,68.55,62.248571428571424,3.668730155296424
2007-04-13,68.2,63.68285714285714,3.765199039828342
2007-04-20,66.21,64.48142857142857,3.596333450295563
2007-04-27,67.39,65.48714285714286,3.212282232752553
2007-05-04,66.04,66.22571428571429,2.486019959311644
2007-05-11,63.91,66.62857142857142,1.577587066497953
2007-05-18,67.55,66.83571428571427,1.591748065732319
2007-05-25,70.65,67.13571428571429,2.0889379849010856
2007-06-01,68.45,67.17142857142856,2.112174460687766
2007-06-08,71.23,67.88857142857144,2.540186532333473
2007-06-15,69.89,68.24571428571429,2.6324757494475275
2007-06-22,71.78,69.06571428571428,2.7233181791268333
2007-06-29,71.76,70.18714285714286,1.6519353728857866
2007-07-06,74.79,71.22142857142858,1.9628587024325383
2007-07-13,77.76,72.23714285714286,3.1177326926563236
2007-07-20,78.24,73.63571428571429,3.324689745639864
2007-07-27,76.66,74.41142857142857,3.30323290414839
2007-08-03,76.34,75.33285714285715,2.6708595013949132
2007-08-10,70.7,75.17857142857143,2.929018200532156
2007-08-17,70.09,74.94000000000001,3.2985703974097134
2007-08-24,68.44,74.03285714285714,4.118060685507782
2007-08-31,70.55,73.00285714285715,3.9277419903626742
2007-09-07,75.06,72.54857142857144,3.364582334512754
2007-09-14,76.89,72.58142857142857,3.412210566829362
2007-09-21,78.17,72.84285714285714,3.796620050719431
2007-09-28,78.15,73.90714285714286,4.125751302432664
2007-10-05,77.98,75.03428571428572,3.9844567055115876
2007-10-12,78.85,76.52142857142857,2.911164878941409
2007-10-19,84.29,78.48428571428572,2.845240804940108
2007-10-26,83.72,79.72142857142856,2.987353503082944
2007-11-02,90.42,81.65428571428572,4.722932906372502
2007-11-09,93.54,83.85000000000001,6.180862938673499
2007-11-16,90.74,85.64857142857143,6.0766833842468575
2007-11-23,94.01,87.93857142857144,5.714809499803862
2007-11-30,92.16,89.84,4.200488066879942
2007-12-07,89.09,90.5257142857143,3.4721072234925785
2007-12-14,90.24,91.45714285714287,1.8268434916154908
2007-12-21,90.82,91.51428571428572,1.7949731394729294
2007-12-28,94.39,91.63571428571427,1.974612680526478
2008-01-04,96.5,92.45857142857143,2.6303955885724943
2008-01-11,94.4,92.5142857142857,2.6725260032590747
2008-01-18,90.03,92.21000000000001,2.835853780903974
2008-01-25,88.46,92.11999999999999,2.958710304620474
2008-02-01,91.77,92.33857142857141,2.8512420017216447
2008-02-08,89.88,92.2042857142857,2.9549329216463236
2008-02-15,94.98,92.28857142857143,3.0349982348783984
2008-02-22,97.13,92.37857142857142,3.1862696505027595
2008-02-29,99.1,93.05,4.058932536189039
2008-03-07,101.9,94.74571428571427,4.965272255519248
2008-03-14,107.69,97.49285714285715,6.098365120493988
2008-03-21,103.05,99.10428571428572,5.817991798845114
2008-03-28,102.05,100.84285714285716,4.19375612979472
2008-04-04,100.88,101.68571428571428,3.3211687558391514
2008-04-11,106.6,103.03857142857143,3.075849089121211
2008-04-18,110.42,104.6557142857143,3.5924033605320487
2008-04-25,114.34,106.43285714285715,4.8565409991258655
2008-05-02,111.98,107.04571428571428,5.292717818357773
2008-05-09,119.84,109.44428571428571,6.776591712512643
2008-05-16,122.58,112.37714285714286,7.451992382993293
2008-05-23,126.47,116.03285714285713,7.142218876244959
2008-05-30,128.76,119.19857142857144,7.175384841180764
2008-06-06,126.33,121.47142857142856,6.410274119389377
2008-06-13,134.12,124.29714285714286,7.068547031947656
2008-06-20,132.08,127.16857142857144,5.015497411594692
2008-06-27,135.54,129.41142857142856,4.692037327826034
2008-07-04,141.07,132.05285714285714,5.3619825757694795
2008-07-11,137.43,133.61857142857144,5.051242185744604
2008-07-18,135.05,134.51714285714283,4.580421066109033
2008-07-25,126.7,134.57,4.471025236639234
2008-08-01,124.43,133.18571428571428,5.9040067105393295
2008-08-08,116.56,130.96857142857144,8.659536994111127
2008-08-15,110.16,127.34285714285714,11.328456373642535
2008-08-22,111.66,123.14142857142858,10.831721052186468
2008-08-29,112.4,119.5657142857143,9.360127949878352
2008-09-05,103.69,115.08571428571429,8.138943127832636
2008-09-12,97.28,110.88285714285715,8.717397765934672
2008-09-19,89.35,105.87142857142855,9.663471475219463
2008-09-26,100.91,103.63571428571429,8.521320040820827
2008-10-03,91.9,101.02714285714286,8.974088095336302
2008-10-10,80.98,96.64428571428572,10.30832811717926
2008-10-17,69.28,90.48428571428572,12.058967420061121
2008-10-24,64.4,84.87142857142858,13.89233653082573
2008-10-31,60.61,79.63285714285715,15.278132209452993
2008-11-07,59.43,75.35857142857142,16.260247464877317
2008-11-14,53.27,68.55285714285715,13.522691687537387
2008-11-21,47.79,62.25142857142857,10.841511931109233
2008-11-28,48.53,57.61571428571428,8.08619782333444
2008-12-05,43.7,53.96142857142858,7.707512414459765
2008-12-12,41.01,50.620000000000005,7.495045029885019
2008-12-19,41.71,47.92,6.653472777430175
2008-12-26,35.38,44.48428571428571,5.884368720440623
2009-01-02,37.04,42.16571428571429,4.972473754390288
2009-01-09,45.25,41.80285714285714,4.5700390745443515
2009-01-16,42.38,40.924285714285716,3.5352268062224383
2009-01-23,41.67,40.63428571428572,3.3478792149807903
2009-01-30,44.2,41.089999999999996,3.6140743397637025
2009-02-06,43.64,41.36571428571428,3.7406588418931834
2009-02-13,45.59,42.824285714285715,2.917732322329593
2009-02-20,40.91,43.37714285714286,1.7863343685310862
2009-02-27,42.68,43.01,1.5906392844822632
2009-03-06,43.86,43.221428571428575,1.591303748205387
2009-03-13,43.98,43.551428571428566,1.4491196013623182
2009-03-20,46.43,43.87,1.8145155459988491
2009-03-27,51.46,44.98714285714285,3.3806789963253245
2009-04-03,48.49,45.40142857142856,3.6349939411759196
2009-04-10,51.48,46.91142857142857,3.6536394119268922
2009-04-17,51.59,48.18428571428571,3.4817948299834742
2009-04-24,48.97,48.91428571428571,2.913330609130995
2009-05-01,49.92,49.76285714285715,1.9385880969220994
2009-05-08,54.83,50.962857142857146,2.12276324858141
2009-05-15,56.39,51.66714285714285,2.9656742588369043
2009-05-22,57.89,53.010000000000005,3.385710166765194
2009-05-29,62.2,54.541428571428575,4.7342103479937725
2009-06-05,67.17,56.76714285714286,6.462323406448123
2009-06-12,69.88,59.75428571428571,7.062343466449243
2009-06-19,69.68,62.57714285714285,6.393840041492536
2009-06-26,67.58,64.39857142857143,5.583820163566356
2009-07-03,68.03,66.06142857142858,4.4115130759241845
2009-07-10,60.39,66.41857142857143,3.6803234847474164
2009-07-17,61.11,66.26285714285714,3.9047736352904736
2009-07-24,66.56,66.17571428571428,3.8879251413529494
2009-07-31,68.6,65.99285714285715,3.710730899637736
2009-08-07,73.99,66.60857142857142,4.660520101775122
2009-08-14,72.9,67.36857142857143,5.242739196805099
2009-08-21,71.52,67.86714285714285,5.47684128637965
2009-08-28,72.33,69.57285714285715,4.53905171552302
2009-09-04,67.6,70.5,2.8830828407571873
2009-09-11,69.17,70.87285714285714,2.4202321809127376
2009-09-18,68.85,70.90857142857142,2.38265558128938
2009-09-25,66.96,69.90428571428572,2.3486936591994865
2009-10-02,65.9,68.9042857142857,2.350821538263593
2009-10-09,67.87,68.38285714285715,2.0608551160928292
2009-10-16,72.29,68.37714285714286,2.0481024899955553
2009-10-23,77.24,69.75428571428571,3.8695170118199314
2009-10-30,76.07,70.74,4.520036873006139
2009-11-06,76.6,71.84714285714286,4.912086163351786
2009-11-13,76.25,73.17428571428572,4.617780336709034
2009-11-20,77.04,74.76571428571428,3.4699512827650776
2009-11-27,76.52,76.00142857142858,1.6872603886325617
2009-12-04,77.78,76.78571428571429,0.6005513339945701
2009-12-11,73.14,76.2,1.4632953677689928
2009-12-18,71.8,75.59,2.2205780028334137
2009-12-25,73.35,75.12571428571428,2.31208316706593
2010-01-01,77.19,75.25999999999999,2.4133448434350107
2010-01-08,79.82,75.65714285714284,2.928780828750776
2010-01-15,78.31,75.91285714285713,3.090359818779151
2010-01-22,74.28,75.41285714285713,3.020263312393716
2010-01-29,71.88,75.23285714285714,3.209889480370235
2010-02-05,72.54,75.33857142857143,3.0878548571862336
2010-02-12,70.85,74.98142857142857,3.476326742273903
2010-02-19,75.8,74.78285714285714,3.3671289168753624
2010-02-26,76.23,74.27,2.6741229091675187
2010-03-05,77.86,74.2057142857143,2.5639543491964
2010-03-12,79.36,74.93142857142857,3.222775349350625
2010-03-19,79.05,75.9557142857143,3.230711258855567
2010-03-26,78.38,76.78999999999999,2.942867082738771
2010-04-02,80.59,78.18142857142857,1.71107596335798
2010-04-09,83.88,79.33571428571429,2.416697865151714
2010-04-16,85.23,80.62142857142858,2.8451211372653966
2010-04-23,84.61,81.58571428571429,2.8966236502915668
2010-04-30,85.98,82.53142857142858,3.1208408512846844
2010-05-07,82.5,83.02428571428572,2.7269693626371203
2010-05-14,78.32,83.01571428571428,2.7440411630953183
2010-05-21,72.17,81.81285714285715,4.9463107945407465
2010-05-28,70.79,79.94285714285715,6.318596137027382
2010-06-04,72.71,78.1542857142857,6.344490673392349
2010-06-11,72.76,76.46142857142857,5.900241318713038
2010-06-18,76.22,75.06714285714285,4.177797323493766
2010-06-25,76.64,74.23,2.8001428534989716
2010-07-02,73.86,73.59285714285714,2.1452250409204106
2010-07-09,73.95,73.84714285714287,2.0519236038878077
2010-07-16,75.7,74.54857142857144,1.6281526194992502
2010-07-23,76.64,75.11,1.5648535607742549
2010-07-30,77.24,75.75,1.3441106105281688
2010-08-06,82.69,76.67428571428572,2.9665460114577895
2010-08-13,78.21,76.89857142857143,3.022346927866122
2010-08-20,74.94,77.05285714285715,2.864842719858215
2010-08-27,72.82,76.89142857142858,3.0916793094339208
2010-09-03,75.41,76.85000000000001,3.1121803718080883
2010-09-10,77.17,76.92571428571429,3.1126669012433834
2010-09-17,78.44,77.09714285714286,3.165457914666473
2010-09-24,78.38,76.48142857142857,2.153782939941234
2010-10-01,79.82,76.71142857142856,2.4365441959973793
2010-10-08,83.87,77.98714285714286,3.472164139196825
2010-10-15,83.11,79.45714285714284,3.0755363450175786
2010-10-22,81.43,80.31714285714285,2.552421819146911
2010-10-29,82.25,81.04285714285713,2.2073340955831147
2010-11-05,85.6,82.0657142857143,2.4461865365152007
2010-11-12,87.43,83.35857142857142,2.562345465723471
2010-11-19,83.94,83.94714285714285,2.0324592188257213
2010-11-26,83.51,83.89571428571428,2.0392797514713625
2010-12-03,88.1,84.60857142857142,2.531583355474062
2010-12-10,90.25,85.86857142857143,2.8595654015449723
2010-12-17,90.91,87.10571428571428,2.906056073918814
2010-12-24,92.9,88.14857142857143,3.5205275578686512
2010-12-31,93.17,88.96857142857142,3.9656081020501497
2011-01-07,94.72,90.50857142857141,3.7759653448770125
2011-01-14,97.09,92.44857142857143,2.987124752284691
2011-01-21,97.34,93.76857142857143,2.7795888699071396
2011-01-28,96.62,94.67857142857143,2.4600232286934793
2011-02-04,100.36,96.02857142857144,2.634049028721987
2011-02-11,99.9,97.02857142857144,2.576473226274836
2011-02-18,102.81,98.4057142857143,2.7413491638410004
2011-02-25,110.49,100.65857142857145,4.864974917959704
2011-03-04,114.53,103.15,6.809787074497679
2011-03-11,114.45,105.5942857142857,7.420145679483466
2011-03-18,112.67,107.88714285714286,6.6216682547667185
2011-03-25,115.41,110.03714285714285,6.2002277223919995
2011-04-01,116.49,112.40714285714286,4.65861822963826
2011-04-08,123.03,115.29571428571428,3.9274540402261735
2011-04-15,123.57,117.16428571428571,4.348895864249749
2011-04-22,122.74,118.33714285714284,4.618754212575467
2011-04-29,125.36,119.89571428571428,4.919416825677087
2011-05-06,119.56,120.88,3.793063845142355
2011-05-13,114.53,120.75428571428571,4.012791452105134
2011-05-20,112.02,120.11571428571428,5.0309735874965735
2011-05-27,113.41,118.74142857142859,5.402423618374821
2011-06-03,115.68,117.61428571428571,5.037876064185043
2011-06-10,117.73,116.89857142857143,4.517297970288701
2011-06-17,116.79,115.67428571428572,2.593574477708756
2011-06-24,110.18,114.33428571428571,2.67329295777495
2011-07-01,109.03,113.54857142857144,3.33303379606453
2011-07-08,115.39,114.03,3.318799983929024
2011-07-15,117.72,114.64571428571428,3.5745529190966514
2011-07-22,118.2,115.00571428571428,3.814895617369146
2011-07-29,117.7,115.00142857142858,3.8113402217209673
2011-08-05,112.65,114.41,3.8087530767947997
2011-08-12,105.3,113.71285714285715,4.9789011983419735
2011-08-19,109.54,113.78571428571429,4.90209430462354
2011-08-26,111.06,113.16714285714286,4.938969913809751
2011-09-02,116.11,112.93714285714285,4.724442521912112
2011-09-09,115.97,112.61857142857141,4.372495201336243
2011-09-16,114.98,112.23,3.9456896313142655
2011-09-23,111.98,112.13428571428572,3.9419278580523884
2011-09-30,107.69,112.47571428571428,3.3030534214202616
2011-10-07,104.03,111.68857142857144,4.543043871573544
2011-10-14,111.59,111.7642857142857,4.535231920356761
2011-10-21,111.47,111.10142857142857,4.113710525268968
2011-10-28,111.33,110.43857142857144,3.5310358658202268
2011-11-04,109.84,109.70428571428572,2.9088592101984796
2011-11-11,114.68,110.09,3.3986811167463036
2011-11-18,110.69,110.51857142857145,3.2305955517585496
2011-11-25,106.67,110.89571428571428,2.3921667802969666
2011-12-02,110.05,110.67571428571429,2.388485274134297
2011-12-09,109.31,110.36714285714287,2.4082131293108184
2011-12-16,106.26,109.64285714285714,2.800783903871399
2011-12-23,107.72,109.34,2.8891405873248908
2011-12-30,107.51,108.3157142857143,1.711333370432751
2012-01-06,112.51,108.57571428571428,2.2005140092161843
2012-01-13,111.78,109.30571428571429,2.3079201108552048
2012-01-20,109.6,109.24142857142859,2.289930337887078
2012-01-27,109.18,109.22285714285714,2.2898086840429457
2012-02-03,111.2,109.92857142857143,1.9622982152845334
2012-02-10,117.21,111.28428571428572,3.119277999487961
2012-02-17,119.79,113.03857142857143,3.9778278351015213
2012-02-24,123.34,114.58571428571429,5.538097919992254
2012-03-02,124.88,116.45714285714287,6.552451740342504
2012-03-09,126.62,118.88857142857144,6.739041545529627
2012-03-16,126.22,121.32285714285715,5.634733694640494
2012-03-23,124.35,123.20142857142856,3.4758568659215228
2012-03-30,124.43,124.23285714285714,2.260337100858295
2012-04-06,124.18,124.86,1.1665761869644766
2012-04-13,120.87,124.50714285714285,1.866527205672727
2012-04-20,117.18,123.40714285714286,3.3161610047638823
2012-04-27,118.1,122.19000000000001,3.4989236440167812
2012-05-04,116.67,120.82571428571428,3.527401579740409
2012-05-11,111.78,119.03,4.499770364510489
2012-05-18,109.87,116.95,4.932011084063699
2012-05-25,108.14,114.65857142857143,4.735276931610427
2012-06-01,103.47,112.17285714285715,5.444996829768143
2012-06-08,99.03,109.58,6.812865280726486
2012-06-15,97.21,106.59571428571428,7.03059470491348
2012-06-22,92.46,103.13714285714286,7.201513068528486
2012-06-29,91.23,100.20142857142858,7.279227130612434
2012-07-06,98.8,98.62,5.900553646339475
2012-07-13,99.88,97.44000000000001,4.2838767489269465
2012-07-20,105.4,97.71571428571428,4.771061576989491
2012-07-27,104.18,98.45142857142858,5.367322201903332
2012-08-03,107.27,99.88857142857144,6.253229641743343
2012-08-10,112.49,102.75,6.842455699527493
2012-08-17,115.04,106.15142857142857,6.031319448156455
2012-08-24,116.1,108.62285714285714,6.061294455492676
2012-08-31,113.02,110.5,4.807414412480887
2012-09-07,114.11,111.74428571428572,4.375152786447285
2012-09-14,115.41,113.34857142857142,2.9736253326609665
2012-09-21,111.83,114.0,1.6042235920621224
2012-09-28,110.35,113.6942857142857,2.074824146305085
2012-10-05,111.41,113.17571428571429,2.1351803760082313
2012-10-12,114.88,113.00142857142858,1.8927266801389238
2012-10-19,113.59,113.08285714285714,1.905874377510901
2012-10-26,108.27,112.24857142857142,2.550506018886531
2012-11-02,108.85,111.31142857142856,2.395777038675166
2012-11-09,107.78,110.73285714285713,2.717147488854079
2012-11-16,109.12,110.55714285714286,2.7849578948677176
2012-11-23,110.26,110.39285714285714,2.760070737533013
2012-11-30,109.82,109.66999999999999,1.9254436718140866
2012-12-07,109.08,109.0257142857143,0.8485253314373191
2012-12-14,109.1,109.14428571428572,0.7805950111447959
2012-12-21,109.79,109.27857142857144,0.8020895330592424
2012-12-28,109.81,109.56857142857143,0.46691999926096656
2013-01-04,112.35,110.02999999999999,1.1070079794934806
2013-01-11,112.37,110.33142857142856,1.4224090899045851
2013-01-18,111.35,110.55,1.4480446586099824
2013-01-25,113.72,111.21285714285715,1.7026128380186847
2013-02-01,115.13,112.07428571428572,1.9612398896507952
2013-02-08,117.15,113.12571428571428,2.445580075310868
2013-02-15,118.1,114.31000000000002,2.5760758270404835
2013-02-22,115.3,114.73142857142857,2.4396818684089263
2013-03-01,112.42,114.73857142857142,2.4316758869231063
2013-03-08,109.98,114.54285714285713,2.7800402532192687
2013-03-15,108.41,113.78428571428572,3.6349821510003175
2013-03-22,107.33,112.66999999999999,4.290182591296358
2013-03-29,107.68,111.31714285714285,4.132233916763763
2013-04-05,107.06,109.74,3.086438076488115
2013-04-12,103.25,108.01857142857143,2.817205640176677
2013-04-19,98.09,105.97142857142858,4.030886703821294
2013-04-26,100.61,104.63285714285715,4.0336530766605145
2013-05-03,101.53,103.64999999999999,3.7908002673132732
2013-05-10,103.77,103.14142857142858,3.4371132682882806
2013-05-17,102.91,102.46,2.801398460292476
2013-05-24,102.3,101.78,1.9457560655597086
2013-05-31,102.03,101.60571428571428,1.8441245180548325
2013-06-07,102.92,102.29571428571428,1.0359513685936115
2013-06-14,103.39,102.69285714285714,0.7843195412922468
2013-06-21,103.93,103.03571428571429,0.71255075006929
2013-06-28,101.43,102.70142857142858,0.8468850486990696
2013-07-05,105.18,103.0257142857143,1.2693155260839002
2013-07-12,108.26,103.87714285714286,2.289961530139653
2013-07-19,109.41,104.93142857142857,2.9121437039364397
2013-07-26,108.4,105.71428571428574,3.016028609185306
2013-08-02,108.61,106.46000000000001,2.9907858499056177
2013-08-09,108.56,107.12142857142858,2.8465032851512073
2013-08-16,110.73,108.45000000000002,1.6777564384207637
2013-08-23,111.12,109.29857142857144,1.1750663608395122
2013-08-30,115.32,110.30714285714285,2.4611360133454854
2013-09-06,116.03,111.25285714285715,3.215295291185465
2013-09-13,113.22,111.94142857142856,3.012216396450167
2013-09-20,109.98,112.13714285714286,2.7964663075959657
2013-09-27,108.8,112.17142857142858,2.746321349073441
2013-10-04,108.63,111.87142857142858,3.030062862776378
2013-10-11,110.3,111.75428571428571,3.0794039311893133
2013-10-18,110.11,111.01,2.677312084908226
2013-10-25,107.82,109.83714285714284,1.7490255790542562
2013-11-01,107.61,109.03571428571429,1.1086757437400125
2013-11-08,104.54,108.25857142857144,1.9350747493856126
2013-11-15,107.1,108.01571428571427,1.9622848684014753
2013-11-22,109.32,108.11428571428571,2.0149098999105144
2013-11-29,111.32,108.25999999999999,2.225226580222524
2013-12-06,112.28,108.57000000000001,2.6386549603909017
2013-12-13,109.1,108.75285714285714,2.6223190391050175
2013-12-20,110.34,109.14285714285714,2.6270243894666603
2013-12-27,111.72,110.16857142857143,1.8026963931039166
2014-01-03,108.73,110.40142857142858,1.4007192030203168
2014-01-10,107.01,110.07142857142857,1.886004847742935
2014-01-17,107.83,109.57285714285715,1.960745727910522
2014-01-24,109.14,109.12428571428572,1.5554941030931124
2014-01-31,108.83,109.08571428571429,1.5595390039230972
2014-02-07,107.73,108.71285714285715,1.521213488037105
2014-02-14,109.12,108.34142857142857,0.8207400841373782
2014-02-21,109.74,108.48571428571428,0.9747624863306161
2014-02-28,109.17,108.7942857142857,0.744420516077733
2014-03-07,109.14,108.9814285714286,0.6150183891910407
2014-03-14,108.01,108.82000000000001,0.7077664398153275
2014-03-21,106.53,108.49142857142859,1.1175781638778088
2014-03-28,106.54,108.32142857142857,1.3241277452382874
2014-04-04,105.26,107.77,1.6894772367004198
2014-04-11,106.51,107.30857142857144,1.4912123543311502
2014-04-18,109.07,107.29428571428572,1.4707464900827747
2014-04-25,109.21,107.30428571428573,1.4855510441440443
2014-05-02,109.15,107.46714285714286,1.6311623083513265
2014-05-09,108.48,107.74571428571429,1.6108264663698098
2014-05-16,109.53,108.17285714285715,1.634081947002457
2014-05-23,110.72,108.95285714285716,1.275783606070922
2014-05-30,109.62,109.39714285714287,0.6905967054072282
2014-06-06,108.98,109.38428571428572,0.698494980719794
2014-06-13,110.98,109.63714285714286,0.9124822242210062
2014-06-20,114.29,110.37142857142858,1.9422189077727061
2014-06-27,113.09,111.03,1.975280570787061
2014-07-04,110.26,111.13428571428572,1.900752983624497
2014-07-11,107.03,110.60714285714286,2.463247952640172
2014-07-18,105.39,110.00285714285714,3.1647417708536683
2014-07-25,106.34,109.62571428571428,3.4512840950517893
2014-08-01,105.71,108.87285714285716,3.6742197098412652
2014-08-08,103.6,107.34571428571428,3.2437573745207033
2014-08-15,101.94,105.75285714285714,2.6330066102308436
2014-08-22,99.88,104.27,2.594237203237623
2014-08-29,100.64,103.35714285714286,2.5854252666668414
2014-09-05,100.45,102.65142857142857,2.612128305751805
2014-09-12,97.32,101.36285714285714,2.7121622019192273
2014-09-19,97.02,100.12142857142855,2.356186386029313
2014-09-26,95.01,98.89428571428572,2.47638080770255
2014-10-03,93.41,97.67571428571429,2.804798609185858
2014-10-10,90.19,96.29142857142857,3.7630813108909473
2014-10-17,85.5,94.12857142857142,4.996063212074433
2014-10-24,85.58,92.00428571428573,5.021509922797909
2014-10-31,85.56,90.32428571428571,4.912714311331156
2014-11-07,83.04,88.32714285714285,4.566485571660838
2014-11-14,79.9,86.16857142857144,4.450784307554921
2014-11-21,77.62,83.91285714285713,4.16090821129875
2014-11-28,76.63,81.97571428571429,3.899760065879032
2014-12-05,69.72,79.72142857142856,5.6782932546418
2014-12-12,64.08,76.65,7.502819470039001
2014-12-19,59.77,72.9657142857143,8.643710347496896
2014-12-26,58.69,69.48714285714286,8.811771888191393
2015-01-02,56.03,66.07714285714285,8.728825263240568
2015-01-09,49.47,62.05571428571428,9.004728123126476
2015-01-16,46.58,57.762857142857136,8.00623031204575
2015-01-23,46.44,54.43714285714286,6.981040309976748
2015-01-30,46.76,51.962857142857146,5.993173100246674
2015-02-06,54.62,51.22714285714285,5.12881959871733
2015-02-13,56.57,50.92428571428571,4.655437169385037
2015-02-20,60.57,51.57285714285714,5.6872011695432105
2015-02-27,60.63,53.16714285714285,6.504910233266376
2015-03-06,60.12,55.10142857142857,6.226886403790476
2015-03-13,56.51,56.54,4.918028060106647
2015-03-20,52.72,57.39142857142857,3.1355883476168556
2015-03-27,55.01,57.44714285714286,3.0811291993120733
2015-04-03,54.79,57.19285714285714,3.2351852821005673
2015-04-10,56.51,56.612857142857145,2.8724247265194154
2015-04-17,59.12,56.39714285714285,2.5601934450714467
2015-04-24,61.41,56.58142857142857,2.897092960028024
2015-05-01,63.49,57.57857142857143,3.8970519993593338
2015-05-08,65.01,59.33428571428571,4.106189868733725
2015-05-15,64.9,60.74714285714286,4.0716365026264345
2015-05-22,64.31,62.107142857142854,3.25905259385607
2015-05-29,61.57,62.83,2.1996742183020683
2015-06-05,61.9,63.22714285714286,1.582621393823112
2015-06-12,63.24,63.48857142857143,1.3691777163844512
2015-06-19,60.65,63.082857142857144,1.739403291223729
2015-06-26,60.84,62.487142857142864,1.6825349356016197
2015-07-03,60.36,61.83857142857143,1.457388401345741
2015-07-10,56.63,60.74142857142858,2.055037944266993
2015-07-17,57.17,60.11285714285714,2.402843553553436
2015-07-24,55.75,59.23428571428571,2.74102691913537
2015-07-31,54.14,57.934285714285714,2.681895207639194
2015-08-07,48.59,56.21142857142858,4.129533583716664
2015-08-14,47.94,54.36857142857143,4.574171795969606
2015-08-21,46.0,52.31714285714286,4.658603919221584
2015-08-28,43.53,50.44571428571429,5.233115251749331
2015-09-04,48.87,49.260000000000005,4.315445129608636
2015-09-11,47.6,48.09571428571429,3.237410782002312
2015-09-18,47.34,47.12428571428571,1.8401526851753836
2015-09-25,47.33,46.94428571428572,1.7312890875755491
2015-10-02,46.99,46.80857142857143,1.6765980294564427
2015-10-09,51.33,47.57,2.330843910117019
2015-10-16,48.99,48.35,1.5293244696040087
2015-10-23,46.81,48.055714285714295,1.6087247241499998
2015-10-30,47.15,47.99142857142857,1.6386826881300751
2015-11-06,47.23,47.97571428571428,1.6464796500690484
2015-11-13,44.75,47.607142857142854,2.053563685284698
2015-11-20,41.54,46.82857142857142,3.095396735860725
2015-11-27,43.65,45.73142857142857,2.546346589209185
2015-12-04,42.41,44.79142857142857,2.3498824691979685
2015-12-11,38.76,43.64142857142857,3.059893399947778
2015-12-18,36.84,42.16857142857143,3.5341638736355554
2015-12-25,35.9,40.55,3.422484477685245
2016-01-01,36.55,39.378571428571426,3.1367362473932627
2016-01-08,34.19,38.32857142857143,3.5015873951267866
2016-01-15,29.1,36.25,4.086000489475809
2016-01-22,27.76,34.15714285714286,4.156251172573718
2016-01-29,31.75,33.15571428571429,3.6795509560395887
2016-02-05,32.18,32.49,3.304300228489629
2016-02-12,30.41,31.705714285714286,2.9973035500971856
2016-02-19,32.29,31.09714285714286,2.167361793253211
2016-02-26,33.12,30.944285714285716,1.9385291429565545
2016-03-04,36.28,31.97,2.590083653732049
2016-03-11,39.3,33.61857142857143,3.0884593169374193
2016-03-18,38.5,34.582857142857144,3.4413985252394688
2016-03-25,39.41,35.61571428571428,3.67694101640097
2016-04-01,37.0,36.55714285714286,2.8790085925865214
2016-04-08,37.51,37.30285714285714,2.1809379808208686
2016-04-15,42.35,38.62142857142857,2.0143603498490847
2016-04-22,43.04,39.58714285714286,2.3043127267915766
2016-04-29,44.46,40.324285714285715,2.9359203959618942
2016-05-06,44.2,41.13857142857143,3.1296827771693962
2016-05-13,45.2,41.965714285714284,3.3537931616939374
2016-05-20,48.34,43.58571428571429,3.2936800954896954
2016-05-27,48.73,45.188571428571436,2.471682480762994
2016-06-03,48.91,46.12571428571429,2.4596467032397804
2016-06-10,49.94,47.111428571428576,2.398780444109888
2016-06-17,47.39,47.529999999999994,2.095471307366535
2016-06-24,48.12,48.089999999999996,1.4949916387714102
2016-07-01,47.09,48.36000000000001,0.9615612304977934
2016-07-08,45.96,48.019999999999996,1.3227496613732654
2016-07-15,45.54,47.56428571428571,1.564745529287425
2016-07-22,45.22,47.037142857142854,1.6547982181684706
2016-07-29,42.55,45.98142857142857,1.841027146018584
2016-08-05,40.88,45.05142857142857,2.5272674873027
2016-08-12,43.63,44.410000000000004,2.162051494914726
2016-08-19,48.6,44.62571428571429,2.519747719797541
2016-08-26,48.65,45.01,2.9290385225638467
2016-09-02,47.31,45.262857142857136,3.05606344985181
2016-09-09,47.51,45.589999999999996,3.171114420304477
2016-09-16,46.21,46.112857142857145,2.874164889062584
2016-09-23,46.24,46.878571428571426,1.736571608767482
2016-09-30,46.74,47.32285714285714,1.0147530781033107
2016-10-07,49.52,47.45428571428572,1.241891798061158
2016-10-14,49.94,47.63857142857143,1.5146553906342164
2016-10-21,50.33,48.07,1.8073000119874056
2016-10-28,48.95,48.27571428571429,1.8148724210693847
2016-11-04,44.63,48.05,2.1767713093776457
2016-11-11,43.09,47.60000000000001,2.8383680757311325
2016-11-18,44.01,47.21,3.1470038661129163
2016-11-25,46.49,46.777142857142856,2.9802836234470647
2016-12-02,48.78,46.61142857142857,2.802025627834961
2016-12-09,52.26,46.88714285714286,3.282644839584909
2016-12-16,53.26,47.502857142857145,4.048842280148747
2016-12-23,53.81,48.814285714285724,4.43182752801726
2016-12-30,54.96,50.51,4.137648285358452
2017-01-06,55.13,52.098571428571425,3.2698186930945807
2017-01-13,54.02,53.174285714285716,2.17125046261943
2017-01-20,54.19,53.94714285714286,0.9854561428700741
2017-01-27,54.91,54.32571428571429,0.6957216192020642
2017-02-03,55.53,54.64999999999999,0.6432469717482185
2017-02-10,54.48,54.74571428571428,0.5387905326672239
2017-02-17,54.46,54.674285714285716,0.5387905326672194
2017-02-24,55.4,54.712857142857146,0.5845714751169432
2017-03-03,54.4,54.76714285714286,0.5240138129735412
2017-03-10,52.78,54.565714285714286,0.9109675651517366
2017-03-17,50.29,53.90571428571428,1.8299895914344533
2017-03-24,50.1,53.129999999999995,2.1496588876679494
2017-03-31,51.33,52.68,2.1496588876679414
2017-04-07,53.28,52.51142857142857,2.029732565071248
2017-04-14,54.83,52.43,1.9019463714827547
2017-04-21,52.08,52.098571428571425,1.6919951592850386
2017-04-28,49.55,51.637142857142855,1.9025221355313606
2017-05-05,48.7,51.410000000000004,2.1667333323068703
2017-05-12,48.0,51.11,2.498346119601846
2017-05-19,51.75,51.17,2.5095285081723233
2017-05-26,52.58,51.07,2.423922441002653
2017-06-02,50.23,50.41285714285714,1.7700067258403285
2017-06-09,47.28,49.72714285714286,1.9382785686066695
2017-06-16,46.18,49.24571428571429,2.3618485496374713
2017-06-23,44.63,48.66428571428572,2.9470485639180137
2017-06-30,46.16,48.401428571428575,3.0945405074706835
2017-07-07,48.17,47.89,2.722339680004911
2017-07-14,47.1,47.107142857142854,1.7703456751492435
2017-07-21,47.99,46.787142857142854,1.2325544516110711
2017-07-28,49.95,47.16857142857143,1.7251804598486078
2017-08-04,52.04,48.005714285714284,2.4394456825457627
2017-08-11,51.96,49.05285714285714,2.319150090626561
2017-08-18,50.58,49.684285714285714,1.9766710832671899
2017-08-25,52.03,50.23571428571428,2.0217225093365516
2017-09-01,52.25,50.97142857142857,1.5790232061976
2017-09-08,53.88,51.81285714285715,1.263246007785829
2017-09-15,55.54,52.61142857142857,1.6089378335962512
2017-09-22,57.03,53.32428571428572,2.279333653671271
2017-09-29,58.75,54.294285714285714,2.9485299000392025
2017-10-06,56.08,55.08,2.4911309346017974
2017-10-13,56.21,55.67714285714286,2.110005642058941
2017-10-20,57.78,56.46714285714286,1.5822316969565438
2017-10-27,58.58,57.138571428571424,1.267273037816977
2017-11-03,61.04,57.924285714285716,1.7310965421062574
2017-11-10,64.29,58.96142857142858,2.891743583442017
2017-11-17,61.52,59.357142857142854,3.043532565323993
2017-11-24,62.68,60.300000000000004,2.8768443359574745
2017-12-01,63.73,61.37428571428571,2.470343141770515
2017-12-08,63.08,62.13142857142857,1.9405018987481264
2017-12-15,64.35,62.955714285714286,1.3004211771932956
2017-12-22,64.36,63.43,1.0703581954954553
2017-12-29,66.52,63.74857142857143,1.5796669329467143
2018-01-05,67.81,64.64714285714285,1.8640789887202383
2018-01-12,69.47,65.61714285714285,2.3682885120247508
2018-01-19,69.39,66.42571428571429,2.573887184414514
2018-01-26,70.04,67.41999999999999,2.4048007540469576
2018-02-02,68.0,67.94142857142857,1.9877410006619272
2018-02-09,65.5,68.10428571428572,1.6660818021414125
2018-02-16,62.72,67.56142857142858,2.6163806334411213
2018-02-23,65.52,67.23428571428572,2.721187590880131
2018-03-02,66.02,66.74142857142856,2.5561978833896384
2018-03-09,65.12,66.13142857142857,2.3171205447808667
2018-03-16,64.14,65.28857142857143,1.6294316859093723
2018-03-23,67.4,65.20285714285714,1.471118783847284
2018-03-30,68.65,65.65285714285714,1.9732436433923657
2018-04-06,67.03,66.26857142857143,1.527704471545115
2018-04-13,71.24,67.08571428571429,2.362342461363298
2018-04-20,73.39,68.13857142857144,3.2744639692188655
2018-04-27,74.98,69.54714285714286,3.832700154745869
2018-05-04,74.42,71.01571428571428,3.3552985815613114
2018-05-11,76.68,72.34142857142858,3.5179607188038147
2018-05-18,78.75,73.78428571428572,3.810655486670834
2018-05-25,78.59,75.4357142857143,2.754105161045021
2018-06-01,75.35,76.02285714285713,2.061582840810304
2018-06-08,73.98,76.10714285714286,1.9447511776206299
2018-06-15,74.26,76.00428571428571,2.0314104881653625
2018-06-22,74.12,75.96142857142857,2.0731411639620543
2018-06-29,75.24,75.75571428571428,2.0613657054070225
2018-07-06,76.33,75.41,1.6341562552786169
2018-07-13,75.29,74.93857142857144,0.8533351934500569
2018-07-20,71.27,74.35571428571428,1.5958368457002872
2018-07-27,74.0,74.35857142857142,1.5950697850084878
2018-08-03,73.37,74.23142857142857,1.6390996367051638
2018-08-10,71.42,73.84571428571428,1.9566200205357238
2018-08-17,69.82,73.07142857142857,2.3464826767696665
2018-08-24,72.77,72.56285714285714,1.857325265766943
2018-08-31,76.08,72.67571428571428,2.0632406318122523
2018-09-07,76.64,73.44285714285715,2.420803683942531
2018-09-14,78.11,74.03,3.0061159880039057
2018-09-21,78.97,74.83,3.5049583925252032
2018-09-28,81.85,76.32000000000001,3.9962482405375956
2018-10-05,85.44,78.55142857142856,4.1208713826545535
2018-10-12,83.05,80.02,3.5024943492698593
2018-10-19,80.41,80.63857142857144,3.0428847528370824
2018-10-26,78.23,80.86571428571428,2.738806657061197
2018-11-02,74.09,80.29142857142857,3.674554070774888
2018-11-09,70.34,79.05857142857143,5.286134153208246
2018-11-16,66.21,76.82428571428571,6.952323010195594
2018-11-23,61.22,73.36428571428571,7.91065496054284
2018-11-30,58.65,69.87857142857142,8.29775557720556
2018-12-07,60.47,67.03,7.460185431117943
2018-12-14,59.51,64.35571428571428,5.985732640044353
2018-12-21,54.64,61.57714285714285,5.173160588671775
2018-12-28,51.03,58.81857142857143,4.860659861141286
2019-01-04,54.31,57.118571428571435,3.8126999557238035
2019-01-11,58.64,56.75,3.4583763049532243
2019-01-18,59.83,56.91857142857143,3.5925776659258988
2019-01-25,61.34,57.04285714285714,3.7476201972521803
2019-02-01,61.38,57.31,4.010245212784633
2019-02-08,61.71,58.32,4.114664830415998
2019-02-15,63.36,60.08142857142858,2.947368479233129
2019-02-22,66.58,61.83428571428571,2.5669817370000376
2019-03-01,64.56,62.68,2.3005723925427866
2019-03-08,64.73,63.38,2.016837458331786
2019-03-15,65.71,64.00428571428571,1.9555464465869765
2019-03-22,67.34,64.85571428571428,1.9196601881824071
2019-03-29,67.25,65.64714285714285,1.5035038441990425
2019-04-05,69.54,66.53,1.7335128112201545
2019-04-12,71.33,67.20857142857143,2.5114632426228205
2019-04-19,70.87,68.11,2.5346860423593873
2019-04-26,72.93,69.28142857142858,2.6060853693575408
2019-05-03,71.59,70.12142857142858,2.1750588388316388
2019-05-10,71.25,70.67999999999999,1.813771393165492
2019-05-17,73.32,71.54714285714286,1.2701537214800094
2019-05-24,70.89,71.74,0.9851057472842337
2019-05-31,69.29,71.44857142857144,1.3578466846616484
2019-06-07,63.15,70.34571428571428,3.441898009058463
2019-06-14,63.19,68.95428571428572,4.124180149406696
2019-06-21,64.04,67.87571428571428,4.30335472681023
2019-06-28,66.51,67.19857142857143,4.0493391583128115
2019-07-05,63.84,65.84428571428572,3.1451648454030967
2019-07-12,65.98,65.14285714285714,2.253424906563614
2019-07-19,63.63,64.33428571428571,1.3528347662442435
2019-07-26,62.8,64.28428571428572,1.4091942986777137
2019-08-02,62.59,64.19857142857144,1.502036712504546
2019-08-09,57.33,63.24,3.0071248726976654
2019-08-16,58.25,62.06,3.1282902678614497
2019-08-23,59.57,61.449999999999996,3.1396443535316494
2019-08-30,59.83,60.57142857142857,2.4441933132175175
2019-09-06,60.23,60.08571428571428,2.039394167743136
2019-09-13,62.74,60.07714285714286,2.0261680934348196
2019-09-20,65.56,60.50142857142857,2.8023587004005295
2019-09-27,63.15,61.332857142857144,2.557255783619153
2019-10-04,59.22,61.471428571428575,2.382683561108662
2019-10-11,59.39,61.44571428571429,2.4074665601191088
2019-10-18,59.32,61.372857142857136,2.4713809519214727
2019-10-25,60.75,61.44714285714286,2.438904906480291
2019-11-01,60.23,61.08857142857143,2.4013706403588255
2019-11-08,62.39,60.635714285714286,1.5739531668460969
2019-11-15,62.56,60.55142857142857,1.4256861338938593
2019-11-22,63.76,61.199999999999996,1.721104296664331
2019-11-29,64.74,61.964285714285715,1.9553248420893758
2019-12-06,64.71,62.73428571428571,1.7951866861393644
2019-12-13,66.5,63.55571428571428,2.0353612058040818
2019-12-20,68.9,64.79428571428572,2.2956034583726708
2019-12-27,68.73,65.7,2.435357605499491
2020-01-03,68.07,66.48714285714286,2.121553788191147
2020-01-10,67.93,67.08285714285715,1.7872857846993433
2020-01-17,64.11,66.99285714285715,1.9347068191817407
2020-01-24,62.2,66.63428571428572,2.5599014117916736
2020-01-31,58.57,65.50142857142858,3.9864287634061433
2020-02-07,54.59,63.457142857142856,5.379047977370558
2020-02-14,55.33,61.542857142857144,5.570771084525666
2020-02-21,58.61,60.191428571428574,4.820347250877699
2020-02-28,54.09,58.214285714285715,3.8598957548218102
2020-03-06,50.7,56.298571428571435,3.772887614596649
2020-03-13,33.72,52.23,8.607169492153721
2020-03-20,25.65,47.527142857142856,12.622618210030147
2020-03-27,23.96,43.151428571428575,14.874368814139341
2020-04-03,18.72,37.92142857142857,16.251091684941457
2020-04-10,22.53,32.76714285714286,14.186262973131742
2020-04-17,20.0,27.897142857142857,11.1789813404225
2020-04-24,14.24,22.68857142857143,6.143566902517129
2020-05-01,17.05,20.307142857142853,4.017941903866498
2020-05-08,23.57,20.009999999999998,3.6135209053390676
2020-05-15,28.18,20.61285714285714,4.599774321585033
2020-05-22,33.94,22.787142857142857,6.681875271422443
2020-05-29,33.7,24.382857142857144,7.843096145199741
2020-06-05,38.37,27.007142857142856,9.104097455331901
2020-06-12,39.52,30.618571428571432,8.160701417098814
2020-06-19,40.95,34.03285714285715,6.332629033520122
2020-06-26,41.69,36.621428571428574,4.879697492574673
2020-07-03,42.3,38.63857142857143,3.544363734960979
2020-07-10,43.06,39.941428571428574,3.187618905344041
2020-07-17,43.4,41.32714285714286,1.8497902068927972
2020-07-24,43.57,42.07,1.4693082272482747
2020-07-31,43.22,42.598571428571425,0.9846730179982761
2020-08-07,44.36,43.08571428571429,0.8699781059054621
2020-08-14,44.54,43.49285714285714,0.7689541443958035
2020-08-21,44.79,43.848571428571425,0.6978163218502935
2020-08-28,45.26,44.16285714285714,0.7746550691653492
2020-09-04,43.06,44.114285714285714,0.8384878679831885
2020-09-11,39.45,43.52571428571429,1.9686192889319438
2020-09-18,40.77,43.175714285714285,2.232180228257014
2020-09-25,40.89,42.68,2.30931447259273
2020-10-02,39.99,42.029999999999994,2.3386819649807373
2020-10-09,41.06,41.49714285714286,2.006337577822647
2020-10-16,41.32,40.934285714285714,1.1406848402405536
2020-10-23,41.0,40.64,0.6691287868011765
2020-10-30,37.91,40.42,1.1821167455004857
2020-11-06,38.64,40.11571428571428,1.3405329430570494
2020-11-13,41.87,40.25571428571429,1.478905644304106
2020-11-20,43.01,40.68714285714286,1.7951575073466857
2020-11-27,46.43,41.45428571428572,2.8301169418867995
2020-12-04,47.83,42.38428571428572,3.7111267702349924
2020-12-11,49.32,43.57285714285714,4.452223093712121
2020-12-18,51.05,45.45,4.436736788826515
2020-12-25,50.61,47.160000000000004,3.6029756220833393
2021-01-01,50.82,48.43857142857143,2.9398663720835896
2021-01-08,53.31,49.910000000000004,2.2716587184978163
2021-01-15,55.38,51.18857142857143,2.494323078320363
2021-01-22,55.23,52.24571428571428,2.4000059523723345
2021-01-29,55.18,53.082857142857144,2.2250371853487385
2021-02-05,58.22,54.107142857142854,2.7269746013090677
2021-02-12,61.13,55.61,3.3140810692147777
2021-02-19,63.9,57.47857142857142,3.813088986509788
2021-02-26,65.86,59.271428571428565,4.42735597759834
2021-03-05,65.94,60.779999999999994,4.672704427487536
2021-03-12,68.15,62.62571428571429,4.666775678998334
2021-03-19,66.11,64.18714285714286,3.4231550470561145
2021-03-26,62.51,64.8,2.4112514040076087
2021-04-02,63.68,65.16428571428571,1.903565576689512
2021-04-09,61.83,64.86857142857143,2.260099028592101
2021-04-16,64.69,64.70142857142856,2.2174191347246337
2021-04-23,65.34,64.61571428571429,2.1727084260795846
2021-04-30,66.96,64.44571428571427,1.8764403991131355
2021-05-07,68.99,64.85714285714286,2.510708494200882
2021-05-14,68.73,65.74571428571429,2.638969856735256
2021-05-21,67.48,66.28857142857143,2.531886178137369
2021-05-28,69.02,67.31571428571428,1.7634895060903328
2021-06-04,70.66,68.16857142857143,1.725190120646559
2021-06-11,71.46,69.04285714285713,1.5989445923856827
2021-06-18,73.11,69.92142857142856,1.9209323133251288
2021-06-25,75.41,70.83857142857143,2.7540481027710273
2021-07-02,76.26,71.91428571428571,3.223723815417671
2021-07-09,76.13,73.14999999999999,2.880243045299463
2021-07-16,75.8,74.11857142857141,2.3513643455896576
2021-07-23,72.2,74.33857142857143,2.022946931016799
2021-07-30,75.75,74.95142857142856,1.6140366432365536
2021-08-06,72.26,74.83000000000001,1.7972386226271375
2021-08-13,71.09,74.21285714285715,2.249649708181204
2021-08-20,68.08,73.04428571428572,3.0063203263720495
2021-08-27,71.02,72.31428571428572,2.740850580523803
2021-09-03,73.02,71.91714285714285,2.3208239505657304
2021-09-10,72.01,71.89,2.3180739131145875
2021-09-17,74.13,71.65857142857143,1.914152802776366
2021-09-24,75.32,72.0957142857143,2.369619217952743
2021-10-01,78.44,73.14571428571428,3.2967552590526292
2021-10-08,82.01,75.13571428571429,3.881687163862066
2021-10-15,83.87,76.97142857142856,4.585569497788057
2021-10-22,84.98,78.67999999999999,5.070397749026222
2021-10-29,84.12,80.41,4.442371738909725
2021-11-05,82.52,81.60857142857142,3.4968005784876595
2021-11-12,83.39,82.76142857142858,2.1482351560552715
2021-11-19,81.63,83.21714285714286,1.213887890013497
2021-11-26,80.24,82.96428571428571,1.6227431214128778
2021-12-03,71.0,81.12571428571428,4.733940772558576
2021-12-10,74.79,79.66999999999999,4.914488783179487
2021-12-17,73.76,78.18999999999998,4.910974105680401
2021-12-24,73.91,76.96000000000001,4.720261292202292
2021-12-31,78.16,76.21285714285715,3.8702442398622527
2022-01-07,80.5,76.05142857142857,3.6222572546747793
2022-01-14,85.07,76.74142857142859,4.8163313443994
2022-01-21,89.16,79.33571428571429,5.962759029014337
2022-01-28,90.12,81.52571428571427,6.774850200417144
2022-02-04,92.77,84.24142857142856,6.950941012005367
2022-02-11,96.43,87.45857142857143,6.5735110571935
2022-02-18,97.8,90.2642857142857,6.118874779845262
2022-02-25,99.36,92.95857142857142,5.183632666291632
2022-03-04,114.43,97.15285714285714,8.532962975593861
2022-03-11,122.29,101.88571428571429,11.888785832515763
2022-03-18,109.59,104.66714285714286,10.915042700001518
2022-03-25,123.6,109.07142857142857,11.51778252467522
2022-04-01,111.26,111.19000000000001,10.079034345279963
2022-04-08,103.33,111.98,9.015176093676695
2022-04-15,105.42,112.8457142857143,7.811992612095102
2022-04-22,105.72,111.60142857142856,8.201539344479631
2022-04-29,103.92,108.97714285714287,7.072742783120982
2022-05-06,110.36,109.08714285714287,7.089830073858607
2022-05-13,107.43,106.77714285714285,3.0649780547647842
2022-05-20,112.93,107.01571428571428,3.505418934273217
2022-05-27,117.66,109.06285714285715,4.900825489260967
2022-06-03,124.11,111.73285714285714,7.157191521553015
2022-06-10,127.4,114.83000000000001,8.655549279701068
2022-06-17,125.08,117.85285714285715,7.869582187735544
2022-06-24,116.83,118.77714285714285,7.193806860269325
2022-07-01,120.34,120.62142857142858,5.170110987111276
2022-07-08,113.64,120.72285714285714,4.998175381362511
2022-07-15,109.8,119.60000000000001,6.4677739601814315
2022-07-22,113.53,118.08857142857143,6.4743916794590355
2022-07-29,109.28,115.5,5.7080323521624985
2022-08-05,102.54,112.27999999999999,5.760442691321559
2022-08-12,104.64,110.53857142857143,5.993542159612074
2022-08-19,96.73,107.16571428571429,6.198262813463234
2022-08-26,98.87,105.05571428571429,6.140691755665173
2022-09-02,95.31,102.98571428571428,6.6923460190051385
2022-09-09,90.43,99.68571428571428,6.3108236576609755
2022-09-16,91.41,97.13285714285715,5.31940696658832
2022-09-23,88.54,95.13285714285715,5.573397271221094
2022-09-30,87.28,92.65285714285713,4.370456552373879
2022-10-07,94.66,92.35714285714286,4.110935474583337
2022-10-14,94.62,91.75,3.2021242949013033
2022-10-21,91.04,91.14,2.7912780824078447
2022-10-28,93.01,91.50857142857144,2.851586859810648
2022-11-04,95.86,92.14428571428572,3.2885045088549174
2022-11-11,96.08,93.22142857142856,3.1427929647122768
2022-11-18,92.09,93.90857142857143,1.9121229787102445
2022-11-25,86.4,92.72857142857144,3.3666126822636224
2022-12-02,85.03,91.35857142857142,4.292565000755545
2022-12-09,78.56,89.57571428571428,6.4808509141489665
2022-12-16,80.8,87.83142857142857,7.022934876937914
2022-12-23,80.68,85.66285714285713,6.451043105022121
2022-12-30,81.83,83.62714285714286,4.598201511771005
2023-01-06,77.2,81.5,3.288256883719545
2023-01-13,80.61,80.67285714285715,2.4788687896268273
2023-01-20,84.57,80.60714285714286,2.3466835767779357
2023-01-27,85.9,81.65571428571427,2.862649455444656
2023-02-03,81.87,81.80857142857144,2.8378009594948677
2023-02-10,83.3,82.18285714285715,2.836921537427424
2023-02-17,84.17,82.51714285714286,2.924914325158881
2023-02-24,81.77,83.16999999999999,1.8544271352619754
2023-03-03,83.6,83.59714285714286,1.4712547285179698
2023-03-10,82.86,83.35285714285715,1.424005082921563
2023-03-17,74.98,81.79285714285713,3.129119760601404
2023-03-24,74.24,80.70285714285714,4.2322441418455545
2023-03-31,78.0,79.94571428571429,4.163707711254155
2023-04-07,85.99,80.2057142857143,4.513578983256045
2023-04-14,87.36,81.00428571428571,5.267940322183883
2023-04-21,84.62,81.14999999999999,5.3649200056163275
2023-04-28,81.4,80.94142857142857,5.315513235086199
2023-05-05,74.62,80.89,5.384103144132943
2023-05-12,76.08,81.15285714285713,5.039202034335672
2023-05-19,75.75,80.83142857142856,5.336798130500144
2023-05-26,76.48,79.47285714285715,5.0048733393416045
2023-06-02,73.89,77.54857142857144,3.944060634131919
2023-06-09,76.06,76.32571428571428,2.4178768726763327
2023-06-16,74.39,75.32428571428571,1.0046036887364467
2023-06-23,75.26,75.4157142857143,0.9578597173331592
2023-06-30,73.55,75.05428571428571,1.1276946564072665
2023-07-07,76.6,75.17571428571429,1.2538056354247478
2023-07-14,79.79,75.64857142857143,2.1392165900258884
2023-07-21,79.48,76.44714285714285,2.400720130055076
2023-07-28,83.55,77.51714285714286,3.57927233892382
2023-08-04,85.63,79.12285714285714,4.375277950353801
2023-08-11,87.83,80.91857142857144,5.052703660982867
2023-08-18,85.87,82.67857142857143,4.117371445357263
2023-08-25,84.71,83.83714285714287,3.149024792352878
2023-09-01,87.57,84.94857142857143,2.8403663412273263
2023-09-08,91.29,86.63571428571429,2.5426158258950076
2023-09-15,93.87,88.11,3.326359371244104
2023-09-22,94.86,89.42857142857143,3.9503098130456427
2023-09-29,95.61,90.53999999999999,4.4839974724937885
2023-10-06,90.33,91.17714285714285,4.00064459091965
2023-10-13,90.48,92.00142857142858,2.8849288181360695
2023-10-20,92.47,92.70142857142858,2.124809235134326
2023-10-27,89.84,92.49428571428572,2.3446453686559288
2023-11-03,88.21,91.68571428571428,2.7346593763683873
2023-11-10,83.52,90.0657142857143,3.721607435606181
2023-11-17,81.93,88.11142857142856,3.911910993241605
2023-11-24,81.62,86.86714285714285,4.438414560349279
2023-12-01,80.91,85.5,4.610647098473609
2023-12-08,75.98,83.14428571428572,4.66819328771042
2023-12-15,75.58,81.10714285714286,4.3605875532454945
2023-12-22,80.15,79.9557142857143,3.0351653285157516
2023-12-29,79.23,79.34285714285714,2.597009268919273
2024-01-05,76.88,78.62142857142858,2.456144869311051
2024-01-12,78.4,78.16142857142857,2.0725300847940127
2024-01-19,80.11,78.04714285714286,1.9115065113288159
2024-01-26,82.31,78.95142857142858,2.239712991816069
2024-02-02,82.57,79.95,2.034920145852283
2024-02-09,81.51,80.14428571428572,2.120329040052684
2024-02-16,84.44,80.88857142857144,2.604940361257786
2024-02-23,85.02,82.05142857142857,2.318357382367219
2024-03-01,84.26,82.88857142857144,1.7742550415249347
2024-03-08,85.63,83.67714285714285,1.5454202695446824
2024-03-15,84.52,83.99285714285715,1.4418473599932777
2024-03-22,85.88,84.46571428571428,1.440206665062707
2024-03-29,85.8,85.07857142857142,0.6904208516381914
2024-04-05,90.34,85.92142857142858,2.047847883114583
2024-04-12,92.01,86.92,3.0122029590754127
2024-04-19,89.59,87.68142857142857,2.899283983855959
2024-04-26,88.53,88.0957142857143,2.7612005670404787
2024-05-03,85.73,88.26857142857145,2.5280785099314165
2024-05-10,82.95,87.85,3.154430746320072
2024-05-17,81.61,87.25142857142858,3.9142833680905555
2024-05-24,80.24,85.80857142857143,4.415459313862711
2024-05-31,80.92,84.2242857142857,3.7605046520501975
2024-06-07,76.59,82.36714285714287,3.877218566126969
2024-06-14,80.64,81.24000000000001,2.7780688736355095
2024-06-21,85.04,81.14142857142858,2.5986498325816725
2024-06-28,86.72,81.67999999999999,3.3250814526357835
2024-07-05,88.02,82.5957142857143,4.095891669883916
2024-07-12,86.8,83.53285714285714,4.215782704257867
2024-07-19,86.05,84.26571428571428,4.130907314149191
2024-07-26,82.52,85.11285714285714,2.629757367043576
2024-08-02,80.26,85.05857142857143,2.739126555256333
2024-08-09,78.84,84.17285714285715,3.6100725490659946
2024-08-16,82.47,83.5657142857143,3.4647551964640364
2024-08-23,79.57,82.35857142857142,3.107836485248777
2024-08-30,80.83,81.50571428571428,2.431411504611606
2024-09-06,75.25,79.96285714285715,2.4930283745248705
2024-09-13,72.1,78.4742857142857,3.5838938653496357
2024-09-20,74.98,77.72,3.699198111302245
2024-09-27,74.07,77.03857142857143,3.892772913024379
2024-10-04,75.88,76.09714285714286,3.0702861662803325
2024-10-11,79.34,76.06428571428572,3.0278642480727496
2024-10-18,74.58,75.17142857142858,2.1953923610695965
2024-10-25,74.69,75.09142857142857,2.2022445260179575
2024-11-01,72.61,75.16428571428571,2.092485421237231
2024-11-08,75.63,75.25714285714285,2.0973611538118404
2024-11-15,72.89,75.08857142857143,2.250506821224066
2024-11-22,74.84,74.94000000000001,2.2237206059503998
2024-11-29,74.16,74.2,1.0866462165741746
2024-12-06,73.97,74.11285714285714,1.0754954561435535
2024-12-13,74.03,74.01857142857143,1.0449629749625375
2024-12-20,73.79,74.18714285714285,0.858384418264205
2024-12-27,73.13,73.83,0.6536818798122784
2025-01-03,75.42,74.19142857142857,0.7409324884062842
2025-01-10,78.14,74.66285714285713,1.6787268418414167
2025-01-17,82.79,75.89571428571428,3.4657075138308815
2025-01-24,79.92,76.74571428571429,3.639958136859631
2025-01-31,77.37,77.22285714285715,3.4379437375926645
2025-02-07,75.4,77.45285714285716,3.216746359732557
2025-02-14,76.01,77.86428571428573,2.717062489422011
2025-02-21,76.09,77.96000000000001,2.626912002078152
2025-02-28,74.25,77.40428571428572,2.9713625221589446
2025-03-07,71.93,75.85285714285715,2.486206710939211
2025-03-14,71.54,74.6557142857143,2.20281529822418
2025-03-21,72.21,73.91857142857144,1.9968677854019627
2025-03-28,74.35,73.76857142857143,1.9043321538996614
2025-04-04,74.64,73.57285714285715,1.6944095754919941
2025-04-11,66.1,72.14571428571428,2.9573797926695584
2025-04-18,67.76,71.21857142857142,3.195462556872767
2025-04-25,67.92,70.64571428571428,3.3995875099914774
2025-05-02,63.5,69.49714285714286,4.288942038489036
2025-05-09,62.29,68.08,4.8458814127732435
2025-05-16,65.54,66.82142857142857,4.019661795770308
2025-05-23,65.86,65.56714285714285,2.0707383086357014
2025-05-30,64.74,65.37285714285714,2.0762041830027447
2025-06-06,67.18,65.29,1.9741242784234587
2025-06-13,71.05,65.73714285714286,2.835611129225016
2025-06-20,78.25,67.84428571428572,5.302995559564077
2025-06-27,69.96,68.94,4.724979717768936
2025-07-04,69.61,69.52142857142857,4.480979909838414
2025-07-11,71.77,70.36571428571429,4.2256236507869245
2025-07-18,70.66,71.21142857142857,3.4294481022037497
2025-07-25,70.09,71.62714285714286,3.010042714456355
2025-08-01,72.41,71.82142857142857,3.010472989256383
2025-08-08,68.17,70.38142857142857,1.4064663590154638
2025-08-15,67.17,69.98285714285714,1.8660360329278365
2025-08-22,67.82,69.72714285714285,2.040169227339992
2025-08-29,67.77,69.15571428571428,1.929817410557231
2025-09-05,66.85,68.61142857142856,1.9716695849902277
2025-09-12,67.23,68.20285714285714,1.9095611562655954
2025-09-19,68.33,67.62,0.5502423708342324
2025-09-26,69.22,67.77,0.8079397667284841
2025-10-03,67.15,67.76714285714286,0.810446672840612
2025-10-10,66.65,67.6,0.9120124268129635
2025-10-17,62.36,66.82714285714286,2.169414009093638
2025-10-24,63.22,66.30857142857143,2.5614672134752903
2025-10-31,65.02,65.99285714285715,2.5651622059534023
2025-11-07,64.3,65.41714285714285,2.4001299567978402
2025-11-14,62.87,64.51,1.8632230140255928
2025-11-21,63.64,64.00857142857143,1.463835470846673
2025-11-28,64.38,63.68428571428571,0.9382227372839107
2025-12-05,63.98,63.91571428571428,0.7348890424795527
2025-12-12,62.6,63.82714285714285,0.8595098270827108
2025-12-19,60.83,63.22857142857142,1.2572778607142643
2025-12-26,63.21,63.07285714285713,1.1667006797739932
2026-01-02,62.18,62.97428571428571,1.2148505688999482
2026-01-09,62.93,62.872857142857136,1.1791199300827861
2026-01-16,67.0,63.24714285714286,1.9202058421390902
2026-01-23,66.99,63.67714285714286,2.390981069809018
2026-01-30,70.43,64.79571428571428,3.4152396555375857
2026-02-06,69.84,66.08285714285714,3.3690736327441253
2026-02-13,70.7,67.15285714285714,3.49176036923856
2026-02-20,71.66,68.50714285714285,3.052341801991539
2026-02-27,71.36,69.71142857142857,1.9486271113381504
2026-03-06,85.28,72.32285714285715,5.917129693484684
2026-03-13,96.16,76.49,10.233026596922704
2026-03-20,111.4,82.34285714285714,16.178596678209896
2026-03-27,111.24,88.25714285714285,18.277280718864713
2026-04-03,123.94,95.86285714285714,20.67381090033596
2026-04-10,124.61,103.42714285714285,20.01886503133605
2026-04-17,114.43,109.58,14.331128124935772
2026-04-24,109.62,113.05714285714285,9.636435569035992
2026-05-01,119.63,116.41,6.2737920484072465
2026-05-08,105.88,115.62142857142855,7.275423077208112
2026-05-15,110.53,115.52,7.351240258169008
2026-05-22,110.61,113.61571428571428,6.481666085049953
2026-05-29,97.05,109.67857142857143,7.0369605857718245
2026-06-05,98.95,107.46714285714286,7.696385979331411
2026-06-12,93.76,105.20142857142858,9.153531975092443
2026-06-19,81.0,99.68285714285716,10.544081616852639
2026-06-26,73.63,95.0757142857143,13.89743604307721
