Date,Price,Rolling_Mean,Rolling_STD
1987-05-20,18.63,,
1987-05-21,18.45,,
1987-05-22,18.55,,
1987-05-25,18.6,,
1987-05-26,18.63,,
1987-05-27,18.6,,
1987-05-28,18.6,18.580000000000002,0.06324555320336757
1987-05-29,18.58,18.572857142857142,0.05936168397046672
1987-06-01,18.65,18.601428571428574,0.032366943748504115
1987-06-02,18.68,18.62,0.03511884584283813
1987-06-03,18.75,18.641428571428573,0.05871642911160963
1987-06-04,18.78,18.662857142857142,0.07804150299985116
1987-06-05,18.65,18.669999999999998,0.07348469228349255
1987-06-08,18.75,18.69142857142857,0.07151423434733291
1987-06-09,18.78,18.72,0.05830951894844685
1987-06-10,18.78,18.738571428571426,0.05273473599963842
1987-06-11,18.68,18.73857142857143,0.05273473599963842
1987-06-12,18.78,18.74285714285714,0.05498917642417194
1987-06-16,18.9,18.759999999999998,0.08103497187428216
1987-06-17,19.03,18.814285714285713,0.11516034370347959
1987-06-18,19.05,18.857142857142858,0.14032275720806914
1987-06-19,19.05,18.895714285714284,0.15219035699380878
1987-06-22,19.1,18.94142857142857,0.15952309879016513
1987-06-23,18.9,18.972857142857144,0.11484979839108769
1987-06-24,18.75,18.96857142857143,0.12348124978156186
1987-06-25,18.7,18.939999999999998,0.15979153085608466
1987-06-26,19.08,18.947142857142858,0.1655006833534948
1987-06-29,19.15,18.96142857142857,0.17957622071871443
1987-06-30,19.08,18.965714285714284,0.18237846572965252
1987-07-01,18.98,18.948571428571427,0.17305380390969838
1987-07-02,19.25,18.99857142857143,0.20440389521961005
1987-07-03,19.33,19.08142857142857,0.2044038952196085
1987-07-06,19.48,19.192857142857143,0.17182493859683173
1987-07-07,19.5,19.252857142857142,0.19729117953878264
1987-07-08,19.48,19.3,0.2077658938966179
1987-07-09,19.68,19.385714285714283,0.22493385271059355
1987-07-10,19.73,19.49285714285714,0.17182493859682196
1987-07-13,19.83,19.575714285714287,0.17501020378412938
1987-07-14,19.88,19.654285714285713,0.16969159700830158
1987-07-15,20.28,19.768571428571427,0.27156512855594594
1987-07-16,20.4,19.897142857142857,0.3299855696700426
1987-07-17,20.63,20.06142857142857,0.37136812694988935
1987-07-20,20.55,20.185714285714287,0.36800621112768356
1987-07-21,20.35,20.274285714285714,0.31009983031579663
1987-07-22,20.33,20.345714285714283,0.24047571899996842
1987-07-23,20.15,20.384285714285713,0.16226081297883246
1987-07-24,19.58,20.284285714285716,0.34736422493095986
1987-07-27,19.3,20.127142857142854,0.5010892896385436
1987-07-28,19.78,20.005714285714284,0.460248380147674
1987-07-29,19.98,19.924285714285713,0.3934826189662757
1987-07-30,20.2,19.90285714285714,0.36980689941796774
1987-07-31,20.03,19.859999999999996,0.3269556544854198
1987-08-03,20.95,19.974285714285713,0.5250351462158427
1987-08-04,20.65,20.127142857142854,0.5464343292569184
1987-08-05,19.8,20.19857142857143,0.44322411830540026
1987-08-06,19.75,20.194285714285716,0.4480646211897179
1987-08-07,19.65,20.147142857142857,0.4897861535307611
1987-08-10,19.43,20.037142857142857,0.5576950865157362
1987-08-11,19.45,19.954285714285714,0.6003847972441438
1987-08-12,19.5,19.747142857142858,0.42374183515099717
1987-08-13,19.4,19.568571428571428,0.16303665962276312
1987-08-14,19.25,19.490000000000002,0.16542873591569493
1987-08-17,18.85,19.361428571428572,0.25510968696024194
1987-08-18,18.75,19.232857142857142,0.30695897042408216
1987-08-19,18.5,19.099999999999998,0.3958114029012712
1987-08-20,18.3,18.935714285714287,0.4598136268408985
1987-08-21,18.1,18.735714285714288,0.4775931721614671
1987-08-24,17.48,18.46142857142857,0.574091414655345
1987-08-25,17.55,18.21857142857143,0.5436735715307328
1987-08-26,18.1,18.111428571428572,0.46699138362606474
1987-08-27,18.28,18.044285714285714,0.3867754362615011
1987-08-28,18.2,18.001428571428573,0.3418785637927451
1987-08-31,18.63,18.048571428571428,0.4065476016175575
1987-09-01,18.43,18.095714285714287,0.43185094430286036
1987-09-02,18.4,18.227142857142855,0.3443696795458414
1987-09-03,18.18,18.31714285714286,0.18190787830795682
1987-09-04,18.13,18.321428571428573,0.17620334573340343
1987-09-07,17.6,18.224285714285713,0.32633608150994836
1987-09-08,17.68,18.15,0.38643671323176043
1987-09-09,17.9,18.045714285714286,0.32963905224038814
1987-09-10,18.3,18.027142857142856,0.30728457417164134
1987-09-11,18.18,17.995714285714286,0.27202065747894344
1987-09-14,18.15,17.99142857142857,0.26885117143317605
1987-09-15,18.53,18.048571428571428,0.33706718279049847
1987-09-16,18.53,18.181428571428572,0.31323199982492267
1987-09-17,18.43,18.28857142857143,0.2304653677113272
1987-09-18,18.3,18.345714285714283,0.1554410009036694
1987-09-21,18.28,18.342857142857145,0.15660079668966997
1987-09-22,18.48,18.38571428571429,0.1452419983863721
1987-09-23,18.48,18.43285714285714,0.10355582805345678
1987-09-24,18.68,18.454285714285714,0.13709572602844006
1987-09-25,18.6,18.464285714285715,0.14581462465038145
1987-09-28,18.65,18.495714285714286,0.16019333557277274
1987-09-29,18.5,18.524285714285714,0.1353830544366509
1987-09-30,18.48,18.552857142857142,0.08807464366756322
1987-10-01,18.5,18.555714285714288,0.08560707580916871
1987-10-02,18.65,18.580000000000002,0.08465616732814972
1987-10-05,18.78,18.594285714285714,0.10921799956324181
1987-10-06,18.6,18.594285714285714,0.10921799956324181
1987-10-07,18.58,18.584285714285716,0.10643576198156558
1987-10-08,18.63,18.602857142857143,0.10045136231281784
1987-10-09,18.6,18.62,0.08504900548129878
1987-10-12,18.55,18.62714285714286,0.07476948702847135
1987-10-13,18.55,18.61285714285714,0.07910210399962546
1987-10-14,18.68,18.59857142857143,0.045981362684358526
1987-10-15,18.68,18.610000000000003,0.05537749241967546
1987-10-16,19.0,18.669999999999998,0.1551343503763418
1987-10-19,19.1,18.73714285714286,0.22216467508846727
1987-10-20,18.78,18.762857142857143,0.21390919301695213
1987-10-21,18.93,18.81714285714286,0.19855429867879712
1987-10-22,19.13,18.9,0.18929694486005505
1987-10-23,18.98,18.942857142857143,0.16337220140064404
1987-10-26,18.75,18.95285714285714,0.14579829511060446
1987-10-27,18.8,18.924285714285713,0.15436505896279787
1987-10-28,18.85,18.888571428571428,0.13458932243793703
1987-10-29,18.75,18.884285714285713,0.13902723268694098
1987-10-30,18.8,18.865714285714287,0.14057704208697316
1987-11-02,18.63,18.794285714285714,0.10690449676506258
1987-11-03,18.38,18.708571428571428,0.16035674514752338
1987-11-04,17.93,18.591428571428573,0.33233660503718837
1987-11-05,17.85,18.455714285714286,0.41632748099134614
1987-11-06,17.95,18.327142857142857,0.413227713079816
1987-11-09,17.5,18.14857142857143,0.4666700680148552
1987-11-10,17.75,17.99857142857143,0.38377200572865333
1987-11-11,17.8,17.88,0.26645825188956884
1987-11-12,17.85,17.804285714285715,0.15098091963981905
1987-11-13,17.8,17.785714285714285,0.14057704208708002
1987-11-16,17.68,17.76142857142857,0.14229412864790844
1987-11-17,17.4,17.68285714285714,0.169971986487558
1987-11-18,17.18,17.637142857142855,0.2510454331866266
1987-11-19,17.48,17.59857142857143,0.2515570559157595
1987-11-20,17.6,17.57,0.23572582944327353
1987-11-23,17.9,17.577142857142857,0.24615132782605187
1987-11-24,17.83,17.58142857142857,0.2508936409072
1987-11-25,17.68,17.58142857142857,0.2508936409072
1987-11-26,17.73,17.628571428571426,0.24196615269014413
1987-11-27,17.78,17.714285714285715,0.14234431763141828
1987-11-30,17.7,17.745714285714286,0.09997618764129212
1987-12-01,17.65,17.752857142857145,0.08901578244254346
1987-12-02,17.7,17.724285714285713,0.06187545093670748
1987-12-03,17.93,17.73857142857143,0.09370673604923843
1987-12-04,18.0,17.784285714285716,0.13100345324438276
1987-12-07,17.78,17.791428571428572,0.1288964146682676
1987-12-08,17.58,17.762857142857143,0.1519555072727709
1987-12-09,17.43,17.724285714285713,0.19789367034332922
1987-12-10,17.55,17.71,0.2075250988837648
1987-12-11,17.73,17.714285714285715,0.20759392595952247
1987-12-14,16.8,17.552857142857142,0.37981198356186047
1987-12-15,16.2,17.295714285714286,0.58208983106444
1987-12-16,15.93,17.03142857142857,0.7274024235004638
1987-12-17,15.03,16.667142857142856,0.995870043156844
1987-12-18,15.6,16.405714285714286,1.0024113783415718
1987-12-21,15.4,16.09857142857143,0.9193009766743265
1987-12-22,16.7,15.95142857142857,0.6607175032097359
1987-12-23,17.25,16.015714285714285,0.7699103225454191
1987-12-24,17.1,16.144285714285715,0.8739347256872155
1987-12-28,17.0,16.297142857142855,0.9224372478334533
1987-12-29,17.38,16.63285714285714,0.8045022122554288
1987-12-30,17.85,16.954285714285714,0.771877735198586
1987-12-31,17.6,17.268571428571427,0.38394568068196405
1988-01-04,17.95,17.447142857142858,0.36568266232329805
1988-01-05,17.08,17.422857142857143,0.38603602101857776
1988-01-06,17.9,17.537142857142857,0.3928831160245847
1988-01-08,16.88,17.52,0.4217819341793161
1988-01-11,16.65,17.415714285714284,0.5367450401217366
1988-01-12,15.95,17.14428571428571,0.7271601644493156
1988-01-13,16.38,16.97,0.7456987774341062
1988-01-14,16.55,16.77,0.6154131403645763
1988-01-15,16.65,16.708571428571428,0.6005949431308448
1988-01-18,16.83,16.555714285714284,0.3151643562153406
1988-01-19,17.1,16.587142857142855,0.3605881439036347
1988-01-20,16.83,16.61285714285714,0.372053503576929
1988-01-21,17.08,16.774285714285714,0.26676188776127796
1988-01-22,16.7,16.82,0.20912516188490674
1988-01-25,16.45,16.805714285714284,0.23272710362559929
1988-01-27,16.13,16.73142857142857,0.34609384909444685
1988-01-28,16.1,16.627142857142857,0.4146369611164314
1988-01-29,16.28,16.509999999999998,0.3724692381034916
1988-02-01,16.1,16.405714285714286,0.3701286777531612
1988-02-02,16.18,16.277142857142856,0.22455246496950265
1988-02-03,16.15,16.19857142857143,0.12694205652327742
1988-02-04,16.18,16.16,0.062449979984582044
1988-02-05,16.1,16.155714285714286,0.06579187965582249
1988-02-08,16.5,16.212857142857143,0.1405601040737228
1988-02-09,16.4,16.23,0.15652475842521607
1988-02-10,16.13,16.234285714285715,0.15273693537793548
1988-02-11,16.1,16.222857142857144,0.1602824887208479
1988-02-12,15.75,16.165714285714284,0.24137502928426402
1988-02-15,15.68,16.094285714285714,0.3026470520182134
1988-02-16,15.63,16.027142857142856,0.3496528891017802
1988-02-17,15.85,15.934285714285716,0.2831287777001598
1988-02-18,15.48,15.802857142857144,0.24136516496219712
1988-02-19,15.55,15.72,0.20752509888385742
1988-02-22,15.38,15.617142857142856,0.16100872499308924
1988-02-23,15.58,15.592857142857142,0.15007934409471865
1988-02-24,15.35,15.545714285714286,0.16880532602773832
1988-02-25,14.85,15.434285714285716,0.3057699103825205
1988-02-26,14.65,15.262857142857143,0.3645871768506288
1988-02-29,14.73,15.155714285714286,0.39874206963317027
1988-03-01,14.18,14.959999999999999,0.4970580113696786
1988-03-02,13.8,14.734285714285715,0.618461994058939
1988-03-03,14.0,14.508571428571429,0.5419541361724398
1988-03-04,14.0,14.315714285714284,0.41884194086637083
1988-03-07,13.9,14.180000000000001,0.36765019606523947
1988-03-08,13.8,14.058571428571428,0.324367516429178
1988-03-09,13.98,13.951428571428574,0.1330950251303093
1988-03-10,14.48,13.994285714285715,0.23114621223096352
1988-03-11,14.88,14.14857142857143,0.38744584875106025
1988-03-14,14.28,14.18857142857143,0.3839890871467066
1988-03-15,14.3,14.231428571428571,0.3760952260369165
1988-03-16,14.45,14.31,0.35199431813615556
1988-03-17,14.43,14.4,0.2711088342347659
1988-03-18,14.93,14.535714285714286,0.2634930196963484
1988-03-21,15.38,14.664285714285715,0.4104005012529785
1988-03-22,15.03,14.685714285714285,0.42711657826487515
1988-03-23,15.4,14.845714285714285,0.45843418803795966
1988-03-24,15.65,15.038571428571428,0.47428643143962285
1988-03-25,15.45,15.18142857142857,0.41426354620506306
1988-03-28,15.55,15.34142857142857,0.2651055495101086
1988-03-29,15.6,15.437142857142858,0.20621301977302742
1988-03-30,15.7,15.482857142857142,0.22595827680623468
1988-03-31,15.65,15.571428571428571,0.11126972805327555
1988-04-05,15.5,15.585714285714285,0.08997354108478353
1988-04-06,15.38,15.547142857142857,0.1127998649108574
1988-04-07,15.53,15.558571428571428,0.10510765456291396
1988-04-08,15.55,15.558571428571428,0.10510765456291396
1988-04-11,16.2,15.644285714285713,0.26601109894513764
1988-04-12,16.48,15.755714285714287,0.41492397467728515
1988-04-13,16.55,15.884285714285713,0.5061243965291462
1988-04-14,16.65,16.048571428571428,0.5456930935801136
1988-04-15,16.85,16.25857142857143,0.5280918029860237
1988-04-18,17.45,16.532857142857143,0.582429231343928
1988-04-19,17.05,16.747142857142858,0.4113682164726312
1988-04-20,16.78,16.830000000000002,0.33391615714137246
1988-04-21,17.0,16.904285714285713,0.299101830087957
1988-04-22,17.15,16.990000000000002,0.26463811768789414
1988-04-25,17.13,17.05857142857143,0.22033524240955135
1988-04-26,17.18,17.10571428571429,0.2028839687160146
1988-04-27,17.4,17.09857142857143,0.1891585376899721
1988-04-28,16.88,17.074285714285715,0.2065475847400814
1988-04-29,16.6,17.048571428571428,0.2548482274760324
1988-05-02,15.95,16.898571428571426,0.4893338523418111
1988-05-03,16.08,16.745714285714286,0.5597576005992522
1988-05-04,16.15,16.605714285714285,0.5700835360675663
1988-05-05,16.15,16.458571428571428,0.5285649935258823
1988-05-06,16.45,16.322857142857142,0.3319495084957064
1988-05-09,16.5,16.268571428571427,0.24545390411986642
1988-05-10,16.38,16.237142857142857,0.20701966780286443
1988-05-11,16.48,16.312857142857144,0.1796027362186007
1988-05-12,16.4,16.358571428571427,0.14848440674927538
1988-05-13,16.5,16.408571428571427,0.12334620267503589
1988-05-16,16.6,16.472857142857144,0.07319250547158745
1988-05-17,16.6,16.494285714285716,0.08618916073751441
1988-05-18,16.4,16.48,0.09309493362547913
1988-05-19,16.25,16.46142857142857,0.12415428190099324
1988-05-20,16.45,16.45714285714286,0.12392393980667507
1988-05-23,16.23,16.43285714285714,0.15074418570503792
1988-05-24,16.3,16.404285714285713,0.15479633316706867
1988-05-25,16.18,16.344285714285714,0.14751916743925167
1988-05-26,16.18,16.284285714285712,0.10564991605282871
1988-05-27,16.25,16.262857142857143,0.09268482179160253
1988-05-30,16.23,16.26,0.09345230512618855
1988-05-31,16.2,16.224285714285713,0.04276179870674596
1988-06-01,16.33,16.238571428571426,0.058716429112164306
1988-06-02,16.33,16.24285714285714,0.06473388749751459
1988-06-03,16.45,16.28142857142857,0.09459185508109928
1988-06-06,16.25,16.291428571428572,0.08532849688713058
1988-06-07,16.23,16.288571428571426,0.0872598745950872
1988-06-08,16.28,16.295714285714286,0.08363753998834952
1988-06-09,16.3,16.31,0.07234178138114904
1988-06-10,15.85,16.241428571428575,0.1869428229370784
1988-06-13,15.53,16.12714285714286,0.3205575499925214
1988-06-14,15.85,16.041428571428572,0.2993564526018287
1988-06-15,15.7,15.962857142857144,0.3075556473071851
1988-06-16,15.43,15.848571428571429,0.33879337712095
1988-06-17,15.48,15.734285714285715,0.30193029785361214
1988-06-20,15.0,15.54857142857143,0.2957154359307033
1988-06-21,15.0,15.427142857142856,0.32443357233370607
1988-06-22,15.13,15.370000000000001,0.3382306905058547
1988-06-23,15.18,15.274285714285714,0.2670740935183324
1988-06-24,15.15,15.195714285714285,0.1910372688647584
1988-06-27,14.93,15.124285714285715,0.18210410418761266
1988-06-28,14.83,15.031428571428572,0.12824827112942822
1988-06-29,14.55,14.967142857142857,0.22380901722348986
1988-06-30,14.18,14.85,0.37036018504522705
1988-07-01,13.95,14.681428571428572,0.47533947768693385
1988-07-04,14.05,14.52,0.4696452561952845
1988-07-05,13.98,14.352857142857143,0.41282418718369307
1988-07-06,14.5,14.29142857142857,0.337808060463857
1988-07-07,15.5,14.387142857142859,0.5463733243157806
1988-07-08,15.05,14.45857142857143,0.6011496921574696
1988-07-11,14.63,14.522857142857143,0.5903590513610153
1988-07-12,14.0,14.530000000000001,0.5825232470325984
1988-07-13,14.1,14.537142857142856,0.5759257557971729
1988-07-14,14.1,14.554285714285715,0.5580877213861397
1988-07-15,14.25,14.518571428571429,0.5700125311906349
1988-07-18,15.0,14.447142857142856,0.44391118802888
1988-07-19,14.93,14.429999999999998,0.41833001326711966
1988-07-20,15.48,14.551428571428572,0.5786889945221185
1988-07-21,15.63,14.784285714285716,0.644071868217079
1988-07-22,15.83,15.031428571428574,0.6691643687323897
1988-07-25,15.8,15.274285714285714,0.576912966944439
1988-07-26,15.38,15.435714285714285,0.35976182597467843
1988-07-27,15.45,15.5,0.3049590136396418
1988-07-28,15.7,15.610000000000001,0.1772004514668703
1988-07-29,15.75,15.64857142857143,0.17353468158943994
1988-08-01,15.6,15.644285714285713,0.1744378726900613
1988-08-02,15.35,15.575714285714286,0.1833809461984371
1988-08-03,15.0,15.46142857142857,0.2554361349685704
1988-08-04,14.5,15.335714285714285,0.4469473176583202
1988-08-05,14.85,15.25,0.4778423728944473
1988-08-08,15.48,15.218571428571428,0.4497194892904708
1988-08-09,15.4,15.168571428571427,0.3971745448133378
1988-08-10,15.1,15.097142857142858,0.34865045942491746
1988-08-11,15.13,15.065714285714288,0.3315547789259487
1988-08-12,14.98,15.062857142857144,0.33230078170818794
1988-08-15,14.8,15.105714285714285,0.2588343835260322
1988-08-16,14.85,15.105714285714285,0.2588343835260322
1988-08-17,14.75,15.001428571428571,0.2281394727960997
1988-08-18,14.78,14.912857142857144,0.1568135076788342
1988-08-19,14.85,14.877142857142857,0.13387983240157333
1988-08-22,15.03,14.862857142857141,0.10451702982707324
1988-08-23,14.8,14.837142857142856,0.09232447954834844
1988-08-24,14.85,14.844285714285714,0.09089502055651125
1988-08-25,14.63,14.812857142857142,0.12147898113339146
1988-08-26,14.5,14.777142857142858,0.17007001359403098
1988-08-29,14.48,14.734285714285715,0.20370379990393603
1988-08-30,14.45,14.677142857142856,0.2211872725178257
1988-08-31,14.4,14.58714285714286,0.17754945655753485
1988-09-01,14.15,14.494285714285713,0.2139203233962869
1988-09-02,14.0,14.372857142857143,0.21952329304778673
1988-09-05,13.68,14.237142857142857,0.30933877253028824
1988-09-06,13.35,14.072857142857142,0.4287856607411369
1988-09-07,13.18,13.887142857142859,0.4988558337407855
1988-09-08,13.3,13.722857142857142,0.47119402534824384
1988-09-09,13.25,13.558571428571428,0.3890770519845968
1988-09-12,12.7,13.351428571428572,0.4072848541021691
1988-09-13,13.4,13.265714285714285,0.29596492713717115
1988-09-14,13.9,13.297142857142857,0.35339846659337537
1988-09-15,13.5,13.31857142857143,0.36159040231689193
1988-09-16,13.23,13.325714285714286,0.35888053457287256
1988-09-19,12.85,13.26142857142857,0.40197133278509495
1988-09-20,13.15,13.247142857142858,0.40421587820192
1988-09-21,13.05,13.297142857142857,0.3421361466685677
1988-09-22,13.2,13.26857142857143,0.3404618711608669
1988-09-23,13.2,13.168571428571427,0.1964203461483208
1988-09-26,13.1,13.111428571428572,0.13133019092232145
1988-09-27,12.58,13.018571428571429,0.22784706650374306
1988-09-28,12.75,13.004285714285714,0.2428207255610203
1988-09-29,12.5,12.911428571428571,0.2962222460378283
1988-09-30,11.93,12.751428571428571,0.4639119374561989
1988-10-03,11.6,12.522857142857143,0.584542963511287
1988-10-04,11.65,12.301428571428572,0.578832980269528
1988-10-05,11.2,12.03,0.5873670062236122
1988-10-06,11.3,11.847142857142856,0.5868479157248221
1988-10-07,11.35,11.647142857142857,0.4506186224039551
1988-10-10,12.2,11.604285714285712,0.36142574815398465
1988-10-11,12.35,11.664285714285715,0.44880794492596326
1988-10-12,12.45,11.785714285714286,0.5351902198552067
1988-10-13,12.55,11.914285714285715,0.6011892975000993
1988-10-14,13.2,12.200000000000001,0.6757711644238408
1988-10-17,13.55,12.521428571428572,0.7105497536281574
1988-10-18,12.9,12.742857142857142,0.4928053803046619
1988-10-19,13.35,12.907142857142858,0.4729592754038693
1988-10-20,13.5,13.071428571428571,0.4461475305856723
1988-10-21,13.48,13.218571428571428,0.37046945764487926
1988-10-24,12.2,13.168571428571427,0.48243923871062977
1988-10-25,12.08,13.008571428571429,0.6326249170830701
1988-10-26,12.08,12.79857142857143,0.6660437566063994
1988-10-27,12.33,12.717142857142857,0.6861174410093528
1988-10-28,12.6,12.61,0.6268173577686577
1988-10-31,12.6,12.481428571428571,0.4915427608198183
1988-11-01,12.18,12.295714285714284,0.2243403027292639
1988-11-02,12.35,12.317142857142857,0.22081019645213118
1988-11-03,12.5,12.377142857142855,0.20188398365701918
1988-11-04,12.75,12.47285714285714,0.19627483161091325
1988-11-07,12.75,12.532857142857141,0.20910239004825157
1988-11-08,12.6,12.532857142857143,0.20910239004825157
1988-11-09,12.7,12.547142857142855,0.21769353731922655
1988-11-10,13.03,12.668571428571427,0.21582620874451552
1988-11-11,13.03,12.765714285714285,0.20106857394592662
1988-11-14,13.0,12.837142857142856,0.17848569370461856
1988-11-15,13.0,12.872857142857143,0.18309508328703175
1988-11-16,12.7,12.865714285714287,0.1895483353359959
1988-11-17,12.05,12.787142857142856,0.3575711717367878
1988-11-18,12.08,12.698571428571428,0.44808587612312667
1988-11-21,12.13,12.570000000000002,0.465904138924249
1988-11-22,13.35,12.615714285714287,0.5298697054578451
1988-11-23,13.33,12.662857142857144,0.5818852775165863
1988-11-24,12.98,12.66,0.5800000000000676
1988-11-25,14.7,12.945714285714287,0.9666929388876867
1988-11-28,14.73,13.328571428571431,1.0772097996124166
1988-11-29,14.25,13.638571428571428,0.9643379174582346
1988-11-30,14.35,13.955714285714285,0.7194872512852233
1988-12-01,14.93,14.18142857142857,0.7451717603217464
1988-12-02,14.8,14.391428571428573,0.668416750523958
1988-12-05,14.73,14.641428571428571,0.24687571579171091
1988-12-06,14.4,14.598571428571429,0.2606676409677087
1988-12-07,14.7,14.594285714285716,0.25838325170559345
1988-12-08,15.05,14.708571428571428,0.25764501233480525
1988-12-09,14.9,14.787142857142857,0.20942097043321886
1988-12-12,15.2,14.825714285714286,0.25909182045873036
1988-12-13,15.18,14.879999999999999,0.2906888370750527
1988-12-14,15.35,14.968571428571428,0.32926324683196995
1988-12-15,15.58,15.137142857142857,0.28929306281091266
1988-12-16,15.6,15.265714285714285,0.26126979305297626
1988-12-19,15.3,15.301428571428572,0.2433398564031907
1988-12-20,15.28,15.355714285714285,0.17027988165158275
1988-12-21,15.33,15.374285714285715,0.15704109259026236
1988-12-22,15.25,15.384285714285713,0.1443210706328423
1988-12-23,15.38,15.388571428571428,0.14357675896301628
1988-12-27,16.25,15.484285714285717,0.35706475336453336
1988-12-28,16.1,15.555714285714286,0.42719461384160073
1988-12-29,15.9,15.641428571428573,0.42752889069744476
1988-12-30,16.23,15.777142857142858,0.4441364011845644
1989-01-03,16.4,15.930000000000001,0.4487018312124038
1989-01-04,16.53,16.112857142857145,0.3811261508440111
1989-01-05,16.58,16.284285714285716,0.24047571900006515
1989-01-06,16.85,16.37,0.3200000000000408
1989-01-09,17.0,16.49857142857143,0.3702894620621958
1989-01-10,16.75,16.62,0.2659573900709594
1989-01-11,16.9,16.715714285714288,0.21854497194382383
1989-01-12,16.85,16.78,0.17126976771559596
1989-01-13,17.4,16.904285714285713,0.25487625382118867
1989-01-16,17.5,17.035714285714285,0.2939873661036929
1989-01-17,17.78,17.16857142857143,0.39040272247295965
1989-01-18,17.95,17.304285714285715,0.47745356293771135
1989-01-19,18.1,17.497142857142855,0.4887642337471957
1989-01-20,18.15,17.675714285714285,0.4618389742055566
1989-01-23,16.98,17.694285714285712,0.42417988098043286
1989-01-24,17.05,17.644285714285715,0.4814165605397352
1989-01-25,17.7,17.672857142857143,0.4773438413315352
1989-01-26,17.73,17.665714285714284,0.47584511285561665
1989-01-27,17.18,17.555714285714284,0.4880183446981376
1989-01-30,16.85,17.377142857142857,0.48434541000249504
1989-01-31,16.38,17.124285714285715,0.4755648270866136
1989-02-01,16.4,17.041428571428572,0.549649238800805
1989-02-02,16.95,17.027142857142856,0.5506878815237919
1989-02-03,16.75,16.891428571428573,0.46809644915797927
1989-02-06,16.5,16.715714285714288,0.3023715784074272
1989-02-07,16.6,16.63285714285714,0.22298836185738186
1989-02-08,16.75,16.61857142857143,0.20955735662179703
1989-02-09,16.58,16.647142857142857,0.18364043542705422
1989-02-10,16.4,16.647142857142857,0.18364043542705424
1989-02-13,16.5,16.582857142857144,0.1312395120527339
1989-02-14,16.83,16.594285714285714,0.15031712508981748
1989-02-15,16.75,16.63,0.15383974345628448
1989-02-16,17.15,16.708571428571428,0.2477517959187752
1989-02-17,17.15,16.765714285714285,0.2996029118048234
1989-02-20,17.38,16.88,0.36285901761798206
1989-02-21,17.2,16.994285714285713,0.30837515803847537
1989-02-22,16.95,17.05857142857143,0.22334044054081872
1989-02-23,17.1,17.097142857142856,0.1993083277834192
1989-02-24,17.05,17.139999999999997,0.13366625103846785
1989-02-27,17.55,17.197142857142858,0.2050783822277548
1989-02-28,17.23,17.208571428571428,0.20424075429329858
1989-03-01,17.25,17.19,0.19157244060670758
1989-03-02,17.45,17.225714285714286,0.2155502372114538
1989-03-03,17.73,17.337142857142858,0.2483756755209369
1989-03-06,17.73,17.427142857142858,0.26189783540624934
1989-03-07,17.55,17.49857142857143,0.20358688328971355
1989-03-08,17.55,17.498571428571427,0.20358688328971355
1989-03-09,17.8,17.580000000000002,0.19192012227312563
1989-03-10,17.63,17.634285714285713,0.12514753198485887
1989-03-13,18.1,17.72714285714286,0.18997493569013166
1989-03-14,18.63,17.855714285714285,0.39071972660961674
1989-03-15,19.08,18.048571428571428,0.5970323433848463
1989-03-16,18.95,18.248571428571427,0.6354376069929512
1989-03-17,19.3,18.49857142857143,0.65862049192302
1989-03-20,19.18,18.695714285714285,0.6200768001588194
1989-03-21,19.63,18.981428571428573,0.49542670401137234
1989-03-22,19.6,19.195714285714285,0.35519277126914056
1989-03-23,19.93,19.381428571428575,0.3499251620669195
1989-03-28,19.73,19.474285714285713,0.3427757839976094
1989-03-29,19.45,19.545714285714286,0.2565707922358014
1989-03-30,20.0,19.645714285714288,0.28017001640998407
1989-03-31,20.45,19.827142857142857,0.33430097645246337
1989-04-03,19.65,19.830000000000002,0.3324154027717844
1989-04-04,19.9,19.872857142857146,0.3167919551646939
1989-04-05,19.75,19.84714285714286,0.31868031451137674
1989-04-06,19.08,19.754285714285714,0.4327761986236857
1989-04-07,19.4,19.747142857142855,0.43900319990148096
1989-04-10,19.6,19.69,0.4264582824457725
1989-04-11,19.95,19.618571428571425,0.3015199590644365
1989-04-12,19.85,19.647142857142857,0.3142034524376566
1989-04-13,19.95,19.654285714285717,0.32139576552153154
1989-04-14,19.63,19.63714285714286,0.318628011203885
1989-04-17,19.88,19.75142857142857,0.2106678722085622
1989-04-18,20.2,19.865714285714287,0.20517124090662997
1989-04-19,21.5,20.13714285714286,0.6241184258806435
1989-04-20,22.25,20.465714285714284,1.000880564683829
1989-04-21,21.6,20.715714285714284,1.039276304981091
1989-04-24,21.2,20.89428571428571,0.9920997453692911
1989-04-25,21.15,21.111428571428572,0.8208213076227503
1989-04-26,21.05,21.27857142857143,0.6237368187364909
1989-04-27,20.65,21.342857142857145,0.5061526214397921
1989-04-28,20.15,21.150000000000002,0.6677075208002642
1989-05-02,19.15,20.707142857142856,0.8258473282173413
1989-05-03,18.88,20.318571428571428,0.9640613495593555
1989-05-04,19.7,20.104285714285712,0.9000714257371448
1989-05-05,19.4,19.854285714285712,0.7985164816260855
1989-05-08,18.8,19.532857142857143,0.6812173976470941
1989-05-09,19.03,19.30142857142857,0.4855041562275509
1989-05-10,18.88,19.119999999999997,0.3269556544853497
1989-05-11,19.3,19.141428571428573,0.33408724266908024
1989-05-12,19.2,19.187142857142856,0.3136194235966347
1989-05-15,19.2,19.115714285714287,0.2204432763664652
1989-05-16,19.8,19.17285714285714,0.33069191531860326
1989-05-17,18.58,19.141428571428573,0.37896475524015427
1989-05-18,18.6,19.080000000000002,0.43127717305689267
1989-05-19,18.3,18.997142857142855,0.5222296520916399
1989-05-22,17.4,18.725714285714286,0.7724173557271486
1989-05-23,17.7,18.51142857142857,0.8251753060497128
1989-05-24,18.15,18.361428571428572,0.7729257957360707
1989-05-25,18.2,18.13285714285714,0.4425951606043928
1989-05-26,17.65,18.0,0.4252450274057123
1989-05-29,17.73,17.875714285714285,0.33906032613954545
1989-05-30,18.03,17.837142857142855,0.2952803349199298
1989-05-31,18.25,17.958571428571428,0.257968252014798
1989-06-01,18.08,18.012857142857143,0.23328911145563913
1989-06-02,18.15,18.01285714285714,0.23328911145563913
1989-06-05,18.55,18.062857142857144,0.3061978818625234
1989-06-06,18.5,18.184285714285714,0.2828342944113961
1989-06-07,18.15,18.244285714285716,0.2039491066300438
1989-06-08,17.8,18.211428571428574,0.25608778256860837
1989-06-09,17.95,18.16857142857143,0.273095134304708
1989-06-12,17.18,18.04,0.46568945303347775
1989-06-13,16.8,17.84714285714286,0.6540059705566611
1989-06-14,16.9,17.611428571428572,0.6558055751370983
1989-06-15,16.95,17.39,0.5605354582896109
1989-06-16,16.65,17.175714285714285,0.5055972423070687
1989-06-19,16.85,17.04,0.43228077295503825
1989-06-20,16.88,16.887142857142855,0.16080156360271822
1989-06-21,17.13,16.88,0.14605934866782497
1989-06-22,17.3,16.951428571428572,0.20907961573100092
1989-06-23,18.03,17.11285714285714,0.4547055562197173
1989-06-26,18.23,17.295714285714286,0.6093673534318308
1989-06-27,18.2,17.517142857142858,0.6171902539118345
1989-06-28,18.0,17.681428571428572,0.5604589955690189
1989-06-29,18.2,17.87,0.458693797647134
1989-06-30,18.28,18.034285714285716,0.34009102423006854
1989-07-03,18.4,18.19142857142857,0.13885586909060452
1989-07-04,18.6,18.272857142857145,0.1871464921492415
1989-07-05,18.75,18.34714285714286,0.2573398716168319
1989-07-06,18.3,18.361428571428572,0.2504947485429131
1989-07-07,17.85,18.34,0.289885034683219
1989-07-10,17.83,18.287142857142857,0.3476451392686227
1989-07-11,17.63,18.194285714285716,0.4275066137054033
1989-07-12,17.65,18.087142857142858,0.46009833317501947
1989-07-13,17.6,17.944285714285716,0.42848014900948495
1989-07-14,17.9,17.822857142857142,0.2419169475744939
1989-07-17,18.05,17.787142857142857,0.16640455579829128
1989-07-18,18.05,17.815714285714286,0.1938949150833739
1989-07-19,17.85,17.818571428571428,0.19428746497797994
1989-07-20,17.98,17.86857142857143,0.1823392964985065
1989-07-21,17.83,17.894285714285715,0.1573591584937341
1989-07-24,17.3,17.85142857142857,0.25893554998796425
1989-07-25,17.05,17.73,0.3956008088969835
1989-07-26,16.5,17.50857142857143,0.5782568221654586
1989-07-27,16.28,17.255714285714284,0.6800700244057036
1989-07-28,16.38,17.045714285714286,0.6928168864102329
1989-07-31,16.3,16.805714285714284,0.5999960317328465
1989-08-01,16.23,16.577142857142857,0.4235844774348193
1989-08-02,16.1,16.405714285714286,0.3098309831103929
1989-08-03,16.4,16.312857142857144,0.12944938337842646
1989-08-04,16.15,16.26285714285714,0.11146214390419931
1989-08-07,16.05,16.23,0.13662601021246548
1989-08-08,16.28,16.215714285714284,0.12286267983056491
1989-08-09,16.45,16.237142857142857,0.15007934409411508
1989-08-10,16.93,16.337142857142858,0.3014251861690659
1989-08-11,17.0,16.465714285714288,0.3680062111275958
1989-08-14,16.85,16.529999999999998,0.3930648801405681
1989-08-15,17.0,16.65142857142857,0.3873598056685043
1989-08-16,17.0,16.787142857142857,0.2975295103409667
1989-08-17,16.95,16.88285714285714,0.19847034083309398
1989-08-18,16.83,16.937142857142856,0.07204495950727935
1989-08-21,16.9,16.93285714285714,0.07341986236983465
1989-08-22,17.1,16.947142857142858,0.0951690225707533
1989-08-23,17.08,16.98,0.09574271077527086
1989-08-24,17.05,16.987142857142857,0.0992831448790453
1989-08-25,16.95,16.98,0.09999999999965269
1989-08-28,16.98,16.984285714285715,0.09913915184477838
1989-08-29,17.1,17.02285714285714,0.0797316929274305
1989-08-30,17.13,17.055714285714284,0.06704653678729357
1989-08-31,17.2,17.07,0.0860232526700309
1989-09-01,17.33,17.105714285714285,0.1310034532439403
1989-09-04,17.43,17.16,0.17530925056387278
1989-09-05,17.45,17.231428571428573,0.17733476547917315
1989-09-06,17.8,17.34857142857143,0.2424478343497597
1989-09-07,17.8,17.44857142857143,0.2660468988371977
1989-09-08,17.83,17.548571428571428,0.25777435684636585
1989-09-11,17.98,17.66,0.2504662319221352
1989-09-12,17.9,17.74142857142857,0.2155170968799433
1989-09-13,18.05,17.830000000000002,0.1923538406165588
1989-09-14,17.9,17.894285714285715,0.09449111825199295
1989-09-15,17.88,17.905714285714286,0.08560707580867497
1989-09-18,18.05,17.94142857142857,0.08629958891883692
1989-09-19,17.9,17.951428571428572,0.0744823405080714
1989-09-20,17.8,17.925714285714285,0.09198861213131512
1989-09-21,17.85,17.91857142857143,0.09616454152939986
1989-09-22,17.53,17.844285714285714,0.15841476602633126
1989-09-25,17.45,17.78,0.21369760566418403
1989-09-26,17.45,17.71857142857143,0.2403073428914665
1989-09-27,17.55,17.647142857142857,0.19550910342934494
1989-09-28,17.93,17.65142857142857,0.20219038647000329
1989-09-29,18.23,17.712857142857143,0.297641522960782
1989-10-02,18.58,17.81714285714286,0.44507356267297493
1989-10-03,18.73,17.988571428571426,0.5375384814574294
1989-10-04,18.78,18.178571428571427,0.5503462113805218
1989-10-05,18.43,18.31857142857143,0.4495341504056108
1989-10-06,18.45,18.447142857142858,0.29533677306382283
1989-10-09,18.25,18.49285714285714,0.21607979125873508
1989-10-10,18.55,18.538571428571426,0.1824306782887533
1989-10-11,18.85,18.577142857142857,0.21777008408813103
1989-10-12,19.23,18.648571428571433,0.32956681525030357
1989-10-13,19.6,18.76571428571429,0.49050508467821186
1989-10-16,19.38,18.90142857142857,0.513044136224386
1989-10-17,19.53,19.055714285714284,0.5170382688239925
1989-10-18,19.43,19.224285714285713,0.38643055188288417
1989-10-19,19.33,19.335714285714285,0.2468371354324749
1989-10-20,19.2,19.38571428571429,0.14751916743882193
1989-10-23,18.88,19.335714285714285,0.23964259101526691
1989-10-24,18.8,19.221428571428568,0.27996598432826125
1989-10-25,18.88,19.150000000000002,0.2960855732159322
1989-10-26,18.48,19.0,0.33491292400653616
1989-10-27,18.7,18.895714285714284,0.2892436771337397
1989-10-30,18.98,18.845714285714287,0.22471145519350216
1989-10-31,18.93,18.807142857142857,0.17036375648521487
1989-11-01,19.23,18.857142857142858,0.234571544573831
1989-11-02,19.2,18.914285714285715,0.26506962248029675
1989-11-03,19.0,18.931428571428572,0.26635994264821616
1989-11-06,18.95,18.99857142857143,0.1782721301294547
1989-11-07,18.9,19.027142857142856,0.13262909254917135
1989-11-08,18.9,19.01571428571429,0.14057704208669877
1989-11-09,18.85,19.004285714285714,0.15153186055033308
1989-11-10,19.05,18.978571428571428,0.11852265204407267
1989-11-13,18.85,18.928571428571427,0.07559289460146176
1989-11-14,18.7,18.885714285714283,0.10690449676470065
1989-11-15,18.65,18.842857142857145,0.13363062095599842
1989-11-16,18.65,18.807142857142853,0.14840420992597453
1989-11-17,18.75,18.785714285714285,0.14351041110379942
1989-11-20,18.8,18.778571428571432,0.14099983113782727
1989-11-21,18.68,18.725714285714282,0.07721337165186203
1989-11-22,18.6,18.69,0.0673300329219985
1989-11-23,18.4,18.647142857142857,0.12802529511944502
1989-11-24,18.48,18.62285714285714,0.14267845968150922
1989-11-27,18.5,18.601428571428574,0.14904457626573117
1989-11-28,18.23,18.527142857142856,0.1873245210601738
1989-11-29,18.15,18.434285714285714,0.19060055463854397
1989-11-30,18.48,18.405714285714286,0.1601933355725338
1989-12-01,18.68,18.41714285714286,0.17820533902521618
1989-12-04,19.28,18.542857142857144,0.37061724576318644
1989-12-05,19.18,18.642857142857142,0.43896523346436195
1989-12-06,19.28,18.754285714285714,0.49240420871662816
1989-12-07,19.33,18.91142857142857,0.4723144634466462
1989-12-08,19.15,19.054285714285715,0.3348560458294114
1989-12-11,19.45,19.192857142857143,0.24669240534941034
1989-12-12,19.53,19.314285714285713,0.1369741025224747
1989-12-13,19.78,19.385714285714283,0.2208209789893974
1989-12-14,19.68,19.457142857142856,0.22403231059471213
1989-12-15,19.68,19.514285714285712,0.22232537288510182
1989-12-18,19.98,19.607142857142858,0.26430501859985417
1989-12-19,20.28,19.768571428571427,0.28298578123445606
1989-12-20,20.23,19.88,0.2901149197586836
1989-12-21,20.13,19.965714285714284,0.2561156732711942
1989-12-22,20.5,20.068571428571428,0.30835199428716087
1989-12-27,20.9,20.24285714285714,0.38689853474830993
1989-12-28,20.85,20.41,0.35458896391913175
1989-12-29,21.05,20.562857142857144,0.36867846360170925
1990-01-02,21.2,20.694285714285716,0.4124260395454472
1990-01-03,22.65,21.04,0.7951100552753048
1990-01-04,22.5,21.37857142857143,0.8459989868281044
1990-01-05,23.13,21.754285714285714,0.9662445712284546
1990-01-08,21.38,21.822857142857142,0.9109649514976033
1990-01-09,21.03,21.84857142857143,0.88097348752058
1990-01-10,21.95,21.97714285714286,0.8076243822824011
1990-01-11,21.88,22.074285714285715,0.7363164433596409
1990-01-12,22.13,22.0,0.6935416353759066
1990-01-15,21.6,21.87142857142857,0.6683668795760102
1990-01-16,21.15,21.58857142857143,0.41965972610458446
1990-01-17,20.45,21.455714285714286,0.6035963646580892
1990-01-18,20.78,21.419999999999998,0.6393225581294805
1990-01-19,21.28,21.324285714285715,0.595395026931808
1990-01-22,20.88,21.181428571428572,0.558671894508913
1990-01-23,20.23,20.91,0.4765151274267826
1990-01-24,20.18,20.707142857142856,0.43419328590353523
1990-01-25,20.55,20.62142857142857,0.3890770519843774
1990-01-26,20.63,20.647142857142857,0.3817378806507293
1990-01-29,20.73,20.640000000000004,0.3792975964418543
1990-01-30,20.73,20.56142857142857,0.2640977452526267
1990-01-31,20.5,20.50714285714286,0.22366003112695995
1990-02-01,20.58,20.557142857142857,0.18759124763799245
1990-02-02,20.73,20.635714285714283,0.0962387903176566
1990-02-05,20.73,20.66142857142857,0.0935287070771307
1990-02-06,20.6,20.657142857142862,0.09586697132160248
1990-02-07,20.15,20.574285714285715,0.20775443379578679
1990-02-08,20.05,20.47714285714286,0.27188933322900916
1990-02-09,19.75,20.37,0.38544346753651854
1990-02-12,19.68,20.24142857142857,0.4486434579717674
1990-02-13,20.03,20.141428571428573,0.39658662657844174
1990-02-14,19.6,19.98,0.34351128074623904
1990-02-15,19.9,19.88,0.2081665999464318
1990-02-16,19.88,19.84142857142857,0.1716030857751247
1990-02-19,19.95,19.827142857142857,0.15467323467146996
1990-02-20,19.68,19.81714285714286,0.16255402032473945
1990-02-21,19.5,19.791428571428572,0.19819422892929833
1990-02-22,19.35,19.694285714285716,0.2264109201470482
1990-02-23,18.78,19.577142857142857,0.4160414356652543
1990-02-26,18.9,19.434285714285714,0.4564302481524464
1990-02-27,19.23,19.341428571428573,0.41486658784990094
1990-02-28,19.2,19.234285714285715,0.3167468570144093
1990-03-01,19.33,19.184285714285714,0.2565707922358019
1990-03-02,19.18,19.138571428571428,0.21628904822225367
1990-03-05,19.15,19.110000000000003,0.19595917942249097
1990-03-06,19.18,19.167142857142856,0.13136644494344304
1990-03-07,18.95,19.174285714285713,0.11472534489745671
1990-03-08,18.73,19.102857142857143,0.19897355651043747
1990-03-09,18.68,19.02857142857143,0.24775179591859578
1990-03-12,18.3,18.881428571428575,0.3308286853456919
1990-03-13,18.53,18.788571428571426,0.3242133336465772
1990-03-14,18.33,18.67142857142857,0.31997023671100255
1990-03-15,18.48,18.571428571428573,0.23176342617900048
1990-03-16,18.4,18.492857142857144,0.16590301240108127
1990-03-19,17.83,18.364285714285717,0.26850556436540035
1990-03-20,17.75,18.23142857142857,0.3126994601544696
1990-03-21,17.78,18.157142857142855,0.3528793129722313
1990-03-22,17.83,18.057142857142857,0.32790823338817593
1990-03-23,17.88,17.99285714285714,0.3090692633112441
1990-03-26,18.23,17.957142857142856,0.252699708858338
1990-03-27,18.1,17.914285714285715,0.1800793475902169
1990-03-28,18.03,17.942857142857143,0.18034358742066697
1990-03-29,17.9,17.964285714285715,0.1615402058163354
1990-03-30,17.95,17.98857142857143,0.14064477374185627
1990-04-02,18.18,18.03857142857143,0.13704361488554317
1990-04-03,18.2,18.084285714285716,0.12843378875974265
1990-04-04,17.95,18.044285714285714,0.11872336794069949
1990-04-05,17.55,17.965714285714284,0.21701437301520762
1990-04-06,17.1,17.832857142857144,0.38823164415559447
1990-04-09,16.53,17.63714285714286,0.6230493368830631
1990-04-10,15.93,17.34857142857143,0.8720364780486952
1990-04-11,15.3,16.937142857142856,1.071069781195621
1990-04-12,15.8,16.594285714285714,0.9796743871112836
1990-04-17,15.7,16.27285714285714,0.8162049229148566
1990-04-18,15.33,15.955714285714288,0.6520444039801903
1990-04-19,16.13,15.817142857142857,0.43541988492770367
1990-04-20,16.35,15.79142857142857,0.389162715387276
1990-04-23,16.95,15.937142857142858,0.5892287129718404
1990-04-24,16.75,16.14428571428571,0.5827480056552827
1990-04-25,16.5,16.244285714285713,0.5738134755840738
1990-04-26,16.6,16.372857142857143,0.5307452083537297
1990-04-27,16.43,16.529999999999998,0.26863854277938604
1990-04-30,16.35,16.56142857142857,0.22304174283659053
1990-05-01,16.43,16.572857142857142,0.21218814652042717
1990-05-02,16.58,16.52,0.13441230102424373
1990-05-03,15.93,16.402857142857144,0.2264004038360106
1990-05-04,15.58,16.271428571428572,0.3773340063934317
1990-05-07,15.65,16.135714285714283,0.40897665552189016
1990-05-08,16.18,16.1,0.38944404818488726
1990-05-09,16.45,16.114285714285714,0.40178174601210737
1990-05-10,16.7,16.15285714285714,0.44750099760459694
1990-05-11,16.73,16.174285714285713,0.4741609130121742
1990-05-14,17.4,16.384285714285713,0.6432950889199617
1990-05-15,17.4,16.64428571428571,0.6317398500136057
1990-05-16,17.25,16.87285714285714,0.48427658370376525
1990-05-17,17.05,16.997142857142855,0.3764622285486192
1990-05-18,17.08,17.087142857142855,0.28900486072693393
1990-05-21,16.65,17.080000000000002,0.3005550421026377
1990-05-22,16.48,17.044285714285714,0.35836932266665256
1990-05-23,15.7,16.80142857142857,0.5828501400139345
1990-05-24,15.8,16.572857142857142,0.6214422549122707
1990-05-25,15.95,16.38714285714286,0.5780921000934389
1990-05-29,15.48,16.162857142857142,0.5826009007234451
1990-05-30,15.98,16.005714285714287,0.41951786385706447
1990-05-31,15.3,15.812857142857142,0.3826536417228536
1990-06-01,15.43,15.662857142857144,0.2653748471949792
1990-06-04,15.35,15.612857142857141,0.2891201760348527
1990-06-05,14.78,15.467142857142857,0.41059770602186924
1990-06-06,14.8,15.30285714285714,0.41523946046076976
1990-06-07,15.03,15.23857142857143,0.4180681193070008
1990-06-08,14.68,15.052857142857144,0.3080970780837514
1990-06-11,14.73,14.971428571428572,0.3072148309910932
1990-06-12,14.95,14.902857142857142,0.23221500710277407
1990-06-13,14.9,14.838571428571429,0.12562226069006502
1990-06-14,15.3,14.912857142857144,0.21037381694753488
1990-06-15,15.15,14.962857142857144,0.22043247535335972
1990-06-18,14.83,14.934285714285716,0.2232231426812732
1990-06-19,14.75,14.944285714285714,0.21117584638203996
1990-06-20,14.75,14.94714285714286,0.20790336583072058
1990-06-21,14.75,14.918571428571429,0.22078862979680627
1990-06-22,15.4,14.989999999999998,0.28524842973555675
1990-06-25,15.58,15.030000000000001,0.34856850115857485
1990-06-26,15.58,15.09142857142857,0.4063425718703654
1990-06-27,15.33,15.162857142857144,0.39655660738043746
1990-06-28,15.4,15.255714285714285,0.3579970736777707
1990-06-29,15.73,15.395714285714286,0.3164836563897911
1990-07-02,15.4,15.48857142857143,0.1435767589627057
1990-07-03,15.48,15.5,0.13844373104845217
1990-07-04,15.48,15.485714285714284,0.1338976154698825
1990-07-05,15.23,15.435714285714285,0.15629642167535043
1990-07-06,15.35,15.438571428571427,0.15421074016066463
1990-07-09,14.98,15.37857142857143,0.23319723922229088
1990-07-10,15.58,15.357142857142858,0.20005951495431282
1990-07-11,15.7,15.4,0.23909551787227884
1990-07-12,15.88,15.457142857142856,0.30114859486709294
1990-07-13,17.03,15.678571428571429,0.6676183683169906
1990-07-16,17.7,16.03142857142857,0.9736260160079863
1990-07-17,17.58,16.35,1.0732349851422598
1990-07-18,17.7,16.73857142857143,0.9831654416802241
1990-07-19,17.85,17.062857142857144,0.9088951953830933
1990-07-20,18.0,17.391428571428573,0.7327670974106463
1990-07-23,18.73,17.798571428571428,0.5113194882337609
1990-07-24,19.08,18.091428571428573,0.5801846996554704
1990-07-25,19.0,18.277142857142856,0.63908044057367
1990-07-26,18.73,18.44142857142857,0.5745557289892035
1990-07-27,19.03,18.631428571428575,0.5040974962388908
1990-07-30,18.98,18.792857142857144,0.37708152459449906
1990-07-31,19.23,18.96857142857143,0.18233929649874434
1990-08-01,19.93,19.140000000000004,0.3788579329159861
1990-08-02,22.25,19.592857142857145,1.231133817336899
1990-08-03,24.13,20.325714285714287,2.064330861262789
1990-08-06,27.28,21.54714285714286,3.186987680583433
1990-08-07,27.35,22.735714285714288,3.614544033682353
1990-08-08,25.15,23.61714285714286,3.2831525210063903
1990-08-09,25.9,24.569999999999997,2.716719835880547
1990-08-10,26.3,25.48,1.823458252881097
1990-08-13,26.63,26.10571428571429,1.1618212304088653
1990-08-14,27.1,26.529999999999998,0.8087026647663581
1990-08-15,26.53,26.42285714285714,0.7394978991568188
1990-08-16,27.2,26.40142857142857,0.7097283182419103
1990-08-17,28.45,26.87285714285714,0.8263517065132483
1990-08-20,28.9,27.301428571428573,0.9978548420058443
1990-08-21,29.05,27.694285714285716,1.0761483346153864
1990-08-22,30.45,28.240000000000002,1.3738752975920252
1990-08-23,32.35,28.990000000000002,1.957047095328468
1990-08-24,31.65,29.72142857142857,1.837538467365484
1990-08-27,27.65,29.785714285714285,1.7399028434835604
1990-08-28,27.65,29.67142857142857,1.864103256898937
1990-08-29,27.65,29.49285714285714,2.0048750109480835
1990-08-30,27.5,29.27142857142857,2.142789681477835
1990-08-31,27.8,28.892857142857142,2.1339377863917988
1990-09-03,30.53,28.632857142857144,1.711594912021355
1990-09-04,30.08,28.408571428571427,1.3048809469505354
1990-09-05,31.23,28.919999999999998,1.6212340978403628
1990-09-06,32.15,29.562857142857144,1.9016459036469997
1990-09-07,31.45,30.10571428571429,1.8044838333335629
1990-09-10,31.45,30.669999999999998,1.4332596880306214
1990-09-11,32.1,31.284285714285712,0.7628861239369595
1990-09-12,31.28,31.39142857142857,0.6883174793518436
1990-09-13,31.88,31.648571428571426,0.3870154420449942
1990-09-14,33.35,31.951428571428576,0.7043064809072523
1990-09-17,34.9,32.34428571428571,1.326057529456742
1990-09-18,35.95,32.98714285714286,1.8193012787489355
1990-09-19,35.08,33.505714285714284,1.8254666722317767
1990-09-20,35.65,34.01285714285714,1.862594197042809
1990-09-21,36.95,34.82285714285714,1.7020156118137029
1990-09-24,40.75,36.089999999999996,2.3313872837148124
1990-09-25,39.9,37.02571428571429,2.36261759596478
1990-09-26,40.85,37.87571428571429,2.53445495220618
1990-09-27,41.45,38.66142857142857,2.6859661735984037
1990-09-28,41.0,39.50714285714286,2.2701741070215467
1990-10-01,38.95,39.978571428571435,1.5705246317865365
1990-10-02,35.45,39.76428571428572,2.0741894572971167
1990-10-03,37.55,39.307142857142864,2.171103515770507
1990-10-04,37.2,38.92142857142858,2.2850705938872387
1990-10-05,39.05,38.66428571428571,2.1277363334686115
1990-10-08,39.2,38.34285714285714,1.777973699521734
1990-10-09,40.9,38.32857142857143,1.7532962154319904
1990-10-10,40.2,38.50714285714286,1.8857864344063489
1990-10-11,41.15,39.32142857142857,1.5456544306694828
1990-10-12,39.9,39.65714285714285,1.3380422799215814
1990-10-15,38.28,39.81142857142857,1.035574374786716
1990-10-16,38.93,39.794285714285714,1.0511558264259315
1990-10-17,35.33,39.24142857142857,2.0027766439907557
1990-10-18,35.65,38.49142857142857,2.2463557789706505
1990-10-19,33.2,37.49142857142857,2.838916627702919
1990-10-22,27.45,35.534285714285716,4.262021653092457
1990-10-23,28.95,33.97,4.399874998224415
1990-10-24,30.1,32.801428571428566,4.143172812275775
1990-10-25,32.9,31.94,3.168890447249132
1990-10-26,33.73,31.71142857142857,2.9325042118266555
1990-10-29,34.65,31.568571428571428,2.725725766173307
1990-10-30,35.5,31.897142857142857,3.0718165867865994
1990-10-31,34.3,32.87571428571429,2.446418178636292
1990-11-01,35.65,33.832857142857144,1.9053583589946428
1990-11-02,35.05,34.54,0.9856639048548328
1990-11-05,33.8,34.668571428571425,0.7715229219199993
1990-11-06,33.2,34.59285714285714,0.8950924400255101
1990-11-07,34.55,34.57857142857143,0.8948263997640156
1990-11-08,34.85,34.48571428571428,0.813282590142509
1990-11-09,34.25,34.47857142857142,0.8154023254696351
1990-11-12,32.85,34.07857142857143,0.8315934217199712
1990-11-13,33.65,33.878571428571426,0.7198710201936075
1990-11-14,31.95,33.614285714285714,1.0274216457207437
1990-11-15,32.2,33.471428571428575,1.156091527106696
1990-11-16,30.55,32.9,1.477892643823261
1990-11-19,30.85,32.32857142857143,1.3674359043045354
1990-11-20,30.1,31.73571428571429,1.29315965942419
1990-11-21,30.65,31.42142857142857,1.2436026773241469
1990-11-22,31.4,31.1,0.7735200923915844
1990-11-23,32.05,31.114285714285717,0.7925245977857025
1990-11-26,35.1,31.528571428571432,1.6967756537173053
1990-11-27,34.83,32.14,2.0248127485441367
1990-11-28,34.1,32.604285714285716,2.052144058806656
1990-11-29,34.65,33.25428571428571,1.83592716942389
1990-11-30,31.2,33.332857142857144,1.713589938168033
1990-12-03,31.25,33.31142857142857,1.7424831761161612
1990-12-04,31.5,33.23285714285714,1.8195394498400004
1990-12-05,30.2,32.53285714285714,1.9212124148197054
1990-12-06,27.35,31.464285714285715,2.440579556463746
1990-12-07,28.3,30.635714285714283,2.3804261323193288
1990-12-10,28.75,29.792857142857144,1.6566604388117634
1990-12-11,28.03,29.34,1.6410971939529255
1990-12-12,27.28,28.77285714285714,1.554731641213567
1990-12-13,27.8,28.244285714285713,1.0047032255490758
1990-12-14,28.45,27.994285714285716,0.553258744255686
1990-12-17,28.2,28.115714285714287,0.47619523807157926
1990-12-18,27.55,28.00857142857143,0.5109281936317074
1990-12-19,28.13,27.919999999999998,0.40340219797798776
1990-12-20,27.55,27.851428571428574,0.4219568924046097
1990-12-21,26.9,27.797142857142855,0.5206314846964964
1990-12-24,27.7,27.782857142857143,0.5219104101190272
1990-12-26,27.7,27.675714285714285,0.4312330051863343
1990-12-27,27.05,27.511428571428574,0.4170303175003152
1990-12-28,27.43,27.494285714285713,0.4176464670372528
1990-12-31,28.35,27.525714285714287,0.4774535629378351
1991-01-02,26.78,27.415714285714284,0.5535599077143306
1991-01-03,25.05,27.15142857142857,1.0551686843254382
1991-01-04,24.08,26.634285714285713,1.524301557466684
1991-01-07,25.93,26.381428571428575,1.4636532896765788
1991-01-08,25.73,26.192857142857143,1.4481104272547471
1991-01-09,22.35,25.467142857142857,1.920613741192449
1991-01-10,26.58,25.214285714285715,1.5605859705343637
1991-01-11,26.05,25.109999999999996,1.459646075823443
1991-01-14,29.55,25.752857142857145,2.221131200430071
1991-01-15,29.25,26.49142857142857,2.4225910961298736
1991-01-16,30.28,27.11285714285714,2.7853348948000147
1991-01-17,21.1,26.451428571428572,3.5992657981475067
1991-01-18,19.1,25.98714285714286,4.348201598690802
1991-01-21,19.25,24.939999999999998,5.013368794200837
1991-01-22,20.73,24.180000000000003,5.216192736725393
1991-01-23,22.15,23.122857142857146,4.667496524853968
1991-01-24,20.9,21.93,3.8330144794926135
1991-01-25,20.8,20.575714285714287,1.0698731567006263
1991-01-28,20.4,20.475714285714286,1.0451292925256792
1991-01-29,20.75,20.71142857142857,0.8512232094938137
1991-01-30,20.95,20.954285714285714,0.5561431812898924
1991-01-31,20.7,20.949999999999996,0.558271140814811
1991-02-01,20.8,20.75714285714286,0.1789519754677418
1991-02-04,20.45,20.692857142857143,0.1988059594775902
1991-02-05,20.2,20.607142857142858,0.26367367999821767
1991-02-06,20.93,20.68285714285714,0.2702908486374223
1991-02-07,20.9,20.70428571428571,0.28218534942226714
1991-02-08,20.65,20.66142857142857,0.260603694744108
1991-02-11,21.23,20.737142857142857,0.338905802336194
1991-02-12,21.1,20.78,0.3660601043544598
1991-02-13,21.0,20.858571428571427,0.3416347255685315
1991-02-14,20.5,20.90142857142857,0.252416888726343
1991-02-15,18.35,20.532857142857146,0.9950161520584145
1991-02-18,17.68,20.072857142857142,1.4412461539204382
1991-02-19,17.85,19.672857142857143,1.6304980249984287
1991-02-20,18.75,19.31857142857143,1.4999714282992993
1991-02-21,18.55,18.954285714285714,1.2902048563807653
1991-02-22,17.8,18.497142857142858,0.9723119232995122
1991-02-25,17.83,18.115714285714287,0.425748640352274
1991-02-26,18.0,18.065714285714286,0.41403933560529554
1991-02-27,18.65,18.204285714285714,0.4255920246297849
1991-02-28,19.5,18.439999999999998,0.6125357132444745
1991-03-01,19.33,18.52285714285714,0.6951190374248111
1991-03-04,20.2,18.75857142857143,0.9418320545869875
1991-03-05,20.05,19.080000000000002,0.9441045139883998
1991-03-06,19.85,19.368571428571432,0.7953495787268018
1991-03-07,19.65,19.604285714285716,0.518454663490642
1991-03-08,19.1,19.66857142857143,0.3931678425061116
1991-03-11,18.6,19.54,0.5664509393289234
1991-03-12,18.43,19.41142857142857,0.7068104076631162
1991-03-13,20.33,19.43,0.7322340245212697
1991-03-14,19.98,19.419999999999998,0.7227724399836702
1991-03-15,19.05,19.305714285714288,0.7065139098148375
1991-03-18,18.3,19.11285714285714,0.777554162866107
1991-03-19,18.95,19.091428571428573,0.7800305244332137
1991-03-20,18.98,19.145714285714288,0.7528801839791702
1991-03-21,18.8,19.198571428571427,0.7057721202443642
1991-03-22,18.95,19.001428571428573,0.4997142040348847
1991-03-25,18.6,18.804285714285715,0.2676351461009859
1991-03-26,18.35,18.704285714285714,0.2903364222676148
1991-03-27,18.15,18.68285714285714,0.3282130550781454
1991-03-28,18.0,18.54714285714286,0.38994505107394045
1991-04-01,18.0,18.407142857142855,0.38452196667687594
1991-04-02,17.63,18.24,0.4361192497470197
1991-04-03,17.75,18.068571428571428,0.33453592589463843
1991-04-04,18.0,17.982857142857142,0.23886637029317645
1991-04-05,18.35,17.982857142857142,0.23886637029317645
1991-04-08,18.58,18.044285714285714,0.3277629805644122
1991-04-09,18.6,18.13,0.38729833462061153
1991-04-10,19.25,18.30857142857143,0.5648430038935811
1991-04-11,19.5,18.575714285714287,0.6289901202948135
1991-04-12,19.93,18.88714285714286,0.6888568860973457
1991-04-15,20.23,19.205714285714286,0.7249105035072742
1991-04-16,19.9,19.427142857142858,0.653138940953925
1991-04-17,19.85,19.608571428571427,0.546242576499577
1991-04-18,19.4,19.722857142857144,0.34764513926860907
1991-04-19,19.18,19.712857142857143,0.36412975186109625
1991-04-22,19.78,19.752857142857145,0.3520281374034726
1991-04-23,19.6,19.705714285714286,0.3464032882280204
1991-04-24,19.55,19.608571428571427,0.25925718064159525
1991-04-25,19.6,19.565714285714286,0.22567359488542968
1991-04-26,19.63,19.534285714285716,0.19234146223624854
1991-04-29,19.95,19.61285714285714,0.23577632661151365
1991-04-30,19.7,19.687142857142856,0.1385296942551376
1991-05-01,19.7,19.67571428571429,0.13277263057014682
1991-05-02,19.7,19.689999999999998,0.128582010146362
1991-05-03,19.55,19.689999999999998,0.128582010146362
1991-05-06,19.8,19.71857142857143,0.12746614863392566
1991-05-07,19.85,19.75,0.12909944487338024
1991-05-08,19.8,19.72857142857143,0.09940297973853614
1991-05-09,20.08,19.782857142857146,0.16398315825238047
1991-05-10,19.53,19.75857142857143,0.1889822365044764
1991-05-13,19.25,19.694285714285716,0.27097706808606065
1991-05-14,18.95,19.608571428571427,0.3920641346951154
1991-05-15,18.8,19.465714285714284,0.4824540441967966
1991-05-16,18.75,19.30857142857143,0.5145039219619427
1991-05-17,18.75,19.15857142857143,0.5002142398155178
1991-05-20,18.9,18.990000000000002,0.29444863728658527
1991-05-21,19.03,18.91857142857143,0.180039678166262
1991-05-22,18.58,18.822857142857142,0.15007934409416132
1991-05-23,18.78,18.798571428571428,0.139454720420439
1991-05-24,18.83,18.802857142857142,0.13996598226140525
1991-05-28,19.0,18.83857142857143,0.15528775133348485
1991-05-29,18.75,18.83857142857143,0.15528775133348485
1991-05-30,18.73,18.814285714285713,0.15735915849364723
1991-05-31,19.0,18.81,0.1507757717050627
1991-06-03,19.0,18.87,0.12543258481454628
1991-06-04,18.83,18.87714285714286,0.12079104350241134
1991-06-05,18.63,18.84857142857143,0.15312615402844684
1991-06-06,18.03,18.71,0.32999999999988006
1991-06-07,18.28,18.642857142857142,0.3663201826140563
1991-06-10,18.0,18.53857142857143,0.4348727235803631
1991-06-11,17.85,18.374285714285715,0.4485107632619512
1991-06-12,17.73,18.192857142857143,0.40827745001455235
1991-06-13,18.0,18.074285714285715,0.29804122437756514
1991-06-14,17.7,17.94142857142857,0.20028551049486695
1991-06-17,17.85,17.915714285714287,0.19856628975854476
1991-06-18,18.0,17.875714285714285,0.1289518182441529
1991-06-19,17.88,17.858571428571427,0.11710800875340188
1991-06-20,18.15,17.90142857142857,0.1603567451471502
1991-06-21,18.43,18.00142857142857,0.23603873774063386
1991-06-24,18.18,18.027142857142856,0.2454733037563348
1991-06-25,18.15,18.091428571428573,0.20028551049488041
1991-06-26,18.1,18.127142857142857,0.17007001359357912
1991-06-27,18.08,18.138571428571428,0.1626272395619203
1991-06-28,18.48,18.224285714285713,0.16174642117159724
1991-07-01,18.53,18.27857142857143,0.19334154333942302
1991-07-02,18.55,18.295714285714286,0.21329612770783393
1991-07-03,18.5,18.34142857142857,0.21858854585927653
1991-07-04,18.48,18.388571428571428,0.20562332645124468
1991-07-05,18.7,18.474285714285713,0.1897241104740369
1991-07-08,18.98,18.602857142857143,0.18282179717895064
1991-07-09,19.03,18.681428571428572,0.23262477450654484
1991-07-10,19.23,18.78142857142857,0.2979613269887417
1991-07-11,19.2,18.874285714285715,0.31463508719655126
1991-07-12,19.78,19.057142857142857,0.4163617932244672
1991-07-15,19.6,19.217142857142857,0.37025731078593777
1991-07-16,19.83,19.37857142857143,0.3531490984191381
1991-07-17,20.13,19.542857142857144,0.40106999745320526
1991-07-18,20.28,19.72142857142857,0.41277227666224464
1991-07-19,20.28,19.87142857142857,0.3948176191369124
1991-07-22,20.08,19.997142857142858,0.26373688186739364
1991-07-23,19.58,19.96857142857143,0.29957906977559523
1991-07-24,19.33,19.93,0.3651483716700981
1991-07-25,19.6,19.897142857142857,0.3854311129853582
1991-07-26,19.73,19.84,0.3746553972207707
1991-07-29,19.58,19.740000000000002,0.3281767816284119
1991-07-30,19.48,19.625714285714285,0.23479474318763693
1991-07-31,19.65,19.564285714285713,0.12817398889223194
1991-08-01,19.73,19.585714285714285,0.14292855358026585
1991-08-02,19.4,19.595714285714287,0.12313368654385638
1991-08-05,19.5,19.58142857142857,0.1282482711290661
1991-08-06,19.45,19.541428571428572,0.11739230119955256
1991-08-07,19.35,19.50857142857143,0.13557637102727488
1991-08-08,19.7,19.54,0.15231546211719257
1991-08-09,19.58,19.529999999999998,0.14605934866795392
1991-08-12,19.63,19.51571428571429,0.12686700948320312
1991-08-13,19.5,19.53,0.11690451944488733
1991-08-14,19.23,19.49142857142857,0.1636488691709316
1991-08-15,19.25,19.462857142857143,0.18776885486447006
1991-08-16,19.35,19.462857142857143,0.18776885486447006
1991-08-19,20.55,19.584285714285716,0.4534996193624414
1991-08-20,20.98,19.784285714285716,0.6954580539197771
1991-08-21,19.55,19.77285714285714,0.699064000067558
1991-08-22,19.53,19.777142857142856,0.6972018905528403
1991-08-23,19.85,19.865714285714287,0.6541624961953655
1991-08-26,20.03,19.97714285714286,0.5956149283363578
1991-08-27,20.03,20.074285714285715,0.5278843668474072
1991-08-28,19.98,19.99285714285714,0.48444863111630104
1991-08-29,20.3,19.895714285714288,0.2774801580207449
1991-08-30,20.53,20.035714285714285,0.3182167575126857
1991-09-02,20.65,20.195714285714285,0.3027571712806989
1991-09-03,20.55,20.295714285714286,0.28459662347825926
1991-09-04,20.25,20.32714285714286,0.2615794516467193
1991-09-05,20.1,20.337142857142858,0.24938018403727524
1991-09-06,20.13,20.358571428571427,0.2180541653984362
1991-09-09,19.85,20.294285714285714,0.2919964122414742
1991-09-10,19.93,20.208571428571428,0.299245081910473
1991-09-11,20.0,20.115714285714287,0.23294184845555344
1991-09-12,20.25,20.072857142857142,0.1539171081798926
1991-09-13,20.35,20.087142857142858,0.1761357701427924
1991-09-16,20.53,20.148571428571433,0.243476800498403
1991-09-17,20.3,20.172857142857143,0.24971412226209824
1991-09-18,20.53,20.270000000000003,0.23501772982760888
1991-09-19,20.43,20.34142857142857,0.18515116089547828
1991-09-20,20.55,20.419999999999998,0.12206555615730685
1991-09-23,20.83,20.502857142857145,0.17346606639475703
1991-09-24,20.75,20.560000000000002,0.18046236911517596
1991-09-25,20.65,20.577142857142857,0.18282179717912514
1991-09-26,21.0,20.677142857142854,0.19686833888957436
1991-09-27,21.48,20.812857142857144,0.34798056869669536
1991-09-30,21.43,20.955714285714286,0.3692269917389206
1991-10-01,21.15,21.041428571428572,0.3265184308952383
1991-10-02,21.3,21.108571428571427,0.3241105043771686
1991-10-03,21.75,21.25142857142857,0.35830287799703475
1991-10-04,21.83,21.419999999999998,0.30121974260220835
1991-10-07,21.98,21.56,0.301219742602211
1991-10-08,21.95,21.62714285714286,0.3312961558140279
1991-10-09,22.43,21.77,0.43231932642435955
1991-10-10,22.13,21.91,0.3486641172628475
1991-10-11,22.08,22.021428571428572,0.22334044054082147
1991-10-14,22.6,22.142857142857142,0.2760262237369743
1991-10-15,22.83,22.285714285714285,0.3387652649873126
1991-10-16,22.6,22.374285714285715,0.3263360815099341
1991-10-17,22.73,22.485714285714284,0.2882624465574018
1991-10-18,23.0,22.56714285714286,0.34485331595307417
1991-10-21,22.95,22.684285714285714,0.30902303813026605
1991-10-22,22.65,22.76571428571429,0.16460631244050197
1991-10-23,22.48,22.74857142857143,0.18915853768988147
1991-10-24,22.25,22.665714285714284,0.2609506430251887
1991-10-25,22.35,22.63,0.28722813232693784
1991-10-28,21.9,22.511428571428574,0.3914685415811074
1991-10-29,21.85,22.34714285714286,0.39356127374335825
1991-10-30,21.95,22.204285714285714,0.31111933095719946
1991-10-31,22.0,22.111428571428576,0.24613198162971242
1991-11-01,22.53,22.118571428571425,0.25899990807135304
1991-11-04,22.73,22.187142857142856,0.34788476471933455
1991-11-05,22.53,22.212857142857143,0.367999741200761
1991-11-06,22.0,22.22714285714286,0.35556125987490134
1991-11-07,21.85,22.22714285714286,0.35556125987490134
1991-11-08,21.8,22.205714285714286,0.3788076531635222
1991-11-11,21.45,22.127142857142854,0.4737339015985938
1991-11-12,21.2,21.937142857142856,0.5463733243157322
1991-11-13,21.5,21.76142857142857,0.43540894843923983
1991-11-14,21.0,21.542857142857144,0.36335080779298956
1991-11-15,21.63,21.490000000000002,0.30854497241084294
1991-11-18,21.35,21.41857142857143,0.2662973633258361
1991-11-19,21.08,21.315714285714282,0.23114621223064985
1991-11-20,20.48,21.177142857142858,0.3800313270295129
1991-11-21,20.73,21.110000000000003,0.4152107898405361
1991-11-22,20.15,20.917142857142856,0.5072052275530503
1991-11-25,19.78,20.74285714285714,0.6604471789556465
1991-11-26,19.78,20.478571428571428,0.6148557709313708
1991-11-27,19.65,20.235714285714288,0.5450644348104405
1991-11-28,19.98,20.07857142857143,0.4004759073663943
1991-11-29,20.08,20.021428571428572,0.36015869518070676
1991-12-02,19.6,19.860000000000003,0.21268129521261164
1991-12-03,19.2,19.724285714285713,0.2869295583040371
1991-12-04,19.18,19.638571428571428,0.35016322724447013
1991-12-05,19.15,19.548571428571428,0.38680005909288717
1991-12-06,19.05,19.462857142857143,0.4251554337617205
1991-12-09,18.25,19.215714285714284,0.556861956049439
1991-12-10,18.1,18.93285714285714,0.5474703731927179
1991-12-11,18.28,18.744285714285716,0.5050695378808727
1991-12-12,18.58,18.655714285714286,0.4645735371591132
1991-12-13,19.05,18.63714285714286,0.4421807430494544
1991-12-16,18.55,18.551428571428573,0.37997493651675085
1991-12-17,18.13,18.419999999999998,0.3352610922847352
1991-12-18,18.15,18.405714285714286,0.3456808326985918
1991-12-19,18.15,18.412857142857142,0.3387582365893071
1991-12-20,18.55,18.451428571428572,0.33647330609461507
1991-12-23,17.6,18.31142857142857,0.4565241348650015
1991-12-24,17.78,18.13,0.35519947447401395
1991-12-26,17.78,18.02,0.3210399767421707
1991-12-27,17.75,17.965714285714284,0.33130334251536114
1991-12-30,18.0,17.944285714285716,0.3221209474123817
1991-12-31,17.75,17.88714285714286,0.31494519553474876
1992-01-02,18.45,17.872857142857143,0.2802210012182423
1992-01-03,18.5,18.00142857142857,0.3352326839389308
1992-01-06,18.75,18.139999999999997,0.41856899072906567
1992-01-07,18.4,18.228571428571428,0.3946064947694549
1992-01-08,17.3,18.164285714285715,0.506387767850409
1992-01-09,17.18,18.04714285714286,0.6303891466312075
1992-01-10,17.23,17.972857142857144,0.6982290523343709
1992-01-13,18.08,17.919999999999998,0.6695023027094652
1992-01-14,18.23,17.88142857142857,0.6375324454861582
1992-01-15,18.38,17.82857142857143,0.5646954510007083
1992-01-16,18.68,17.86857142857143,0.619204558860985
1992-01-17,18.48,18.037142857142857,0.5989077359580685
1992-01-20,18.45,18.218571428571426,0.47565493695279093
1992-01-21,17.85,18.307142857142857,0.2772312083029032
1992-01-22,17.83,18.271428571428572,0.32359586788806566
1992-01-23,18.1,18.252857142857142,0.33003607306437577
1992-01-24,18.33,18.245714285714286,0.3273559297795736
1992-01-27,18.55,18.22714285714286,0.30125926186108754
1992-01-28,18.43,18.220000000000002,0.294788059459579
1992-01-29,18.15,18.177142857142858,0.27705079472379557
1992-01-30,18.1,18.212857142857143,0.24171017670705142
1992-01-31,18.15,18.25857142857143,0.1794833856217082
1992-02-03,18.35,18.294285714285714,0.16711843533409898
1992-02-04,18.4,18.304285714285715,0.17164470502130544
1992-02-05,18.48,18.294285714285714,0.1562964216753455
1992-02-06,18.53,18.30857142857143,0.17430132638881082
1992-02-07,18.58,18.37,0.18457157599861937
1992-02-10,18.95,18.49142857142857,0.24653793294522194
1992-02-11,18.48,18.538571428571426,0.19692880028300522
1992-02-12,18.33,18.535714285714285,0.20023795368308595
1992-02-13,18.53,18.554285714285715,0.19138592275432195
1992-02-14,18.63,18.575714285714287,0.19007517309876046
1992-02-17,17.65,18.45,0.40020827910803675
1992-02-18,17.7,18.324285714285715,0.4823503962492945
1992-02-19,17.5,18.117142857142856,0.48019837170737917
1992-02-20,17.85,18.027142857142856,0.45944583597026584
1992-02-21,18.0,17.98,0.4396968652756951
1992-02-24,17.4,17.818571428571428,0.41058610836326137
1992-02-25,17.43,17.647142857142857,0.22298836185716187
1992-02-26,17.28,17.594285714285714,0.262542513563996
1992-02-27,17.55,17.572857142857142,0.25856748221126324
1992-02-28,17.45,17.565714285714286,0.2615885537031396
1992-03-02,17.35,17.494285714285713,0.23824757031674346
1992-03-03,17.05,17.358571428571427,0.15983622570475686
1992-03-04,17.28,17.341428571428573,0.16108264663687855
1992-03-05,17.43,17.341428571428573,0.16108264663687855
1992-03-06,17.3,17.344285714285714,0.15998511835530405
1992-03-09,17.35,17.315714285714286,0.13264704329595858
1992-03-10,17.35,17.30142857142857,0.12061351104888943
1992-03-11,17.2,17.28,0.1238278374730593
1992-03-12,17.35,17.322857142857142,0.07204495950722949
1992-03-13,17.73,17.387142857142855,0.16640455579821095
1992-03-16,17.73,17.43,0.21173883284191908
1992-03-17,17.88,17.512857142857143,0.2603020223837488
1992-03-18,17.65,17.555714285714284,0.25363077776267456
1992-03-19,17.65,17.59857142857143,0.23793756684099823
1992-03-20,17.75,17.677142857142858,0.16357610723169017
1992-03-23,17.58,17.709999999999997,0.09609023536897433
1992-03-24,17.65,17.69857142857143,0.0980524640904911
1992-03-25,17.7,17.694285714285712,0.09710083124516833
1992-03-26,17.98,17.708571428571428,0.13056653111556035
1992-03-27,17.85,17.737142857142857,0.13732131246487123
1992-03-30,17.98,17.784285714285716,0.15757084574407756
1992-03-31,19.09,17.975714285714286,0.5157795763972308
1992-04-01,18.38,18.09,0.5019296099387547
1992-04-02,18.53,18.215714285714284,0.4832134498285171
1992-04-03,18.63,18.34857142857143,0.4440506191650813
1992-04-06,18.93,18.484285714285715,0.4575972444138828
1992-04-07,18.93,18.638571428571428,0.3842927951196777
1992-04-08,19.18,18.810000000000002,0.2999444392993655
1992-04-09,18.95,18.79,0.2823118842697626
1992-04-10,19.05,18.88571428571429,0.22860862792521555
1992-04-13,19.03,18.95714285714286,0.16938263249348284
1992-04-14,18.85,18.988571428571426,0.10776959549999243
1992-04-15,18.6,18.94142857142857,0.18334199113741323
1992-04-16,18.95,18.944285714285716,0.1832900381777027
1992-04-20,18.95,18.91142857142857,0.15192416654666105
1992-04-21,19.0,18.91857142857143,0.15518038658573358
1992-04-22,18.73,18.872857142857146,0.15713203425915637
1992-04-23,18.7,18.825714285714287,0.15153186055034212
1992-04-24,18.9,18.83285714285714,0.15402535350958693
1992-04-27,18.9,18.875714285714285,0.11530497862270676
1992-04-28,19.18,18.908571428571427,0.16293440105626705
1992-04-29,19.28,18.955714285714286,0.2160136679977713
1992-04-30,19.65,19.048571428571428,0.34148833906040443
1992-05-01,19.83,19.205714285714286,0.4155260578614232
1992-05-04,19.88,19.374285714285715,0.41552605786142593
1992-05-05,19.98,19.52857142857143,0.410545513978138
1992-05-06,19.68,19.639999999999997,0.3033699611584661
1992-05-07,19.65,19.707142857142856,0.2269885669450479
1992-05-08,19.63,19.757142857142856,0.1385296942551827
1992-05-11,19.73,19.768571428571427,0.1313301909218802
1992-05-12,19.8,19.764285714285712,0.12946777499386936
1992-05-13,19.95,19.774285714285718,0.14199262220926595
1992-05-14,19.75,19.74142857142857,0.10930516477997282
1992-05-15,19.7,19.744285714285713,0.1076811872854126
1992-05-18,19.7,19.75142857142857,0.1018869588363029
1992-05-19,19.3,19.704285714285714,0.1982302653360349
1992-05-20,19.28,19.640000000000004,0.2537058664410851
1992-05-21,19.6,19.611428571428572,0.24375045787493424
1992-05-22,19.58,19.55857142857143,0.19291004565402747
1992-05-26,20.5,19.665714285714284,0.4067291130820695
1992-05-27,20.8,19.822857142857142,0.5923319532636254
1992-05-28,20.73,19.97,0.678404992119969
1992-05-29,20.7,20.169999999999998,0.6538858208178493
1992-06-01,20.9,20.40142857142857,0.567345531736105
1992-06-02,20.85,20.580000000000002,0.4595287441136229
1992-06-03,21.23,20.815714285714282,0.22381965529242817
1992-06-04,21.08,20.898571428571426,0.19265068313990344
1992-06-05,21.35,20.97714285714286,0.24951381295858394
1992-06-08,21.25,21.051428571428573,0.24093073495843134
1992-06-09,21.13,21.11285714285714,0.18463606416534445
1992-06-10,21.05,21.134285714285713,0.16328473523847362
1992-06-11,21.33,21.202857142857145,0.118703311623864
1992-06-12,21.28,21.21,0.1220655561573213
1992-06-15,21.3,21.24142857142857,0.11081945849420678
1992-06-16,21.13,21.21,0.10598742063721243
1992-06-17,21.03,21.178571428571427,0.12334620267475226
1992-06-18,21.23,21.192857142857143,0.1225716505714316
1992-06-19,21.13,21.204285714285714,0.11012979355545564
1992-06-22,20.83,21.132857142857144,0.16398315825251944
1992-06-23,21.35,21.142857142857142,0.1761357701428201
1992-06-24,21.55,21.178571428571427,0.2303206874069602
1992-06-25,21.5,21.231428571428573,0.25809743453642153
1992-06-26,21.3,21.270000000000003,0.24269322199022691
1992-06-29,21.08,21.24857142857143,0.25320798904118913
1992-06-30,20.6,21.172857142857143,0.3538226620645883
1992-07-01,20.25,21.09,0.4894214271293478
1992-07-02,20.53,20.972857142857144,0.5143187820056756
1992-07-03,20.65,20.844285714285714,0.4550771781744588
1992-07-06,20.45,20.694285714285716,0.3675530411998055
1992-07-07,19.8,20.479999999999997,0.3920034013457679
1992-07-08,19.7,20.282857142857146,0.3869416099669191
1992-07-09,19.78,20.165714285714284,0.3988674442659081
1992-07-10,20.0,20.13,0.4012480529547508
1992-07-13,19.83,20.03,0.37103458958248553
1992-07-14,19.98,19.934285714285714,0.25165168671905846
1992-07-15,19.85,19.84857142857143,0.10776959550012323
1992-07-16,20.23,19.91,0.17625738755196105
1992-07-17,20.2,19.981428571428573,0.17827213012955448
1992-07-20,19.95,20.005714285714284,0.1565095463389212
1992-07-21,20.03,20.009999999999998,0.1567375726067096
1992-07-22,20.23,20.06714285714286,0.15304838948446065
1992-07-23,20.48,20.138571428571428,0.21122094052026252
1992-07-24,20.6,20.245714285714286,0.22984466804464163
1992-07-27,20.58,20.295714285714286,0.2617159492564766
1992-07-28,20.78,20.37857142857143,0.3131255643469579
1992-07-29,20.68,20.482857142857142,0.2643680695365071
1992-07-30,20.48,20.547142857142855,0.17575686669504798
1992-07-31,20.38,20.56857142857143,0.13508374827344807
1992-08-03,20.33,20.54714285714286,0.16090517763720708
1992-08-04,19.85,20.439999999999998,0.3050136608962224
1992-08-05,19.68,20.31142857142857,0.40834742444100125
1992-08-06,19.78,20.16857142857143,0.39168135737390286
1992-08-07,19.75,20.035714285714285,0.34413452519116206
1992-08-10,19.55,19.90285714285714,0.32288874687284425
1992-08-11,19.48,19.774285714285718,0.27717967354866185
1992-08-12,19.65,19.677142857142858,0.13009154286032684
1992-08-13,19.83,19.674285714285713,0.12581165060733407
1992-08-14,19.88,19.702857142857145,0.14806690894247862
1992-08-17,19.95,19.72714285714286,0.17442422286993417
1992-08-18,19.9,19.74857142857143,0.18649652109603448
1992-08-19,19.8,19.784285714285712,0.16480869140271945
1992-08-20,19.63,19.805714285714284,0.12313368654384306
1992-08-21,19.68,19.81,0.11718930554152966
1992-08-24,19.65,19.784285714285712,0.131003453244092
1992-08-25,19.68,19.755714285714284,0.12843378875985006
1992-08-26,19.63,19.71,0.10198039027171231
1992-08-27,19.5,19.65285714285714,0.08901578244209836
1992-08-28,19.65,19.631428571428568,0.06148944934638252
1992-08-31,19.65,19.634285714285713,0.06187545093605747
1992-09-01,19.88,19.662857142857142,0.11220729116437077
1992-09-02,20.0,19.71285714285714,0.16908718517512633
1992-09-03,19.95,19.75142857142857,0.18986210534909714
1992-09-04,20.03,19.80857142857143,0.20667434701544507
1992-09-07,20.13,19.898571428571426,0.18604914865234923
1992-09-08,20.3,19.99142857142857,0.20276657938197717
1992-09-09,20.33,20.08857142857143,0.17257158625028135
1992-09-10,20.3,20.148571428571426,0.16056448044614674
1992-09-11,20.35,20.198571428571427,0.1610826466370915
1992-09-14,20.68,20.302857142857142,0.20393743204834122
1992-09-15,20.5,20.37,0.1743559577416231
1992-09-16,20.43,20.412857142857142,0.13877010793806968
1992-09-17,20.35,20.419999999999998,0.13316656236959165
1992-09-18,20.3,20.415714285714284,0.13697410252272307
1992-09-21,20.15,20.39428571428571,0.1666190408143812
1992-09-22,20.33,20.391428571428573,0.167673151441384
1992-09-23,20.53,20.37,0.12999999999999431
1992-09-24,20.43,20.360000000000003,0.12069244660153608
1992-09-25,20.33,20.345714285714283,0.11688415102956395
1992-09-28,20.28,20.335714285714285,0.11942321701370008
1992-09-29,20.18,20.318571428571428,0.13322019008999567
1992-09-30,20.18,20.322857142857142,0.12724180205605357
1992-10-01,20.28,20.315714285714286,0.1281739888923128
1992-10-02,20.4,20.297142857142855,0.09776064063383041
1992-10-05,20.2,20.264285714285712,0.08323804075399532
1992-10-06,20.23,20.25,0.0785281265958782
1992-10-07,20.28,20.25,0.0785281265958782
1992-10-08,20.48,20.292857142857144,0.10965313275872948
1992-10-09,20.48,20.335714285714285,0.1165986196111881
1992-10-12,20.8,20.41,0.20631690833925265
1992-10-13,20.83,20.47142857142857,0.25989924787814095
1992-10-14,20.68,20.54,0.23881652650799015
1992-10-15,20.73,20.611428571428572,0.20268436639505505
1992-10-16,20.78,20.68285714285714,0.1468235092114322
1992-10-19,20.73,20.71857142857143,0.11653734328948366
1992-10-20,20.68,20.747142857142855,0.05822779568639389
1992-10-21,20.28,20.672857142857143,0.1812653934350369
1992-10-22,20.13,20.572857142857142,0.25727509827126094
1992-10-23,20.03,20.48,0.32145502536644116
1992-10-26,19.78,20.344285714285718,0.39127386584748663
1992-10-27,19.78,20.201428571428576,0.38821937833430803
1992-10-28,19.65,20.04714285714286,0.35645075796963205
1992-10-29,19.4,19.864285714285717,0.30181987690543405
1992-10-30,19.13,19.7,0.3473710792029633
1992-11-02,19.25,19.574285714285715,0.3242867631616551
1992-11-03,19.35,19.47714285714286,0.260621966694604
1992-11-04,19.03,19.37,0.26938200880276936
1992-11-05,19.2,19.287142857142857,0.20336455654092536
1992-11-06,19.13,19.21285714285714,0.13073054803838732
1992-11-09,19.1,19.169999999999998,0.10598742063694282
1992-11-10,19.53,19.22714285714286,0.16957931140644625
1992-11-11,19.4,19.24857142857143,0.18197331044476878
1992-11-12,19.18,19.224285714285713,0.17746897783888724
1992-11-13,19.05,19.22714285714286,0.1739458043675801
1992-11-16,19.2,19.22714285714286,0.1739458043675801
1992-11-17,19.15,19.229999999999997,0.17224014243668156
1992-11-18,19.1,19.23,0.17224014243668156
1992-11-19,19.48,19.222857142857144,0.15818915741526332
1992-11-20,19.48,19.23428571428571,0.17510541042996614
1992-11-23,19.15,19.23,0.17701224063119278
1992-11-24,19.18,19.248571428571427,0.16108264663694216
1992-11-25,19.28,19.259999999999998,0.15989579940264242
1992-11-26,18.93,19.228571428571428,0.20136439369352593
1992-11-27,19.08,19.225714285714286,0.20362196532262208
1992-11-30,19.25,19.192857142857143,0.17182493859667378
1992-12-01,18.65,19.07428571428571,0.22021634384208427
1992-12-02,18.38,18.964285714285715,0.33728608741221094
1992-12-03,18.2,18.82428571428571,0.42484731150751737
1992-12-04,18.35,18.69142857142857,0.4034612154605127
1992-12-07,18.25,18.594285714285714,0.4180453381653996
1992-12-08,18.08,18.451428571428572,0.3946064947694098
1992-12-09,17.8,18.244285714285716,0.26475505301154506
1992-12-10,18.28,18.19142857142857,0.199033378392149
1992-12-11,18.2,18.165714285714284,0.18146231407230934
1992-12-14,18.03,18.14142857142857,0.18738806182409537
1992-12-15,17.8,18.062857142857144,0.20022606271506943
1992-12-16,17.9,18.012857142857143,0.1890955918498476
1992-12-17,18.18,18.027142857142856,0.19855429867850063
1992-12-18,18.3,18.09857142857143,0.19308276044446865
1992-12-21,18.33,18.105714285714285,0.20164797237217252
1992-12-22,18.08,18.08857142857143,0.19735151138899923
1992-12-23,18.23,18.117142857142856,0.20188398365657184
1992-12-24,18.28,18.185714285714283,0.15142183273384802
1992-12-29,17.93,18.19,0.14212670403518823
1992-12-30,17.83,18.14,0.19714630776804243
1992-12-31,17.85,18.075714285714287,0.20927311842456398
1993-01-04,17.73,17.99,0.21063396370616164
1993-01-05,17.48,17.904285714285713,0.27891797736097684
1993-01-06,17.53,17.804285714285715,0.2679463343565955
1993-01-07,17.58,17.704285714285714,0.17548572048783656
1993-01-08,17.23,17.604285714285716,0.21938224957472569
1993-01-11,17.28,17.525714285714287,0.22352159797612284
1993-01-12,16.85,17.382857142857144,0.29107354658866197
1993-01-13,16.85,17.25714285714286,0.3058166272845538
1993-01-14,17.0,17.18857142857143,0.30129877593651344
1993-01-15,17.28,17.152857142857144,0.2669403357625654
1993-01-18,17.25,17.10571428571429,0.19957096840086463
1993-01-19,16.98,17.07,0.19595917942236538
1993-01-20,16.7,16.987142857142857,0.21414280949176964
1993-01-21,16.88,16.99142857142857,0.21122094052004264
1993-01-22,17.08,17.024285714285714,0.20329429757978398
1993-01-25,17.58,17.107142857142858,0.29101628165854143
1993-01-26,17.93,17.2,0.4272001872657464
1993-01-27,17.88,17.29,0.49969990994584984
1993-01-28,18.15,17.457142857142856,0.569523610447395
1993-01-29,18.48,17.71142857142857,0.5724924620006081
1993-02-01,18.55,17.95,0.513160143944594
1993-02-02,18.4,18.138571428571428,0.3597882975411023
1993-02-04,18.65,18.291428571428572,0.3062367587029031
1993-02-05,18.7,18.40142857142857,0.2927700218844051
1993-02-08,18.55,18.497142857142855,0.1827306109834551
1993-02-09,18.33,18.52285714285714,0.13111245627470774
1993-02-10,18.48,18.52285714285714,0.13111245627470774
1993-02-11,18.43,18.505714285714284,0.13476611132556846
1993-02-12,18.48,18.517142857142858,0.12750350135213423
1993-02-15,17.98,18.42142857142857,0.22519832529172026
1993-02-16,18.2,18.35,0.19999999999977325
1993-02-17,17.93,18.26142857142857,0.2314755978086264
1993-02-18,17.83,18.19,0.2790459938192538
1993-02-19,18.3,18.164285714285715,0.25513768458451275
1993-02-22,18.63,18.192857142857143,0.2975295103409367
1993-02-23,18.88,18.25,0.38686776379865834
1993-02-24,18.88,18.37857142857143,0.4293960320972467
1993-02-25,18.83,18.46857142857143,0.451199459641586
1993-02-26,18.83,18.597142857142853,0.3971445700544274
1993-03-01,19.03,18.768571428571427,0.23786751014137908
1993-03-02,18.83,18.844285714285714,0.1180193688700232
1993-03-03,18.93,18.88714285714286,0.07319250547050797
1993-03-04,19.35,18.954285714285714,0.18919629514117456
1993-03-05,19.6,19.057142857142857,0.303354264060552
1993-03-08,19.28,19.12142857142857,0.29475575037794005
1993-03-09,19.23,19.178571428571427,0.2662347692936874
1993-03-10,19.08,19.185714285714287,0.2622249125499245
1993-03-11,18.7,19.167142857142856,0.29426259733507887
1993-03-12,18.83,19.15285714285714,0.3097156914392945
1993-03-15,18.88,19.085714285714285,0.31079774467513177
1993-03-16,18.55,18.935714285714287,0.2722044049885066
1993-03-17,18.6,18.83857142857143,0.24922737753744825
1993-03-18,18.7,18.762857142857143,0.1819078783076316
1993-03-19,18.58,18.69142857142857,0.12628388277023833
1993-03-22,18.18,18.617142857142856,0.2304137066026763
1993-03-23,18.23,18.53142857142857,0.24889278625047923
1993-03-24,18.53,18.481428571428573,0.19692880028289442
1993-03-25,18.6,18.48857142857143,0.2007011519171231
1993-03-26,18.55,18.481428571428573,0.19692880028289442
1993-03-29,18.65,18.474285714285713,0.18840179960697256
1993-03-30,18.45,18.455714285714286,0.1825611443557448
1993-03-31,18.7,18.53,0.15545631755118414
1993-04-01,18.98,18.63714285714286,0.1718249385965786
1993-04-02,18.88,18.687142857142856,0.18580583823905586
1993-04-05,18.95,18.737142857142857,0.20459018269959012
1993-04-06,18.65,18.75142857142857,0.19247758063610412
1993-04-07,18.7,18.75857142857143,0.1889822365043726
1993-04-08,18.53,18.77,0.16852299546325655
1993-04-13,18.8,18.784285714285716,0.1658168812128216
1993-04-14,18.73,18.74857142857143,0.14182484166814513
1993-04-15,18.63,18.712857142857143,0.13450084085382125
1993-04-16,18.5,18.648571428571426,0.1069935467564642
1993-04-19,18.48,18.624285714285715,0.12447987024072031
1993-04-20,18.53,18.6,0.12382783747300799
1993-04-21,18.68,18.621428571428574,0.12266873704219632
1993-04-22,18.48,18.575714285714287,0.10309496315766192
1993-04-23,18.63,18.56142857142857,0.08315218406147766
1993-04-26,18.63,18.56142857142857,0.08315218406147766
1993-04-27,18.58,18.572857142857142,0.07867957924636121
1993-04-28,18.48,18.572857142857142,0.07867957924636121
1993-04-29,18.8,18.611428571428572,0.11290535437935484
1993-04-30,18.85,18.635714285714283,0.14408991901522353
1993-05-04,18.9,18.695714285714285,0.15544100090328214
1993-05-05,18.85,18.72714285714286,0.16204055929628391
1993-05-06,19.13,18.798571428571428,0.21396483912283815
1993-05-07,18.98,18.85571428571429,0.1987340889106537
1993-05-10,18.98,18.927142857142858,0.11220729116410322
1993-05-11,18.83,18.931428571428572,0.10699354675646931
1993-05-12,18.9,18.93857142857143,0.10221359521868326
1993-05-13,18.7,18.91,0.13686976778398932
1993-05-14,18.4,18.845714285714283,0.23803761207383817
1993-05-17,18.28,18.724285714285713,0.2816532822966603
1993-05-18,18.18,18.609999999999996,0.3202603107888613
1993-05-19,18.13,18.48857142857143,0.3177225504233702
1993-05-20,18.1,18.384285714285713,0.30658642842622785
1993-05-21,18.05,18.262857142857143,0.22603202470090247
1993-05-24,18.15,18.184285714285714,0.11900380145952577
1993-05-25,18.15,18.14857142857143,0.07151423434673189
1993-05-26,18.08,18.12,0.045460605655669596
1993-05-27,18.43,18.155714285714286,0.12647228192434792
1993-05-28,18.43,18.19857142857143,0.16211401043977017
1993-06-01,18.48,18.252857142857142,0.18553654498163646
1993-06-02,18.48,18.314285714285713,0.17821869924847342
1993-06-03,18.15,18.314285714285713,0.17821869924847342
1993-06-04,18.25,18.328571428571426,0.16647608150782078
1993-06-07,18.0,18.31714285714286,0.18776885486431355
1993-06-08,18.23,18.28857142857143,0.18288690234003077
1993-06-09,18.23,18.259999999999998,0.17243356208478183
1993-06-10,18.2,18.220000000000002,0.14282856857055293
1993-06-11,17.63,18.09857142857143,0.2234896396872417
1993-06-14,17.58,18.017142857142854,0.2942625973350864
1993-06-15,17.3,17.881428571428568,0.37653811544233956
1993-06-16,17.33,17.785714285714285,0.42359009835982797
1993-06-17,17.23,17.642857142857142,0.4173613257003987
1993-06-18,17.13,17.485714285714288,0.362990226813097
1993-06-21,17.18,17.34,0.19373521448939712
1993-06-22,17.18,17.275714285714287,0.15153186055026294
1993-06-23,17.18,17.21857142857143,0.07244045173477978
1993-06-24,17.23,17.208571428571428,0.06362090102740582
1993-06-25,17.23,17.194285714285712,0.037796447299865796
1993-06-28,17.23,17.194285714285716,0.037796447299865796
1993-06-29,17.48,17.244285714285713,0.10690449676459517
1993-06-30,17.43,17.28,0.12247448713883123
1993-07-01,16.98,17.25142857142857,0.1654719081320818
1993-07-02,16.63,17.172857142857143,0.2892930628107012
1993-07-05,16.88,17.122857142857143,0.3074472467330449
1993-07-06,17.13,17.108571428571427,0.3039423504233535
1993-07-07,16.9,17.06142857142857,0.3075401638499804
1993-07-08,16.55,16.928571428571427,0.29728934118274875
1993-07-09,16.53,16.8,0.23166067138508334
1993-07-12,16.78,16.771428571428572,0.21767166186914014
1993-07-13,16.95,16.81714285714286,0.21661904238485175
1993-07-14,16.5,16.762857142857143,0.24411160601330906
1993-07-15,16.48,16.669999999999998,0.2009975124222217
1993-07-16,16.6,16.627142857142857,0.17394580436752202
1993-07-19,16.58,16.63142857142857,0.17208801734637758
1993-07-20,16.58,16.638571428571428,0.16816941571187632
1993-07-21,16.73,16.631428571428568,0.1621140104397945
1993-07-22,16.65,16.58857142857143,0.0853284968862916
1993-07-23,16.85,16.638571428571428,0.1201982489370822
1993-07-26,16.85,16.69142857142857,0.12019824893708304
1993-07-27,16.85,16.72714285714286,0.12552745857805409
1993-07-28,17.13,16.805714285714284,0.1788721277761306
1993-07-29,17.08,16.877142857142857,0.17346606639454948
1993-07-30,16.85,16.89428571428571,0.16205525218834105
1993-08-02,16.85,16.922857142857143,0.12526163095855805
1993-08-03,16.53,16.87714285714286,0.19516781545736023
1993-08-04,16.63,16.845714285714287,0.21678385109403453
1993-08-05,16.6,16.81,0.23572582944299816
1993-08-06,16.38,16.702857142857145,0.23648215476803763
1993-08-09,16.45,16.61285714285714,0.18282179717893499
1993-08-10,16.3,16.534285714285716,0.1821041041872245
1993-08-11,16.58,16.495714285714286,0.1231336865436578
1993-08-12,16.78,16.53142857142857,0.16415729970837722
1993-08-13,16.93,16.574285714285715,0.22284951146868437
1993-08-16,16.8,16.602857142857143,0.23893613412458678
1993-08-17,16.88,16.674285714285713,0.23592775326745768
1993-08-18,16.63,16.7,0.21641010450822026
1993-08-19,16.63,16.747142857142855,0.13561148989079616
1993-08-20,16.68,16.76142857142857,0.1193633907341118
1993-08-23,16.83,16.768571428571427,0.1221240587034792
1993-08-24,16.93,16.768571428571427,0.1221240587034792
1993-08-25,16.68,16.75142857142857,0.12535663410530332
1993-08-26,16.75,16.732857142857142,0.11205865810845732
1993-08-27,17.05,16.79285714285714,0.15283043825451817
1993-08-31,16.73,16.807142857142857,0.1391299495330461
1993-09-01,16.55,16.788571428571426,0.16516946564325222
1993-09-02,16.5,16.74142857142857,0.1956551874622235
1993-09-03,16.33,16.655714285714286,0.228024643613721
1993-09-06,16.23,16.591428571428573,0.27799451861660746
1993-09-07,15.85,16.462857142857143,0.38134473842409006
1993-09-08,15.65,16.262857142857143,0.38913212347959436
1993-09-09,15.73,16.12,0.3722454387451856
1993-09-10,15.43,15.959999999999999,0.39652658590977613
1993-09-13,15.43,15.807142857142859,0.35803697601003
1993-09-14,15.58,15.700000000000001,0.27898626011555605
1993-09-15,15.35,15.574285714285713,0.18164591406131383
1993-09-16,15.43,15.514285714285714,0.13998299216394314
1993-09-17,15.55,15.5,0.12845232578638863
1993-09-20,16.03,15.542857142857144,0.22881683254750987
1993-09-21,16.25,15.66,0.3428799595581491
1993-09-22,15.88,15.724285714285713,0.33465689608189586
1993-09-23,15.88,15.767142857142858,0.332300781707988
1993-09-24,16.1,15.874285714285715,0.2941007278045525
1993-09-27,16.1,15.969999999999999,0.22671568097493444
1993-09-28,16.4,16.091428571428573,0.18871747591098284
1993-09-29,16.78,16.19857142857143,0.3171975499814134
1993-09-30,17.23,16.33857142857143,0.5045931883351279
1993-10-01,17.08,16.51,0.5262128846768404
1993-10-04,16.9,16.655714285714286,0.4597048742709735
1993-10-05,16.78,16.752857142857142,0.38913212347958254
1993-10-06,16.98,16.878571428571426,0.2656080176642592
1993-10-07,16.88,16.947142857142858,0.16398315825228377
1993-10-08,16.98,16.975714285714286,0.1464988217079643
1993-10-11,17.13,16.96142857142857,0.12005950905364779
1993-10-12,17.15,16.97142857142857,0.13371967836062676
1993-10-13,17.0,16.985714285714288,0.13010984370326617
1993-10-14,16.8,16.98857142857143,0.12495713550735146
1993-10-15,16.7,16.94857142857143,0.1661754666435546
1993-10-18,16.5,16.894285714285715,0.23859709015092742
1993-10-19,16.53,16.830000000000002,0.27018512172197695
1993-10-20,16.68,16.765714285714285,0.23859709015093306
1993-10-21,16.88,16.72714285714286,0.1809893445953794
1993-10-22,16.48,16.65285714285714,0.15521106980624705
1993-10-25,16.13,16.557142857142857,0.23528098702842234
1993-10-26,15.95,16.45,0.3162277660167249
1993-10-27,15.95,16.37142857142857,0.366125141239371
1993-10-28,15.83,16.27142857142857,0.40871459363173124
1993-10-29,15.43,16.092857142857145,0.4690669563332569
1993-11-01,15.83,15.942857142857145,0.3194116615337475
1993-11-02,15.63,15.821428571428571,0.2303206874068452
1993-11-03,15.83,15.778571428571428,0.18721009333784022
1993-11-04,15.78,15.754285714285714,0.17164470502130033
1993-11-05,15.73,15.722857142857142,0.14840420992598163
1993-11-08,15.28,15.644285714285715,0.21353041491831007
1993-11-09,15.33,15.629999999999999,0.2327373340627038
1993-11-10,15.23,15.544285714285715,0.256115673271255
1993-11-11,15.18,15.48,0.28577380332461993
1993-11-12,15.08,15.372857142857143,0.2729904934677472
1993-11-15,15.25,15.297142857142857,0.20669738634962478
1993-11-16,15.33,15.239999999999998,0.08869423130409625
1993-11-17,15.55,15.278571428571428,0.14792211592898893
1993-11-18,15.4,15.288571428571428,0.15421074016069367
1993-11-19,15.25,15.29142857142857,0.15312615402855115
1993-11-22,15.35,15.315714285714288,0.14581462465013775
1993-11-23,15.25,15.340000000000002,0.10969655114582418
1993-11-24,15.13,15.322857142857144,0.13300554947231247
1993-11-25,14.35,15.182857142857143,0.39058564087419195
1993-11-26,14.28,15.001428571428571,0.47701951642211227
1993-11-29,14.05,14.808571428571428,0.555470628429256
1993-11-30,14.23,14.662857142857144,0.5541574471126908
1993-12-01,14.43,14.531428571428572,0.46613404979784057
1993-12-02,14.15,14.374285714285714,0.35589591843949725
1993-12-03,13.95,14.205714285714285,0.16831093674673997
1993-12-06,13.9,14.141428571428573,0.18871747591116578
1993-12-07,13.88,14.084285714285715,0.19998809488375976
1993-12-08,13.45,13.998571428571427,0.313497930425311
1993-12-09,13.6,13.90857142857143,0.3261609301877774
1993-12-10,13.8,13.818571428571428,0.23147559780883883
1993-12-13,13.9,13.782857142857143,0.18678992529171468
1993-12-14,14.78,13.901428571428571,0.4237305972521015
1993-12-15,13.8,13.887142857142857,0.42546892897579913
1993-12-16,13.63,13.851428571428572,0.4365176045105448
1993-12-17,13.85,13.90857142857143,0.399851162785549
1993-12-20,13.63,13.912857142857144,0.396136099748322
1993-12-21,13.45,13.862857142857143,0.43311716219803736
1993-12-22,13.6,13.820000000000002,0.4435463147556742
1993-12-23,13.55,13.644285714285715,0.13878726440822065
1993-12-24,13.38,13.584285714285715,0.15053871515965345
1993-12-29,13.13,13.512857142857143,0.2252934594193975
1993-12-30,13.2,13.42,0.19510680835554392
1993-12-31,13.18,13.355714285714287,0.18840179960727765
1994-01-04,13.43,13.352857142857143,0.18687913078734172
1994-01-05,14.1,13.424285714285716,0.3344077921170372
1994-01-06,14.55,13.567142857142857,0.5446012083997714
1994-01-07,14.63,13.745714285714286,0.6647018665752195
1994-01-10,14.15,13.891428571428573,0.6173445437632784
1994-01-11,14.1,14.02,0.5379591062525108
1994-01-12,13.9,14.122857142857143,0.4023147310963639
1994-01-13,13.75,14.168571428571429,0.3202826132979239
1994-01-14,14.1,14.168571428571427,0.3202826132979239
1994-01-17,14.4,14.147142857142857,0.294489065202437
1994-01-18,14.1,14.071428571428571,0.2038323307221323
1994-01-19,14.25,14.085714285714285,0.21353041491842645
1994-01-20,14.1,14.085714285714287,0.21353041491842645
1994-01-21,14.23,14.132857142857143,0.20180141110459424
1994-01-24,14.35,14.218571428571428,0.1248236851761148
1994-01-25,14.63,14.294285714285715,0.18644544714713784
1994-01-26,14.8,14.35142857142857,0.2677952309401265
1994-01-27,14.78,14.448571428571428,0.28421990145121717
1994-01-28,14.65,14.505714285714287,0.2777803174486816
1994-01-31,14.83,14.61,0.2335950912725888
1994-02-01,15.03,14.724285714285715,0.21133363376870115
1994-02-02,15.4,14.874285714285715,0.26676188776112436
1994-02-03,15.48,14.995714285714286,0.3242867631616733
1994-02-04,14.93,15.014285714285716,0.3147939613385366
1994-02-07,14.6,14.98857142857143,0.343192296505797
1994-02-08,14.13,14.914285714285715,0.46378361128354895
1994-02-09,13.53,14.728571428571428,0.7021734964007079
1994-02-10,13.58,14.521428571428572,0.8048069866211809
1994-02-11,13.7,14.278571428571427,0.7501428435399954
1994-02-14,13.4,13.981428571428571,0.5897295586800286
1994-02-15,13.13,13.724285714285713,0.49142165000662213
1994-02-16,13.08,13.507142857142856,0.3575711717366753
1994-02-17,13.28,13.385714285714284,0.23365623915323908
1994-02-18,13.0,13.31,0.2631222782915425
1994-02-21,13.05,13.234285714285717,0.2483181523004398
1994-02-22,13.2,13.162857142857144,0.140560104073466
1994-02-23,13.2,13.134285714285713,0.09829498848825331
1994-02-24,13.4,13.172857142857143,0.14032275720807647
1994-02-25,13.33,13.20857142857143,0.14450243036348048
1994-02-28,13.59,13.252857142857144,0.20491577828580174
1994-03-01,13.45,13.317142857142857,0.1816328059312941
1994-03-02,13.5,13.38142857142857,0.14780940107996313
1994-03-03,13.55,13.431428571428572,0.13483676197888442
1994-03-04,13.43,13.464285714285714,0.08941609528063614
1994-03-07,13.13,13.425714285714283,0.1555481857664563
1994-03-08,13.15,13.4,0.18592113023178583
1994-03-09,13.3,13.358571428571429,0.16797108594720672
1994-03-10,13.23,13.327142857142858,0.1685936224292243
1994-03-11,13.7,13.355714285714287,0.21368646368430289
1994-03-14,14.03,13.424285714285714,0.33115238903245536
1994-03-15,14.28,13.545714285714284,0.46313630617263823
1994-03-16,14.3,13.712857142857144,0.4979194809643496
1994-03-17,14.25,13.870000000000001,0.4630334761116069
1994-03-18,14.05,13.977142857142857,0.39020141319213736
1994-03-21,14.55,14.165714285714285,0.26912556814351546
1994-03-22,14.8,14.322857142857142,0.27299049346782817
1994-03-23,14.5,14.389999999999999,0.24535688292770363
1994-03-24,14.53,14.425714285714283,0.2448712003521519
1994-03-25,14.58,14.465714285714284,0.24377976008801605
1994-03-28,13.75,14.394285714285713,0.36207076393329085
1994-03-29,13.38,14.29857142857143,0.5216457473365266
1994-03-30,13.23,14.110000000000001,0.6406246951218754
1994-03-31,13.25,13.888571428571428,0.6301700450785321
1994-04-05,14.33,13.864285714285714,0.6054710877450974
1994-04-06,14.33,13.835714285714287,0.5726504792878153
1994-04-07,14.4,13.810000000000002,0.5365631370118459
1994-04-08,14.3,13.88857142857143,0.5657864311860786
1994-04-11,14.73,14.081428571428571,0.5929707292221771
1994-04-12,14.8,14.305714285714286,0.5080963538167744
1994-04-13,15.0,14.555714285714286,0.2825395041911275
1994-04-14,15.28,14.691428571428572,0.3705144428776689
1994-04-15,15.23,14.819999999999999,0.3802192350035228
1994-04-18,15.48,14.974285714285715,0.3999940475747559
1994-04-19,15.13,15.092857142857143,0.2680618265571233
1994-04-20,15.3,15.174285714285716,0.2221003634138631
1994-04-21,15.63,15.292857142857143,0.21021530912489475
1994-04-22,16.28,15.475714285714286,0.39152935789700016
1994-04-25,16.38,15.632857142857143,0.5043713673380708
1994-04-26,16.05,15.75,0.49023803741991756
1994-04-27,15.75,15.78857142857143,0.4758651269505029
1994-04-28,15.65,15.862857142857143,0.38848913694440534
1994-04-29,15.35,15.870000000000001,0.3766961640367469
1994-05-03,15.93,15.912857142857144,0.3616035714109342
1994-05-04,15.95,15.865714285714287,0.3254666978794775
1994-05-05,15.85,15.790000000000001,0.23494680248941394
1994-05-06,16.25,15.818571428571428,0.2797277588077714
1994-05-09,16.33,15.90142857142857,0.3362255478806136
1994-05-10,16.25,15.987142857142857,0.3379208134910845
1994-05-11,16.1,16.094285714285714,0.1877815346670312
1994-05-12,16.25,16.139999999999997,0.17990738358018465
1994-05-13,16.5,16.21857142857143,0.20186039494566668
1994-05-16,16.23,16.27285714285714,0.12120427463781099
1994-05-17,15.83,16.212857142857143,0.20758245636488035
1994-05-18,15.98,16.162857142857142,0.21661904238503668
1994-05-19,16.15,16.148571428571426,0.2131844718726476
1994-05-20,16.23,16.167142857142856,0.21390919301690567
1994-05-23,16.63,16.221428571428568,0.27727414661477917
1994-05-24,16.63,16.24,0.302269195695937
1994-05-25,16.33,16.254285714285714,0.304075491879742
1994-05-26,16.08,16.29,0.25696951829611336
1994-05-27,16.08,16.304285714285715,0.23901583928387524
1994-05-31,16.18,16.308571428571426,0.2360387377408412
1994-06-01,16.4,16.332857142857144,0.2353518136545385
1994-06-02,16.35,16.29285714285714,0.19712215212184156
1994-06-03,16.13,16.221428571428568,0.1355763710273835
1994-06-06,16.18,16.2,0.1271482074850793
1994-06-07,15.95,16.181428571428572,0.15421074016084035
1994-06-08,15.65,16.119999999999997,0.2544274618301535
1994-06-09,16.13,16.11285714285714,0.25316096893177864
1994-06-10,16.38,16.11,0.2494660965609036
1994-06-13,16.23,16.092857142857145,0.233859949949701
1994-06-14,16.4,16.13142857142857,0.2616249587627673
1994-06-15,16.73,16.21,0.34722711107669635
1994-06-16,16.88,16.34285714285714,0.4043807729403226
1994-06-17,17.13,16.554285714285715,0.3669176630098045
1994-06-20,17.38,16.732857142857142,0.42550809963753794
1994-06-21,17.63,16.91142857142857,0.5071958389494406
1994-06-22,17.48,17.09,0.4433208018279135
1994-06-23,17.3,17.21857142857143,0.3244188944060314
1994-06-24,17.4,17.314285714285713,0.2454830030000422
1994-06-27,17.4,17.388571428571428,0.15366940396285847
1994-06-28,16.98,17.367142857142856,0.19939193277852765
1994-06-29,17.23,17.345714285714287,0.20573908580672073
1994-06-30,17.45,17.32,0.1729161646579448
1994-07-01,17.65,17.344285714285714,0.20759392595943593
1994-07-04,17.5,17.37285714285714,0.21414280949206999
1994-07-05,17.13,17.334285714285716,0.23200985200759242
1994-07-06,16.9,17.26285714285714,0.28033992971121396
1994-07-07,16.78,17.23428571428571,0.3211882699631419
1994-07-08,17.0,17.201428571428572,0.3332380816287803
1994-07-11,17.48,17.205714285714286,0.3371378127144975
1994-07-12,18.25,17.291428571428572,0.5039321571874852
1994-07-13,18.25,17.398571428571426,0.6216491124803726
1994-07-14,18.33,17.57,0.6962279320261094
1994-07-15,18.15,17.74857142857143,0.6548136776068257
1994-07-18,17.5,17.851428571428574,0.5199816846591611
1994-07-19,17.2,17.88,0.4683303677249225
1994-07-20,17.35,17.861428571428572,0.4889590497996527
1994-07-21,17.45,17.747142857142855,0.47633021759122074
1994-07-22,17.58,17.65142857142857,0.42274612442257414
1994-07-25,17.35,17.51142857142857,0.30699775088367753
1994-07-26,17.43,17.40857142857143,0.12266873704263094
1994-07-27,17.83,17.455714285714286,0.201647972372451
1994-07-28,18.0,17.57,0.2527844931953278
1994-07-29,18.48,17.73142857142857,0.4042865556107965
1994-08-01,19.03,17.957142857142856,0.6098009042771015
1994-08-02,18.48,18.085714285714285,0.6119056883447007
1994-08-03,18.48,18.247142857142858,0.5288892223555368
1994-08-04,18.43,18.390000000000004,0.38755644750157114
1994-08-05,17.78,18.382857142857144,0.39986307180147707
1994-08-08,17.93,18.37285714285714,0.4117326918327547
1994-08-09,17.68,18.25857142857143,0.4820590756131297
1994-08-10,17.33,18.015714285714285,0.4561745697594981
1994-08-11,17.5,17.875714285714285,0.4400324663346915
1994-08-12,17.1,17.678571428571427,0.43326006706630366
1994-08-15,16.75,17.43857142857143,0.4124491310625936
1994-08-16,16.68,17.28142857142857,0.46667006801481126
1994-08-17,16.28,17.045714285714286,0.49999523807254725
1994-08-18,16.3,16.84857142857143,0.47987597604060983
1994-08-19,16.13,16.677142857142858,0.4933799849241731
1994-08-22,15.25,16.35571428571429,0.5911812227187121
1994-08-23,15.3,16.09857142857143,0.6047982741219539
1994-08-24,15.8,15.962857142857143,0.5370510306514136
1994-08-25,15.75,15.83,0.4355073669487087
1994-08-26,15.85,15.76857142857143,0.3893339856484149
1994-08-30,15.78,15.694285714285716,0.313201593379029
1994-08-31,16.03,15.679999999999998,0.29154759474213504
1994-09-01,16.03,15.79142857142857,0.24518214803328292
1994-09-02,15.88,15.874285714285715,0.11472534489744259
1994-09-05,15.6,15.845714285714285,0.1543650589625216
1994-09-06,15.95,15.874285714285715,0.15219035699359273
1994-09-07,16.03,15.9,0.16227548592830277
1994-09-08,16.05,15.93857142857143,0.1610826466369171
1994-09-09,15.93,15.924285714285714,0.1559761886587363
1994-09-12,15.83,15.895714285714286,0.15164180853304038
1994-09-13,15.48,15.838571428571429,0.2189694477491098
1994-09-14,15.4,15.81,0.26375493676251194
1994-09-15,15.25,15.709999999999999,0.32695565448532393
1994-09-16,15.3,15.605714285714287,0.32428676316159954
1994-09-19,15.45,15.52,0.2602562839457536
1994-09-20,15.78,15.498571428571427,0.22460547421542879
1994-09-21,15.8,15.494285714285713,0.2173980330219739
1994-09-22,15.9,15.554285714285713,0.2654466137697479
1994-09-23,16.3,15.682857142857143,0.37401935269502085
1994-09-26,16.1,15.804285714285715,0.3470762232735571
1994-09-27,16.1,15.918571428571429,0.27823422814999166
1994-09-28,16.2,16.025714285714287,0.2015653031365049
1994-09-29,16.6,16.142857142857142,0.26367367999812497
1994-09-30,16.73,16.275714285714287,0.2946103156632287
1994-10-03,16.85,16.411428571428573,0.3110427929523104
1994-10-04,16.7,16.46857142857143,0.32364736836188845
1994-10-05,16.5,16.525714285714287,0.2801105224047538
1994-10-06,16.63,16.601428571428574,0.2082809457941723
1994-10-07,16.93,16.705714285714286,0.14774495398672105
1994-10-10,16.7,16.720000000000002,0.1404753833712542
1994-10-11,16.38,16.669999999999998,0.18991226044316484
1994-10-12,16.08,16.56,0.2730689778547319
1994-10-13,15.63,16.40714285714286,0.4338092624534778
1994-10-14,15.58,16.275714285714283,0.5297438734223545
1994-10-17,15.75,16.15,0.5360348247392849
1994-10-18,16.13,16.035714285714285,0.4132334748805356
1994-10-19,16.28,15.975714285714286,0.32087677504275675
1994-10-20,16.53,15.997142857142858,0.35551438253664613
1994-10-21,16.35,16.035714285714285,0.3798182522758
1994-10-24,16.48,16.157142857142855,0.36403819789103686
1994-10-25,16.48,16.285714285714285,0.2740351037644421
1994-10-26,16.88,16.447142857142858,0.23605891112976005
1994-10-27,17.08,16.582857142857144,0.29021338618984166
1994-10-28,17.18,16.711428571428574,0.3302740564757148
1994-10-31,17.18,16.804285714285715,0.3607333799754992
1994-11-01,17.4,16.954285714285714,0.35864825585600807
1994-11-02,17.58,17.111428571428572,0.3571847594466301
1994-11-03,17.75,17.29285714285714,0.30114859486719026
1994-11-04,18.0,17.452857142857145,0.3402310139554604
1994-11-07,17.78,17.552857142857142,0.31425649214800244
1994-11-08,17.38,17.58142857142857,0.2821600356434488
1994-11-09,17.55,17.634285714285713,0.222849511468917
1994-11-10,17.2,17.605714285714285,0.2664493161846477
1994-11-11,17.38,17.577142857142857,0.2800425137793116
1994-11-14,17.25,17.505714285714284,0.2921105465891178
1994-11-15,16.98,17.36,0.25670995305989375
1994-11-16,16.8,17.22,0.25670995305987704
1994-11-17,16.53,17.09857142857143,0.3518251730347749
1994-11-18,16.45,16.94142857142857,0.36209706670211167
1994-11-21,17.25,16.94857142857143,0.3684846704829666
1994-11-22,17.2,16.922857142857143,0.33841366627811653
1994-11-23,16.88,16.87,0.30615900008544117
1994-11-24,16.95,16.865714285714287,0.30456839094346005
1994-11-25,17.0,16.894285714285715,0.3067494712224022
1994-11-28,16.95,16.954285714285714,0.26133357628752374
1994-11-29,17.0,17.032857142857143,0.1380476108345818
1994-11-30,16.95,16.99,0.10099504938357529
1994-12-01,16.98,16.958571428571428,0.041403933560407766
1994-12-02,16.35,16.882857142857144,0.23605891112981398
1994-12-05,15.93,16.737142857142857,0.4260561107692083
1994-12-06,16.05,16.60142857142857,0.4766699966583283
1994-12-07,15.83,16.44142857142857,0.525624345308422
1994-12-08,16.13,16.31714285714286,0.47161828794455923
1994-12-09,16.08,16.192857142857143,0.3834368390279556
1994-12-12,15.98,16.05,0.16583123951756693
1994-12-13,15.73,15.961428571428572,0.14287856982141564
1994-12-14,15.83,15.947142857142856,0.15129598867915434
1994-12-15,15.6,15.882857142857144,0.19076287948759604
1994-12-16,15.48,15.832857142857142,0.24506558888808264
1994-12-19,15.58,15.754285714285713,0.22089644201560443
1994-12-20,15.73,15.704285714285714,0.1682118845241037
1994-12-21,15.65,15.657142857142858,0.11629191512619776
1994-12-22,15.6,15.638571428571428,0.1130528742706723
1994-12-23,15.55,15.598571428571429,0.07819389819027593
1994-12-28,16.08,15.66714285714286,0.19813415368646675
1994-12-29,16.25,15.777142857142858,0.2755427544388093
1994-12-30,16.23,15.870000000000001,0.3058866892602369
1995-01-03,15.88,15.891428571428573,0.2996346982258159
1995-01-04,15.93,15.93142857142857,0.28008502110527955
1995-01-05,16.13,16.00714285714286,0.24499757044456555
1995-01-06,16.35,16.121428571428574,0.17189420888312804
1995-01-09,16.08,16.121428571428574,0.17189420888312804
1995-01-10,16.0,16.085714285714285,0.16661904081418785
1995-01-11,16.4,16.110000000000003,0.20016659727987368
1995-01-12,16.48,16.195714285714285,0.213296127707888
1995-01-13,16.2,16.234285714285715,0.17887212777619094
1995-01-16,16.38,16.27,0.17953644012645242
1995-01-17,16.78,16.33142857142857,0.2647910227221374
1995-01-18,16.95,16.455714285714286,0.32454363563090954
1995-01-19,17.08,16.61,0.32848135411308654
1995-01-20,17.23,16.72857142857143,0.3849860850917349
1995-01-23,17.0,16.802857142857142,0.3791531918065871
1995-01-24,17.15,16.93857142857143,0.2859736917636671
1995-01-25,16.98,17.024285714285714,0.146612544126456
1995-01-26,16.73,17.017142857142858,0.16100872499278743
1995-01-27,16.38,16.935714285714287,0.29171088100245174
1995-01-30,16.68,16.87857142857143,0.29784943463815833
1995-01-31,16.8,16.81714285714286,0.2544742479252542
1995-02-01,17.05,16.824285714285715,0.2610783498528482
1995-02-02,17.0,16.802857142857142,0.23471360461306126
1995-02-03,17.4,16.86285714285714,0.3241766126519006
1995-02-06,17.08,16.912857142857142,0.3272468123457642
1995-02-07,17.05,17.00857142857143,0.2285044544736045
1995-02-08,17.03,17.05857142857143,0.17714669734699967
1995-02-09,16.85,17.065714285714286,0.16561573424215745
1995-02-10,16.85,17.037142857142857,0.18490666886424537
1995-02-13,16.88,17.02,0.1942506971244318
1995-02-14,17.0,16.962857142857143,0.09961831921790489
1995-02-15,17.1,16.965714285714284,0.10373960074097063
1995-02-16,17.13,16.97714285714286,0.11799919289470369
1995-02-17,17.4,17.029999999999998,0.1999999999999888
1995-02-20,17.43,17.112857142857145,0.2307750915006739
1995-02-21,17.18,17.16,0.19974984355439443
1995-02-22,17.08,17.18857142857143,0.16415729970862164
1995-02-23,17.1,17.202857142857145,0.1486286519836751
1995-02-24,17.1,17.20285714285714,0.1486286519836751
1995-02-27,17.35,17.234285714285715,0.1538242658422762
1995-02-28,17.23,17.21,0.13564659966253795
1995-03-01,16.85,17.127142857142857,0.15467323467171734
1995-03-02,16.55,17.037142857142857,0.26367367999822316
1995-03-03,16.68,16.98,0.29439202887758076
1995-03-06,16.75,16.93,0.30027764929587164
1995-03-07,16.85,16.894285714285715,0.2914250700069512
1995-03-08,16.73,16.805714285714284,0.2136864636842562
1995-03-09,16.65,16.722857142857144,0.10812250547618578
1995-03-10,16.5,16.672857142857143,0.11982129550756133
1995-03-13,16.3,16.63714285714286,0.18309508328672866
1995-03-14,16.33,16.587142857142858,0.2145316049531403
1995-03-15,16.38,16.534285714285712,0.21329612770792306
1995-03-16,16.5,16.484285714285715,0.16174642117171287
1995-03-17,16.55,16.458571428571428,0.12667919737498068
1995-03-20,16.83,16.484285714285715,0.17933740480406465
1995-03-21,16.8,16.527142857142856,0.21584827122409814
1995-03-22,17.08,16.638571428571428,0.27285090992625066
1995-03-23,17.48,16.802857142857142,0.38090743782506065
1995-03-24,17.65,16.984285714285715,0.4432778339768721
1995-03-27,17.83,17.174285714285713,0.4842470837240441
1995-03-28,17.85,17.36,0.4532107677450066
1995-03-29,18.05,17.534285714285716,0.44999470896363847
1995-03-30,17.98,17.70285714285714,0.33554504345992264
1995-03-31,17.98,17.83142857142857,0.2035868832898468
1995-04-03,17.88,17.888571428571428,0.13208943579135363
1995-04-04,18.03,17.942857142857143,0.08864052604314782
1995-04-05,18.35,18.017142857142858,0.16408476322888163
1995-04-06,18.5,18.110000000000003,0.22597935008921133
1995-04-07,18.45,18.167142857142856,0.2567563232403235
1995-04-10,18.15,18.19142857142857,0.2438188242275418
1995-04-11,18.63,18.284285714285712,0.27202065747903625
1995-04-12,18.73,18.405714285714286,0.25032360008996996
1995-04-13,17.98,18.398571428571426,0.26321275117488163
1995-04-18,18.55,18.427142857142858,0.26787523748424935
1995-04-19,18.73,18.46,0.2913760456868458
1995-04-20,19.15,18.560000000000002,0.39059783238873336
1995-04-21,19.18,18.707142857142856,0.40417464400586095
1995-04-24,19.05,18.767142857142858,0.4216125506401218
1995-04-25,19.35,18.85571428571429,0.47433662951049044
1995-04-26,18.9,18.987142857142857,0.27813152079059383
1995-04-27,19.08,19.062857142857144,0.20064182728757166
1995-04-28,18.98,19.09857142857143,0.1464500564963204
1995-05-01,19.38,19.131428571428575,0.1815147901626156
1995-05-02,18.83,19.08142857142857,0.2116151043312063
1995-05-03,18.33,18.978571428571428,0.3555009878764026
1995-05-04,18.68,18.882857142857144,0.3279590566782381
1995-05-05,18.85,18.875714285714285,0.3280679372153087
1995-05-08,18.78,18.83285714285714,0.3163181039037692
1995-05-09,18.12,18.71,0.40439254856321993
1995-05-10,18.1,18.527142857142856,0.334251117460986
1995-05-11,18.08,18.419999999999998,0.3411255878217977
1995-05-12,18.23,18.405714285714286,0.34755609345159977
1995-05-15,18.43,18.37,0.32690467519869265
1995-05-16,18.53,18.324285714285715,0.265132491587376
1995-05-17,18.5,18.284285714285716,0.19738770164828628
1995-05-18,18.23,18.3,0.18618986725049305
1995-05-19,18.43,18.34714285714286,0.16799943310589868
1995-05-22,18.38,18.390000000000004,0.11986103064284072
1995-05-23,18.48,18.425714285714285,0.09980934205777209
1995-05-24,18.55,18.442857142857143,0.11041048949523938
1995-05-25,18.0,18.367142857142856,0.19215569084444248
1995-05-26,17.8,18.267142857142854,0.2755427544391179
1995-05-30,17.43,18.152857142857144,0.42101917160293195
1995-05-31,17.58,18.03142857142857,0.44938582426205326
1995-06-01,17.7,17.934285714285714,0.43473582564046404
1995-06-02,17.9,17.85142857142857,0.362694939374221
1995-06-05,18.23,17.805714285714284,0.26769741269192643
1995-06-06,17.95,17.798571428571428,0.2622612292753134
1995-06-07,18.13,17.845714285714287,0.2906806462344686
1995-06-08,17.93,17.917142857142856,0.22566304421385863
1995-06-09,17.68,17.931428571428572,0.2027665793821631
1995-06-12,17.63,17.92142857142857,0.21728848500171916
1995-06-13,17.83,17.91142857142857,0.22003246513717356
1995-06-14,17.63,17.825714285714284,0.1900751730990126
1995-06-15,17.95,17.825714285714284,0.1900751730990126
1995-06-16,17.75,17.77142857142857,0.13496031162652683
1995-06-19,16.93,17.62857142857143,0.328959398276317
1995-06-20,16.98,17.52857142857143,0.4076938627380935
1995-06-21,16.5,17.367142857142856,0.5571568984799669
1995-06-22,16.55,17.184285714285714,0.5890630170832555
1995-06-23,16.4,17.00857142857143,0.6167503160768759
1995-06-26,16.55,16.80857142857143,0.4701570153125175
1995-06-27,16.63,16.648571428571426,0.22086410387587613
1995-06-28,16.95,16.65142857142857,0.22519832529179076
1995-06-29,16.5,16.582857142857144,0.1762303687140176
1995-06-30,16.58,16.594285714285714,0.17251638983540504
1995-07-03,16.35,16.565714285714286,0.1960320673474256
1995-07-04,15.93,16.498571428571427,0.30975412676435393
1995-07-05,16.0,16.419999999999998,0.360185137579627
1995-07-06,16.15,16.351428571428574,0.35923198500068804
1995-07-07,16.1,16.23,0.25033311140672293
1995-07-10,15.88,16.141428571428573,0.24855774456018848
1995-07-11,15.93,16.048571428571428,0.16466416038158602
1995-07-12,16.03,16.002857142857142,0.09793097666396869
1995-07-13,15.98,16.01,0.09345230512521661
1995-07-14,15.8,15.981428571428571,0.12294017127923046
1995-07-17,15.73,15.921428571428573,0.12928374110522045
1995-07-18,15.68,15.861428571428572,0.1300549334479733
1995-07-19,15.8,15.849999999999998,0.13165611772038327
1995-07-20,15.68,15.814285714285715,0.13998299216370985
1995-07-21,15.35,15.717142857142857,0.19172152424024333
1995-07-24,15.38,15.631428571428572,0.18871747591078586
1995-07-25,15.48,15.585714285714285,0.17961599249998123
1995-07-26,16.0,15.624285714285715,0.23592775326730084
1995-07-27,15.98,15.667142857142858,0.27219565791968714
1995-07-28,15.93,15.685714285714287,0.286813362244093
1995-07-31,15.78,15.700000000000001,0.28896366553575153
1995-08-01,16.1,15.807142857142859,0.2763279624956714
1995-08-02,16.13,15.914285714285713,0.22344702152511767
1995-08-03,15.99,15.987142857142857,0.11513966674011125
1995-08-04,16.08,15.998571428571426,0.12047524938412714
1995-08-07,15.9,15.987142857142857,0.12618957771420947
1995-08-08,16.0,15.997142857142856,0.12365466505699642
1995-08-09,16.13,16.047142857142855,0.0863547500548094
1995-08-10,16.08,16.044285714285714,0.08462803768131594
1995-08-11,16.23,16.05857142857143,0.10699354675636098
1995-08-14,15.93,16.05,0.11547005383743132
1995-08-15,15.85,16.017142857142858,0.1363468965189885
1995-08-16,15.78,16.0,0.15916448515047468
1995-08-17,15.85,15.978571428571428,0.16896040674518922
1995-08-18,16.03,15.964285714285714,0.15788784446071574
1995-08-21,16.25,15.98857142857143,0.18871747591086366
1995-08-22,16.23,15.98857142857143,0.18871747591086366
1995-08-23,16.5,16.07,0.2662705391136762
1995-08-24,16.3,16.134285714285713,0.2585122268451997
1995-08-25,16.15,16.187142857142856,0.20661673744005515
1995-08-29,16.23,16.24142857142857,0.14357675896253697
1995-08-30,16.18,16.262857142857143,0.11513966674020507
1995-08-31,16.2,16.255714285714284,0.11759494644105013
1995-09-01,16.25,16.25857142857143,0.11710800875340674
1995-09-04,16.62,16.275714285714283,0.15946338585542244
1995-09-05,16.68,16.330000000000002,0.22166040091374456
1995-09-06,16.63,16.398571428571426,0.230754456181313
1995-09-07,16.6,16.451428571428572,0.22806640636929615
1995-09-08,16.93,16.55857142857143,0.2539966253992657
1995-09-11,16.75,16.63714285714286,0.20491577828564786
1995-09-12,16.9,16.73,0.1358921140707295
1995-09-13,16.85,16.762857142857143,0.1326290925492027
1995-09-14,17.0,16.80857142857143,0.1529083136422138
1995-09-15,17.18,16.88714285714286,0.18400310556374744
1995-09-18,17.23,16.97714285714286,0.1739458043676603
1995-09-19,17.23,17.02,0.19595917942258667
1995-09-20,17.0,17.055714285714284,0.15757084574421826
1995-09-21,16.6,17.012857142857143,0.23077509150061204
1995-09-22,16.4,16.94857142857143,0.32651843089518545
1995-09-25,16.18,16.83142857142857,0.43429746224707
1995-09-26,16.15,16.684285714285714,0.46956920479859693
1995-09-27,16.28,16.548571428571428,0.42025502461508263
1995-09-28,16.65,16.465714285714284,0.3048418793874999
1995-09-29,16.58,16.405714285714286,0.20815516190692543
1995-10-02,16.55,16.39857142857143,0.20111593434520633
1995-10-03,16.58,16.424285714285713,0.2125133049054406
1995-10-04,16.4,16.455714285714283,0.18482939366300746
1995-10-05,15.85,16.412857142857142,0.2785506707771559
1995-10-06,15.75,16.337142857142858,0.37575321181647753
1995-10-09,16.0,16.244285714285716,0.36573474645133386
1995-10-10,15.95,16.154285714285713,0.34635517140908456
1995-10-11,16.05,16.08285714285714,0.2995393288430029
1995-10-12,15.9,15.985714285714284,0.20759392595916498
1995-10-13,15.98,15.925714285714287,0.10146545271734508
1995-10-16,16.15,15.968571428571428,0.12482368517574162
1995-10-17,16.03,16.00857142857143,0.07988086367119013
1995-10-18,15.98,16.005714285714284,0.08059303999192964
1995-10-19,15.85,15.991428571428573,0.09889869756904816
1995-10-20,15.8,15.955714285714288,0.11759494644103735
1995-10-23,15.88,15.952857142857143,0.1194032782508155
1995-10-24,16.08,15.967142857142857,0.12880402241535754
1995-10-25,15.98,15.942857142857145,0.101770048919321
1995-10-26,16.3,15.98142857142857,0.169157576579314
1995-10-27,16.35,16.034285714285716,0.21907815522124163
1995-10-30,16.45,16.12,0.2501332977965474
1995-10-31,16.58,16.231428571428573,0.25745087372325876
1995-11-01,16.53,16.324285714285715,0.22471145519345898
1995-11-02,16.83,16.431428571428572,0.2641608456620392
1995-11-03,16.88,16.56,0.22375581929104532
1995-11-06,16.78,16.62857142857143,0.20342308713835155
1995-11-07,16.7,16.678571428571427,0.16242214252034926
1995-11-08,16.75,16.72142857142857,0.1279880946842447
1995-11-09,16.9,16.767142857142854,0.12618957771449565
1995-11-10,16.83,16.81,0.07118052167989836
1995-11-13,16.63,16.78142857142857,0.09719886340679706
1995-11-14,16.58,16.738571428571426,0.11156889820900191
1995-11-15,16.73,16.73142857142857,0.11006491590982484
1995-11-16,16.78,16.74285714285714,0.11041048949455848
1995-11-17,17.03,16.782857142857143,0.15510365197859577
1995-11-20,16.8,16.768571428571427,0.1469045689585794
1995-11-21,16.6,16.735714285714288,0.1562964216753624
1995-11-22,16.9,16.774285714285714,0.15914952537951618
1995-11-23,16.88,16.81714285714286,0.13695671891915145
1995-11-24,16.93,16.845714285714287,0.13660858231408227
1995-11-27,17.2,16.905714285714286,0.18617707904537487
1995-11-28,17.25,16.937142857142856,0.2251454556291145
1995-11-29,17.3,17.00857142857143,0.2520865308730118
1995-11-30,17.13,17.084285714285713,0.17746897783898702
1995-12-01,17.18,17.124285714285715,0.1596722834283332
1995-12-04,17.35,17.19142857142857,0.13704361488569097
1995-12-05,17.53,17.277142857142856,0.133879832401305
1995-12-06,17.55,17.327142857142857,0.1625540203249537
1995-12-07,17.48,17.36,0.16753109164171634
1995-12-08,17.73,17.42142857142857,0.2141983949075147
1995-12-11,17.68,17.5,0.18885620632289432
1995-12-12,17.48,17.54285714285714,0.12854497082274996
1995-12-13,17.7,17.592857142857145,0.1073490080244138
1995-12-14,17.9,17.645714285714288,0.15273693537776475
1995-12-15,18.15,17.73142857142857,0.23582681296729688
1995-12-18,18.33,17.852857142857143,0.29595688231651635
1995-12-19,18.03,17.895714285714284,0.296920704501967
1995-12-20,18.05,17.94857142857143,0.28480569817742296
1995-12-21,18.1,18.037142857142857,0.19796584602028233
1995-12-22,18.18,18.105714285714285,0.13476611132610078
1995-12-27,18.73,18.224285714285717,0.24425786530215454
1995-12-28,18.78,18.314285714285713,0.31743015729758634
1995-12-29,18.65,18.360000000000003,0.34215006454293534
1996-01-02,18.95,18.49142857142857,0.36983908984993497
1996-01-03,19.15,18.648571428571426,0.38442288222872184
1996-01-04,19.13,18.795714285714286,0.3331594784713971
1996-01-05,19.5,18.98428571428571,0.29832069672643463
1996-01-08,19.68,19.12,0.3706750598571691
1996-01-09,19.05,19.158571428571427,0.34236571924537684
1996-01-10,18.48,19.134285714285713,0.3875072963984308
1996-01-11,17.85,18.97714285714286,0.6249723803421893
1996-01-12,17.58,18.752857142857142,0.8076243822825285
1996-01-15,17.5,18.52,0.9093404203047827
1996-01-16,17.73,18.267142857142858,0.8344202435566906
1996-01-17,17.43,17.945714285714285,0.5998571258463278
1996-01-18,17.88,17.77857142857143,0.3531490984192383
1996-01-19,17.53,17.642857142857142,0.1775494565574209
1996-01-22,17.53,17.59714285714286,0.15510365197881565
1996-01-23,17.38,17.568571428571428,0.1758245879116642
1996-01-24,17.33,17.544285714285714,0.19730324738480798
1996-01-25,17.0,17.44,0.26432303468801027
1996-01-26,16.7,17.335714285714285,0.3852642877669525
1996-01-29,16.23,17.1,0.4878524367060079
1996-01-30,16.53,16.957142857142856,0.48736414468422723
1996-01-31,16.63,16.828571428571426,0.4258884271507295
1996-02-01,16.78,16.74285714285714,0.3500340119528018
1996-02-02,17.05,16.702857142857145,0.2809338169814592
1996-02-05,16.93,16.692857142857143,0.26961171374856485
1996-02-06,16.83,16.711428571428574,0.2746166158742925
1996-02-07,16.93,16.81142857142857,0.18188169886198433
1996-02-08,17.05,16.885714285714286,0.1514218327340709
1996-02-09,17.23,16.97142857142857,0.15236235005493964
1996-02-12,17.18,17.02857142857143,0.14334440710261637
1996-02-13,18.08,17.175714285714285,0.4236294427467176
1996-02-14,18.28,17.36857142857143,0.573801027402026
1996-02-15,18.18,17.56142857142857,0.5892772005157093
1996-02-16,18.2,17.74285714285714,0.5570970677154621
1996-02-19,18.2,17.907142857142855,0.4834154281676475
1996-02-20,18.58,18.099999999999998,0.4351245032555386
1996-02-21,19.05,18.367142857142856,0.33974079755583114
1996-02-22,19.28,18.53857142857143,0.45418162928615363
1996-02-23,18.85,18.62,0.4511836285446804
1996-02-26,18.85,18.715714285714284,0.4116170203340164
1996-02-27,19.0,18.830000000000002,0.3511884584285507
1996-02-28,18.65,18.89428571428571,0.24033706489427845
1996-02-29,18.8,18.92571428571429,0.20403080999855108
1996-03-01,18.55,18.854285714285712,0.2379675848275566
1996-03-04,18.4,18.728571428571428,0.2058663459165524
1996-03-05,18.75,18.714285714285715,0.19940387348791663
1996-03-06,19.18,18.761428571428574,0.26504267401251075
1996-03-07,19.03,18.76571428571429,0.26974414685399223
1996-03-08,18.85,18.794285714285714,0.2660110989451187
1996-03-11,18.93,18.812857142857144,0.27096828139820267
1996-03-12,19.3,18.919999999999998,0.2967602848542213
1996-03-13,19.58,19.08857142857143,0.2871369343148309
1996-03-14,19.4,19.181428571428572,0.2635291616647465
1996-03-15,19.3,19.198571428571427,0.26729687436953864
1996-03-18,20.5,19.408571428571427,0.5454792562946222
1996-03-19,20.35,19.622857142857146,0.5828297145741639
1996-03-20,20.38,19.830000000000002,0.5524189231613997
1996-03-21,20.35,19.979999999999997,0.5264662065762695
1996-03-22,21.15,20.204285714285714,0.6480446780601273
1996-03-25,21.3,20.475714285714286,0.6529128870648813
1996-03-26,21.68,20.815714285714282,0.5502380437247859
1996-03-27,21.33,20.934285714285714,0.5602040444594728
1996-03-28,20.25,20.919999999999998,0.5785614343641583
1996-03-29,20.33,20.912857142857142,0.5865922571860757
1996-04-01,20.8,20.97714285714286,0.5372061766125349
1996-04-02,21.18,20.981428571428573,0.5389319243167927
1996-04-03,20.93,20.928571428571427,0.5203021100422962
1996-04-04,20.85,20.81,0.40153870714229883
1996-04-09,21.43,20.824285714285715,0.4242584567164391
1996-04-10,22.63,21.164285714285715,0.7304760352642842
1996-04-11,23.9,21.674285714285713,1.166831280903733
1996-04-12,22.73,21.949999999999996,1.153761962740532
1996-04-15,22.68,22.164285714285715,1.1258753208483891
1996-04-16,21.2,22.202857142857145,1.0802424771892816
1996-04-17,19.88,22.064285714285717,1.31862121352651
1996-04-18,19.33,21.764285714285712,1.6771290662206393
1996-04-19,19.53,21.321428571428573,1.8141244772748661
1996-04-22,19.38,20.675714285714285,1.5246732671063434
1996-04-23,20.88,20.41142857142857,1.2436830862594246
1996-04-24,20.73,20.132857142857144,0.7844682760893597
1996-04-25,20.35,20.01142857142857,0.6451725498250444
1996-04-26,20.05,20.035714285714285,0.6425951847226237
1996-04-29,20.05,20.138571428571428,0.5635727865275445
1996-04-30,19.5,20.134285714285713,0.5690593742560673
1996-05-01,18.95,20.072857142857146,0.6770207846567753
1996-05-02,19.45,19.868571428571425,0.6047707160963925
1996-05-03,19.38,19.67571428571429,0.48832561346095826
1996-05-07,20.08,19.63714285714286,0.4338092624536623
1996-05-08,19.85,19.608571428571427,0.4078982132604473
1996-05-09,19.35,19.50857142857143,0.36521357091578666
1996-05-10,19.23,19.47,0.3802192350036658
1996-05-13,19.48,19.545714285714286,0.30467781578034336
1996-05-14,19.63,19.571428571428573,0.30284366546849933
1996-05-15,19.5,19.58857142857143,0.2934523568049796
1996-05-16,18.63,19.381428571428575,0.38593732528445907
1996-05-17,18.05,19.124285714285715,0.5750320902019272
1996-05-20,18.63,19.021428571428572,0.5920706199835521
1996-05-21,18.7,18.945714285714285,0.5948349110708425
1996-05-22,19.4,18.934285714285714,0.5835196981210856
1996-05-23,19.53,18.919999999999998,0.5645647290908438
1996-05-24,19.73,18.95285714285714,0.6088983025573553
1996-05-28,19.53,19.08142857142857,0.6241909048635496
1996-05-29,18.95,19.21,0.44260591952672396
1996-05-30,18.1,19.134285714285713,0.5818034359604037
1996-05-31,18.1,19.048571428571428,0.6904932674407784
1996-06-03,18.25,18.884285714285713,0.7286942006735904
1996-06-04,18.5,18.737142857142857,0.6788645983237174
1996-06-05,18.2,18.518571428571427,0.5375074750311459
1996-06-06,18.18,18.325714285714287,0.3068037995668211
1996-06-07,18.4,18.247142857142858,0.1512959886796103
1996-06-10,18.48,18.301428571428573,0.15773697214356164
1996-06-11,18.28,18.32714285714286,0.13199927849756107
1996-06-12,18.23,18.324285714285715,0.1341463309051169
1996-06-13,17.98,18.25,0.16176114078087864
1996-06-14,17.83,18.197142857142858,0.22779481159705844
1996-06-17,18.7,18.27142857142857,0.29588446908833244
1996-06-18,18.8,18.32857142857143,0.3571380952064429
1996-06-19,18.4,18.31714285714286,0.35273759301196733
1996-06-20,18.43,18.33857142857143,0.35465610438990036
1996-06-21,18.45,18.37,0.35317606562931475
1996-06-24,18.38,18.427142857142858,0.3091770951906806
1996-06-25,18.38,18.505714285714284,0.17125586538464976
1996-06-26,18.6,18.49142857142857,0.15582346543773745
1996-06-27,19.38,18.57428571428571,0.3633114890769541
1996-06-28,19.28,18.7,0.43760712974091265
1996-07-01,19.77,18.89142857142857,0.5722012632932334
1996-07-02,19.43,19.03142857142857,0.5660514868051996
1996-07-03,19.13,19.138571428571428,0.48776458021711727
1996-07-04,19.77,19.337142857142855,0.4030597261662894
1996-07-05,19.99,19.535714285714285,0.31133353726940416
1996-07-08,19.62,19.57,0.3044667469529459
1996-07-09,19.63,19.62,0.2763451947597018
1996-07-10,19.8,19.624285714285715,0.27927627556838613
1996-07-11,20.01,19.707142857142856,0.29747348821464714
1996-07-12,19.93,19.821428571428573,0.161289447002593
1996-07-15,20.2,19.882857142857144,0.21226667863152993
1996-07-16,20.3,19.927142857142858,0.2643050186002202
1996-07-17,19.75,19.945714285714285,0.2428207255611129
1996-07-18,19.95,19.99142857142857,0.19978559936694062
1996-07-19,19.45,19.94142857142857,0.2823962093367038
1996-07-22,19.23,19.830000000000002,0.3857892343410447
1996-07-23,19.5,19.768571428571427,0.40114122913806755
1996-07-24,19.36,19.648571428571426,0.3753855161222862
1996-07-25,19.5,19.534285714285712,0.24213337528865447
1996-07-26,18.92,19.415714285714284,0.31202869220955437
1996-07-29,18.99,19.27857142857143,0.24093073495864736
1996-07-30,18.9,19.2,0.2642599730065549
1996-07-31,19.0,19.167142857142856,0.2740264151328601
1996-08-01,18.84,19.072857142857142,0.25316096893194723
1996-08-02,19.63,19.111428571428572,0.3167769231615633
1996-08-05,19.65,19.132857142857144,0.35069998031161165
1996-08-06,19.45,19.208571428571425,0.35427995387035116
1996-08-07,19.48,19.27857142857143,0.35229857466981257
1996-08-08,20.03,19.439999999999998,0.40488681546012056
1996-08-09,20.05,19.59,0.4091861841918001
1996-08-12,20.65,19.84857142857143,0.4277237648854035
1996-08-13,21.03,20.048571428571428,0.6007891635571944
1996-08-14,20.9,20.22714285714286,0.6465991619161108
1996-08-15,20.88,20.43142857142857,0.5829073274381619
1996-08-16,21.3,20.69142857142857,0.48557280852732104
1996-08-19,21.58,20.912857142857145,0.4870904873401951
1996-08-20,21.35,21.09857142857143,0.32369886064230263
1996-08-21,20.8,21.12,0.29251780572614644
1996-08-22,21.25,21.15142857142857,0.2930545211750304
1996-08-23,20.78,21.134285714285713,0.31304191108446033
1996-08-27,20.45,21.072857142857142,0.40106999745345423
1996-08-28,20.68,20.984285714285715,0.41088754109700054
1996-08-29,21.0,20.90142857142857,0.3189267717117071
1996-08-30,20.98,20.84857142857143,0.25680268504784504
1996-09-02,22.23,21.052857142857142,0.5787260228501738
1996-09-03,21.9,21.145714285714288,0.661812086694865
1996-09-04,22.2,21.34857142857143,0.7436044775603489
1996-09-05,22.15,21.591428571428573,0.67573240688491
1996-09-06,22.43,21.84142857142857,0.6020362273549776
1996-09-09,22.25,22.02,0.48483674228225265
1996-09-10,22.68,22.26285714285714,0.24205469669205973
1996-09-11,23.3,22.415714285714284,0.4587249409273332
1996-09-12,23.35,22.62285714285714,0.5113939865935363
1996-09-13,23.83,22.85571428571429,0.6413490246572445
1996-09-16,22.6,22.919999999999998,0.5782732917922366
1996-09-17,21.7,22.815714285714282,0.7278474460779057
1996-09-18,22.38,22.83428571428571,0.7125039682430764
1996-09-19,22.08,22.74857142857143,0.7680804769344431
1996-09-20,21.78,22.53142857142857,0.8003838364900295
1996-09-23,22.15,22.360000000000003,0.7203471385382223
1996-09-24,22.78,22.21,0.4023679907748624
1996-09-25,23.05,22.274285714285714,0.499328120006047
1996-09-26,23.35,22.509999999999998,0.5678027826633203
1996-09-27,22.9,22.584285714285716,0.5818034359605053
1996-09-30,24.15,22.88,0.7763160868273218
1996-10-01,23.18,23.080000000000002,0.6077280093376959
1996-10-02,23.13,23.22,0.4502591846187729
1996-10-03,23.63,23.34142857142857,0.4257710093244781
1996-10-04,23.88,23.46,0.44616887684698775
1996-10-07,24.28,23.592857142857145,0.5371441236056201
1996-10-08,24.55,23.82857142857143,0.5444088099775739
1996-10-09,24.58,23.889999999999997,0.6073439442909706
1996-10-10,23.63,23.95428571428571,0.5397177392818273
1996-10-11,23.85,24.057142857142857,0.40929672552325674
1996-10-14,24.75,24.217142857142857,0.4327321837550306
1996-10-15,24.58,24.31714285714286,0.42259966421038886
1996-10-16,24.5,24.34857142857143,0.4275288906977055
1996-10-17,24.83,24.388571428571428,0.4612818578496359
1996-10-18,25.18,24.474285714285713,0.5499956709788729
1996-10-21,25.08,24.681428571428572,0.44133995103686474
1996-10-22,25.4,24.90285714285714,0.3292777088174789
1996-10-23,24.6,24.881428571428568,0.3453707462730888
1996-10-24,24.28,24.83857142857143,0.40284110066033274
1996-10-25,24.13,24.785714285714285,0.4728585814971665
1996-10-28,24.45,24.73142857142857,0.4884816124631081
1996-10-29,23.3,24.462857142857143,0.680017506777636
1996-10-30,23.15,24.187142857142856,0.7729966426344068
1996-10-31,22.8,23.815714285714282,0.7156082993478226
1996-11-01,22.3,23.487142857142857,0.8164090944643151
1996-11-04,22.1,23.175714285714285,0.8770947714446027
1996-11-05,21.85,22.849999999999998,0.8869423130434572
1996-11-06,21.85,22.47857142857143,0.6047431568149293
1996-11-07,21.75,22.25714285714286,0.53340773290608
1996-11-08,22.4,22.150000000000002,0.3763863263547955
1996-11-11,22.7,22.13571428571429,0.3484660262188589
1996-11-12,22.38,22.147142857142857,0.35598287813320567
1996-11-13,22.88,22.25857142857143,0.4487548912058188
1996-11-14,23.18,22.448571428571427,0.5224438908129926
1996-11-15,23.28,22.65285714285714,0.5289207340021269
1996-11-18,22.75,22.795714285714286,0.34880066622946004
1996-11-19,23.13,22.900000000000002,0.318590646441815
1996-11-20,23.4,23.0,0.3533176097133429
1996-11-21,22.9,23.07428571428571,0.23663312975037365
1996-11-22,23.86,23.214285714285715,0.36017852716228743
1996-11-25,23.22,23.22,0.35986108430924196
1996-11-26,22.78,23.148571428571426,0.3939724428364338
1996-11-27,23.07,23.194285714285712,0.35683129267035124
1996-11-28,23.0,23.175714285714285,0.3640447382242923
1996-11-29,23.17,23.142857142857142,0.35055737931285635
1996-12-02,23.5,23.22857142857143,0.35460910739551266
1996-12-03,24.12,23.26571428571429,0.43603735095608
1996-12-04,24.21,23.407142857142855,0.5612995126110206
1996-12-05,24.49,23.65142857142857,0.6126289951630722
1996-12-06,24.56,23.864285714285717,0.6353701583293564
1996-12-09,24.18,24.032857142857146,0.5125008710796295
1996-12-10,23.74,24.11428571428571,0.3809574404429051
1996-12-11,22.95,24.035714285714285,0.5485999496556134
1996-12-12,22.65,23.82571428571428,0.7538978079037888
1996-12-13,22.83,23.62857142857143,0.8146457015462909
1996-12-16,23.98,23.555714285714284,0.7445548366387349
1996-12-17,24.05,23.482857142857142,0.6486836487770474
1996-12-18,23.69,23.412857142857142,0.5841436548692761
1996-12-19,24.18,23.475714285714286,0.6456484374349033
1996-12-20,23.96,23.619999999999997,0.6209669878505859
1996-12-23,23.51,23.742857142857144,0.46172554206011507
1996-12-24,23.66,23.861428571428572,0.24299715851805984
1996-12-27,23.55,23.800000000000004,0.26166135875764623
1996-12-30,23.95,23.785714285714285,0.2481167160070749
1996-12-31,23.9,23.815714285714286,0.24730933011541667
1997-01-02,24.45,23.854285714285712,0.3230509321486889
1997-01-03,24.19,23.887142857142855,0.3464445258970653
1997-01-06,24.76,24.065714285714286,0.4313875729497498
1997-01-07,24.76,24.222857142857144,0.4584653489531326
1997-01-08,24.78,24.398571428571426,0.3878757778566026
1997-01-09,24.83,24.524285714285718,0.3598544679387574
1997-01-10,24.22,24.57,0.27844808013987543
1997-01-13,23.41,24.421428571428574,0.5231133902395018
1997-01-15,23.31,24.295714285714286,0.6724298511831169
1997-01-16,23.31,24.088571428571424,0.7267147209975343
1997-01-17,22.87,23.818571428571428,0.7844834515236863
1997-01-20,22.86,23.544285714285714,0.7257606846811104
1997-01-21,22.98,23.28,0.47201694884846757
1997-01-22,22.93,23.095714285714287,0.23733640982534537
1997-01-23,22.93,23.027142857142856,0.19737563896629753
1997-01-24,22.8,22.95428571428571,0.16741735701169533
1997-01-27,22.56,22.84714285714286,0.1394888628434234
1997-01-28,22.62,22.81142857142857,0.16272969114811275
1997-01-29,23.01,22.83285714285714,0.17923116225706334
1997-01-30,23.43,22.897142857142857,0.2883120003121943
1997-01-31,23.28,22.947142857142858,0.3231983026832799
1997-02-03,22.91,22.944285714285712,0.32346340044706995
1997-02-04,22.65,22.922857142857143,0.33920074123939176
1997-02-05,22.69,22.94142857142857,0.31897902603122524
1997-02-06,21.86,22.832857142857144,0.5154517205235472
1997-02-10,20.73,22.50714285714286,0.934714114684635
1997-02-11,21.25,22.195714285714285,0.9391460153221327
1997-02-12,21.15,21.891428571428573,0.8719409110605776
1997-02-13,20.47,21.542857142857144,0.8845095493307783
1997-02-14,20.56,21.244285714285716,0.7969077140811824
1997-02-17,20.48,20.928571428571427,0.5174755572789295
1997-02-18,20.56,20.74285714285714,0.32494688210638406
1997-02-19,20.98,20.77857142857143,0.3368198614212106
1997-02-20,20.57,20.68142857142857,0.2695322226521399
1997-02-21,20.13,20.535714285714285,0.24892148312688533
1997-02-24,19.87,20.449999999999996,0.35571524191903353
1997-02-25,20.08,20.381428571428575,0.37662663082660813
1997-02-26,19.82,20.287142857142857,0.4270719801048277
1997-02-27,19.96,20.201428571428572,0.42337645074779573
1997-02-28,19.44,19.981428571428573,0.34406533155947516
1997-03-03,19.1,19.771428571428572,0.37239891565514543
1997-03-04,19.4,19.66714285714286,0.357151428468818
1997-03-05,19.38,19.59714285714286,0.35878100496540044
1997-03-06,19.55,19.521428571428572,0.28904605004703177
1997-03-10,19.21,19.434285714285718,0.27567233828479976
1997-03-11,18.57,19.235714285714288,0.3292849395717044
1997-03-12,18.98,19.169999999999998,0.3276176633417413
1997-03-13,19.3,19.198571428571427,0.3292126248811272
1997-03-14,19.44,19.204285714285714,0.3336094094827177
1997-03-17,18.98,19.147142857142857,0.3327518738098692
1997-03-18,19.54,19.145714285714288,0.33074950959208926
1997-03-19,20.0,19.25857142857143,0.46419925935003653
1997-03-20,19.62,19.40857142857143,0.36329182812323774
1997-03-21,19.39,19.467142857142857,0.31212787367356665
1997-03-24,18.93,19.414285714285715,0.37093832114707387
1997-03-25,18.77,19.318571428571428,0.4426973598081684
1997-03-26,18.91,19.30857142857143,0.4523062594980559
1997-03-27,18.53,19.164285714285715,0.5219149720935452
1997-03-28,18.53,18.954285714285714,0.4142405558312734
1997-03-31,18.53,18.798571428571428,0.31535316559023147
1997-04-01,18.15,18.62142857142857,0.27321716462875645
1997-04-02,17.97,18.48428571428571,0.3279663165053083
1997-04-03,17.28,18.271428571428572,0.5318028635823949
1997-04-04,17.25,18.034285714285716,0.5684439914615297
1997-04-07,16.92,17.804285714285715,0.6537547231916386
1997-04-08,16.98,17.582857142857144,0.6290128320291053
1997-04-09,17.02,17.367142857142856,0.4946282875627622
1997-04-10,17.25,17.238571428571426,0.35427995387039807
1997-04-11,17.54,17.177142857142858,0.2170034013341754
1997-04-14,17.61,17.224285714285717,0.27195938072078
1997-04-15,17.53,17.264285714285712,0.295908608800134
1997-04-16,17.24,17.31,0.2558645474988544
1997-04-17,17.0,17.312857142857144,0.2516422252403929
1997-04-18,17.26,17.347142857142856,0.21937139632125469
1997-04-21,17.74,17.417142857142856,0.25798671062144024
1997-04-22,17.72,17.442857142857143,0.28028047177295623
1997-04-23,17.46,17.42142857142857,0.27095070716721453
1997-04-24,17.8,17.46,0.30594117081577665
1997-04-25,18.07,17.57857142857143,0.3621430919508863
1997-04-28,17.92,17.71,0.2731910198624093
1997-04-29,18.27,17.854285714285716,0.2624155192857995
1997-04-30,18.25,17.927142857142858,0.294262597335454
1997-05-01,18.24,18.001428571428573,0.2988549576540724
1997-05-02,17.7,18.035714285714285,0.23287028884918656
1997-05-05,17.72,18.024285714285714,0.24784787961308807
1997-05-06,17.82,17.988571428571426,0.2579682520151489
1997-05-07,17.84,17.97714285714286,0.2632308420200957
1997-05-08,18.32,17.98428571428571,0.27299921506975794
1997-05-09,18.62,18.037142857142857,0.3561701038229845
1997-05-12,19.42,18.205714285714286,0.6368374241217597
1997-05-13,19.4,18.448571428571427,0.7292788349100446
1997-05-14,19.1,18.645714285714288,0.6846618908352055
1997-05-15,19.4,18.87142857142857,0.6249114222947284
1997-05-16,19.77,19.147142857142857,0.509009308550061
1997-05-19,19.92,19.375714285714285,0.4285579362957129
1997-05-20,19.75,19.537142857142857,0.2853485754720808
1997-05-21,19.7,19.577142857142857,0.28581545827791155
1997-05-22,20.03,19.667142857142856,0.3181045051403907
1997-05-23,20.15,19.81714285714286,0.2453374740854176
1997-05-27,19.33,19.807142857142857,0.26575140549759396
1997-05-28,18.88,19.68,0.44136152981443477
1997-05-29,19.38,19.602857142857143,0.43961021696189184
1997-05-30,18.99,19.494285714285713,0.4883597425007285
1997-06-02,19.17,19.41857142857143,0.49222043068232363
1997-06-03,18.59,19.21285714285714,0.4949987974974778
1997-06-04,18.36,18.957142857142856,0.3789333400357055
1997-06-05,17.96,18.761428571428574,0.49137319732333606
1997-06-06,17.43,18.554285714285715,0.6960569215914584
1997-06-09,17.08,18.225714285714286,0.7792059450248349
1997-06-10,17.01,17.942857142857143,0.8141194483554716
1997-06-11,16.69,17.58857142857143,0.7259345372560063
1997-06-12,16.79,17.33142857142857,0.6236833751039802
1997-06-13,16.83,17.11285714285714,0.445896635470542
1997-06-16,17.15,16.997142857142858,0.2526337458138729
1997-06-17,17.55,17.014285714285712,0.28843584745204137
1997-06-18,17.22,17.034285714285712,0.2984324123851899
1997-06-19,17.34,17.08142857142857,0.3192923723607545
1997-06-20,17.09,17.138571428571428,0.269470380031695
1997-06-23,17.8,17.282857142857143,0.31778998755564647
1997-06-24,17.65,17.4,0.2706781606757529
1997-06-25,17.65,17.47142857142857,0.2594499676516218
1997-06-26,17.6,17.478571428571428,0.26264225170580296
1997-06-27,18.0,17.59,0.2977694857886026
1997-06-30,18.22,17.715714285714284,0.3549111223419834
1997-07-02,18.83,17.96428571428571,0.44222381749747913
1997-07-03,18.18,18.018571428571427,0.4420191764856939
1997-07-07,18.28,18.10857142857143,0.4179485044608851
1997-07-09,18.25,18.194285714285716,0.36659956095906004
1997-07-10,18.16,18.274285714285714,0.2612697930531622
1997-07-11,18.0,18.274285714285714,0.2612697930531622
1997-07-14,17.79,18.212857142857143,0.3200892732618214
1997-07-15,18.19,18.121428571428574,0.17121415161844802
1997-07-16,18.27,18.134285714285713,0.1795231779707304
1997-07-17,18.83,18.212857142857143,0.3196203104580198
1997-07-18,18.21,18.207142857142856,0.31920287622547255
1997-07-21,18.23,18.217142857142857,0.3185756993096214
1997-07-22,18.47,18.284285714285712,0.3146880541563484
1997-07-23,18.71,18.415714285714284,0.261461096077486
1997-07-24,18.66,18.482857142857142,0.25408097696852017
1997-07-25,18.77,18.554285714285715,0.25454908779127783
1997-07-28,18.76,18.544285714285714,0.24302655155772326
1997-07-29,18.74,18.62,0.20033305601788612
1997-07-30,19.02,18.732857142857142,0.16306586457810682
1997-07-31,18.94,18.8,0.13025615788435618
1997-08-01,19.33,18.888571428571428,0.23082667172811222
1997-08-04,19.64,19.02857142857143,0.34031498014987305
1997-08-05,19.51,19.134285714285713,0.3609181413589869
1997-08-06,19.21,19.198571428571427,0.3210103098776402
1997-08-07,18.94,19.22714285714286,0.27962560002724096
1997-08-08,18.56,19.16142857142857,0.37440746838314115
1997-08-11,18.21,19.057142857142857,0.5197984957563843
1997-08-12,18.56,18.947142857142858,0.5337200978577354
1997-08-13,18.63,18.802857142857142,0.44421144686280006
1997-08-14,19.0,18.73,0.3380335289091917
1997-08-15,18.77,18.667142857142856,0.267439356722129
1997-08-18,18.41,18.59142857142857,0.25188810819043866
1997-08-19,18.88,18.63714285714286,0.27335656115035323
1997-08-20,18.83,18.725714285714282,0.2033762640084605
1997-08-21,18.26,18.68285714285714,0.26606479697737506
1997-08-25,17.87,18.574285714285715,0.4082832816750855
1997-08-26,17.58,18.37142857142857,0.5032371399725641
1997-08-27,17.83,18.237142857142857,0.5045695949922359
1997-08-28,17.91,18.165714285714284,0.5113660509805024
1997-08-29,17.98,18.037142857142857,0.40363821613416395
1997-09-02,18.22,17.95,0.23423634787716105
1997-09-03,18.12,17.93,0.20784609690866035
1997-09-04,17.92,17.937142857142856,0.20629382651283307
1997-09-05,18.15,18.018571428571427,0.14530755559999872
1997-09-08,18.03,18.047142857142855,0.11940327825190844
1997-09-09,18.18,18.085714285714285,0.11103410029684513
1997-09-10,18.08,18.099999999999998,0.1011599393707377
1997-09-11,18.21,18.09857142857143,0.0992351704174341
1997-09-12,18.06,18.09,0.0996661092523015
1997-09-15,18.05,18.10857142857143,0.0705758625955814
1997-09-16,18.4,18.14428571428571,0.13176458083286907
1997-09-17,18.21,18.169999999999998,0.12301761391560798
1997-09-18,18.14,18.164285714285715,0.12340409810345779
1997-09-19,18.32,18.198571428571427,0.12928374110630186
1997-09-22,18.65,18.26142857142857,0.214587089657727
1997-09-23,18.57,18.334285714285716,0.22127337110926315
1997-09-24,18.52,18.40142857142857,0.18968645808571533
1997-09-25,19.05,18.494285714285713,0.30988477121136654
1997-09-26,19.36,18.65857142857143,0.41950083716376313
1997-09-29,19.48,18.849999999999998,0.44818151084890634
1997-09-30,19.96,19.084285714285716,0.543472082780746
1997-10-01,19.87,19.25857142857143,0.5756569745786863
1997-10-02,20.08,19.474285714285713,0.557250905274008
1997-10-03,21.29,19.87,0.7249367788527891
1997-10-06,20.94,20.139999999999997,0.7205784713224894
1997-10-07,20.71,20.332857142857144,0.6546682184057792
1997-10-08,20.79,20.52,0.5489383693398124
1997-10-09,20.6,20.611428571428572,0.4902866022859189
1997-10-10,20.73,20.73428571428571,0.3653700016358149
1997-10-13,20.08,20.73428571428571,0.3653700016358149
1997-10-14,19.4,20.464285714285715,0.5419365627961996
1997-10-15,19.27,20.225714285714282,0.6536782374344134
1997-10-16,19.56,20.06142857142857,0.6561866749493448
1997-10-17,19.43,19.867142857142856,0.603758072015552
1997-10-20,19.29,19.68,0.5382068994975772
1997-10-21,19.3,19.475714285714282,0.2851231981010449
1997-10-22,19.86,19.444285714285712,0.2095119044239931
1997-10-23,19.89,19.514285714285712,0.26638675785788396
1997-10-24,19.45,19.54,0.24684678108791158
1997-10-27,19.63,19.55,0.249198715887803
1997-10-28,18.86,19.46857142857143,0.36237313050834213
1997-10-29,19.0,19.427142857142858,0.40073741551121284
1997-10-30,19.45,19.448571428571427,0.3967966973750529
1997-10-31,19.42,19.385714285714283,0.3532165125840458
1997-11-03,19.48,19.327142857142857,0.2825900614977
1997-11-04,19.1,19.277142857142856,0.2881385248867999
1997-11-05,18.93,19.177142857142858,0.26587680641720024
1997-11-06,18.97,19.192857142857143,0.2465572472887569
1997-11-07,19.24,19.22714285714286,0.23149616884650245
1997-11-10,19.14,19.18285714285714,0.21045302609040667
1997-11-12,19.26,19.16,0.1878829422809149
1997-11-13,19.71,19.192857142857143,0.2595967568953993
1997-11-14,20.24,19.35571428571429,0.46664965955418114
1997-11-17,19.54,19.442857142857143,0.42936830676852406
1997-11-18,19.39,19.502857142857145,0.378625333089676
1997-11-19,19.41,19.527142857142856,0.36412975186133983
1997-11-20,18.82,19.481428571428573,0.43418231851885786
1997-11-21,18.83,19.419999999999998,0.49665548085850525
1997-11-24,19.01,19.32,0.49899899799511377
1997-11-25,19.14,19.162857142857142,0.2907297878166946
1997-11-26,18.5,19.014285714285716,0.3290824183929788
1997-11-27,18.64,18.907142857142855,0.307772333915745
1997-11-28,18.96,18.842857142857145,0.21959920201117802
1997-12-01,18.01,18.72714285714286,0.38486856136082126
1997-12-02,18.04,18.614285714285717,0.4584705422329549
1997-12-03,17.94,18.461428571428574,0.48230103225519944
1997-12-04,17.7,18.255714285714287,0.450697871560009
1997-12-05,17.91,18.17142857142857,0.4525641233178334
1997-12-08,17.87,18.06142857142857,0.4113971548853682
1997-12-09,17.57,17.86285714285714,0.17007001359432028
1997-12-10,17.08,17.73,0.3269046751988017
1997-12-11,16.98,17.57857142857143,0.39730041410473177
1997-12-12,17.12,17.461428571428574,0.39384550995848877
1997-12-15,16.89,17.345714285714287,0.4294514773856902
1997-12-16,16.8,17.187142857142856,0.38943182055056735
1997-12-17,16.98,17.06,0.24946609656128496
1997-12-18,17.34,17.027142857142856,0.17518697494582297
1997-12-19,17.2,17.044285714285714,0.1867134295172586
1997-12-22,17.04,17.052857142857142,0.1846360641658812
1997-12-23,17.09,17.048571428571428,0.18316009130760552
1997-12-24,17.04,17.07,0.16980380835989473
1997-12-29,16.35,17.005714285714284,0.3134675497752476
1997-12-30,16.01,16.867142857142856,0.49090780823966695
1997-12-31,15.86,16.655714285714286,0.5662407362851746
1998-01-02,15.77,16.451428571428572,0.5944024610602632
1998-01-05,15.29,16.201428571428572,0.6689401710027386
1998-01-06,15.48,15.971428571428572,0.583878656669786
1998-01-07,15.33,15.727142857142857,0.38672618589562596
1998-01-08,15.47,15.601428571428572,0.27835400550592215
1998-01-09,15.33,15.504285714285714,0.22567359488609257
1998-01-12,15.07,15.391428571428573,0.21543974961582507
1998-01-13,15.08,15.292857142857143,0.1653999481783142
1998-01-14,14.81,15.224285714285715,0.24643167699956742
1998-01-15,14.75,15.120000000000001,0.2731910198626289
1998-01-16,14.89,15.057142857142859,0.2673770300357298
1998-01-19,15.38,15.044285714285715,0.24548300300052645
1998-01-20,14.95,14.99,0.2114237451192581
1998-01-21,14.67,14.932857142857143,0.23851724505941
1998-01-22,14.35,14.828571428571427,0.3117920552460291
1998-01-23,14.26,14.75,0.3792536530260355
1998-01-26,14.79,14.755714285714285,0.3795548771418486
1998-01-27,15.74,14.877142857142855,0.5341571019129724
1998-01-28,15.64,14.914285714285715,0.5818607262585781
1998-01-29,16.28,15.104285714285712,0.7791631652584002
1998-01-30,15.59,15.235714285714284,0.7712513023838723
1998-02-02,15.28,15.368571428571428,0.6661938799737882
1998-02-03,14.87,15.455714285714285,0.5211160185238476
1998-02-04,14.56,15.422857142857143,0.5745930236762239
1998-02-05,14.83,15.292857142857143,0.5935125465037691
1998-02-06,15.05,15.208571428571428,0.5776800894219337
1998-02-09,14.77,14.992857142857144,0.34663690348460474
1998-02-10,14.6,14.851428571428572,0.25122556739818774
1998-02-11,14.35,14.718571428571428,0.23197906309523847
1998-02-12,14.04,14.599999999999998,0.33216461782314405
1998-02-13,14.05,14.527142857142858,0.3927982639864129
1998-02-16,13.5,14.337142857142856,0.522229652091948
1998-02-17,13.5,14.115714285714287,0.49762292092390986
1998-02-18,13.46,13.928571428571429,0.45506148197933555
1998-02-19,14.02,13.845714285714283,0.35401775581014344
1998-02-20,13.91,13.782857142857143,0.28111173850284166
1998-02-23,13.26,13.671428571428569,0.31477126994253424
1998-02-24,13.08,13.532857142857141,0.33330237951560254
1998-02-25,13.35,13.51142857142857,0.3405108207500992
1998-02-26,13.38,13.494285714285713,0.3441829524572539
1998-02-27,13.53,13.504285714285714,0.3440376502102525
1998-03-02,13.37,13.411428571428571,0.25880678580988187
1998-03-03,13.18,13.307142857142855,0.14761597539144733
1998-03-04,13.09,13.282857142857143,0.1690871851760771
1998-03-05,13.18,13.297142857142859,0.1525029273733305
1998-03-06,12.85,13.225714285714286,0.22396853520572732
1998-03-09,12.24,13.062857142857142,0.42093999119919084
1998-03-10,12.36,12.895714285714286,0.43653396747814266
1998-03-11,12.41,12.758571428571429,0.41285302354218734
1998-03-12,12.3,12.632857142857144,0.3968086980617399
1998-03-13,12.25,12.512857142857143,0.3609115443671157
1998-03-16,11.74,12.307142857142855,0.32597107671918163
1998-03-17,11.05,12.049999999999999,0.4933558553420919
1998-03-18,12.21,12.045714285714286,0.4915572921124237
1998-03-19,12.41,12.052857142857144,0.49721605919774625
1998-03-20,12.35,12.044285714285715,0.490505084678605
1998-03-23,14.53,12.362857142857141,1.0682183654060602
1998-03-24,14.02,12.615714285714287,1.2337187300038115
1998-03-25,14.41,12.997142857142858,1.3270608411790246
1998-03-26,15.18,13.587142857142856,1.2317563921182226
1998-03-27,14.92,13.974285714285713,1.1499399570247952
1998-03-30,14.35,14.251428571428573,0.9211121642058017
1998-03-31,13.87,14.468571428571426,0.46380414585744817
1998-04-01,13.72,14.352857142857143,0.5406081231885224
1998-04-02,13.38,14.26142857142857,0.6494466509123193
1998-04-03,13.63,14.15,0.6856140799800897
1998-04-06,13.13,13.857142857142858,0.6054671553360774
1998-04-07,12.82,13.557142857142859,0.5025838001674646
1998-04-08,12.79,13.334285714285715,0.43354573549073844
1998-04-09,13.23,13.242857142857144,0.3635800822250576
1998-04-14,13.15,13.161428571428573,0.2965596382650965
1998-04-15,13.31,13.151428571428571,0.28904605004726347
1998-04-16,13.68,13.15857142857143,0.3031187100481559
1998-04-17,14.06,13.29142857142857,0.45451177364426343
1998-04-20,13.82,13.434285714285716,0.4385148094369627
1998-04-21,13.95,13.599999999999998,0.36796738985987915
1998-04-22,13.71,13.668571428571429,0.33032451576378014
1998-04-23,13.42,13.707142857142857,0.26992062325326627
1998-04-24,13.32,13.708571428571428,0.26748386689276765
1998-04-27,13.65,13.704285714285716,0.26825716162330815
1998-04-28,13.88,13.678571428571429,0.23504812070703482
1998-04-29,14.09,13.717142857142857,0.27998299268127835
1998-04-30,13.79,13.694285714285716,0.26387226347015086
1998-05-01,14.6,13.821428571428571,0.432952213353742
1998-05-05,14.13,13.922857142857142,0.4055331587643909
1998-05-06,13.91,14.007142857142858,0.30923099702987156
1998-05-07,13.81,14.03,0.2832548911027159
1998-05-08,13.94,14.03857142857143,0.27883260040371344
1998-05-11,14.41,14.084285714285715,0.3128288745659213
1998-05-12,14.75,14.221428571428573,0.3678962068952192
1998-05-13,14.15,14.157142857142857,0.32785740222046167
1998-05-14,14.29,14.180000000000001,0.3312099032339952
1998-05-15,14.33,14.239999999999998,0.31160872901809084
1998-05-18,14.72,14.370000000000001,0.29149042294204364
1998-05-19,14.87,14.502857142857144,0.2742695927806599
1998-05-20,14.58,14.527142857142858,0.27219565792042816
1998-05-21,14.29,14.46142857142857,0.26485395796151545
1998-05-22,14.33,14.487142857142857,0.23683428001608298
1998-05-26,14.27,14.484285714285715,0.23971212894254035
1998-05-27,14.78,14.54857142857143,0.25149079316721845
1998-05-28,14.71,14.547142857142857,0.250380662573478
1998-05-29,14.03,14.427142857142856,0.2703525035777159
1998-06-01,13.66,14.295714285714284,0.38357342377808096
1998-06-02,13.62,14.200000000000001,0.4610133765235073
1998-06-03,13.23,14.042857142857143,0.581140094576245
1998-06-04,13.71,13.962857142857143,0.5832013456123794
1998-06-05,13.95,13.844285714285714,0.46093590092570336
1998-06-08,13.56,13.680000000000001,0.26369173922143313
1998-06-09,12.76,13.498571428571427,0.389590749866126
1998-06-10,12.23,13.294285714285715,0.6057738065996334
1998-06-11,12.12,13.08,0.7249367788529196
1998-06-12,11.62,12.849999999999998,0.9029581016490498
1998-06-15,10.77,12.430000000000001,1.098787210215732
1998-06-16,10.77,11.975714285714286,1.020177388870318
1998-06-17,11.3,11.652857142857142,0.7595550075696801
1998-06-18,10.88,11.384285714285713,0.622919394006118
1998-06-19,10.89,11.192857142857141,0.5165176436394613
1998-06-22,11.23,11.065714285714284,0.3238753434511944
1998-06-23,12.09,11.132857142857144,0.4725362168033942
1998-06-24,12.5,11.379999999999999,0.6645299090337293
1998-06-25,11.94,11.547142857142857,0.6318679789778174
1998-06-26,12.04,11.652857142857144,0.6453865582146666
1998-06-29,11.83,11.788571428571428,0.5483742205051619
1998-06-30,11.84,11.924285714285714,0.38091368851170326
1998-07-01,11.93,12.024285714285714,0.2304240397519037
1998-07-02,11.95,12.004285714285714,0.2298446680454455
1998-07-03,11.79,11.902857142857142,0.08673989580442718
1998-07-06,11.7,11.868571428571428,0.1130528742726474
1998-07-07,11.66,11.814285714285713,0.1081445241128496
1998-07-08,11.71,11.797142857142857,0.11455919659358074
1998-07-09,11.61,11.764285714285716,0.1318910083955551
1998-07-10,11.61,11.718571428571428,0.11978154719312502
1998-07-13,11.56,11.662857142857144,0.07739816658576464
1998-07-14,11.83,11.668571428571429,0.08896227129883306
1998-07-15,11.79,11.68142857142857,0.10007140308123375
1998-07-16,12.65,11.822857142857144,0.37809673743302713
1998-07-17,12.38,11.918571428571427,0.42647503136913656
1998-07-20,12.11,11.989999999999998,0.4076354580590577
1998-07-21,12.01,12.047142857142857,0.37196389993854506
1998-07-22,12.21,12.139999999999999,0.30523215208593735
1998-07-23,12.23,12.197142857142856,0.27329558392118297
1998-07-24,12.05,12.234285714285715,0.22149922068090336
1998-07-27,12.53,12.217142857142857,0.1857161172080104
1998-07-28,12.74,12.26857142857143,0.2693466521937126
1998-07-29,12.6,12.338571428571429,0.2845129505803887
1998-07-30,12.55,12.415714285714285,0.25191646385705335
1998-07-31,12.63,12.475714285714288,0.24466692617156116
1998-08-03,12.04,12.448571428571428,0.2838678431617234
1998-08-04,12.03,12.445714285714287,0.28860914416486316
1998-08-05,12.32,12.415714285714285,0.28930129293796064
1998-08-06,12.08,12.321428571428571,0.2730951343054156
1998-08-07,12.05,12.242857142857144,0.25830952271287383
1998-08-10,11.62,12.110000000000001,0.3083288287964881
1998-08-11,11.16,11.9,0.3859620015843797
1998-08-12,11.24,11.785714285714286,0.45062390611491365
1998-08-13,11.48,11.707142857142857,0.4488769053881435
1998-08-14,11.46,11.584285714285713,0.36257675706292647
1998-08-17,11.93,11.562857142857142,0.3314973245606071
1998-08-18,11.87,11.537142857142856,0.2920453324243361
1998-08-19,11.99,11.59,0.3392147795527639
1998-08-20,12.21,11.739999999999998,0.34938040395395187
1998-08-21,12.02,11.851428571428572,0.281035500215381
1998-08-24,12.15,11.947142857142856,0.24526953104186716
1998-08-25,12.43,12.085714285714287,0.19251468713388015
1998-08-26,12.24,12.129999999999999,0.18627936010291038
1998-08-27,11.9,12.134285714285713,0.17952317797131653
1998-08-28,12.06,12.144285714285715,0.17193575766039487
1998-09-01,12.11,12.13,0.16970562748580156
1998-09-02,12.05,12.134285714285713,0.16681897802384751
1998-09-03,12.54,12.19,0.22715633383277659
1998-09-04,12.96,12.265714285714285,0.3662356774386097
1998-09-07,12.51,12.304285714285713,0.3771320344772057
1998-09-08,12.53,12.394285714285713,0.3376811683066052
1998-09-09,12.53,12.46142857142857,0.3053101467600224
1998-09-10,12.82,12.562857142857142,0.2864561796461734
1998-09-11,12.66,12.65,0.17587874611125962
1998-09-14,12.47,12.64,0.18493242008997726
1998-09-15,12.61,12.59,0.1198610306438415
1998-09-16,12.65,12.610000000000001,0.11590225767287714
1998-09-17,12.97,12.672857142857143,0.1713392624516572
1998-09-18,13.92,12.871428571428572,0.489061297161493
1998-09-21,14.31,13.084285714285715,0.728556955972258
1998-09-22,14.36,13.327142857142858,0.8385844081093614
1998-09-23,14.67,13.641428571428573,0.8752605054389602
1998-09-24,14.84,13.959999999999999,0.8424962907932029
1998-09-25,14.55,14.231428571428571,0.6291642226381914
1998-09-28,14.41,14.437142857142858,0.29426259733573623
1998-09-29,14.38,14.502857142857142,0.19371063348227877
1998-09-30,14.71,14.56,0.18618986725104547
1998-10-01,14.46,14.574285714285713,0.17154757774118048
1998-10-02,14.21,14.508571428571429,0.2120871339361452
1998-10-05,14.1,14.402857142857144,0.203610271984104
1998-10-06,13.98,14.321428571428573,0.24477394819421683
1998-10-07,13.88,14.245714285714286,0.29050858523551243
1998-10-08,13.23,14.081428571428573,0.47100702653773974
1998-10-09,12.87,13.818571428571428,0.5656685888232279
1998-10-12,13.18,13.635714285714286,0.5294921196412827
1998-10-13,12.73,13.424285714285714,0.5567422246984888
1998-10-14,12.26,13.161428571428571,0.6157767065919888
1998-10-15,11.98,12.875714285714285,0.6363137890188841
1998-10-16,12.11,12.622857142857143,0.5098272349768564
1998-10-19,11.6,12.389999999999999,0.5564171097300505
1998-10-20,11.29,12.164285714285713,0.6429841144452332
1998-10-21,11.94,11.987142857142857,0.46179772937672287
1998-10-22,11.68,11.837142857142856,0.3328019574123642
1998-10-23,12.18,11.825714285714286,0.3168520760474778
1998-10-26,12.74,11.934285714285712,0.4711637062588694
1998-10-27,12.46,11.984285714285715,0.5098972819064573
1998-10-28,12.26,12.078571428571427,0.48752533511737145
1998-10-29,12.31,12.224285714285713,0.34379534333028355
1998-10-30,12.0,12.232857142857142,0.33619013894544664
1998-11-02,12.43,12.34,0.2348758537334421
1998-11-03,11.93,12.304285714285713,0.2782598990672552
1998-11-04,11.88,12.18142857142857,0.24120728094587685
1998-11-05,11.73,12.077142857142858,0.2579220997203672
1998-11-06,11.51,11.969999999999999,0.3180670788796341
1998-11-09,11.15,11.804285714285713,0.40240349331104597
1998-11-10,11.18,11.687142857142856,0.45220623192393256
1998-11-11,11.45,11.547142857142857,0.31468048799405907
1998-11-12,11.56,11.494285714285715,0.26713649088485836
1998-11-13,11.46,11.434285714285712,0.2063053677495514
1998-11-16,11.1,11.344285714285714,0.19277423262013055
1998-11-17,10.62,11.217142857142859,0.31805210714208776
1998-11-18,10.25,11.088571428571429,0.4868411298510724
1998-11-19,10.45,10.984285714285715,0.5393470479159262
1998-11-20,10.4,10.834285714285715,0.5342239587435489
1998-11-23,10.54,10.688571428571427,0.43275969357294314
1998-11-24,10.58,10.562857142857142,0.2676262496920065
1998-11-25,10.51,10.478571428571428,0.12535663410720146
1998-11-26,10.41,10.448571428571428,0.11006491591187297
1998-11-27,10.77,10.522857142857143,0.12776466461510103
1998-11-30,9.91,10.445714285714285,0.2666369031016523
1998-12-01,9.87,10.370000000000001,0.34539832078399574
1998-12-02,9.71,10.251428571428571,0.4131355133383714
1998-12-03,10.05,10.175714285714287,0.39084767462825465
1998-12-04,9.73,10.064285714285715,0.3908476746282585
1998-12-07,9.7,9.962857142857143,0.3780967374331044
1998-12-08,9.68,9.807142857142859,0.13936932777418817
1998-12-09,9.46,9.742857142857144,0.18144919268001924
1998-12-10,9.1,9.632857142857144,0.2915312610868696
1998-12-11,9.26,9.56857142857143,0.3199181442932631
1998-12-14,9.45,9.482857142857142,0.23977171682853782
1998-12-15,9.57,9.459999999999999,0.219012937213982
1998-12-16,10.87,9.627142857142857,0.5806236384476896
1998-12-17,9.92,9.661428571428571,0.5912537123616013
1998-12-18,9.62,9.684285714285712,0.5852309271524022
1998-12-21,9.45,9.734285714285715,0.5402115987545919
1998-12-22,9.83,9.815714285714284,0.4981250560140395
1998-12-23,9.91,9.881428571428572,0.4714668094164945
1998-12-24,9.91,9.929999999999998,0.45110974274605903
1998-12-29,10.23,9.838571428571429,0.2479535286729561
1998-12-30,10.45,9.914285714285715,0.3405807365304944
1998-12-31,10.54,10.045714285714284,0.3829646259934687
1999-01-04,10.94,10.258571428571429,0.40981412743831425
1999-01-05,10.3,10.325714285714286,0.3638157566163279
1999-01-06,10.67,10.434285714285716,0.3310013667076149
1999-01-07,11.08,10.60142857142857,0.31725008912216196
1999-01-08,11.7,10.81142857142857,0.4768098353096493
1999-01-11,12.07,11.042857142857143,0.6380364223074317
1999-01-12,11.78,11.219999999999999,0.6472248450116753
1999-01-13,10.9,11.214285714285714,0.6502783286887945
1999-01-14,11.1,11.328571428571431,0.5200778330032315
1999-01-15,10.97,11.371428571428572,0.46634853101659496
1999-01-18,10.81,11.332857142857145,0.5041069425471086
1999-01-19,11.19,11.260000000000002,0.47840011148311085
1999-01-20,10.85,11.085714285714285,0.3348062694986887
1999-01-21,11.14,10.994285714285713,0.14998412614550596
1999-01-22,11.23,11.041428571428572,0.16637593690598465
1999-01-25,11.21,11.057142857142855,0.17764330231543846
1999-01-26,10.84,11.038571428571428,0.19428746497911545
1999-01-27,11.03,11.070000000000002,0.16703293088607146
1999-01-28,11.14,11.062857142857142,0.16204055929777025
1999-01-29,11.34,11.132857142857144,0.1605941349827744
1999-02-01,10.81,11.085714285714285,0.20139986286563202
1999-02-02,10.39,10.965714285714284,0.3177450310583925
1999-02-03,10.78,10.904285714285715,0.303911014545871
1999-02-04,10.42,10.844285714285714,0.35575540018712637
1999-02-05,10.18,10.722857142857142,0.42090039541148494
1999-02-08,9.97,10.555714285714286,0.4582887424200799
1999-02-09,9.77,10.331428571428573,0.3895051806005925
1999-02-10,9.88,10.198571428571428,0.3562503132836578
1999-02-11,9.82,10.117142857142856,0.37007721202144284
1999-02-12,9.97,10.001428571428573,0.22740775209897843
1999-02-16,9.98,9.938571428571427,0.1340930735771953
1999-02-17,10.09,9.925714285714287,0.10906529280969854
1999-02-18,9.93,9.92,0.10739335795923641
1999-02-19,10.29,9.994285714285715,0.15544100090493995
1999-02-22,10.24,10.045714285714284,0.17018197543314587
1999-02-23,10.58,10.154285714285715,0.23301338608684602
1999-02-24,10.64,10.25,0.27796882319260746
1999-02-25,10.84,10.372857142857143,0.32484428504165186
1999-02-26,10.58,10.442857142857141,0.30598008027356893
1999-03-01,10.52,10.527142857142858,0.20613218135672912
1999-03-02,10.41,10.544285714285715,0.1872482436828484
1999-03-03,10.81,10.625714285714285,0.15382426584355421
1999-03-04,11.2,10.714285714285714,0.2629231283644928
1999-03-05,11.02,10.768571428571429,0.28345655583883933
1999-03-08,11.49,10.861428571428572,0.39519735877324236
1999-03-09,11.25,10.957142857142857,0.39680869806184144
1999-03-10,11.46,11.09142857142857,0.3830330086489563
1999-03-11,11.86,11.298571428571426,0.34309515548119174
1999-03-12,12.3,11.511428571428572,0.4384224968163186
1999-03-15,12.17,11.65,0.4753244505952715
1999-03-16,12.11,11.805714285714286,0.4083649161745675
1999-03-17,12.95,12.014285714285714,0.5635854606259102
1999-03-18,13.35,12.314285714285713,0.6423617138566924
1999-03-19,13.15,12.555714285714286,0.582576379623792
1999-03-22,13.37,12.771428571428572,0.5612019414149749
1999-03-23,13.64,12.962857142857143,0.6007416051771236
1999-03-24,13.37,13.134285714285713,0.4994616149036973
1999-03-25,13.5,13.332857142857142,0.22558917569505296
1999-03-26,13.97,13.478571428571428,0.2633393609924487
1999-03-29,14.34,13.620000000000001,0.40857475856153963
1999-03-30,14.5,13.812857142857142,0.4645325351261807
1999-03-31,15.02,14.04857142857143,0.6009555882491571
1999-04-01,14.6,14.185714285714285,0.6017158006585595
1999-04-06,14.53,14.351428571428572,0.4887544909064392
1999-04-07,14.14,14.442857142857145,0.3402310139558118
1999-04-08,13.72,14.407142857142857,0.40508082673799084
1999-04-09,14.11,14.374285714285715,0.4204702582769644
1999-04-12,14.23,14.335714285714287,0.4193986624865396
1999-04-13,14.68,14.287142857142857,0.3389058023365855
1999-04-14,14.45,14.265714285714285,0.3200446397439489
1999-04-15,14.82,14.307142857142855,0.3741530117354895
1999-04-16,15.34,14.478571428571428,0.5280602418738547
1999-04-19,16.01,14.805714285714286,0.6700461959911036
1999-04-20,16.04,15.081428571428571,0.7304206224597701
1999-04-21,15.96,15.328571428571427,0.6856244980900076
1999-04-22,16.29,15.558571428571428,0.7016511139551463
1999-04-23,16.07,15.790000000000001,0.5182663407941921
1999-04-26,15.63,15.905714285714286,0.3169046724628213
1999-04-27,15.91,15.987142857142858,0.19838634745701592
1999-04-28,16.38,16.04,0.24846193538150615
1999-04-29,16.53,16.110000000000003,0.30989245446367447
1999-04-30,16.45,16.18,0.3253203549326682
1999-05-04,16.98,16.27857142857143,0.446259587065419
1999-05-05,16.85,16.39,0.4814907406518918
1999-05-06,16.44,16.505714285714287,0.346932132789791
1999-05-07,15.66,16.47,0.42300512211260927
1999-05-10,15.72,16.375714285714288,0.510844305793927
1999-05-11,15.23,16.19,0.6599494930170914
1999-05-12,14.74,15.945714285714287,0.8396796441275082
1999-05-13,15.21,15.692857142857145,0.7364716397735093
1999-05-14,15.18,15.454285714285716,0.5446667832373484
1999-05-17,14.98,15.245714285714286,0.34851385160726306
1999-05-18,14.43,15.070000000000002,0.4095526014244885
1999-05-19,14.42,14.884285714285713,0.3570647533648189
1999-05-20,14.44,14.771428571428572,0.3544210570980956
1999-05-21,14.49,14.735714285714284,0.3703537562414511
1999-05-24,14.83,14.681428571428572,0.31259284335143617
1999-05-25,14.71,14.614285714285714,0.22618997493734688
1999-05-26,15.18,14.642857142857142,0.28505638540014205
1999-05-27,15.04,14.73,0.30188297953607907
1999-05-28,14.75,14.777142857142858,0.26942619804080187
1999-06-01,14.22,14.745714285714286,0.3228445003849656
1999-06-02,14.28,14.715714285714286,0.35836932266702143
1999-06-03,14.26,14.634285714285715,0.3913164594402131
1999-06-04,15.21,14.705714285714285,0.4488450787990815
1999-06-07,15.98,14.819999999999999,0.6475852582223518
1999-06-08,16.25,14.992857142857144,0.846910351133683
1999-06-09,16.19,15.198571428571428,0.9470555874469628
1999-06-10,15.99,15.451428571428574,0.8758506069613132
1999-06-11,16.25,15.732857142857142,0.7431624830349537
1999-06-14,16.05,15.98857142857143,0.3622351249043585
1999-06-15,16.33,16.14857142857143,0.14052622192246875
1999-06-16,16.29,16.192857142857143,0.12671678206664214
1999-06-17,16.0,16.157142857142855,0.14221044098093888
1999-06-18,15.93,16.12,0.1644181660690769
1999-06-21,15.64,16.07,0.2443358344577954
1999-06-22,15.91,16.021428571428572,0.23625047241111483
1999-06-23,16.04,16.02,0.23607908279541115
1999-06-24,16.28,16.012857142857143,0.22566304421415423
1999-06-25,16.27,16.01,0.22166040091437905
1999-06-28,16.27,16.048571428571428,0.2421727050016317
1999-06-29,16.38,16.11285714285714,0.2641788715826114
1999-06-30,16.97,16.302857142857142,0.3359421718946905
1999-07-01,17.25,16.494285714285713,0.4403353700254056
1999-07-02,17.55,16.71,0.5394132614858791
1999-07-06,18.47,17.02285714285714,0.813771349657855
1999-07-07,18.36,17.321428571428573,0.8727815414224612
1999-07-08,18.74,17.674285714285713,0.8761441499141046
1999-07-09,18.9,18.034285714285712,0.7665693520019553
1999-07-12,18.94,18.315714285714286,0.6657040669561989
1999-07-13,19.49,18.635714285714283,0.6035135221589333
1999-07-14,19.48,18.91142857142857,0.444838119298532
1999-07-15,18.9,18.972857142857144,0.4012777211905868
1999-07-16,19.42,19.124285714285715,0.32402968705866253
1999-07-19,19.75,19.268571428571427,0.3483498515109652
1999-07-20,19.33,19.330000000000002,0.30811253355458246
1999-07-21,18.62,19.284285714285716,0.38879545362824947
1999-07-22,19.01,19.215714285714284,0.388795453628252
1999-07-23,19.69,19.245714285714286,0.4194781338305937
1999-07-26,19.73,19.364285714285717,0.4227630204129262
1999-07-27,19.46,19.37,0.42391036788463743
1999-07-28,19.65,19.35571428571429,0.41044110998046207
1999-07-29,19.97,19.447142857142858,0.4706277469407881
1999-07-30,19.97,19.639999999999997,0.3311092468255985
1999-08-02,19.21,19.66857142857143,0.27082765561829225
1999-08-03,19.32,19.615714285714287,0.300436190832575
1999-08-04,19.38,19.565714285714286,0.30729232243688637
1999-08-05,19.64,19.59142857142857,0.30449020627003587
1999-08-06,19.66,19.592857142857138,0.30483406883728204
1999-08-09,19.34,19.502857142857142,0.2653748471952376
1999-08-10,20.18,19.532857142857143,0.3307926987161216
1999-08-11,20.58,19.728571428571428,0.47970228862739867
1999-08-12,20.32,19.87142857142857,0.4866014307223383
1999-08-13,20.61,20.047142857142855,0.5014217880426401
1999-08-16,20.68,20.195714285714285,0.5145825862728959
1999-08-17,20.61,20.33142857142857,0.4733718964841624
1999-08-18,20.69,20.524285714285714,0.1956916914314245
1999-08-19,20.92,20.63,0.17776388834645276
1999-08-20,21.11,20.705714285714286,0.2507892304212543
1999-08-23,20.96,20.797142857142855,0.19779739513919942
1999-08-24,20.48,20.77857142857143,0.2228174567839395
1999-08-25,19.71,20.640000000000004,0.4646862740961717
1999-08-26,19.8,20.524285714285718,0.5637037384672541
1999-08-27,20.32,20.47142857142857,0.562921799525483
1999-08-31,21.08,20.494285714285713,0.5869087703910711
1999-09-01,21.1,20.492857142857144,0.5851698979987471
1999-09-02,20.66,20.45,0.5554877736428796
1999-09-03,20.74,20.487142857142857,0.5664131085381624
1999-09-06,21.14,20.69142857142857,0.49245739482145234
1999-09-07,21.71,20.964285714285715,0.44286405524563
1999-09-08,21.96,21.198571428571427,0.47764800747793323
1999-09-09,22.51,21.40285714285714,0.6809971680243261
1999-09-10,22.36,21.582857142857144,0.750571211050052
1999-09-13,22.98,21.914285714285715,0.7865082568512662
1999-09-14,23.18,22.262857142857143,0.7169545379755735
1999-09-15,23.25,22.564285714285713,0.6002459813236389
1999-09-16,23.06,22.75714285714286,0.48602860977903095
1999-09-17,22.93,22.895714285714288,0.3359988662111189
1999-09-20,22.85,22.944285714285716,0.29273749007456257
1999-09-21,22.68,22.990000000000002,0.19493588689595795
1999-09-22,22.49,22.919999999999998,0.27190684679362476
1999-09-23,23.41,22.95285714285714,0.3184710497419286
1999-09-24,23.66,23.01142857142857,0.4074894097366602
1999-09-27,23.6,23.08857142857143,0.465239313738131
1999-09-28,23.24,23.13285714285714,0.4623748221847524
1999-09-29,23.46,23.22,0.4576388678130752
1999-09-30,22.98,23.26285714285714,0.4102322222721825
1999-10-01,22.98,23.332857142857144,0.2763279624957186
1999-10-04,23.3,23.317142857142862,0.27433035351020896
1999-10-05,22.64,23.17142857142857,0.3275885921612466
1999-10-06,23.07,23.095714285714283,0.26782190244354076
1999-10-07,22.33,22.965714285714288,0.3824420279752467
1999-10-08,20.78,22.582857142857144,0.8548433440444396
1999-10-11,20.84,22.27714285714286,1.0496144416834368
1999-10-12,21.89,22.12142857142857,1.007991874494822
1999-10-13,22.26,21.972857142857144,0.872920658588426
1999-10-14,22.28,21.92142857142857,0.8369274873294568
1999-10-15,21.65,21.71857142857143,0.6669689790744476
1999-10-18,22.26,21.708571428571428,0.6567198431454205
1999-10-19,21.59,21.82428571428571,0.5237320288995369
1999-10-20,21.02,21.849999999999998,0.46889942062946943
1999-10-21,21.68,21.82,0.4726168285901949
1999-10-22,22.38,21.837142857142858,0.49297445118768085
1999-10-25,22.45,21.86142857142857,0.5217735323371655
1999-10-26,22.14,21.931428571428572,0.5215498880397407
1999-10-27,22.18,21.919999999999998,0.513971464836957
1999-10-28,21.22,21.86714285714286,0.569582135888928
1999-10-29,21.11,21.88,0.5478746815346095
1999-11-01,21.32,21.828571428571426,0.5853895731740859
1999-11-02,21.98,21.771428571428572,0.5403834617327546
1999-11-03,22.38,21.761428571428574,0.5261947855888947
1999-11-04,22.64,21.83285714285714,0.6129359478693205
1999-11-05,22.8,21.92142857142857,0.7087648545516346
1999-11-08,23.62,22.264285714285712,0.8741063463686004
1999-11-09,24.44,22.740000000000002,1.032924650365777
1999-11-10,25.42,23.32571428571429,1.235999691786018
1999-11-11,24.96,23.75142857142857,1.2081311817765563
1999-11-12,25.39,24.181428571428572,1.1738317393820923
1999-11-15,25.93,24.65142857142857,1.1107419227918889
1999-11-16,24.88,24.94857142857143,0.7537556759636398
1999-11-17,24.98,25.142857142857142,0.4796774710055177
1999-11-18,25.02,25.225714285714286,0.3771762250747965
1999-11-19,25.14,25.185714285714287,0.3678703187651078
1999-11-22,25.86,25.314285714285717,0.4281688585457106
1999-11-23,25.66,25.352857142857143,0.44783606694515626
1999-11-24,25.77,25.330000000000002,0.4164532786917373
1999-11-25,25.94,25.481428571428573,0.41826740136828344
1999-11-26,25.85,25.60571428571429,0.37102817246357045
1999-11-29,25.67,25.698571428571427,0.2666726189807145
1999-11-30,25.2,25.70714285714286,0.2458803425589168
1999-12-01,24.2,25.47,0.6078925343620317
1999-12-02,25.52,25.45,0.6028819674417443
1999-12-03,26.17,25.50714285714286,0.6549736454165423
1999-12-06,26.46,25.581428571428575,0.7366461966557439
1999-12-07,26.1,25.617142857142856,0.7575995926984747
1999-12-08,25.45,25.58571428571429,0.759602026126176
1999-12-09,25.85,25.678571428571427,0.7441646003275759
1999-12-10,24.86,25.77285714285714,0.5391881021717309
1999-12-13,24.31,25.599999999999998,0.7758006616821228
1999-12-14,24.88,25.415714285714284,0.7710351730595698
1999-12-15,25.68,25.304285714285715,0.6402306132129315
1999-12-16,26.09,25.302857142857142,0.6381670179952196
1999-12-17,26.22,25.412857142857145,0.7278212758112887
1999-12-20,25.98,25.43142857142857,0.7423482689282125
1999-12-21,25.51,25.524285714285718,0.6983040680307739
1999-12-22,25.04,25.62857142857143,0.517958446577236
1999-12-23,25.11,25.66142857142857,0.46738380272252505
1999-12-29,25.63,25.654285714285713,0.46743474207100577
1999-12-30,24.93,25.488571428571426,0.4921865693488377
2000-01-04,23.95,25.164285714285715,0.6518654550045969
2000-01-05,23.72,24.841428571428573,0.7349020018891983
2000-01-06,23.55,24.561428571428568,0.807515295446945
2000-01-07,23.35,24.32,0.889100669215713
2000-01-10,22.77,23.985714285714288,0.9780227867633857
2000-01-11,23.93,23.74285714285714,0.6615314123484016
2000-01-12,24.62,23.69857142857143,0.5733070315117516
2000-01-13,24.9,23.83428571428571,0.7329587788057577
2000-01-14,25.5,24.08857142857143,0.9602331066191486
2000-01-17,25.99,24.437142857142856,1.155215914677266
2000-01-18,26.31,24.859999999999996,1.2302574256362497
2000-01-19,26.17,25.345714285714287,0.8923537628625829
2000-01-20,26.26,25.678571428571427,0.6872512537013238
2000-01-21,27.18,26.044285714285714,0.7107943242797516
2000-01-24,27.02,26.34714285714286,0.5819425597572881
2000-01-25,27.24,26.595714285714287,0.5289882526373159
2000-01-26,27.18,26.76571428571429,0.49179457577489044
2000-01-27,26.91,26.851428571428574,0.44960829512734024
2000-01-28,26.59,26.911428571428576,0.363245948425182
2000-01-31,27.08,27.02857142857143,0.22348963968672686
2000-02-01,27.35,27.05285714285714,0.25031408841059144
2000-02-02,27.15,27.071428571428573,0.25228479749541066
2000-02-03,27.6,27.12285714285714,0.3199851187010959
2000-02-04,27.48,27.165714285714284,0.3477957802526943
2000-02-07,27.94,27.312857142857144,0.42979507852402926
2000-02-08,27.61,27.458571428571425,0.2959407920186234
2000-02-09,27.44,27.509999999999998,0.24630604269144662
2000-02-10,27.32,27.505714285714287,0.24979038831566858
2000-02-11,27.82,27.601428571428574,0.2169814563058332
2000-02-14,28.03,27.662857142857145,0.2707221383450571
2000-02-15,28.12,27.754285714285714,0.30462310827459693
2000-02-16,28.11,27.77857142857143,0.3277920362779673
2000-02-17,27.54,27.76857142857143,0.3347849345185507
2000-02-18,27.26,27.74285714285714,0.3693559387954243
2000-02-21,26.93,27.687142857142856,0.4616533434552959
2000-02-22,27.22,27.601428571428574,0.4878329144088194
2000-02-23,27.92,27.585714285714285,0.47328135194077675
2000-02-24,28.21,27.59857142857143,0.491101773953834
2000-02-25,28.53,27.65857142857143,0.5813612924684605
2000-02-28,28.7,27.82428571428571,0.6959611373931296
2000-02-29,29.01,28.074285714285715,0.7698670262420996
2000-03-01,29.78,28.481428571428573,0.8160765603670643
2000-03-02,30.12,28.895714285714288,0.8050022182752843
2000-03-03,29.83,29.16857142857143,0.7402573555058338
2000-03-06,30.08,29.435714285714287,0.6708416887970596
2000-03-07,31.93,29.92142857142857,1.0368128820478832
2000-03-08,31.41,30.308571428571433,1.0103370489002221
2000-03-09,29.11,30.322857142857142,0.9894057860773134
2000-03-10,28.97,30.207142857142856,1.1041846808950369
2000-03-13,29.25,30.08285714285714,1.163023563614806
2000-03-14,28.83,29.939999999999998,1.2568876905539932
2000-03-15,28.03,29.647142857142853,1.4437649195269449
2000-03-16,27.97,29.08142857142857,1.1451263186713627
2000-03-17,27.87,28.57571428571428,0.5948349110704132
2000-03-20,25.59,28.072857142857142,1.223515621555395
2000-03-21,24.93,27.495714285714286,1.6187943779538172
2000-03-22,25.77,26.99857142857143,1.5217033062922063
2000-03-23,25.32,26.497142857142858,1.3902603387580046
2000-03-24,25.74,26.169999999999998,1.2295934287396508
2000-03-27,25.16,25.76857142857143,0.976685356557596
2000-03-28,24.8,25.330000000000002,0.3871261637585902
2000-03-29,23.77,25.07,0.6821534529217919
2000-03-30,23.94,24.928571428571427,0.8071849967928145
2000-03-31,23.98,24.67285714285714,0.7792456669905975
2000-04-03,24.62,24.572857142857142,0.7254128545343177
2000-04-04,23.26,24.21857142857143,0.6633357262458611
2000-04-05,22.98,23.907142857142855,0.6594117147303847
2000-04-06,22.9,23.63571428571429,0.6205335645730844
2000-04-07,22.63,23.472857142857144,0.7208956069989323
2000-04-10,21.08,23.064285714285713,1.114837165133011
2000-04-11,21.05,22.645714285714288,1.2549615816543922
2000-04-12,21.4,22.185714285714287,0.9680195787079151
2000-04-13,22.65,22.09857142857143,0.878510644432326
2000-04-14,22.13,21.97714285714286,0.7907320297402256
2000-04-17,22.2,21.877142857142854,0.6927653351054521
2000-04-18,22.67,21.882857142857144,0.7001360412023054
2000-04-19,23.5,22.22857142857143,0.8241243549252096
2000-04-20,23.57,22.58857142857143,0.7722570507161931
2000-04-25,23.36,22.868571428571425,0.6071635850802677
2000-04-26,22.9,22.904285714285717,0.5994680181309149
2000-04-27,23.07,23.038571428571426,0.49293098135626146
2000-04-28,23.79,23.26571428571429,0.3996188660400314
2000-05-02,24.73,23.56,0.5973831824436774
2000-05-03,25.13,23.792857142857144,0.8389420775736952
2000-05-04,25.06,24.005714285714284,0.9540939356767165
2000-05-05,24.93,24.23,0.9615092303248255
2000-05-08,26.03,24.677142857142858,0.9676899345986957
2000-05-09,26.69,25.194285714285716,0.9323064078375922
2000-05-10,26.59,25.594285714285714,0.8237284573379445
2000-05-11,27.22,25.95,0.9202716990105495
2000-05-12,27.98,26.357142857142858,1.1082676314216207
2000-05-15,28.26,26.814285714285713,1.1434575803653428
2000-05-16,28.78,27.36428571428571,1.0034084768568936
2000-05-17,28.4,27.70285714285714,0.8689977806972964
2000-05-18,28.9,28.018571428571427,0.8406828290427298
2000-05-19,29.01,28.36428571428571,0.6252961203261149
2000-05-22,28.45,28.54,0.3714386445515742
2000-05-23,28.12,28.560000000000002,0.33857544703208514
2000-05-24,28.97,28.66142857142857,0.34007002080050697
2000-05-25,29.62,28.78142857142857,0.4996474947873278
2000-05-26,30.09,29.02285714285714,0.6654250342375918
2000-05-30,29.89,29.164285714285715,0.7363843458150939
2000-05-31,29.64,29.254285714285714,0.7527030654657394
2000-06-01,29.69,29.43142857142857,0.6736326538853078
2000-06-02,29.35,29.607142857142858,0.36362591976289915
2000-06-05,28.27,29.50714285714286,0.592360089970691
2000-06-06,28.42,29.33571428571429,0.7151656484769937
2000-06-07,28.32,29.082857142857144,0.7169312911221674
2000-06-08,29.34,29.004285714285714,0.6397097556143684
2000-06-09,29.0,28.912857142857145,0.5763018389033957
2000-06-12,30.1,28.97142857142857,0.6799614835027371
2000-06-13,30.4,29.12142857142857,0.8673797432769789
2000-06-14,30.12,29.38571428571429,0.8463028839772329
2000-06-15,29.77,29.578571428571426,0.7362161949549126
2000-06-16,28.68,29.63,0.639921870230736
2000-06-19,27.69,29.39428571428571,0.978738254809825
2000-06-20,28.86,29.374285714285715,0.9895092578789664
2000-06-21,30.71,29.461428571428574,1.0862079078368134
2000-06-22,30.61,29.49142857142857,1.118859964002299
2000-06-23,31.02,29.62,1.2474507338299714
2000-06-26,30.9,29.78142857142857,1.3397938718501488
2000-06-27,30.47,30.037142857142857,1.2631668441619501
2000-06-28,31.15,30.53142857142857,0.7738093772890852
2000-06-29,31.05,30.844285714285714,0.25257719234878917
2000-06-30,31.58,30.968571428571426,0.3646655349501891
2000-07-03,32.15,31.18857142857143,0.5363900499765396
2000-07-04,30.73,31.147142857142853,0.5621599501239477
2000-07-05,30.35,31.06857142857143,0.6360405797173407
2000-07-06,30.67,31.09714285714286,0.6085697518417207
2000-07-07,30.62,31.021428571428572,0.633362154732324
2000-07-10,30.58,30.954285714285714,0.6543917568461014
2000-07-11,29.83,30.704285714285714,0.7076217714486575
2000-07-12,30.27,30.435714285714287,0.31569273789791
2000-07-13,31.15,30.495714285714286,0.40750693829857254
2000-07-14,30.82,30.562857142857144,0.4180795094118423
2000-07-17,28.44,30.244285714285716,0.8975310049026054
2000-07-18,28.46,29.935714285714287,1.096157791908395
2000-07-19,28.33,29.614285714285717,1.2006506172744416
2000-07-20,27.85,29.33142857142857,1.363542305558291
2000-07-21,26.68,28.818571428571428,1.6053808330259944
2000-07-24,26.84,28.202857142857145,1.3716743331381949
2000-07-25,25.78,27.482857142857142,1.0552205817695797
2000-07-26,25.92,27.12285714285714,1.1030369332847099
2000-07-27,25.6,26.714285714285715,1.0537845627838622
2000-07-28,25.96,26.375714285714285,0.7977856258178548
2000-07-31,25.3,26.011428571428574,0.5587912123927069
2000-08-01,25.24,25.805714285714288,0.5362479881189336
2000-08-02,26.8,25.8,0.5234500931318095
2000-08-03,27.04,25.98,0.7017121917137361
2000-08-04,28.01,26.278571428571432,1.0366360430324495
2000-08-07,27.56,26.55857142857143,1.0863153098344116
2000-08-08,27.58,26.79,1.1098498396928937
2000-08-09,28.13,27.194285714285712,0.9850525729260533
2000-08-10,28.98,27.728571428571428,0.7295301814962419
2000-08-11,29.44,28.10571428571429,0.8430471940693582
2000-08-14,29.24,28.419999999999998,0.7878028518182528
2000-08-15,30.0,28.704285714285714,0.9562401571231313
2000-08-16,29.66,29.004285714285714,0.8622037103230674
2000-08-17,30.71,29.451428571428572,0.8105230527549708
2000-08-18,30.76,29.82714285714286,0.6975842669695338
2000-08-21,31.34,30.164285714285715,0.7847686950697714
2000-08-22,30.18,30.27,0.7179368588761403
2000-08-23,32.38,30.718571428571426,0.9197178656417158
2000-08-24,31.67,30.957142857142856,0.9188528044197692
2000-08-25,33.26,31.471428571428568,1.0673085866080207
2000-08-28,33.29,31.84,1.198012242563874
2000-08-29,34.03,32.30714285714286,1.336259883477037
2000-08-30,34.13,32.705714285714286,1.4135635481864597
2000-08-31,35.08,33.40571428571429,1.141415161730455
2000-09-01,35.09,33.79285714285714,1.1939111397099058
2000-09-04,36.02,34.41428571428572,1.0249366995550724
2000-09-05,35.72,34.76571428571429,0.9841215565644553
2000-09-06,36.7,35.25285714285714,0.9758366373818707
2000-09-07,37.43,35.73857142857143,1.103531128867949
2000-09-08,36.27,36.044285714285714,0.8512120210391341
2000-09-11,36.87,36.300000000000004,0.779059261759309
2000-09-12,33.3,36.044285714285714,1.3366482601747522
2000-09-13,31.08,35.33857142857143,2.3049615222487376
2000-09-14,31.35,34.714285714285715,2.7359389439023456
2000-09-15,33.68,34.28285714285715,2.6056330918844606
2000-09-18,34.55,33.871428571428574,2.225529364528921
2000-09-19,33.48,33.472857142857144,1.9581429492055342
2000-09-20,33.67,33.01571428571428,1.2936622065908208
2000-09-21,32.18,32.855714285714285,1.3216007609819593
2000-09-22,31.59,32.92857142857143,1.2173390183978374
2000-09-25,30.01,32.73714285714286,1.563177472177528
2000-09-26,29.94,32.20285714285714,1.8072973771693763
2000-09-27,29.78,31.521428571428572,1.6687662965138133
2000-09-28,28.91,30.868571428571432,1.6687662965138086
2000-09-29,28.42,30.118571428571432,1.3489925694311256
2000-10-02,29.65,29.75714285714286,0.9978596141357954
2000-10-03,30.64,29.62142857142857,0.7377314003396119
2000-10-04,30.07,29.63,0.7433258594538196
2000-10-05,29.19,29.52285714285714,0.7452452456674233
2000-10-06,29.62,29.5,0.7384668803221675
2000-10-09,29.99,29.654285714285717,0.7067969331861388
2000-10-10,30.95,30.015714285714285,0.6107879376357598
2000-10-11,31.25,30.244285714285713,0.7373795301118814
2000-10-12,33.45,30.645714285714288,1.4291239407744536
2000-10-13,33.5,31.13571428571429,1.7506746998689926
2000-10-16,32.03,31.541428571428575,1.5411513939412689
2000-10-17,30.38,31.650000000000002,1.4038874598768598
2000-10-18,30.98,31.791428571428572,1.2502456901400585
2000-10-19,31.29,31.84,1.2183048332277822
2000-10-20,30.16,31.684285714285718,1.3668803549548165
2000-10-23,30.98,31.33142857142857,1.1340844849688683
2000-10-24,31.81,31.09,0.6874106002476298
2000-10-25,31.17,30.967142857142854,0.5556292014673793
2000-10-26,31.48,31.124285714285715,0.5160380200089062
2000-10-27,31.31,31.171428571428574,0.5157334121233842
2000-10-30,31.09,31.142857142857142,0.5136053700945417
2000-10-31,30.15,31.14142857142857,0.5167987542365283
2000-11-01,31.62,31.232857142857142,0.539589791282806
2000-11-02,30.81,31.09,0.4915621357802155
2000-11-03,30.81,31.03857142857143,0.5005473194884683
2000-11-06,31.0,30.97,0.4613386319535818
2000-11-07,31.59,31.009999999999998,0.5057337903147637
2000-11-08,31.3,31.04,0.517365119297908
2000-11-09,31.79,31.274285714285718,0.40664715019459363
2000-11-10,32.26,31.365714285714287,0.5455534542352868
2000-11-13,32.5,31.607142857142858,0.6265704080069255
2000-11-14,33.05,31.927142857142858,0.7170707609364461
2000-11-15,33.82,32.33,0.8824586864736758
2000-11-16,34.16,32.69714285714286,1.0432435683274874
2000-11-17,33.09,32.95285714285715,0.844071764044196
2000-11-20,34.23,33.301428571428566,0.7856086509073733
2000-11-21,33.33,33.45428571428572,0.6397618604565253
2000-11-22,33.11,33.54142857142857,0.5180871410427457
2000-11-23,33.29,33.575714285714284,0.4871638034872177
2000-11-24,33.35,33.50857142857143,0.480223162408733
2000-11-27,33.47,33.410000000000004,0.38574603043914296
2000-11-28,32.59,33.33857142857143,0.4876962364496711
2000-11-29,32.45,33.08428571428571,0.4019476393281277
2000-11-30,32.53,32.97,0.43297421016293125
2000-12-01,31.59,32.752857142857145,0.6682742522273476
2000-12-04,30.37,32.33571428571429,1.0685637891245008
2000-12-05,28.88,31.697142857142858,1.5763746835244083
2000-12-06,27.47,30.840000000000003,2.0204207482600083
2000-12-07,27.85,30.162857142857145,2.127617715393596
2000-12-08,26.85,29.36285714285714,2.176562383558835
2000-12-11,27.28,28.61285714285714,1.7698654778042613
2000-12-12,26.81,27.93,1.2856515857725561
2000-12-13,26.84,27.425714285714285,0.749641184008312
2000-12-14,24.32,26.774285714285714,1.1497660217458905
2000-12-15,24.44,26.34142857142857,1.389549430228043
2000-12-18,25.11,25.95,1.274964051780593
2000-12-19,24.36,25.594285714285718,1.3282552107036325
2000-12-20,23.29,25.024285714285718,1.3403588716315276
2000-12-21,22.4,24.39428571428571,1.3963745574742237
2000-12-22,22.23,23.735714285714288,1.107984012261905
2000-12-27,22.58,23.487142857142857,1.1494595003115833
2000-12-28,22.29,23.18,1.1396198196472087
2000-12-29,22.58,22.818571428571428,0.765189052269882
2001-01-02,23.43,22.685714285714287,0.4808623206573404
2001-01-03,23.44,22.707142857142856,0.5144483869704864
2001-01-04,24.57,23.017142857142858,0.8456893496963752
2001-01-05,24.77,23.38,0.9850888284816818
2001-01-08,24.75,23.69,1.0317137845995625
2001-01-09,24.13,23.95285714285714,0.8303154879461386
2001-01-10,24.98,24.295714285714286,0.6434246172588273
2001-01-11,25.6,24.60571428571429,0.6785979944670293
2001-01-12,25.63,24.91857142857143,0.5428452379641873
2001-01-15,26.03,25.12714285714286,0.6554060900362391
2001-01-16,25.52,25.23428571428571,0.6485588419164617
2001-01-17,24.27,25.165714285714284,0.7287170722770394
2001-01-18,24.74,25.252857142857145,0.6112204808331664
2001-01-19,26.29,25.44,0.7068238818825081
2001-01-22,27.69,25.738571428571426,1.1113419601456713
2001-01-23,27.02,25.937142857142856,1.2086316544712683
2001-01-24,27.04,26.08142857142857,1.2797581616776026
2001-01-25,26.94,26.284285714285716,1.28844683169106
2001-01-26,27.04,26.68,0.9467664266682544
2001-01-29,26.95,26.995714285714286,0.40615502552772287
2001-01-30,26.32,27.0,0.39753406562564386
2001-01-31,26.59,26.842857142857145,0.2790886529223107
2001-02-01,27.17,26.86428571428571,0.29993650121553983
2001-02-02,28.9,27.13,0.832546295008786
2001-02-05,29.25,27.46,1.1441736464946524
2001-02-06,29.1,27.754285714285714,1.2755241686308627
2001-02-07,29.54,28.124285714285715,1.3750982648868408
2001-02-08,30.68,28.747142857142855,1.4086602888998456
2001-02-09,29.53,29.167142857142856,1.0512486906167413
2001-02-12,29.32,29.474285714285713,0.5780962187169655
2001-02-13,28.0,29.345714285714287,0.7887935332486242
2001-02-14,27.89,29.15142857142857,0.9642687829199325
2001-02-15,26.33,28.755714285714287,1.4399404749600442
2001-02-16,26.61,28.337142857142855,1.5918093927530117
2001-02-19,27.05,27.81857142857143,1.257542955812578
2001-02-20,26.45,27.37857142857143,1.0860698039477727
2001-02-21,26.1,26.918571428571425,0.7595706807448133
2001-02-22,25.75,26.59714285714286,0.6993500383856321
2001-02-23,26.12,26.344285714285714,0.4169675104386488
2001-02-26,25.84,26.274285714285714,0.4587976003585194
2001-02-27,25.28,26.084285714285716,0.5606798594219302
2001-02-28,25.16,25.814285714285713,0.4650396808460382
2001-03-01,24.76,25.572857142857142,0.5159041993012017
2001-03-02,25.28,25.455714285714286,0.4670423657742817
2001-03-05,25.98,25.48857142857143,0.49824453739814045
2001-03-06,25.59,25.412857142857145,0.4205042324677293
2001-03-07,25.91,25.422857142857143,0.4330017046039675
2001-03-08,26.37,25.57857142857143,0.5525525185118231
2001-03-09,25.78,25.66714285714286,0.5231862092250587
2001-03-12,25.34,25.750000000000004,0.3826225293935033
2001-03-13,24.8,25.681428571428572,0.5044940888789131
2001-03-14,24.31,25.442857142857143,0.6976559392159415
2001-03-15,23.37,25.125714285714285,1.040141931706769
2001-03-16,23.84,24.830000000000002,1.0737162877902624
2001-03-19,23.19,24.375714285714285,0.9823926089373064
2001-03-20,23.63,24.068571428571428,0.7867957924690573
2001-03-21,23.21,23.764285714285712,0.6037068036400465
2001-03-22,23.45,23.571428571428573,0.39843144836594585
2001-03-23,23.94,23.518571428571427,0.2953206489794604
2001-03-26,24.01,23.610000000000003,0.33768821912039254
2001-03-27,24.41,23.69142857142857,0.45182697910482533
2001-03-28,24.5,23.87857142857143,0.47994543340571794
2001-03-29,23.77,23.898571428571433,0.47068845221335465
2001-03-30,23.5,23.939999999999998,0.4086563348333008
2001-04-02,23.31,23.919999999999998,0.4389381125694745
2001-04-03,23.47,23.852857142857143,0.4702025905818242
2001-04-04,24.35,23.90142857142857,0.505385284425329
2001-04-05,24.87,23.967142857142854,0.6030122797449469
2001-04-06,24.02,23.898571428571426,0.5579255796074755
2001-04-09,24.37,23.98428571428571,0.5805129094986841
2001-04-10,25.64,24.289999999999996,0.8035960842774623
2001-04-11,26.08,24.685714285714287,0.9148926556858958
2001-04-12,27.12,25.20714285714286,1.1229976890106468
2001-04-13,26.8,25.557142857142853,1.1910599521112575
2001-04-16,26.8,25.83285714285714,1.2282876194889987
2001-04-17,26.99,26.25714285714286,0.9869602201659247
2001-04-18,26.11,26.505714285714284,0.5586250126528626
2001-04-19,25.86,26.537142857142857,0.5054606574106277
2001-04-20,25.57,26.464285714285715,0.6085736642029531
2001-04-23,25.42,26.22142857142857,0.6415977081061858
2001-04-24,25.76,26.072857142857142,0.6046407827710266
2001-04-25,25.49,25.885714285714283,0.5415058369288783
2001-04-26,26.71,25.845714285714283,0.44873366796060316
2001-04-27,26.85,25.951428571428576,0.5871805108996978
2001-04-30,27.21,26.14428571428571,0.7509961638348929
2001-05-01,27.31,26.392857142857142,0.8145083237900688
2001-05-02,26.82,26.592857142857138,0.6995883143130085
2001-05-03,27.46,26.835714285714285,0.6559943379542921
2001-05-04,27.59,27.13571428571429,0.343989202487667
2001-05-07,27.71,27.278571428571432,0.3453707462720147
2001-05-08,27.45,27.364285714285717,0.2915394280278017
2001-05-09,27.46,27.400000000000002,0.28472208672002935
2001-05-10,28.27,27.537142857142857,0.42886339261279516
2001-05-11,27.97,27.701428571428576,0.3129658432595686
2001-05-14,27.77,27.745714285714286,0.2944971501188545
2001-05-15,27.88,27.787142857142857,0.2892930628100742
2001-05-16,28.19,27.85571428571428,0.3228961206974546
2001-05-17,28.57,28.01571428571429,0.36331148907625466
2001-05-18,29.3,28.27857142857143,0.524227322555649
2001-05-21,29.8,28.497142857142858,0.777725621833774
2001-05-22,29.72,28.747142857142855,0.8572380899474428
2001-05-23,29.51,28.995714285714286,0.7750023041437861
2001-05-24,28.85,29.134285714285713,0.6117967293920817
2001-05-25,28.69,29.20571428571429,0.5026216981271145
2001-05-29,29.11,29.282857142857143,0.4240956765362721
2001-05-30,28.92,29.22857142857143,0.44532492150552183
2001-05-31,28.55,29.05,0.4282911782105019
2001-06-01,28.86,28.927142857142858,0.3114864515888479
2001-06-04,28.95,28.84714285714286,0.18172454298582827
2001-06-05,29.25,28.904285714285713,0.23719592062576747
2001-06-06,28.73,28.91,0.23158871590156171
2001-06-07,28.55,28.830000000000002,0.2471841418853532
2001-06-08,28.88,28.82428571428571,0.24521127916180693
2001-06-11,29.57,28.970000000000002,0.3398529093587449
2001-06-12,29.03,28.994285714285713,0.3367420943316149
2001-06-13,29.13,29.020000000000003,0.3396566894178175
2001-06-14,28.5,28.912857142857145,0.3717846278740017
2001-06-15,28.13,28.82714285714286,0.4756299081464562
2001-06-18,27.61,28.692857142857143,0.6627899185941711
2001-06-19,26.68,28.37857142857143,0.9967351465562616
2001-06-20,26.24,27.90285714285714,1.1203230826522197
2001-06-21,26.7,27.57,1.0748333204112241
2001-06-22,26.86,27.245714285714282,0.8432053356655063
2001-06-25,27.36,27.08285714285714,0.6480924390265212
2001-06-26,27.66,27.015714285714285,0.5362169070703623
2001-06-27,26.25,26.821428571428573,0.5313639233586966
2001-06-28,25.68,26.678571428571427,0.6872755044719278
2001-06-29,26.21,26.674285714285713,0.690551884192222
2001-07-02,25.73,26.535714285714285,0.776506216820847
2001-07-03,25.56,26.349999999999998,0.8389676195576217
2001-07-04,25.97,26.15142857142857,0.7154818556146604
2001-07-05,25.69,25.87,0.2751363298430563
2001-07-06,26.55,25.912857142857145,0.3557487074560511
2001-07-09,25.59,25.900000000000002,0.36701498606938093
2001-07-10,24.69,25.68285714285714,0.5546985453288831
2001-07-11,24.44,25.49857142857143,0.7246706969700911
2001-07-12,23.62,25.22142857142857,1.011474642480198
2001-07-13,24.02,24.942857142857143,1.0390975938396232
2001-07-16,23.58,24.641428571428573,1.0909847015641863
2001-07-17,23.9,24.26285714285714,0.7124304477326959
2001-07-18,23.1,23.907142857142862,0.5401454830474846
2001-07-19,23.35,23.715714285714284,0.44564025636682686
2001-07-20,23.43,23.571428571428573,0.31698730633954825
2001-07-23,24.44,23.68857142857143,0.4580548937777416
2001-07-24,24.37,23.73857142857143,0.5157334121233622
2001-07-25,24.9,23.927142857142858,0.6671759959135708
2001-07-26,24.94,24.07571428571429,0.7682633477057396
2001-07-27,24.82,24.321428571428573,0.6733851936648767
2001-07-30,24.46,24.48,0.5196473162951979
2001-07-31,24.35,24.611428571428572,0.2625787863615201
2001-08-01,24.23,24.58142857142857,0.2953770794206764
2001-08-02,25.49,24.74142857142857,0.43302919729939365
2001-08-03,25.6,24.841428571428573,0.5426917041136331
2001-08-06,25.39,24.905714285714286,0.5815742183316296
2001-08-07,25.94,25.065714285714286,0.6967270422683829
2001-08-08,25.61,25.229999999999997,0.6649561389040237
2001-08-09,25.28,25.36285714285714,0.541224361538995
2001-08-10,25.78,25.584285714285716,0.22545192708881356
2001-08-13,25.88,25.639999999999997,0.24556058315513327
2001-08-14,25.71,25.655714285714286,0.24609328467350383
2001-08-15,25.61,25.687142857142856,0.21906728690054608
2001-08-16,25.18,25.578571428571426,0.25777435684549105
2001-08-17,24.68,25.445714285714285,0.4245726142385891
2001-08-20,24.35,25.312857142857144,0.595978587023022
2001-08-21,25.36,25.252857142857145,0.5612401234676262
2001-08-22,25.71,25.22857142857143,0.5325231942182728
2001-08-23,25.66,25.22142857142857,0.5252754379501916
2001-08-24,26.33,25.32428571428571,0.6657541373720881
2001-08-27,26.22,25.472857142857144,0.7400836503553462
2001-08-28,26.46,25.72714285714286,0.7279586592130762
2001-08-29,26.67,26.058571428571433,0.4835779348224206
2001-08-30,26.7,26.25,0.4222953153100744
2001-08-31,26.8,26.405714285714282,0.3896946301418705
2001-09-03,26.52,26.52857142857143,0.20915931499009502
2001-09-04,26.27,26.520000000000003,0.21962088546593198
2001-09-05,26.27,26.527142857142856,0.20878332354377102
2001-09-06,26.61,26.548571428571428,0.2084409245976566
2001-09-07,27.54,26.672857142857143,0.43219263782482886
2001-09-10,27.59,26.8,0.5549774770200214
2001-09-11,29.12,27.131428571428575,1.037744807606281
2001-09-12,28.24,27.377142857142854,1.0719097332284975
2001-09-13,28.2,27.65285714285714,0.9843054113722308
2001-09-14,29.22,28.074285714285715,0.9231803208265549
2001-09-17,28.32,28.318571428571428,0.6598087746060498
2001-09-18,27.54,28.318571428571428,0.6598087746060498
2001-09-19,25.44,28.01142857142857,1.2719463900051498
2001-09-20,25.57,27.504285714285714,1.4513425640057367
2001-09-21,25.17,27.065714285714286,1.6431459373494723
2001-09-24,20.63,25.98428571428571,2.8326951662262214
2001-09-25,20.13,24.685714285714287,3.166064103072046
2001-09-26,20.67,23.592857142857145,3.0194188971042033
2001-09-27,21.47,22.725714285714286,2.528648236659538
2001-09-28,21.87,22.215714285714284,2.2326580357863564
2001-10-01,21.22,21.594285714285714,1.6805540469623073
2001-10-02,21.29,21.04,0.5918614702778704
2001-10-03,20.63,21.04,0.5918614702778704
2001-10-04,20.94,21.155714285714286,0.44534096086936886
2001-10-05,21.46,21.268571428571427,0.39947584705515415
2001-10-08,20.91,21.18857142857143,0.40838823731889506
2001-10-09,20.65,21.014285714285712,0.3198362676350559
2001-10-10,21.02,20.985714285714288,0.30707529710923315
2001-10-11,21.38,20.99857142857143,0.3233897839766089
2001-10-12,20.57,20.990000000000002,0.3353605025433854
2001-10-15,20.36,20.907142857142855,0.4125414842048775
2001-10-16,20.47,20.76571428571429,0.3574379733064104
2001-10-17,19.47,20.560000000000002,0.5955949406541549
2001-10-18,19.21,20.354285714285712,0.7795908572843843
2001-10-19,19.91,20.195714285714285,0.7331179337333146
2001-10-22,20.38,20.052857142857142,0.5343754699241408
2001-10-23,20.56,20.05142857142857,0.5327735157148132
2001-10-24,20.37,20.052857142857142,0.5337513242981038
2001-10-25,20.67,20.08142857142857,0.5642820976371561
2001-10-26,20.31,20.201428571428572,0.49801032691479996
2001-10-29,20.55,20.392857142857142,0.24837567551991413
2001-10-30,20.41,20.464285714285715,0.13010984370165038
2001-10-31,19.63,20.357142857142858,0.34403072952374564
2001-11-01,19.39,20.189999999999998,0.4845616575829121
2001-11-02,18.63,19.94142857142857,0.7502761396404574
2001-11-05,18.78,19.671428571428574,0.7837182438311541
2001-11-06,18.64,19.43285714285714,0.8106522946717958
2001-11-07,18.86,19.19142857142857,0.6601875635356418
2001-11-08,19.54,19.06714285714286,0.4365666915718443
2001-11-09,20.72,19.222857142857144,0.7515476096185236
2001-11-12,19.48,19.235714285714288,0.7556422685998615
2001-11-13,20.47,19.49857142857143,0.8265274460337794
2001-11-14,18.78,19.49857142857143,0.8265274460337794
2001-11-15,16.51,19.194285714285716,1.3931481991379848
2001-11-16,16.86,18.90857142857143,1.653828170955837
2001-11-19,16.55,18.481428571428573,1.8392881645844594
2001-11-20,18.82,18.21,1.575097880556271
2001-11-21,18.44,18.06142857142857,1.4816143062148395
2001-11-22,19.65,17.944285714285716,1.2778478931761672
2001-11-23,19.4,18.032857142857143,1.364010194068702
2001-11-26,18.66,18.34,1.195616995529724
2001-11-27,19.09,18.65857142857143,1.0196965001315204
2001-11-28,18.81,18.981428571428573,0.42541856139626544
2001-11-29,18.54,18.94142857142857,0.4552445705850158
2001-11-30,18.92,19.009999999999998,0.39991665798369663
2001-12-03,20.0,19.06,0.502095608424845
2001-12-04,19.28,19.042857142857144,0.49046625047668535
2001-12-05,19.27,19.13,0.46461453557350246
2001-12-06,18.57,19.055714285714288,0.5113008619473344
2001-12-07,17.81,18.912857142857142,0.6972736021032163
2001-12-10,18.03,18.84,0.7659852043824688
2001-12-11,17.61,18.65285714285714,0.8927245615847396
2001-12-12,18.13,18.385714285714283,0.6758662871417433
2001-12-13,17.8,18.174285714285713,0.5731741196426284
2001-12-14,18.54,18.07,0.37152837486908874
2001-12-17,18.58,18.071428571428573,0.3737837419067586
2001-12-18,18.51,18.17142857142857,0.3856349124675003
2001-12-19,19.03,18.314285714285713,0.4943971798342913
2001-12-20,18.87,18.494285714285716,0.4188419408656426
2001-12-21,18.73,18.580000000000002,0.39242833740636746
2001-12-24,18.65,18.701428571428572,0.19030051422371405
2001-12-27,18.87,18.74857142857143,0.18442962265809987
2001-12-28,19.77,18.91857142857143,0.4116401572333998
2001-12-31,19.35,19.03857142857143,0.39477540329551364
2002-01-02,20.13,19.195714285714285,0.5705803227955
2002-01-03,20.47,19.424285714285713,0.71941775399375
2002-01-04,21.2,19.777142857142856,0.9041517993069392
2002-01-07,21.08,20.124285714285715,0.8649057201576342
2002-01-08,21.03,20.43285714285714,0.7151856235901013
2002-01-09,20.21,20.495714285714286,0.6647770840124199
2002-01-10,19.71,20.54714285714286,0.5682931838906976
2002-01-11,20.08,20.54,0.5746883213239593
2002-01-14,18.89,20.314285714285717,0.8507419730807884
2002-01-15,18.86,19.98,0.902847347746467
2002-01-16,18.5,19.611428571428572,0.9055648066522498
2002-01-17,18.2,19.207142857142856,0.7911955991978182
2002-01-18,18.17,18.915714285714284,0.7338677706245388
2002-01-21,18.32,18.717142857142857,0.6682493119013843
2002-01-22,18.7,18.520000000000003,0.3028200785937688
2002-01-23,18.89,18.520000000000003,0.3028200785937688
2002-01-24,18.91,18.527142857142856,0.31260807654848877
2002-01-25,19.04,18.604285714285716,0.3667359241944709
2002-01-28,19.74,18.824285714285715,0.5155210032204647
2002-01-29,19.26,18.98,0.44470964310007294
2002-01-30,18.71,19.035714285714285,0.3656435943576268
2002-01-31,19.07,19.08857142857143,0.33443627053168784
2002-02-01,19.7,19.204285714285714,0.3898229146181987
2002-02-04,20.26,19.397142857142857,0.5290467618178897
2002-02-05,19.9,19.52,0.5321340683194248
2002-02-06,19.97,19.552857142857142,0.5546083989537041
2002-02-07,19.42,19.575714285714287,0.5437173635521361
2002-02-08,20.01,19.76142857142857,0.4023857424335468
2002-02-11,20.08,19.905714285714286,0.2736090363299651
2002-02-12,21.75,20.198571428571427,0.7311960195782796
2002-02-13,21.41,20.362857142857145,0.8643632393405604
2002-02-14,20.97,20.51571428571429,0.8634785684049904
2002-02-15,20.76,20.62857142857143,0.8312927396814612
2002-02-18,20.12,20.728571428571428,0.6921326600060911
2002-02-19,20.18,20.752857142857142,0.6651745206008954
2002-02-20,19.44,20.66142857142857,0.8028164707539175
2002-02-21,20.21,20.44142857142857,0.6515476081713307
2002-02-22,20.14,20.259999999999998,0.49487372126584145
2002-02-25,19.78,20.09,0.40689884082677497
2002-02-26,19.95,19.974285714285713,0.2799914964686376
2002-02-27,20.73,20.06142857142857,0.4014734765591121
2002-02-28,20.73,20.140000000000004,0.4755347866695344
2002-03-01,21.83,20.481428571428573,0.6960466596288305
2002-03-04,21.59,20.678571428571427,0.7947835883940052
2002-03-05,22.25,20.979999999999997,0.9428149341198933
2002-03-06,22.11,21.312857142857144,0.8558371006544655
2002-03-07,23.1,21.762857142857143,0.8479134052818361
2002-03-08,22.32,21.99,0.7298630008429625
2002-03-11,23.14,22.334285714285716,0.5918011248959075
2002-03-12,22.7,22.458571428571425,0.5586718945085513
2002-03-13,23.6,22.74571428571429,0.5543722318334993
2002-03-14,23.76,22.961428571428574,0.6193122145146986
2002-03-15,23.9,23.217142857142857,0.5772842825303843
2002-03-18,23.8,23.31714285714286,0.613126259039104
2002-03-19,24.51,23.630000000000003,0.5772059135751655
2002-03-20,24.78,23.864285714285717,0.6704689190619093
2002-03-21,24.25,24.08571428571429,0.4372587770356472
2002-03-22,24.83,24.26142857142857,0.45626850908256045
2002-03-25,24.75,24.40285714285714,0.42746205623807043
2002-03-26,24.6,24.502857142857142,0.367954448525827
2002-03-27,25.13,24.692857142857147,0.2765691164789445
2002-03-28,25.34,24.811428571428568,0.3525823105513842
2002-03-29,25.34,24.89142857142857,0.4040391305889636
2002-04-01,26.06,25.15,0.4942334131421426
2002-04-02,26.97,25.455714285714286,0.81867488750299
2002-04-03,26.72,25.737142857142857,0.8724814092708616
2002-04-04,26.97,26.075714285714287,0.8156563235178745
2002-04-05,25.39,26.11285714285714,0.7700587485315216
2002-04-08,26.36,26.25857142857143,0.6919881639501326
2002-04-09,25.48,26.27857142857143,0.6624054290088579
2002-04-10,25.13,26.145714285714288,0.7937853854126421
2002-04-11,24.22,25.752857142857145,0.9771679194778181
2002-04-12,23.25,25.25714285714286,1.2475270776713758
2002-04-15,23.39,24.745714285714286,1.1589773817586144
2002-04-16,24.03,24.55142857142857,1.1469005852210719
2002-04-17,25.26,24.39428571428571,0.9083475315619719
2002-04-18,25.9,24.45428571428571,1.0011469612872657
2002-04-19,25.86,24.55857142857143,1.114830758028816
2002-04-22,25.96,24.807142857142853,1.2161375235514926
2002-04-23,26.26,25.237142857142857,1.1004349789317942
2002-04-24,26.2,25.638571428571428,0.7802655225714866
2002-04-25,26.47,25.987142857142857,0.38861781935890993
2002-04-26,26.32,26.138571428571424,0.23369699551716236
2002-04-29,26.85,26.274285714285718,0.328626289415042
2002-04-30,26.98,26.434285714285714,0.36404473822324335
2002-05-01,26.67,26.535714285714285,0.3038013135170664
2002-05-02,25.73,26.46,0.4255976190403226
2002-05-03,25.8,26.402857142857147,0.48852547820620584
2002-05-07,25.53,26.26857142857143,0.5863852138714624
2002-05-08,26.09,26.235714285714284,0.5894589932822869
2002-05-09,26.09,26.127142857142854,0.5237911252174928
2002-05-10,26.89,26.114285714285717,0.49992856632526617
2002-05-13,26.3,26.06142857142857,0.4482718137994896
2002-05-14,27.12,26.259999999999998,0.5686826883240449
2002-05-15,27.17,26.455714285714286,0.6176260233841883
2002-05-16,25.71,26.481428571428573,0.5749327082773079
2002-05-17,25.45,26.390000000000004,0.6874348453970962
2002-05-20,25.97,26.372857142857146,0.697584266969427
2002-05-21,24.99,26.101428571428574,0.8214708063673073
2002-05-22,24.32,25.81857142857143,1.0506256639325724
2002-05-23,24.01,25.374285714285715,1.066018404200751
2002-05-24,23.76,24.88714285714286,0.8697262842545874
2002-05-27,23.52,24.57428571428571,0.917003401353956
2002-05-28,24.71,24.46857142857143,0.8385191027721277
2002-05-29,24.18,24.212857142857143,0.5147722566241992
2002-05-30,23.72,24.03142857142857,0.40793907108021055
2002-05-31,23.87,23.967142857142857,0.38994505107340904
2002-06-05,23.19,23.85,0.48620983124521755
2002-06-06,22.79,23.71142857142857,0.6323877653100127
2002-06-07,22.99,23.63571428571429,0.6883762813762634
2002-06-10,22.83,23.367142857142856,0.552772234158568
2002-06-11,22.37,23.108571428571427,0.5321161706311263
2002-06-12,23.09,23.018571428571427,0.4598343386994227
2002-06-13,23.72,22.997142857142855,0.41483789145881106
2002-06-14,23.97,23.108571428571427,0.5560104486852151
2002-06-17,24.69,23.38,0.7893668348743279
2002-06-18,24.64,23.615714285714287,0.8930445517599241
2002-06-19,24.85,23.904285714285717,0.9227108095686032
2002-06-20,24.42,24.197142857142858,0.635077798008492
2002-06-21,24.14,24.34714285714286,0.4163217620102416
2002-06-24,24.99,24.52857142857143,0.371816647081755
2002-06-25,25.32,24.72142857142857,0.383728574707585
2002-06-26,24.75,24.73,0.38357963101920417
2002-06-27,25.39,24.837142857142858,0.45275873949595924
2002-06-28,25.33,24.905714285714286,0.48985906622353853
2002-07-01,25.65,25.08142857142857,0.5069000089239578
2002-07-02,25.64,25.295714285714286,0.32811873576708667
2002-07-03,25.59,25.381428571428575,0.3129658432594584
2002-07-04,25.51,25.408571428571427,0.31498299273733826
2002-07-05,25.75,25.55142857142857,0.15015864626154624
2002-07-08,25.08,25.50714285714286,0.23012419007271978
2002-07-09,24.9,25.44571428571428,0.32366943748427784
2002-07-10,25.82,25.470000000000002,0.34708308323245934
2002-07-11,25.83,25.497142857142855,0.3693108124465883
2002-07-12,26.11,25.571428571428573,0.43716619918946964
2002-07-15,26.16,25.664285714285715,0.4880183446975984
2002-07-16,25.94,25.69142857142857,0.49874604664808897
2002-07-17,26.19,25.849999999999998,0.44557079497292956
2002-07-18,26.72,26.110000000000003,0.30886890422875035
2002-07-19,26.37,26.18857142857143,0.2923142470819481
2002-07-22,25.7,26.169999999999998,0.3215587038154422
2002-07-23,25.65,26.104285714285712,0.37792667467121227
2002-07-24,25.43,26.0,0.45321076774440255
2002-07-25,25.36,25.917142857142856,0.5148370061064134
2002-07-26,25.1,25.76142857142857,0.5793510326624897
2002-07-29,25.2,25.544285714285714,0.42429773912672347
2002-07-30,25.95,25.48428571428571,0.29938031235879514
2002-07-31,26.28,25.56714285714286,0.42354512887053014
2002-08-01,25.79,25.587142857142858,0.4313434163826086
2002-08-02,25.17,25.55,0.4575295983133889
2002-08-05,25.2,25.527142857142856,0.4723598305564174
2002-08-06,25.69,25.61142857142857,0.4345660123008892
2002-08-07,25.7,25.68285714285714,0.3949562965569137
2002-08-08,25.51,25.62,0.3800877091753218
2002-08-09,25.49,25.50714285714286,0.24458906255858576
2002-08-12,25.63,25.48428571428571,0.2199891772217818
2002-08-13,26.11,25.618571428571425,0.275948580440444
2002-08-14,26.47,25.800000000000004,0.3596757799270651
2002-08-15,26.66,25.938571428571432,0.4777177887767646
2002-08-16,27.33,26.17142857142857,0.6914821899710032
2002-08-19,27.44,26.447142857142858,0.7646941498773345
2002-08-20,27.63,26.752857142857142,0.7458041361666505
2002-08-21,27.53,27.024285714285714,0.6006623328415974
2002-08-22,27.81,27.267142857142858,0.5055265995539829
2002-08-23,27.51,27.415714285714284,0.3656891732442196
2002-08-26,27.56,27.544285714285714,0.15075997953051237
2002-08-27,27.89,27.624285714285715,0.16591736325062764
2002-08-28,27.54,27.638571428571428,0.15104398602312916
2002-08-29,27.11,27.564285714285717,0.25085567848474344
2002-08-30,27.56,27.56857142857143,0.250428204708965
2002-09-02,27.45,27.517142857142858,0.22859821271526265
2002-09-03,26.58,27.384285714285713,0.4219343212255215
2002-09-04,27.31,27.348571428571425,0.41510755921056885
2002-09-05,27.54,27.298571428571428,0.355875847799607
2002-09-06,28.36,27.415714285714284,0.5373036740007539
2002-09-09,28.67,27.638571428571428,0.6909276028502724
2002-09-10,28.92,27.83285714285714,0.8402323941564905
2002-09-11,28.68,28.00857142857143,0.8747271683485602
2002-09-12,27.76,28.177142857142858,0.6341586101730491
2002-09-13,28.53,28.351428571428574,0.5120035342134744
2002-09-16,28.38,28.471428571428568,0.36843943742097873
2002-09-17,27.76,28.38571428571429,0.4576700828778013
2002-09-18,28.41,28.34857142857143,0.4409999460095446
2002-09-19,28.45,28.28142857142857,0.369478396816045
2002-09-20,28.61,28.271428571428572,0.35765106698254756
2002-09-23,29.36,28.5,0.4699645376686771
2002-09-24,29.47,28.634285714285713,0.5970722218414649
2002-09-25,29.11,28.73857142857143,0.608890481981024
2002-09-26,28.93,28.905714285714282,0.42972305588759113
2002-09-27,29.0,28.990000000000002,0.36999999999927713
2002-09-30,29.11,29.084285714285716,0.2834229550125337
2002-10-01,29.42,29.199999999999996,0.2144761058940268
2002-10-02,29.14,29.16857142857143,0.20293090543438214
2002-10-03,28.46,29.024285714285718,0.29228166454301746
2002-10-04,28.32,28.91142857142857,0.38989009440321865
2002-10-07,28.38,28.83285714285714,0.43797695090412503
2002-10-08,28.28,28.729999999999997,0.4751490994057871
2002-10-09,28.29,28.61285714285714,0.466858803983181
2002-10-10,27.7,28.36714285714286,0.4216916047578748
2002-10-11,28.18,28.23,0.24933244206506297
2002-10-14,28.56,28.244285714285713,0.26694925503055084
2002-10-15,28.66,28.292857142857144,0.3104144694704239
2002-10-16,28.61,28.325714285714287,0.3325586235458348
2002-10-17,28.22,28.31714285714286,0.3346995810025338
2002-10-18,28.2,28.304285714285715,0.33763180847588997
2002-10-21,27.01,28.205714285714286,0.5665644165447543
2002-10-22,26.69,27.99285714285714,0.8067984937537165
2002-10-23,26.68,27.724285714285717,0.8946667376336424
2002-10-24,26.78,27.45571428571429,0.8479162132907679
2002-10-25,25.96,27.077142857142857,0.8381868185891435
2002-10-28,25.44,26.68,0.864619376758415
2002-10-29,25.71,26.324285714285715,0.6096681376738321
2002-10-30,25.29,26.07857142857143,0.6333884687775673
2002-10-31,25.51,25.91,0.5996665740221288
2002-11-01,25.78,25.78142857142857,0.494281585448742
2002-11-04,25.21,25.557142857142857,0.2717667066742656
2002-11-05,24.66,25.371428571428574,0.37511902872783875
2002-11-06,23.73,25.12714285714286,0.7206643760146397
2002-11-07,24.36,24.934285714285718,0.7193250804942055
2002-11-08,23.54,24.684285714285714,0.8645395140929024
2002-11-11,23.86,24.448571428571427,0.8259626418390255
2002-11-12,24.01,24.195714285714285,0.5867099551123911
2002-11-13,22.96,23.874285714285715,0.5538308148053693
2002-11-14,22.82,23.611428571428572,0.5554106160133745
2002-11-15,23.33,23.554285714285715,0.5617192994975109
2002-11-18,23.41,23.418571428571425,0.435102615153813
2002-11-19,24.05,23.49142857142857,0.49710590995650805
2002-11-20,24.05,23.51857142857143,0.5249897958186311
2002-11-21,24.52,23.59142857142857,0.6295349757667862
2002-11-22,24.79,23.852857142857147,0.6996836019634487
2002-11-25,24.85,24.142857142857142,0.6159197535852756
2002-11-26,24.56,24.31857142857143,0.5120686337920818
2002-11-27,25.11,24.56142857142857,0.4002677675178074
2002-11-28,25.7,24.797142857142855,0.5175491695061889
2002-11-29,25.74,25.038571428571426,0.504956386612106
2002-12-02,25.73,25.211428571428574,0.5049563866121061
2002-12-03,26.09,25.397142857142853,0.5601700422102904
2002-12-04,25.99,25.56,0.5399382680758383
2002-12-05,26.07,25.775714285714283,0.3375330671622764
2002-12-06,25.67,25.85571428571429,0.18563917895020626
2002-12-09,26.06,25.907142857142862,0.18517687811894323
2002-12-10,26.35,25.994285714285716,0.23121830542002128
2002-12-11,26.85,26.154285714285717,0.3660536000296124
2002-12-12,27.29,26.325714285714287,0.5603527800365037
2002-12-13,27.64,26.56142857142857,0.7199173232950797
2002-12-16,28.73,26.94142857142857,1.0456326405803416
2002-12-17,29.25,27.45285714285714,1.1861803444346928
2002-12-18,29.95,28.00857142857143,1.3276599535951767
2002-12-19,30.26,28.56714285714286,1.3360478320491391
2002-12-20,29.59,28.958571428571428,1.1354357250472966
2002-12-23,30.61,29.43285714285714,1.008608187647644
2002-12-24,30.93,29.90285714285714,0.7729319565933299
2002-12-27,31.49,30.29714285714286,0.7788605841376156
2002-12-30,32.02,30.692857142857147,0.8578405890314657
2002-12-31,30.12,30.717142857142854,0.8354183440188423
2003-01-02,30.32,30.725714285714286,0.8302380610973057
2003-01-03,31.43,30.988571428571426,0.6902035586552164
2003-01-06,31.43,31.10571428571429,0.6848079327528819
2003-01-07,30.78,31.084285714285716,0.6935141705554948
2003-01-08,29.3,30.771428571428572,0.9327098257480706
2003-01-09,30.26,30.52,0.7615554258660673
2003-01-10,30.07,30.512857142857143,0.7661530370558202
2003-01-13,30.46,30.532857142857143,0.7620961069247477
2003-01-14,31.36,30.522857142857145,0.7487036415408456
2003-01-15,31.73,30.565714285714286,0.8149408392196031
2003-01-16,32.29,30.78142857142857,1.0477186099872713
2003-01-17,31.57,31.10571428571429,0.8443312371898876
2003-01-20,32.23,31.38714285714286,0.8437755287139491
2003-01-21,31.72,31.622857142857146,0.6135610343368457
2003-01-22,32.07,31.852857142857143,0.350272003148739
2003-01-23,31.4,31.858571428571427,0.34109766790022655
2003-01-24,31.62,31.842857142857145,0.35041472028131276
2003-01-27,31.02,31.66142857142857,0.40486329262313275
2003-01-28,30.73,31.541428571428575,0.5388082086546627
2003-01-29,31.26,31.40285714285714,0.44954474325682015
2003-01-30,31.42,31.359999999999996,0.4280576285182854
2003-01-31,31.57,31.28857142857143,0.31719754998053173
2003-02-03,30.95,31.224285714285713,0.3358996448761723
2003-02-04,31.13,31.154285714285713,0.287219842793993
2003-02-05,31.77,31.261428571428574,0.3595566052519669
2003-02-06,31.81,31.415714285714284,0.3234118706766988
2003-02-07,32.23,31.554285714285715,0.43435228186492236
2003-02-10,32.47,31.70428571428571,0.546956949641617
2003-02-11,32.51,31.838571428571424,0.6191238048352211
2003-02-12,32.46,32.05428571428571,0.511659298845033
2003-02-13,33.23,32.354285714285716,0.49476786283527713
2003-02-14,33.26,32.567142857142855,0.521303311764362
2003-02-17,33.06,32.74571428571428,0.423668783479015
2003-02-18,33.26,32.892857142857146,0.3924162027615944
2003-02-19,33.16,32.99142857142857,0.3531962896846077
2003-02-20,32.76,33.027142857142856,0.30587112131827277
2003-02-21,32.76,33.07,0.2229349680946353
2003-02-24,33.41,33.09571428571429,0.25284100029055445
2003-02-25,33.64,33.15,0.32460232079580803
2003-02-26,33.46,33.207142857142856,0.34091613268246596
2003-02-27,34.09,33.325714285714284,0.4788130164910592
2003-02-28,34.0,33.44571428571429,0.5325991971091103
2003-03-03,33.4,33.537142857142854,0.4425951606037293
2003-03-04,34.37,33.76714285714286,0.3861655208886134
2003-03-05,33.92,33.839999999999996,0.3543538720912058
2003-03-06,34.39,33.94714285714286,0.3948718900139301
2003-03-07,34.47,34.09142857142857,0.3710089204412508
2003-03-10,34.94,34.212857142857146,0.4903642960662051
2003-03-11,34.06,34.221428571428575,0.48653292356596745
2003-03-12,34.16,34.33,0.33336666499920803
2003-03-13,33.98,34.27428571428571,0.3572980615134451
2003-03-14,31.48,33.925714285714285,1.1253126549665773
2003-03-17,30.35,33.348571428571425,1.7241657748160295
2003-03-18,28.55,32.50285714285714,2.401337920727345
2003-03-19,28.4,31.568571428571428,2.561968179423828
2003-03-20,28.0,30.70285714285714,2.603310163911144
2003-03-21,25.59,29.478571428571428,2.71908948345707
2003-03-24,26.54,28.415714285714284,2.0340997774841556
2003-03-25,27.28,27.815714285714282,1.538688371555811
2003-03-26,25.98,27.19142857142857,1.1849392188547494
2003-03-27,27.29,27.011428571428574,1.0296994475962868
2003-03-28,27.66,26.905714285714286,0.8921856522576351
2003-03-31,28.05,26.912857142857145,0.9025466615026726
2003-04-01,27.94,27.24857142857143,0.7531805576222089
2003-04-02,26.29,27.212857142857143,0.7970302019724793
2003-04-03,26.75,27.13714285714286,0.8145697082036358
2003-04-04,25.62,27.085714285714285,0.9060326915152588
2003-04-07,25.27,26.79714285714286,1.125280917307445
2003-04-08,24.88,26.400000000000002,1.2532890063079911
2003-04-09,25.11,25.979999999999997,1.090198758636454
2003-04-10,25.16,25.58285714285714,0.6901621617583323
2003-04-11,24.39,25.31142857142857,0.7376862153924751
2003-04-14,24.72,25.021428571428572,0.3993089268307624
2003-04-15,24.74,24.895714285714284,0.3074007776410989
2003-04-16,24.86,24.837142857142855,0.2595325468149544
2003-04-17,25.36,24.905714285714282,0.32730501283616953
2003-04-18,25.76,24.99857142857143,0.4601604275105948
2003-04-21,25.76,25.084285714285716,0.5435640760398169
2003-04-22,25.72,25.274285714285714,0.49026717691583255
2003-04-23,24.56,25.25142857142857,0.5230496653092019
2003-04-24,24.06,25.154285714285713,0.67495326116778
2003-04-25,24.29,25.072857142857142,0.7469206625804333
2003-04-28,23.42,24.795714285714286,0.953866817098185
2003-04-29,23.23,24.434285714285714,1.0055157406828708
2003-04-30,23.6,24.125714285714285,0.8503304679717294
2003-05-01,23.79,23.85,0.4790963716544398
2003-05-02,23.73,23.731428571428573,0.3626489841615462
2003-05-05,23.59,23.664285714285715,0.3340587344979229
2003-05-06,23.91,23.610000000000003,0.23014488190221072
2003-05-07,24.01,23.694285714285712,0.25559454498812595
2003-05-08,24.48,23.872857142857146,0.3083674369799633
2003-05-09,25.55,24.15142857142857,0.678931232929179
2003-05-12,25.69,24.42285714285714,0.8647295200559881
2003-05-13,25.45,24.66857142857143,0.8792881319833308
2003-05-14,25.98,25.009999999999998,0.8543418519533718
2003-05-15,26.77,25.41857142857143,0.9218175627784154
2003-05-16,27.18,25.871428571428574,0.8927005576974897
2003-05-19,27.23,26.264285714285712,0.7757546249261852
2003-05-20,26.69,26.427142857142858,0.7183479724499404
2003-05-21,27.58,26.69714285714286,0.7496157745958552
2003-05-22,27.32,26.964285714285715,0.5330058518387729
2003-05-23,27.14,27.13,0.3094080369552051
2003-05-26,26.78,27.131428571428568,0.3074859656094228
2003-05-27,26.55,27.041428571428572,0.3755630693329127
2003-05-28,26.48,26.934285714285714,0.4174468885511587
2003-05-29,26.39,26.891428571428573,0.4599430606572492
2003-05-30,26.58,26.748571428571427,0.3533849917301141
2003-06-02,27.56,26.782857142857143,0.42287564309492826
2003-06-03,27.99,26.904285714285717,0.6190545787147607
2003-06-04,27.49,27.005714285714287,0.6525554163653142
2003-06-05,28.16,27.235714285714288,0.7426721381343456
2003-06-06,28.38,27.50714285714286,0.7672399512905186
2003-06-09,28.62,27.825714285714287,0.684588858192301
2003-06-10,28.44,28.091428571428573,0.43651760450954447
2003-06-11,28.97,28.292857142857144,0.4741207400964525
2003-06-12,28.48,28.36285714285714,0.4578469280479464
2003-06-13,27.39,28.348571428571432,0.49004858845501287
2003-06-16,27.5,28.254285714285714,0.5863973949132416
2003-06-17,27.14,28.077142857142857,0.7152322300178273
2003-06-18,26.43,27.764285714285712,0.8946667376334617
2003-06-19,26.21,27.445714285714285,1.0042718281227612
2003-06-20,27.13,27.18285714285714,0.7465412309597761
2003-06-23,27.13,26.990000000000002,0.4837010095769845
2003-06-24,26.96,26.928571428571427,0.45060805479567956
2003-06-25,27.34,26.905714285714282,0.41979586875968455
2003-06-26,27.06,26.89428571428571,0.41339477269840363
2003-06-27,27.45,27.04,0.4020779360594076
2003-06-30,28.88,27.42142857142857,0.6643650746239448
2003-07-01,28.33,27.592857142857138,0.728370653941341
2003-07-02,28.2,27.745714285714286,0.727320588251402
2003-07-03,28.63,27.98428571428571,0.7000204078651561
2003-07-04,27.97,28.074285714285715,0.6414269805891395
2003-07-07,27.23,28.09857142857143,0.5983986567331855
2003-07-08,27.95,28.169999999999998,0.5345091205948959
2003-07-09,28.21,28.07428571428571,0.4373350028994176
2003-07-10,29.37,28.222857142857144,0.6591083442977632
2003-07-11,29.36,28.388571428571428,0.786011632047144
2003-07-14,28.52,28.37285714285714,0.7814668746591921
2003-07-15,28.87,28.50142857142857,0.7781694025382571
2003-07-16,28.51,28.684285714285718,0.5450950113766405
2003-07-17,28.59,28.775714285714287,0.44608882309957776
2003-07-18,29.2,28.91714285714286,0.39028682980974216
2003-07-21,28.01,28.722857142857144,0.4596271781088132
2003-07-22,28.4,28.585714285714285,0.3728653529462059
2003-07-23,27.67,28.464285714285715,0.5107464192346637
2003-07-24,27.73,28.301428571428573,0.5406917967259576
2003-07-25,28.3,28.27142857142857,0.5329611796807944
2003-07-28,27.71,28.145714285714288,0.548842938760896
2003-07-29,28.27,28.012857142857143,0.3129810583026853
2003-07-30,28.31,28.055714285714288,0.3324583754813483
2003-07-31,28.68,28.095714285714287,0.39225234831805733
2003-08-01,29.63,28.375714285714285,0.6515585709878245
2003-08-04,29.91,28.687142857142856,0.7963816983852235
2003-08-05,30.37,28.982857142857142,0.9895573806116208
2003-08-06,30.01,29.31142857142857,0.8712525192962562
2003-08-07,30.06,29.56714285714286,0.7716370970365075
2003-08-08,30.59,29.892857142857142,0.6185659298109842
2003-08-11,30.05,30.088571428571424,0.3112570519362903
2003-08-12,30.13,30.16,0.23699507730285208
2003-08-13,29.66,30.124285714285715,0.2931357559692944
2003-08-14,28.96,29.92285714285714,0.5044374518770999
2003-08-15,29.18,29.804285714285715,0.5733776284099543
2003-08-18,29.88,29.77857142857143,0.5639571074529854
2003-08-19,29.18,29.577142857142857,0.4697770494496251
2003-08-20,29.28,29.467142857142857,0.4289799640110577
2003-08-21,29.95,29.441428571428567,0.3858509458068898
2003-08-22,30.22,29.52142857142857,0.4842323330593194
2003-08-25,29.98,29.66714285714286,0.4384333581320316
2003-08-26,30.08,29.795714285714286,0.40223778799903936
2003-08-27,30.05,29.82,0.41315856520121
2003-08-28,30.1,29.951428571428572,0.3087840977879911
2003-08-29,30.38,30.108571428571427,0.14837211905682576
2003-09-01,29.64,30.064285714285717,0.22831682248073182
2003-09-02,28.08,29.75857142857143,0.7715445239129598
2003-09-03,27.89,29.46,1.0320045219534895
2003-09-04,27.49,29.09,1.2198633803282135
2003-09-05,27.72,28.757142857142856,1.232081088858566
2003-09-08,28.47,28.524285714285714,1.0807228621441292
2003-09-09,27.64,28.132857142857144,0.7386409656860099
2003-09-10,27.76,27.86428571428571,0.3256202871868562
2003-09-11,27.48,27.778571428571432,0.3381039569620027
2003-09-12,26.52,27.58285714285714,0.5758099884998678
2003-09-15,26.38,27.424285714285713,0.7361579799388475
2003-09-16,26.28,27.21857142857143,0.8343945623704386
2003-09-17,25.76,26.831428571428575,0.7841647057304679
2003-09-18,25.56,26.534285714285716,0.819976770866692
2003-09-19,25.51,26.212857142857143,0.6901380124218145
2003-09-22,25.82,25.975714285714282,0.4108469764940352
2003-09-23,25.74,25.864285714285717,0.3379278593047465
2003-09-24,26.81,25.92571428571429,0.46317229129949333
2003-09-25,27.04,26.034285714285716,0.6219286438927631
2003-09-26,27.02,26.214285714285715,0.7059711312045951
2003-09-29,27.77,26.529999999999998,0.8450641001322899
2003-09-30,28.09,26.898571428571426,0.8876078069996295
2003-10-01,27.98,27.207142857142856,0.8232803144674089
2003-10-02,28.9,27.658571428571427,0.7476057020337474
2003-10-03,29.14,27.99142857142857,0.8218359238396546
2003-10-06,29.75,28.37857142857143,0.9301152002377902
2003-10-07,29.35,28.71142857142857,0.7651890522696917
2003-10-08,28.96,28.881428571428575,0.6437242828883009
2003-10-09,30.21,29.184285714285718,0.7050970888899009
2003-10-10,31.13,29.634285714285713,0.8063261776483615
2003-10-13,31.0,29.934285714285718,0.8753067489520573
2003-10-14,31.45,30.264285714285712,0.9575290620973453
2003-10-15,31.23,30.475714285714282,0.9879584529528674
2003-10-16,31.05,30.71857142857143,0.8666108040599346
2003-10-17,30.27,30.905714285714286,0.4777676263216536
2003-10-20,29.78,30.844285714285714,0.5953110431483358
2003-10-21,29.61,30.627142857142854,0.7346362883696915
2003-10-22,29.25,30.377142857142854,0.8716022465491899
2003-10-23,29.63,30.117142857142856,0.7629048495867143
2003-10-24,30.01,29.942857142857147,0.5848850110830274
2003-10-27,29.38,29.704285714285714,0.35241344766389765
2003-10-28,28.99,29.52142857142857,0.34187856379139847
2003-10-29,28.56,29.347142857142853,0.47366353338235867
2003-10-30,27.47,29.041428571428572,0.8313127885339379
2003-10-31,27.88,28.845714285714283,0.9294955108880435
2003-11-03,27.78,28.58142857142857,0.9323344995476359
2003-11-04,27.32,28.197142857142858,0.788684860716201
2003-11-05,27.9,27.985714285714284,0.5927859968777638
2003-11-06,28.52,27.91857142857143,0.47498872166969675
2003-11-07,28.73,27.942857142857143,0.5158395837754248
2003-11-10,28.82,28.13571428571429,0.5600552693806492
2003-11-11,28.88,28.278571428571432,0.6093282796490564
2003-11-12,28.58,28.392857142857142,0.5742448457376605
2003-11-13,29.01,28.634285714285713,0.3652331284185015
2003-11-14,29.78,28.902857142857147,0.42208665325531197
2003-11-17,28.98,28.96857142857143,0.3868862266611196
2003-11-18,29.26,29.044285714285714,0.3842680116286441
2003-11-19,30.13,29.231428571428573,0.5430294212840394
2003-11-20,29.88,29.374285714285715,0.5662113016307283
2003-11-21,29.79,29.54714285714286,0.45759204122187336
2003-11-24,27.99,29.40142857142857,0.7352874397449924
2003-11-25,27.62,29.092857142857138,0.9667421973771527
2003-11-26,28.23,28.985714285714288,1.0213529775552797
2003-11-27,28.9,28.934285714285718,1.0142790073549959
2003-11-28,28.95,28.76571428571429,0.8702654220184997
2003-12-01,28.17,28.52142857142857,0.734811281246249
2003-12-02,29.1,28.422857142857143,0.562308168346871
2003-12-03,29.26,28.604285714285716,0.6027950769217014
2003-12-04,29.25,28.837142857142858,0.45620588501568304
2003-12-05,28.87,28.928571428571427,0.3702894620609906
2003-12-08,30.52,29.16,0.7046985170972961
2003-12-09,30.27,29.34857142857143,0.8081548649320938
2003-12-10,30.02,29.612857142857145,0.6444044869926526
2003-12-11,29.79,29.71142857142857,0.6044123474197104
2003-12-12,30.24,29.851428571428574,0.5958587240669851
2003-12-15,30.89,30.085714285714285,0.6406990230165416
2003-12-16,30.64,30.33857142857143,0.3752078788885726
2003-12-17,31.01,30.40857142857143,0.4524536282464695
2003-12-18,30.79,30.482857142857142,0.46832019978100176
2003-12-19,31.03,30.627142857142854,0.45740989224427214
2003-12-22,28.78,30.482857142857142,0.7979915263895881
2003-12-23,28.3,30.205714285714286,1.1539043452965894
2003-12-24,29.45,30.0,1.1398537917933962
2003-12-29,29.17,29.79,1.1377023629516578
2003-12-30,30.1,29.66,1.0210778618690741
2003-12-31,30.3,29.590000000000003,0.944633967911622
2004-01-02,29.55,29.37857142857143,0.7034540632100607
2004-01-05,32.3,29.881428571428575,1.2500323805326268
2004-01-06,31.2,30.295714285714286,1.1114383645053574
2004-01-07,30.99,30.51571428571429,1.0676899853239266
2004-01-08,31.11,30.79285714285714,0.8985490950357549
2004-01-09,31.91,31.05142857142857,0.9259486769686782
2004-01-12,31.41,31.209999999999997,0.8691183271947248
2004-01-13,32.55,31.638571428571428,0.6173175458222734
2004-01-14,31.84,31.572857142857142,0.5566780723089064
2004-01-15,31.43,31.60571428571429,0.5374587470317957
2004-01-16,31.26,31.64428571428571,0.4938237588056961
2004-01-19,31.67,31.724285714285713,0.4346591439595521
2004-01-20,32.26,31.774285714285718,0.4775931721604857
2004-01-21,31.95,31.851428571428567,0.45186386487528213
2004-01-22,31.42,31.69,0.35137823874814367
2004-01-23,32.08,31.724285714285713,0.3790715474607895
2004-01-26,31.15,31.684285714285714,0.4270385284268686
2004-01-27,31.05,31.654285714285713,0.4672920979012877
2004-01-28,30.77,31.525714285714283,0.5739006052976338
2004-01-29,29.47,31.127142857142854,0.870913587096661
2004-01-30,29.53,30.78142857142857,0.9650635310935359
2004-02-02,30.3,30.62142857142857,0.9338884403646548
2004-02-03,30.07,30.334285714285716,0.6870676129472413
2004-02-04,29.63,30.117142857142856,0.623557382702611
2004-02-05,29.02,29.82714285714286,0.5884645071621594
2004-02-06,29.26,29.611428571428572,0.4443507837809574
2004-02-09,29.1,29.55857142857143,0.4841979130962382
2004-02-10,30.06,29.634285714285713,0.5191614117282818
2004-02-11,30.33,29.638571428571428,0.5256560526745755
2004-02-12,30.17,29.65285714285714,0.5404847912041004
2004-02-13,30.96,29.842857142857145,0.7312253251834232
2004-02-16,31.08,30.137142857142855,0.7588744798644871
2004-02-17,31.43,30.447142857142858,0.7836605193085358
2004-02-18,31.57,30.8,0.6136231199461464
2004-02-19,31.63,31.024285714285718,0.58429037138596
2004-02-20,31.22,31.15142857142857,0.4985789329484899
2004-02-23,31.89,31.397142857142857,0.3294295213287792
2004-02-24,31.6,31.488571428571426,0.27162649425277063
2004-02-25,32.46,31.685714285714287,0.3973603378475688
2004-02-26,32.45,31.83142857142857,0.46859465679843926
2004-02-27,32.94,32.027142857142856,0.6068968689348304
2004-03-01,33.34,32.27142857142858,0.7481182743256849
2004-03-02,34.15,32.69,0.8713208364311517
2004-03-03,33.32,32.894285714285715,0.8185323683852206
2004-03-04,33.45,33.15857142857143,0.6006504410886866
2004-03-05,34.4,33.43571428571429,0.6683526300496768
2004-03-08,34.27,33.69571428571429,0.5673581215549173
2004-03-09,33.72,33.807142857142864,0.46078607783102193
2004-03-10,32.83,33.73428571428571,0.5734938867105076
2004-03-11,33.22,33.60142857142857,0.5688417639203689
2004-03-12,32.76,33.521428571428565,0.6487790731160875
2004-03-15,34.39,33.65571428571429,0.7244045173526955
2004-03-16,34.72,33.70142857142857,0.786626310505847
2004-03-17,34.95,33.79857142857143,0.9020611319158911
2004-03-18,34.43,33.9,0.9311999427257439
2004-03-19,34.33,34.114285714285714,0.808431756403101
2004-03-22,33.57,34.16428571428572,0.752813769419549
2004-03-23,34.4,34.39857142857143,0.4281132471438557
2004-03-24,34.14,34.362857142857145,0.43923092960641114
2004-03-25,33.32,34.16285714285714,0.5534050441188991
2004-03-26,32.51,33.81428571428571,0.7187224114781713
2004-03-29,32.04,33.472857142857144,0.9176367161661698
2004-03-30,33.04,33.28857142857143,0.8433352155064866
2004-03-31,32.29,33.105714285714285,0.9084025749051585
2004-04-01,32.59,32.847142857142856,0.7157679858186519
2004-04-02,31.19,32.425714285714285,0.6958653400102957
2004-04-05,31.17,32.11857142857143,0.7097048346883505
2004-04-06,31.48,31.971428571428568,0.7216977338517033
2004-04-07,33.07,32.11857142857143,0.8342347505628643
2004-04-08,33.98,32.252857142857145,1.0539878918609735
2004-04-09,34.03,32.501428571428576,1.250978664504987
2004-04-12,34.51,32.77571428571429,1.4656950244716542
2004-04-13,34.15,33.198571428571434,1.3547500208697834
2004-04-14,33.54,33.537142857142854,1.0174431071020822
2004-04-15,33.72,33.857142857142854,0.46474775544325364
2004-04-16,33.85,33.96857142857143,0.31344476235325086
2004-04-19,34.71,34.07285714285714,0.420900395409901
2004-04-20,33.56,34.005714285714284,0.46414283515706556
2004-04-21,33.23,33.82285714285714,0.48407004609134635
2004-04-22,33.24,33.69285714285714,0.5033790581555277
2004-04-23,33.78,33.72714285714286,0.499390104216679
2004-04-26,34.18,33.792857142857144,0.5277535499860492
2004-04-27,34.11,33.83,0.5414178915887432
2004-04-28,35.02,33.87428571428571,0.630710106224962
2004-04-29,34.66,34.03142857142857,0.6748438972928055
2004-04-30,35.23,34.317142857142855,0.7018241537993584
2004-05-03,34.97,34.56428571428571,0.546774089328432
2004-05-04,36.07,34.89142857142857,0.6704085463705185
2004-05-05,36.58,35.23428571428571,0.8385474970214237
2004-05-06,37.05,35.65428571428571,0.9144188891098368
2004-05-07,37.25,35.972857142857144,1.0368656982413
2004-05-10,35.83,36.14,0.870995598916701
2004-05-11,36.97,36.38857142857143,0.8144615516072733
2004-05-12,37.95,36.81428571428571,0.7230919061646195
2004-05-13,38.3,37.13285714285714,0.8246355616408166
2004-05-14,39.04,37.48428571428571,1.0446029092885352
2004-05-17,38.88,37.74571428571428,1.1422325674283915
2004-05-18,38.43,37.91428571428571,1.143953045988941
2004-05-19,38.35,38.27428571428572,0.6819300341144593
2004-05-20,38.89,38.548571428571435,0.3961240786837397
2004-05-21,37.6,38.49857142857143,0.4942141429040442
2004-05-24,39.22,38.63,0.5516037224905366
2004-05-25,38.46,38.547142857142866,0.5225486990280419
2004-05-26,38.05,38.42857142857143,0.5285649935246537
2004-05-27,37.03,38.228571428571435,0.7474719297158025
2004-05-28,37.0,38.035714285714285,0.8743160592299368
2004-05-31,37.0,37.76571428571429,0.8582124279147835
2004-06-01,39.05,37.972857142857144,0.9781566726191034
2004-06-02,37.99,37.79714285714285,0.8133821218770971
2004-06-03,36.26,37.48285714285714,0.9310874338764565
2004-06-04,35.97,37.185714285714276,1.0448741095274394
2004-06-07,35.57,36.97714285714286,1.2132836201218613
2004-06-08,35.47,36.75857142857143,1.3397067909483638
2004-06-09,34.69,36.42857142857143,1.5398747629963883
2004-06-10,35.75,35.957142857142856,1.0214485512526166
2004-06-11,35.23,35.56285714285714,0.5112310073304375
2004-06-14,35.22,35.41428571428571,0.41736703043508305
2004-06-15,34.66,35.22714285714285,0.42034566274609253
2004-06-16,34.56,35.082857142857144,0.45496206016486873
2004-06-17,35.58,35.098571428571425,0.47213799435469117
2004-06-18,35.43,35.20428571428572,0.44761803444553283
2004-06-21,34.82,35.07142857142857,0.39337973898843165
2004-06-22,34.95,35.03142857142857,0.388777081431776
2004-06-23,34.81,34.972857142857144,0.38651064175449523
2004-06-24,34.71,34.98,0.380175398115564
2004-06-25,34.25,34.93571428571429,0.449067817551985
2004-06-28,33.24,34.60142857142857,0.6937922016329127
2004-06-29,32.61,34.19857142857143,0.9157224574327512
2004-06-30,33.22,33.970000000000006,0.9342554968168022
2004-07-01,35.58,34.06,1.0655202172330658
2004-07-02,35.36,34.13857142857143,1.147191186789141
2004-07-05,35.73,34.284285714285716,1.2880069505872043
2004-07-06,36.47,34.60142857142857,1.5289367609703928
2004-07-07,35.62,34.94142857142857,1.4376303253548672
2004-07-08,37.13,35.58714285714286,1.2135583255545423
2004-07-09,37.58,36.209999999999994,0.864947011863855
2004-07-12,37.73,36.51714285714286,0.9782589003885054
2004-07-13,36.68,36.705714285714286,0.8347226514002959
2004-07-14,37.51,36.959999999999994,0.7552924378447589
2004-07-15,38.41,37.23714285714285,0.8895263587190269
2004-07-16,38.49,37.64714285714285,0.6487607233712811
2004-07-19,39.07,37.92428571428571,0.7900180829748769
2004-07-20,38.96,38.121428571428574,0.8589611665919457
2004-07-21,38.48,38.22857142857142,0.8487133118509373
2004-07-22,39.16,38.582857142857144,0.5646153347095234
2004-07-23,39.59,38.88,0.4393176527282332
2004-07-26,39.75,39.07142857142857,0.48947007301731826
2004-07-27,40.09,39.300000000000004,0.5433231082869628
2004-07-28,41.08,39.58714285714286,0.8475005267583735
2004-07-29,40.93,39.86857142857143,0.9278187425602954
2004-07-30,41.47,40.29571428571428,0.8683673789131
2004-08-02,41.35,40.60857142857143,0.781119465284335
2004-08-03,41.82,40.92714285714286,0.7506156203558774
2004-08-04,41.75,41.212857142857146,0.5916844397048723
2004-08-05,42.49,41.55571428571428,0.5240819637807209
2004-08-06,42.63,41.777142857142856,0.6099921935474265
2004-08-09,43.21,42.10285714285715,0.6862145992244387
2004-08-10,42.5,42.25,0.6365270352977366
2004-08-11,42.45,42.40714285714286,0.4980198886812107
2004-08-12,43.5,42.64714285714286,0.5678237486421385
2004-08-13,44.13,42.987142857142864,0.6479895648763407
2004-08-16,44.35,43.25285714285714,0.7783896686034525
2004-08-17,44.05,43.455714285714286,0.7740339601249162
2004-08-18,44.12,43.58571428571429,0.8018074819389683
2004-08-19,44.84,43.92000000000001,0.760438470005754
2004-08-20,45.46,44.35,0.6306081720566539
2004-08-23,44.39,44.47714285714285,0.5085834669502084
2004-08-24,42.99,44.31428571428571,0.7590972081535697
2004-08-25,42.39,44.034285714285716,1.0496167100867098
2004-08-26,40.65,43.548571428571435,1.6538785583326145
2004-08-27,40.72,43.06285714285714,1.933681413656852
2004-08-30,40.78,42.48285714285714,1.920639774360454
2004-08-31,39.8,41.674285714285716,1.6274198100347659
2004-09-01,40.96,41.184285714285714,1.10644863027029
2004-09-02,42.39,41.098571428571425,0.9563024028583879
2004-09-03,41.07,40.910000000000004,0.7714920608784447
2004-09-06,40.4,40.87428571428571,0.7910722078885807
2004-09-07,40.19,40.79857142857143,0.8325748929552462
2004-09-08,39.91,40.674285714285716,0.8981621446563784
2004-09-09,41.45,40.910000000000004,0.8454387421127191
2004-09-10,41.03,40.92,0.8465419855694116
2004-09-13,40.63,40.66857142857143,0.5447454626209617
2004-09-14,41.34,40.70714285714286,0.5859099557005131
2004-09-15,42.03,40.940000000000005,0.7456317232153761
2004-09-16,40.68,41.01,0.683934694737092
2004-09-17,43.08,41.462857142857146,0.8608080367822167
2004-09-20,43.6,41.769999999999996,1.1798870002384403
2004-09-21,44.56,42.27428571428572,1.5170789601819767
2004-09-22,45.66,42.99285714285714,1.7773642872303788
2004-09-23,46.53,43.73428571428572,2.0365645676219706
2004-09-24,46.13,44.32,2.0542232919844094
2004-09-27,46.87,45.20428571428572,1.4775075537628757
2004-09-28,47.52,45.83857142857143,1.3620992202156113
2004-09-29,46.54,46.25857142857143,0.9467387631822821
2004-09-30,47.76,46.715714285714284,0.7398391073466415
2004-10-01,46.86,46.88714285714286,0.575143874337564
2004-10-04,46.99,46.952857142857134,0.5534050441174909
2004-10-05,47.1,47.09142857142857,0.41786874220478426
2004-10-06,47.95,47.24571428571428,0.5113986423780144
2004-10-07,48.98,47.45428571428572,0.8363782466241269
2004-10-08,49.41,47.86428571428571,1.00078064767427
2004-10-11,50.75,48.29142857142857,1.4747138544064509
2004-10-12,51.28,48.92285714285714,1.6901845489534917
2004-10-13,50.42,49.41285714285715,1.5256224334746347
2004-10-14,51.31,50.01428571428572,1.2703655266992109
2004-10-15,51.02,50.45285714285715,0.9207553834692582
2004-10-18,49.16,50.478571428571435,0.8740981747176692
2004-10-19,49.21,50.45,0.9170605214472721
2004-10-20,50.78,50.45428571428571,0.9187646986175044
2004-10-21,51.06,50.42285714285715,0.8890953133312659
2004-10-22,52.28,50.68857142857143,1.1326727766856302
2004-10-25,51.68,50.74142857142857,1.174371158980298
2004-10-26,52.04,50.88714285714286,1.2737701818568248
2004-10-27,49.99,51.005714285714284,1.1149268607218061
2004-10-28,48.88,50.95857142857143,1.2067094178155315
2004-10-29,48.16,50.58428571428572,1.6101951966844565
2004-11-01,46.84,49.98142857142857,2.1136731738164887
2004-11-02,46.25,49.120000000000005,2.245417555822808
2004-11-03,46.14,48.32857142857143,2.1677056117113724
2004-11-04,45.32,47.36857142857143,1.6842053375539077
2004-11-05,44.37,46.56571428571429,1.5613440485981203
2004-11-08,44.78,45.980000000000004,1.294745792294477
2004-11-09,43.27,45.28142857142858,1.2405567106660649
2004-11-10,42.57,44.67142857142857,1.387556948637424
2004-11-11,42.22,44.09571428571429,1.4577020402307903
2004-11-12,41.33,43.40857142857143,1.4670995032303684
2004-11-15,39.32,42.55142857142857,1.8634325725335146
2004-11-16,40.48,41.99571428571428,1.8099802682423207
2004-11-17,40.27,41.35142857142858,1.4128154936316497
2004-11-18,40.8,40.99857142857143,1.1348924849425177
2004-11-19,42.29,40.95857142857143,1.0735521811781392
2004-11-22,42.26,40.964285714285715,1.0814628540823576
2004-11-23,43.03,41.207142857142856,1.3377806781588615
2004-11-24,42.62,41.67857142857143,1.1267272454823738
2004-11-25,43.12,42.05571428571428,1.100194787947371
2004-11-26,42.87,42.42714285714286,0.7927949353532602
2004-11-29,44.05,42.89142857142857,0.6121391065045787
2004-11-30,44.23,43.16857142857143,0.7234967996097423
2004-12-01,41.19,43.01571428571428,1.0055157406822801
2004-12-02,38.49,42.36714285714286,1.9834205663083933
2004-12-03,38.57,41.78857142857142,2.436352660374168
2004-12-06,38.43,41.11857142857143,2.645117694743596
2004-12-07,37.11,40.29571428571428,2.893710750016324
2004-12-08,36.9,39.27428571428572,2.5940435433431204
2004-12-09,38.33,38.43142857142857,1.3984566322840557
2004-12-10,37.24,37.86714285714286,0.7432970309296554
2004-12-13,36.77,37.621428571428574,0.7861388463322946
2004-12-14,37.03,37.401428571428575,0.6854786301405448
2004-12-15,41.53,37.84428571428572,1.7045806634165497
2004-12-16,41.49,38.46999999999999,2.138730152839525
2004-12-17,43.06,39.35000000000001,2.6021593597110013
2004-12-20,42.67,39.970000000000006,2.826027836616531
2004-12-21,42.76,40.75857142857143,2.7048378175124883
2004-12-22,40.44,41.28285714285715,2.0882825023262215
2004-12-23,40.29,41.74857142857143,1.1214786158069632
2004-12-24,39.6,41.472857142857144,1.3894089185172172
2004-12-27,39.6,41.20285714285715,1.558831980315776
2004-12-28,40.24,40.800000000000004,1.3491849391384751
2004-12-29,38.93,40.26571428571429,1.2195334783268708
2004-12-30,39.8,39.84285714285714,0.5271531809527857
2004-12-31,40.38,39.83428571428571,0.516199481557344
2005-01-04,40.75,39.9,0.6054474929048986
2005-01-05,41.0,40.1,0.7117349693985906
2005-01-06,43.25,40.62142857142857,1.3421801738387173
2005-01-07,43.28,41.05571428571428,1.653832489933604
2005-01-10,44.71,41.88142857142857,1.8472270079894444
2005-01-11,43.45,42.402857142857144,1.6682497243683614
2005-01-12,43.75,42.88428571428572,1.4605233895513285
2005-01-13,45.76,43.6,1.467855578726281
2005-01-14,45.26,44.208571428571425,1.0271875611163233
2005-01-17,45.1,44.472857142857144,0.9761781648457447
2005-01-18,45.18,44.744285714285716,0.8444891383313834
2005-01-19,45.16,44.808571428571426,0.8584565329970945
2005-01-20,44.06,44.895714285714284,0.7168416176253101
2005-01-21,45.88,45.199999999999996,0.5903671174202328
2005-01-24,45.74,45.19714285714286,0.5872453855543575
2005-01-25,46.14,45.32285714285714,0.6884212442404299
2005-01-26,45.94,45.44285714285714,0.7157679858177027
2005-01-27,46.51,45.63285714285714,0.8052890637455484
2005-01-28,44.75,45.57428571428572,0.8585619205545292
2005-01-31,44.51,45.63857142857143,0.7341078161360177
2005-02-01,45.12,45.53000000000001,0.7485096303083775
2005-02-02,44.17,45.30571428571428,0.8958209855171809
2005-02-03,43.13,44.87571428571429,1.1223763056240736
2005-02-04,43.26,44.49285714285714,1.1554323041708758
2005-02-07,42.7,43.94857142857143,0.9203156808284942
2005-02-08,42.79,43.66857142857142,0.9339062867219824
2005-02-09,42.49,43.379999999999995,0.9426204609126881
2005-02-10,44.04,43.22571428571428,0.6547991331391904
2005-02-11,44.41,43.260000000000005,0.7159143337936867
2005-02-14,44.51,43.45714285714286,0.8513462727870378
2005-02-15,44.91,43.692857142857136,1.002641748676144
2005-02-16,45.42,44.08142857142857,1.0779676645021072
2005-02-17,45.42,44.457142857142856,1.00895514082058
2005-02-18,45.86,44.93857142857143,0.6562374715340236
2005-02-21,46.09,45.23142857142857,0.6457406231442108
2005-02-22,47.6,45.68714285714287,0.9986276297273264
2005-02-23,48.16,46.208571428571425,1.2117264346289445
2005-02-24,49.24,46.82714285714286,1.5074560721697248
2005-02-25,50.05,47.48857142857143,1.7785240001318856
2005-02-28,50.13,48.16142857142857,1.756316491707877
2005-03-01,50.47,48.82,1.6075239759738333
2005-03-02,51.05,49.528571428571425,1.258986742998095
2005-03-03,52.89,50.284285714285716,1.477180390053694
2005-03-04,52.1,50.847142857142856,1.2687883233703896
2005-03-07,51.87,51.222857142857144,1.0904236834923462
2005-03-08,53.29,51.685714285714276,1.192474418212992
2005-03-09,54.11,52.25428571428571,1.2731831125538788
2005-03-10,53.04,52.621428571428574,1.0178478696305315
2005-03-11,53.15,52.92142857142857,0.7523392092077836
2005-03-14,53.68,53.034285714285716,0.8042979784211445
2005-03-15,53.97,53.30142857142857,0.7510532287248622
2005-03-16,54.61,53.692857142857136,0.5737802798291998
2005-03-17,56.03,54.08428571428572,1.0167572168872392
2005-03-18,55.97,54.35,1.2425645523125544
2005-03-21,55.79,54.74285714285714,1.1931012011508029
2005-03-22,55.39,55.06285714285714,0.9751703147933394
2005-03-23,51.52,54.75428571428571,1.616517420699691
2005-03-24,52.35,54.52285714285714,1.8470401032067936
2005-03-28,51.75,54.114285714285714,2.120611996120996
2005-03-29,51.42,53.455714285714286,2.1422407049844576
2005-03-30,50.63,52.69285714285714,2.0463195765864417
2005-03-31,53.22,52.325714285714284,1.5740908184596683
2005-04-01,54.14,52.14714285714286,1.1933945182493535
2005-04-04,55.92,52.77571428571428,1.8083404652034796
2005-04-05,54.53,53.08714285714286,1.9077885477311751
2005-04-06,54.08,53.42,1.8375799302335303
2005-04-07,52.57,53.58428571428571,1.6730098340293649
2005-04-08,51.83,53.75571428571429,1.3501710649984169
2005-04-11,51.21,53.46857142857143,1.6610381148681337
2005-04-12,51.53,53.09571428571428,1.7742778544407811
2005-04-13,49.67,52.20285714285715,1.6865617321010153
2005-04-14,50.21,51.58571428571429,1.4695107705488313
2005-04-15,49.52,50.934285714285714,1.157005576805505
2005-04-18,48.58,50.364285714285714,1.1989419939092378
2005-04-19,50.79,50.215714285714284,1.0410868862679354
2005-04-20,51.53,50.26142857142857,1.0975188467834067
2005-04-21,51.73,50.29,1.1379074361873605
2005-04-22,53.51,50.83857142857143,1.6148521972752705
2005-04-25,53.1,51.25142857142857,1.7875628527070309
2005-04-26,52.47,51.67285714285714,1.6540930474193256
2005-04-27,51.29,52.06,0.9956404973669641
2005-04-28,50.74,52.05285714285714,1.006391479256926
2005-04-29,50.61,51.92142857142858,1.137576789662169
2005-05-02,50.89,51.80142857142857,1.2035285424027493
2005-05-03,49.48,51.22571428571428,1.21384866084109
2005-05-04,50.36,50.83428571428571,0.9132881462563549
2005-05-05,49.81,50.45428571428572,0.628141627946299
2005-05-06,49.7,50.22714285714285,0.5592767438286621
2005-05-09,49.71,50.08,0.5369047091093319
2005-05-10,50.61,50.080000000000005,0.5369047091093319
2005-05-11,48.91,49.79714285714285,0.5601105333065147
2005-05-12,47.4,49.5,1.0731573354656603
2005-05-13,46.85,48.99857142857143,1.3803915938522737
2005-05-16,46.42,48.51428571428572,1.6218184972715906
2005-05-17,47.31,48.17285714285715,1.5816733152542906
2005-05-18,47.35,47.83571428571428,1.4450358374191183
2005-05-19,46.92,47.30857142857143,0.787981145530309
2005-05-20,46.91,47.02285714285715,0.35316258227729785
2005-05-23,47.28,47.00571428571429,0.3342083752574091
2005-05-24,47.29,47.06857142857143,0.3413418897692582
2005-05-25,49.24,47.471428571428575,0.8018193597758008
2005-05-26,49.71,47.81428571428571,1.1561265378087215
2005-05-27,49.42,48.11000000000001,1.276087771274777
2005-05-30,49.33,48.45428571428572,1.2256271475285414
2005-05-31,49.3,48.79571428571428,1.0430221656764034
2005-06-01,50.46,49.25,0.9622196561408131
2005-06-02,51.3,49.82285714285714,0.7766319223765205
2005-06-03,51.9,50.202857142857134,1.0474526924182639
2005-06-06,52.61,50.61714285714286,1.3498730098991867
2005-06-07,51.62,50.93142857142857,1.2789374309864088
2005-06-08,51.92,51.30142857142857,1.100642669403411
2005-06-09,51.36,51.59571428571428,0.665829235934983
2005-06-10,51.98,51.81285714285714,0.4449237494833755
2005-06-13,52.0,51.91285714285714,0.38508502462142546
2005-06-14,53.52,52.144285714285715,0.7185136775031667
2005-06-15,54.12,52.36,1.0374969879460998
2005-06-16,54.3,52.74285714285714,1.2005792252857468
2005-06-17,56.92,53.457142857142856,1.9082427718159356
2005-06-20,57.1,54.277142857142856,2.0822240856484378
2005-06-21,57.36,55.04571428571428,2.0859119280127674
2005-06-22,56.06,55.62571428571429,1.607470654400666
2005-06-23,57.03,56.127142857142864,1.3712368417556131
2005-06-24,57.21,56.56857142857143,1.0848721671446226
2005-06-27,58.5,57.16857142857143,0.7217670116076891
2005-06-28,57.75,57.287142857142854,0.7420178408825197
2005-06-29,55.42,57.047142857142866,1.0288782611115588
2005-06-30,55.36,56.761428571428574,1.1922447815130395
2005-07-01,56.41,56.81142857142857,1.1649524821690131
2005-07-04,57.13,56.825714285714284,1.168686686595698
2005-07-05,57.86,56.91857142857143,1.2285957915624983
2005-07-06,58.38,56.901428571428575,1.2034316013156223
2005-07-07,57.55,56.87285714285714,1.1821127172092933
2005-07-08,59.0,57.38428571428572,1.2225227624708652
2005-07-11,56.1,57.49,1.036082364807047
2005-07-12,58.95,57.85285714285715,1.0395786692315911
2005-07-13,58.33,58.02428571428572,0.9986467033404584
2005-07-14,56.79,57.871428571428574,1.1042860222990858
2005-07-15,56.98,57.67142857142857,1.1234385989949744
2005-07-18,56.25,57.48571428571428,1.2474621857031973
2005-07-19,56.75,57.16428571428571,1.069421294326693
2005-07-20,56.39,57.205714285714286,1.0260581065869108
2005-07-21,55.59,56.72571428571428,0.8437981026837472
2005-07-22,56.98,56.53285714285715,0.5004236300588292
2005-07-25,57.51,56.63571428571429,0.6214460862316918
2005-07-26,58.58,56.864285714285714,0.9672272594514834
2005-07-27,58.34,57.16285714285714,1.0637624152920353
2005-07-28,58.28,57.38142857142857,1.120467589466601
2005-07-29,59.77,57.864285714285714,1.3305995784204698
2005-08-01,60.56,58.574285714285715,1.2375224865671839
2005-08-02,60.13,59.02428571428571,1.1291421100815615
2005-08-03,60.04,59.385714285714286,0.9551589246958452
2005-08-04,60.62,59.67714285714286,0.979263571697992
2005-08-05,60.73,60.01857142857143,0.8424454200195236
2005-08-08,62.56,60.629999999999995,0.9199275333765615
2005-08-09,62.79,61.06142857142857,1.132893472064014
2005-08-10,63.77,61.519999999999996,1.489608449670918
2005-08-11,65.9,62.34428571428572,2.0740367815991787
2005-08-12,67.26,63.37571428571429,2.490561229541044
2005-08-15,66.68,64.24142857142857,2.425403255621372
2005-08-16,65.1,64.86571428571429,1.8696867575683318
2005-08-17,63.41,64.98714285714286,1.7162916835010764
2005-08-18,61.75,64.83857142857143,1.9651584208519752
2005-08-19,64.21,64.90142857142858,1.9320406187186558
2005-08-22,65.87,64.89714285714285,1.929487965632754
2005-08-23,65.16,64.59714285714286,1.6428401655430775
2005-08-24,65.25,64.39285714285714,1.4135854447190646
2005-08-25,65.88,64.50428571428571,1.5063184384760837
2005-08-26,66.23,64.90714285714286,1.5415653763371864
2005-08-29,64.77,65.33857142857143,0.7079178052891678
2005-08-30,66.15,65.61571428571428,0.5558734011383009
2005-08-31,66.8,65.74857142857142,0.7151090492916314
2005-09-01,66.79,65.98142857142857,0.7557430906369293
2005-09-02,65.95,66.08142857142857,0.6859161409230691
2005-09-05,64.16,65.83571428571429,1.0042884237573724
2005-09-06,64.16,65.53999999999999,1.161321086807813
2005-09-07,63.6,65.37285714285714,1.3581324712713465
2005-09-08,61.66,64.73142857142857,1.8871709741600162
2005-09-09,62.62,64.13428571428571,1.781926458852794
2005-09-12,60.69,63.262857142857136,1.7581307714506103
2005-09-13,61.31,62.6,1.417944521715973
2005-09-14,61.7,62.24857142857143,1.2632818182727914
2005-09-15,61.9,61.925714285714285,0.9410606984105135
2005-09-16,60.48,61.480000000000004,0.7314141553622603
2005-09-19,64.04,61.82,1.2194124268123196
2005-09-20,62.98,61.871428571428574,1.2654963264974735
2005-09-21,64.31,62.38857142857143,1.4310652043304317
2005-09-22,64.64,62.864285714285714,1.5604044042361642
2005-09-23,62.17,62.931428571428576,1.5112955653054783
2005-09-26,61.73,62.90714285714286,1.5318585039709751
2005-09-27,62.56,63.20428571428572,1.1321786835240735
2005-09-28,62.81,63.02857142857143,1.0748554720110075
2005-09-29,62.02,62.89142857142857,1.1412774797182312
2005-09-30,61.7,62.51857142857143,1.0205460723122575
2005-10-03,61.64,62.089999999999996,0.4536518488859764
2005-10-04,59.17,61.66142857142857,1.188071666908999
2005-10-05,59.33,61.31857142857143,1.4763178132475112
2005-10-06,57.2,60.55285714285714,2.0163640071974593
2005-10-07,57.29,59.76428571428571,2.065307540801801
2005-10-10,57.01,59.048571428571435,2.0209356626024633
2005-10-11,58.1,58.534285714285716,1.6594864380562784
2005-10-12,59.91,58.28714285714286,1.1791906021453604
2005-10-13,59.48,58.33142857142857,1.22288495740404
2005-10-14,58.45,58.20571428571429,1.1459327662473753
2005-10-17,59.81,58.57857142857142,1.188001523166152
2005-10-18,58.85,58.80142857142857,1.0435265301108103
2005-10-19,58.13,58.96142857142858,0.774175444615181
2005-10-20,57.04,58.81,1.0316168539389148
2005-10-21,56.94,58.385714285714286,1.1114683552667548
2005-10-24,57.64,58.12285714285714,1.023648935355582
2005-10-25,58.72,58.16142857142857,1.042935417804842
2005-10-26,58.56,57.98285714285715,0.7899517767061957
2005-10-27,58.1,57.87571428571429,0.6982802002725682
2005-10-28,59.47,58.06714285714286,0.926115800636153
2005-10-31,58.47,58.271428571428565,0.8125357134992647
2005-11-01,56.69,58.23571428571428,0.8832300029396141
2005-11-02,58.53,58.362857142857145,0.8464772941557771
2005-11-03,59.55,58.48142857142857,0.9559014693184114
2005-11-04,60.48,58.755714285714284,1.2209266582229203
2005-11-07,58.19,58.76857142857143,1.213320905220504
2005-11-08,57.89,58.54285714285714,1.2080385518908836
2005-11-09,57.71,58.434285714285714,1.2491311265940217
2005-11-10,55.85,58.31428571428571,1.4661270652389058
2005-11-11,54.3,57.709999999999994,2.0979752143429797
2005-11-14,54.1,56.93142857142857,2.3026175581379302
2005-11-15,54.45,56.07,1.8340756073103408
2005-11-16,53.68,55.425714285714285,1.755703630483432
2005-11-17,53.8,54.84142857142858,1.4534720335728577
2005-11-18,52.84,54.145714285714284,0.9187284173026177
2005-11-21,53.36,53.790000000000006,0.5614564393884932
2005-11-22,54.21,53.777142857142856,0.5487171185482994
2005-11-23,53.73,53.72428571428571,0.5299326102685552
2005-11-24,53.41,53.575714285714284,0.4286745907554809
2005-11-25,53.15,53.5,0.4532843110721367
2005-11-28,52.91,53.372857142857136,0.47919078613980637
2005-11-29,53.24,53.43,0.42594991880596716
2005-11-30,53.25,53.41428571428571,0.43096237820260824
2005-12-01,53.65,53.33428571428572,0.28634810649402553
2005-12-02,54.91,53.50285714285714,0.6607247103405615
2005-12-05,56.05,53.88,1.16211014968353
2005-12-06,55.68,54.24142857142857,1.2842433384598224
2005-12-07,55.17,54.56428571428571,1.172999817317142
2005-12-08,56.26,54.99571428571429,1.1600554173943811
2005-12-09,57.18,55.55714285714286,1.1248364960538142
2005-12-12,57.23,56.06857142857143,0.9057120324428521
2005-12-13,59.16,56.675714285714285,1.3264094031479776
2005-12-14,59.59,57.18142857142857,1.6766775536891667
2005-12-15,59.67,57.75142857142857,1.7574548697036527
2005-12-16,58.11,58.17142857142858,1.3392713015088018
2005-12-19,56.09,58.14714285714286,1.3806123555103855
2005-12-20,56.08,57.99,1.559989316201919
2005-12-21,56.05,57.82142857142857,1.7121373442898067
2005-12-22,57.3,57.555714285714295,1.6111264914419487
2005-12-23,56.28,57.082857142857144,1.3843375586134892
2005-12-26,56.54,56.635714285714286,0.7852994575910038
2005-12-28,56.91,56.464285714285715,0.4823849480370706
2005-12-29,57.72,56.69714285714286,0.6394454442624177
2005-12-30,58.34,57.019999999999996,0.8207516879853565
2006-01-03,61.51,57.800000000000004,1.7796160634616638
2006-01-04,61.25,58.36428571428571,2.1766094209632585
2006-01-05,61.68,59.135714285714286,2.2697199323762365
2006-01-06,62.43,59.97714285714285,2.2386135164846706
2006-01-09,62.51,60.777142857142856,1.9406331809114512
2006-01-10,62.32,61.43428571428571,1.4495845053299137
2006-01-11,61.54,61.89142857142857,0.5134013560347044
2006-01-12,62.95,62.097142857142856,0.613778306492764
2006-01-13,61.58,62.144285714285715,0.5468960029955905
2006-01-16,62.34,62.23857142857143,0.5090981755793904
2006-01-17,63.22,62.35142857142858,0.631464661754658
2006-01-18,63.6,62.50714285714286,0.7912587921709143
2006-01-19,63.64,62.69571428571429,0.8903156208666633
2006-01-20,64.92,63.17857142857143,1.0595349384100299
2006-01-23,64.56,63.40857142857143,1.1705757639063208
2006-01-24,63.82,63.72857142857142,0.8495376894002472
2006-01-25,62.61,63.76714285714286,0.7792028894032454
2006-01-26,62.93,63.72571428571428,0.8197938184440835
2006-01-27,64.95,63.91857142857143,0.9358673084603579
2006-01-30,65.14,64.13285714285713,1.028586640097798
2006-01-31,63.19,63.88571428571429,1.0156911791611625
2006-02-01,65.64,64.04,1.2004165943526472
2006-02-02,63.49,63.99285714285715,1.216863650066989
2006-02-03,62.54,63.98285714285714,1.230334836343759
2006-02-06,63.32,64.03857142857143,1.1826161475213168
2006-02-07,61.64,63.56571428571429,1.3993314730348303
2006-02-08,60.82,62.948571428571434,1.535322209085638
2006-02-09,60.7,62.59285714285715,1.7442927342778485
2006-02-10,59.66,61.738571428571426,1.4412544139435346
2006-02-13,59.16,61.12,1.4925593232199612
2006-02-14,58.27,60.51,1.676693174077342
2006-02-15,57.67,59.70285714285715,1.44204385376732
2006-02-16,56.78,59.00857142857143,1.5216923536133404
2006-02-17,58.34,58.65428571428571,1.3025853413217454
2006-02-20,60.05,58.56142857142857,1.146231922014624
2006-02-21,59.35,58.51714285714286,1.1018426125608267
2006-02-22,58.71,58.45285714285715,1.0707740858158992
2006-02-23,58.71,58.51571428571429,1.071165364494654
2006-02-24,60.13,58.86714285714286,1.1482263755555842
2006-02-27,59.44,59.247142857142855,0.6918264301987084
2006-02-28,59.78,59.45285714285715,0.5826009007214781
2006-03-01,61.12,59.605714285714285,0.8461453213009936
2006-03-02,62.27,60.02285714285714,1.2981231873444978
2006-03-03,62.69,60.59142857142857,1.4853667175858867
2006-03-06,61.41,60.97714285714286,1.2467787064490239
2006-03-07,59.79,60.92857142857143,1.291116165330802
2006-03-08,58.42,60.78285714285715,1.5237203842967322
2006-03-09,58.82,60.645714285714284,1.6656215770975173
2006-03-10,59.04,60.348571428571425,1.7502897719268922
2006-03-13,60.99,60.16571428571429,1.5740908184598257
2006-03-14,62.39,60.12285714285714,1.496058313097488
2006-03-15,63.12,60.36714285714286,1.8410840491916938
2006-03-16,62.07,60.69285714285714,1.9218716076231683
2006-03-17,63.54,61.424285714285716,1.8866624600316757
2006-03-20,62.3,61.92142857142857,1.5061809162177207
2006-03-21,59.96,62.05285714285714,1.22713371025925
2006-03-22,61.23,62.08714285714285,1.1954317809288129
2006-03-23,61.76,61.997142857142855,1.1925423023333972
2006-03-24,62.78,61.94857142857143,1.1451699811433182
2006-03-27,62.59,62.02285714285714,1.1709357267535965
2006-03-28,64.31,62.132857142857155,1.3583778841647736
2006-03-29,64.88,62.50142857142857,1.714598384183619
2006-03-30,65.95,63.357142857142854,1.7295058473991556
2006-03-31,66.06,64.04714285714286,1.7027009356278102
2006-04-03,67.28,64.83571428571429,1.7446380440536058
2006-04-04,65.93,65.28571428571429,1.5174853886476667
2006-04-05,66.74,65.87857142857143,1.0168813200392797
2006-04-06,67.58,66.3457142857143,0.922963652999984
2006-04-07,67.11,66.66428571428571,0.68757683553116
2006-04-10,68.2,66.98571428571428,0.812565015711985
2006-04-11,68.52,67.33714285714287,0.8750374141644223
2006-04-12,69.54,67.66,1.2051141024803664
2006-04-13,69.39,68.15428571428572,1.080398956292963
2006-04-18,70.97,68.75857142857143,1.3150086003690549
2006-04-19,72.69,69.48857142857143,1.8579686808567302
2006-04-20,72.57,70.26857142857143,1.8389800485716037
2006-04-21,73.94,71.08857142857143,2.032432274979339
2006-04-24,73.96,71.86571428571429,1.923736443684163
2006-04-25,72.86,72.34,1.643654464903335
2006-04-26,73.46,72.92142857142856,1.0323989631166144
2006-04-27,71.79,73.03857142857143,0.7927889288523897
2006-04-28,72.15,72.96142857142857,0.8561041325159721
2006-05-01,73.37,73.07571428571428,0.8485056892906099
2006-05-02,74.45,73.14857142857143,0.9508141874437095
2006-05-03,73.73,73.11571428571429,0.9216264091766618
2006-05-04,71.84,72.97,1.0416173321634525
2006-05-05,71.22,72.65,1.1982904489299209
2006-05-08,68.26,72.14571428571429,2.05620084251481
2006-05-09,70.6,71.92428571428572,2.1375130186173448
2006-05-10,69.83,71.41857142857144,2.1571387574851038
2006-05-11,72.2,71.09714285714286,1.7615023349934147
2006-05-12,71.3,70.75,1.3467862983154064
2006-05-15,68.69,70.3,1.4445875997426174
2006-05-16,68.66,69.9342857142857,1.4959930608435554
2006-05-17,67.52,69.82857142857142,1.6520333791153028
2006-05-18,67.39,69.37,1.83733502660698
2006-05-19,66.93,68.95571428571428,2.032870361031123
2006-05-22,66.52,68.14428571428572,1.6121296178530073
2006-05-23,68.97,67.81142857142858,0.961031192198239
2006-05-24,68.45,67.77714285714286,0.9281830689690631
2006-05-25,68.51,67.75571428571429,0.9058671194453753
2006-05-26,69.88,68.09285714285714,1.1961704767802912
2006-05-29,69.16,68.34571428571428,1.2098327314518253
2006-05-30,69.82,68.75857142857143,1.1371225171653763
2006-05-31,67.57,68.90857142857142,0.8167298323463565
2006-06-01,68.77,68.88,0.8177204086138238
2006-06-02,68.42,68.87571428571428,0.8204238161414691
2006-06-05,69.13,68.96428571428571,0.8077305066824296
2006-06-06,68.25,68.73142857142857,0.7310592445517194
2006-06-07,67.17,68.44714285714285,0.9032665587673551
2006-06-08,65.76,67.86714285714285,1.1457561445849433
2006-06-09,69.13,68.09,1.2271511724302684
2006-06-12,68.62,68.06857142857143,1.21454282992049
2006-06-13,65.67,67.67571428571429,1.4944325248821346
2006-06-14,65.52,67.16,1.531361050393975
2006-06-15,66.04,66.84428571428572,1.4966056833467096
2006-06-16,65.01,66.53571428571429,1.6345729018387956
2006-06-19,66.4,66.62714285714286,1.6015171378584316
2006-06-20,67.57,66.40428571428572,1.2692630032525622
2006-06-21,68.17,66.34,1.1435033887125774
2006-06-22,69.6,66.90142857142857,1.623673084617517
2006-06-23,69.91,67.52857142857144,1.835205970014795
2006-06-26,69.85,68.07285714285715,1.8844691054832226
2006-06-27,71.26,68.96571428571428,1.6585019057647827
2006-06-28,71.76,69.73142857142857,1.5069110631944211
2006-06-29,73.02,70.51,1.608539710419582
2006-06-30,73.2,71.22857142857143,1.5094417132539273
2006-07-03,73.94,71.84857142857143,1.616543932502582
2006-07-04,73.17,72.31428571428572,1.4229764245266023
2006-07-05,72.88,72.74714285714286,0.920592459336411
2006-07-06,73.12,73.01285714285714,0.647835223021297
2006-07-07,74.14,73.35285714285715,0.48472377995484667
2006-07-10,72.39,73.26285714285714,0.6012962188919149
2006-07-11,73.14,73.25428571428571,0.6027674273093582
2006-07-12,73.04,73.12571428571428,0.5228083505694441
2006-07-13,75.23,73.42,0.9539217298412104
2006-07-14,76.13,73.88428571428572,1.354213881959501
2006-07-17,75.12,74.17,1.3768805322164275
2006-07-18,75.32,74.33857142857143,1.4432305033191621
2006-07-19,71.62,74.22857142857143,1.633324101041862
2006-07-20,72.56,74.14571428571428,1.7106320190965942
2006-07-21,72.96,74.13428571428572,1.7194946655219647
2006-07-24,72.09,73.68571428571428,1.793970058675767
2006-07-25,72.49,73.16571428571429,1.464716777432341
2006-07-26,73.76,72.97142857142858,1.2343747212161642
2006-07-27,75.36,72.97714285714287,1.2470861275470688
2006-07-28,73.95,73.30999999999999,1.12992625127921
2006-07-31,74.75,73.62285714285714,1.189281495772574
2006-08-01,76.39,74.11285714285714,1.5287981585285901
2006-08-02,77.63,74.9042857142857,1.72806112105211
2006-08-03,76.28,75.44571428571429,1.4100219518711632
2006-08-04,76.53,75.84142857142857,1.2360478492805107
2006-08-07,77.82,76.19285714285714,1.4133496180541665
2006-08-08,77.93,76.76142857142857,1.1335553003909378
2006-08-09,78.26,77.26285714285714,0.8316191894053923
2006-08-10,75.69,77.16285714285713,0.982475008768134
2006-08-11,75.19,76.81428571428572,1.198260644194477
2006-08-14,73.78,76.45714285714287,1.6655100748781404
2006-08-15,73.57,76.03428571428572,1.988390112149024
2006-08-16,72.67,75.29857142857144,2.1626714080147202
2006-08-17,70.42,74.22571428571429,2.4793067387394045
2006-08-18,71.3,73.23142857142857,1.9255252839275558
2006-08-21,72.42,72.76428571428572,1.5985499381497472
2006-08-22,72.06,72.31714285714285,1.1933526202204896
2006-08-23,71.12,71.93714285714286,1.066688243827789
2006-08-24,71.4,71.62714285714286,0.7933623444053766
2006-08-25,72.58,71.61428571428573,0.7741416137192354
2006-08-28,69.44,71.47428571428573,1.0614276100729378
2006-08-29,67.01,70.86142857142858,2.0012531788134202
2006-08-30,67.15,70.10857142857142,2.2879425150946044
2006-08-31,67.66,69.48,2.266781859817221
2006-09-01,70.49,69.39,2.202407773323643
2006-09-04,68.62,68.99285714285715,2.022883373517491
2006-09-05,65.94,68.0442857142857,1.5655761148615075
2006-09-06,65.41,67.46857142857144,1.7018365429863869
2006-09-07,64.52,67.11285714285714,2.0402427493282973
2006-09-08,64.3,66.70571428571428,2.2994916622501784
2006-09-11,62.41,65.95571428571428,2.748665477055735
2006-09-12,62.23,64.77571428571427,2.1948945087994436
2006-09-13,61.28,63.72714285714285,1.7630628111858178
2006-09-14,60.75,62.98571428571428,1.76866104857822
2006-09-15,60.23,62.24571428571428,1.6659617556908146
2006-09-18,61.47,61.81,1.3387182924956558
2006-09-19,62.52,61.55571428571428,0.8760109805767502
2006-09-20,59.09,61.08142857142858,1.1817843651487572
2006-09-21,59.27,60.65857142857143,1.230859165668445
2006-09-22,58.81,60.30571428571428,1.3692803114863952
2006-09-25,57.89,59.89714285714285,1.618607573251204
2006-09-26,58.53,59.65428571428572,1.6864544379923896
2006-09-27,57.6,59.10142857142857,1.625242838996651
2006-09-28,60.68,58.83857142857143,1.014074760085863
2006-09-29,59.09,58.83857142857143,1.014074760085863
2006-10-02,58.8,58.771428571428565,0.9961497305675794
2006-10-03,56.28,58.410000000000004,1.3690142438979744
2006-10-04,55.82,58.114285714285714,1.6867508919292395
2006-10-05,57.93,58.028571428571425,1.6773235483083728
2006-10-06,56.9,57.92857142857143,1.7272562883688631
2006-10-09,59.25,57.72428571428571,1.4014380369549158
2006-10-10,57.8,57.54,1.2706297651147085
2006-10-11,57.75,57.39,1.1536897329851936
2006-10-12,57.87,57.61714285714286,1.05064605974258
2006-10-13,58.97,58.06714285714286,0.796465405935903
2006-10-16,58.22,58.10857142857143,0.7956847904225571
2006-10-17,60.13,58.57,0.9068075870853425
2006-10-18,58.51,58.464285714285715,0.8560346009892186
2006-10-19,57.74,58.455714285714286,0.8640574275421563
2006-10-20,57.94,58.48285714285714,0.8408668996058032
2006-10-23,56.56,58.29571428571428,1.1044584969223996
2006-10-24,56.56,57.95142857142857,1.2279580417817353
2006-10-25,58.79,58.03285714285715,1.2670137369102592
2006-10-26,58.76,57.83714285714286,0.9569520065565513
2006-10-27,57.99,57.76285714285715,0.9152907422522103
2006-10-30,57.08,57.66857142857143,0.9513223878947316
2006-10-31,56.13,57.410000000000004,1.0996666161442212
2006-11-01,56.37,57.38285714285714,1.126169233664531
2006-11-02,56.26,57.339999999999996,1.167647206991654
2006-11-03,56.55,57.019999999999996,0.9987659051693268
2006-11-06,57.02,56.771428571428565,0.6487276925204915
2006-11-07,56.99,56.628571428571426,0.3968806945539314
2006-11-08,57.18,56.642857142857146,0.41712165633757564
2006-11-09,59.72,57.15571428571429,1.1838194843065997
2006-11-10,59.18,57.55714285714286,1.3392126329249907
2006-11-13,56.88,57.645714285714284,1.2571112008983087
2006-11-14,57.9,57.83857142857143,1.1608679019206798
2006-11-15,57.97,57.97428571428571,1.1033261400982128
2006-11-16,59.5,58.332857142857144,1.137463761848833
2006-11-17,57.01,58.308571428571426,1.167596228315439
2006-11-20,57.38,57.97428571428571,1.02205442031757
2006-11-21,59.53,58.02428571428572,1.0967050217617118
2006-11-22,58.66,58.278571428571425,0.9881536414156954
2006-11-23,59.7,58.535714285714285,1.1009822454324196
2006-11-24,60.72,58.92857142857143,1.3318962493539668
2006-11-27,60.52,59.07428571428572,1.454943952445408
2006-11-28,61.22,59.67571428571428,1.3236295698158358
2006-11-29,62.13,60.35428571428571,1.1577256028197112
2006-11-30,64.36,61.044285714285714,1.8291879540999452
2006-12-01,64.74,61.91285714285714,1.94799652879217
2006-12-04,63.97,62.52285714285714,1.8027082800201153
2006-12-05,63.65,62.941428571428574,1.647841300725571
2006-12-06,63.7,63.395714285714284,1.262257991890441
2006-12-07,63.17,63.674285714285716,0.8498795432832378
2006-12-08,63.67,63.894285714285715,0.518036586312223
2006-12-11,62.59,63.64142857142857,0.6641894451462627
2006-12-12,62.58,63.332857142857144,0.5627525887870424
2006-12-13,61.89,63.035714285714285,0.7021361962548583
2006-12-14,62.85,62.92142857142857,0.648547828390685
2006-12-15,62.91,62.808571428571426,0.552039508589368
2006-12-18,62.81,62.75714285714285,0.5290467618145306
2006-12-19,62.19,62.54571428571429,0.37744126000986933
2006-12-20,63.13,62.62285714285714,0.43828127519484716
2006-12-21,62.13,62.55857142857143,0.4769146873850227
2006-12-22,61.92,62.56285714285715,0.4699898681742102
2006-12-27,60.7,62.25571428571429,0.8218648944673271
2006-12-28,59.41,61.755714285714284,1.2892356539532965
2006-12-29,58.96,61.20571428571429,1.5577639652477182
2007-01-02,58.49,60.67714285714286,1.77999732476937
2007-01-03,56.63,59.74857142857143,1.9722020566809164
2007-01-04,54.58,58.67,2.457546201667152
2007-01-05,52.82,57.37,2.830406331252653
2007-01-08,52.82,56.24428571428571,2.852197148063838
2007-01-09,52.38,55.24,2.7886974259191493
2007-01-10,52.11,54.26142857142857,2.4466400673254367
2007-01-11,51.68,53.28857142857144,1.7356115979798186
2007-01-12,49.95,52.33428571428571,1.3952521533482212
2007-01-16,51.28,51.862857142857145,1.0159513486635772
2007-01-17,51.19,51.63,0.9442810316112616
2007-01-18,50.83,51.34571428571429,0.817330148362758
2007-01-19,52.29,51.33285714285715,0.7988473839546927
2007-01-22,54.34,51.651428571428575,1.3878932304186051
2007-01-23,53.93,51.972857142857144,1.634285922409144
2007-01-24,55.11,52.71,1.7306742424060335
2007-01-25,55.67,53.33714285714285,1.9120208705760218
2007-01-26,55.29,53.92285714285714,1.7671513261513272
2007-01-29,54.71,54.47714285714285,1.128431275201033
2007-01-30,54.69,54.81999999999999,0.5886425061059961
2007-01-31,56.52,55.13142857142857,0.8225656725812798
2007-02-01,56.74,55.53285714285715,0.8241908008376189
2007-02-02,56.93,55.79285714285714,0.9465501269621528
2007-02-05,58.67,56.221428571428575,1.4348568868389928
2007-02-06,58.04,56.614285714285714,1.5117413484974775
2007-02-07,58.35,57.134285714285724,1.366612077885939
2007-02-08,57.24,57.49857142857143,0.8478881327802003
2007-02-09,57.21,57.597142857142856,0.7495713060492434
2007-02-12,55.52,57.42285714285714,1.059743904371399
2007-02-13,56.12,57.30714285714286,1.1618335263075845
2007-02-14,55.05,56.790000000000006,1.2559458587037415
2007-02-15,54.25,56.24857142857143,1.4318685760371312
2007-02-16,56.78,56.02428571428571,1.1413275478246871
2007-02-20,55.91,55.83428571428572,1.0081477593868917
2007-02-21,57.74,55.910000000000004,1.1399707598566966
2007-02-22,58.62,56.35285714285715,1.5064496261692528
2007-02-23,60.38,56.96142857142858,2.128672736482229
2007-02-26,60.34,57.71714285714285,2.271231048613446
2007-02-27,60.28,58.57857142857143,1.8395509286353078
2007-02-28,59.39,58.95142857142857,1.6710319024611964
2007-03-01,61.18,59.70428571428572,1.1904320944195672
2007-03-02,61.92,60.30142857142857,1.0845648677587871
2007-03-05,59.78,60.46714285714285,0.8475595217168237
2007-03-06,59.68,60.36714285714286,0.8992721924902205
2007-03-07,61.13,60.480000000000004,0.9437690395407717
2007-03-08,60.9,60.568571428571424,0.9509368813841835
2007-03-09,60.25,60.69142857142857,0.8198054356837947
2007-03-12,60.59,60.607142857142854,0.7910270599161195
2007-03-13,61.52,60.550000000000004,0.6881375831394878
2007-03-14,60.89,60.70857142857143,0.6038605957034837
2007-03-15,60.4,60.81142857142857,0.43800413130857857
2007-03-16,60.93,60.78285714285715,0.41990928725091137
2007-03-19,60.49,60.72428571428572,0.42933503400528733
2007-03-20,60.11,60.70428571428572,0.4574515326869627
2007-03-21,60.18,60.645714285714284,0.49889401488790674
2007-03-22,61.57,60.652857142857144,0.5136378194015179
2007-03-23,63.1,60.96857142857142,1.0659491634423324
2007-03-26,64.43,61.544285714285714,1.640912928247908
2007-03-27,64.25,62.01857142857143,1.8940470653366153
2007-03-28,66.15,62.82714285714285,2.2978302394911383
2007-03-29,67.19,63.83857142857143,2.455296510073111
2007-03-30,68.47,65.02285714285715,2.395069339884249
2007-04-02,68.94,66.07571428571428,2.23906124036209
2007-04-03,68.0,66.77571428571429,1.8928977533819895
2007-04-04,68.09,67.29857142857144,1.623252173583751
2007-04-05,69.15,67.99857142857142,1.0419281576534523
2007-04-10,67.64,68.21142857142857,0.6961663731066573
2007-04-11,68.6,68.41285714285713,0.5372061766094591
2007-04-12,67.79,68.3157142857143,0.5845470366806303
2007-04-13,68.78,68.29285714285714,0.558620750468517
2007-04-16,67.1,68.16428571428571,0.7180728176344195
2007-04-17,66.34,67.91428571428571,0.9982293848403563
2007-04-18,65.09,67.33428571428571,1.2957347612167374
2007-04-19,66.17,67.12428571428572,1.3556653611512648
2007-04-20,66.34,66.80142857142857,1.206557479931134
2007-04-23,66.8,66.66,1.1267504899770322
2007-04-24,67.94,66.53999999999999,0.8813436711428067
2007-04-25,67.44,66.58857142857143,0.9256066221913238
2007-04-26,67.51,66.75571428571429,0.977426163328321
2007-04-27,67.28,67.06857142857143,0.6515731877881769
2007-04-30,67.23,67.22,0.517268466720618
2007-05-01,67.4,67.37142857142858,0.342268343620117
2007-05-02,65.57,67.19571428571429,0.7533670451770086
2007-05-03,64.85,66.75428571428571,1.079334009822127
2007-05-04,65.14,66.42571428571429,1.1810850539900557
2007-05-07,62.7,65.73857142857142,1.7209438163532147
2007-05-08,63.55,65.20571428571428,1.7414635333798867
2007-05-09,63.5,64.67285714285714,1.5822106295266667
2007-05-10,64.63,64.27714285714285,1.0399313164117199
2007-05-11,65.18,64.22142857142858,0.9670130742192468
2007-05-14,65.86,64.36571428571429,1.136864945698734
2007-05-15,66.74,64.59428571428572,1.4391416092328306
2007-05-16,66.83,65.18428571428572,1.3784152391153028
2007-05-17,69.08,65.97428571428571,1.804493069560532
2007-05-18,69.26,66.79714285714286,1.8014504737906587
2007-05-21,69.51,67.49428571428572,1.7669357387179387
2007-05-22,70.05,68.19000000000001,1.659317128619532
2007-05-23,71.01,68.92571428571429,1.5944994736359843
2007-05-24,71.96,69.67142857142856,1.6223175662339198
2007-05-25,70.72,70.22714285714287,1.0532127718813566
2007-05-29,69.31,70.26,1.0143306495731719
2007-05-30,67.64,70.02857142857144,1.3941954498483378
2007-05-31,68.18,69.83857142857143,1.5576844842193809
2007-06-01,68.65,69.63857142857144,1.614841876380199
2007-06-04,70.9,69.62285714285714,1.5997365854583616
2007-06-05,71.36,69.53714285714285,1.4639525753431977
2007-06-06,71.5,69.64857142857143,1.59298910407797
2007-06-07,72.36,70.08428571428571,1.8767867677030994
2007-06-08,70.04,70.42714285714285,1.5458839357642742
2007-06-11,68.85,70.52285714285713,1.397148456507299
2007-06-12,68.56,70.51,1.417521310832252
2007-06-13,69.24,70.27285714285713,1.4789265734040729
2007-06-14,71.18,70.24714285714285,1.458294829422608
2007-06-15,71.63,70.26571428571428,1.4776090725985263
2007-06-18,72.33,70.26142857142858,1.4705489742647777
2007-06-19,72.17,70.56571428571428,1.628934796554335
2007-06-20,70.55,70.80857142857143,1.447082450672589
2007-06-21,71.81,71.27285714285715,1.0802887621005974
2007-06-22,72.04,71.67285714285715,0.6242519332669721
2007-06-25,71.36,71.69857142857143,0.6039433905960876
2007-06-26,71.41,71.66714285714286,0.6137511516792062
2007-06-27,71.84,71.59714285714287,0.5502034255808284
2007-06-28,71.96,71.56714285714285,0.5185786435256216
2007-06-29,72.22,71.80571428571429,0.31800718769495934
2007-07-02,72.9,71.96142857142857,0.5219332195898141
2007-07-03,74.26,72.27857142857142,1.0171599115731145
2007-07-05,75.4,72.85571428571428,1.4591990627598106
2007-07-06,76.58,73.5942857142857,1.8590934810885227
2007-07-09,77.1,74.34571428571428,2.0815607697332705
2007-07-10,77.88,75.19142857142857,2.152141790336237
2007-07-11,77.44,75.93714285714286,1.8314085133728524
2007-07-12,78.24,76.7,1.4218298069732085
2007-07-13,78.12,77.25142857142858,1.0053097129965105
2007-07-16,78.17,77.64714285714285,0.6303098255524884
2007-07-17,77.59,77.79142857142857,0.42865792777593303
2007-07-18,78.0,77.92,0.3033699611544859
2007-07-19,78.37,77.99000000000001,0.34612136599398824
2007-07-20,79.09,78.22571428571429,0.454123960418435
2007-07-23,78.36,78.24285714285715,0.45700890894455876
2007-07-24,75.88,77.92285714285715,1.008657759692564
2007-07-25,75.21,77.5,1.4230952181767513
2007-07-26,77.28,77.4557142857143,1.4246503330382883
2007-07-27,76.58,77.25285714285714,1.4352899159593768
2007-07-30,76.07,76.92428571428572,1.3997482766886227
2007-07-31,77.01,76.62714285714286,1.0372031990829982
2007-08-01,77.11,76.44857142857143,0.7595926226461674
2007-08-02,76.14,76.48571428571428,0.7330497287083837
2007-08-03,75.36,76.50714285714285,0.6905001637856456
2007-08-06,72.69,75.85142857142857,1.517908962700058
2007-08-07,70.42,74.97142857142856,2.495765938353434
2007-08-08,70.73,74.20857142857143,2.8891257534149024
2007-08-09,70.08,73.21857142857142,2.955748233365837
2007-08-10,69.57,72.14142857142856,2.660384862955983
2007-08-13,71.3,71.45,1.9932720168935976
2007-08-14,69.29,70.58285714285714,1.1512849963648895
2007-08-15,71.3,70.38428571428571,0.7906718059724092
2007-08-16,68.77,70.14857142857143,0.9972199451702689
2007-08-17,69.8,70.01571428571428,0.9683810741436879
2007-08-20,68.37,69.77142857142857,1.1484109103650144
2007-08-21,67.88,69.53,1.356588859356853
2007-08-22,67.73,69.02,1.2468894631566751
2007-08-23,68.73,68.94,1.2446418494214078
2007-08-24,69.49,68.68142857142857,0.7702473319517372
2007-08-27,68.85,68.69285714285714,0.7723711173101693
2007-08-28,69.66,68.67285714285714,0.7400611300347393
2007-08-29,70.48,68.97428571428573,0.9852386706240536
2007-08-30,71.46,69.4857142857143,1.2230134524034064
2007-08-31,72.29,70.13714285714286,1.3407425092791947
2007-09-04,74.22,70.92142857142856,1.878363015778741
2007-09-05,74.72,71.66857142857143,2.22268927631493
2007-09-06,76.21,72.72,2.400826246662675
2007-09-07,75.08,73.49428571428572,2.1052779479424872
2007-09-10,74.97,74.13571428571427,1.6735676178231522
2007-09-11,76.23,74.81714285714285,1.3404690010794096
2007-09-12,77.15,75.51142857142858,1.0378411659362847
2007-09-13,77.84,76.02857142857144,1.1793420280161853
2007-09-14,78.27,76.53571428571429,1.2816897329019512
2007-09-17,77.99,76.78999999999999,1.3791664149034728
2007-09-18,77.0,77.06428571428572,1.1551314087264122
2007-09-19,78.47,77.5642857142857,0.800621782174908
2007-09-20,78.48,77.88571428571429,0.6029056626810944
2007-09-21,78.91,78.13714285714286,0.6118745591934439
2007-09-24,77.87,78.14142857142858,0.6095470605665441
2007-09-25,76.82,77.9342857142857,0.7808725278556027
2007-09-26,76.21,77.67999999999999,1.0145606602520265
2007-09-27,78.88,77.94857142857143,1.052670074482972
2007-09-28,80.97,78.30571428571429,1.5606073298856915
2007-10-01,78.33,78.28428571428572,1.5588441994288418
2007-10-02,76.87,77.99285714285715,1.6121488174239698
2007-10-03,77.8,77.98285714285714,1.6132546222429274
2007-10-04,77.84,78.12857142857142,1.5348770696851655
2007-10-05,79.05,78.53428571428572,1.300703106564403
2007-10-08,76.94,78.25714285714285,1.4163063967664302
2007-10-09,77.82,77.80714285714285,0.7582373042270317
2007-10-10,77.85,77.73857142857142,0.7240034201428978
2007-10-11,80.83,78.30428571428571,1.2719651088347337
2007-10-12,80.82,78.73571428571428,1.5534355167690947
2007-10-15,82.5,79.40142857142857,2.030775127641032
2007-10-16,84.43,80.16999999999999,2.7620161718084217
2007-10-17,85.24,81.35571428571428,2.921271738716991
2007-10-18,85.03,82.38571428571429,2.7317812085572823
2007-10-19,84.25,83.29999999999998,1.9073192356458988
2007-10-22,82.72,83.57000000000001,1.6099896479992888
2007-10-23,82.31,83.78285714285714,1.2423326753284296
2007-10-24,83.47,83.92142857142858,1.1238390835491143
2007-10-25,85.4,84.05999999999999,1.2497466409896485
2007-10-26,84.71,83.98428571428572,1.1804781113713239
2007-10-29,89.87,84.67571428571429,2.5351782129520744
2007-10-30,89.87,85.47857142857143,3.1846005954246945
2007-10-31,89.87,86.5,3.297013800395509
2007-11-01,90.36,87.65,2.9807102061978217
2007-11-02,92.11,88.88428571428572,2.7405221956336234
2007-11-05,92.16,89.85000000000001,2.4874551922259918
2007-11-06,93.99,91.17571428571429,1.6094497728812107
2007-11-07,94.85,91.88714285714286,1.9914208854122253
2007-11-08,94.4,92.53428571428572,1.9625056869796598
2007-11-09,92.32,92.88428571428571,1.5915700544098628
2007-11-12,91.56,93.05571428571429,1.3149506599466885
2007-11-13,89.09,92.6242857142857,1.996003149152706
2007-11-14,90.73,92.41999999999999,2.1207231471046835
2007-11-15,90.32,91.89571428571428,2.1215470545714488
2007-11-16,91.99,91.48714285714287,1.6890995064992467
2007-11-19,91.59,91.08571428571427,1.1192386868287134
2007-11-20,94.13,91.34428571428573,1.5701577112169585
2007-11-21,94.97,91.83142857142856,2.09087245403599
2007-11-23,95.33,92.72285714285715,2.0572045294985633
2007-11-26,94.88,93.3157142857143,1.9838502727678011
2007-11-27,93.23,93.73142857142857,1.496511817209146
2007-11-28,91.64,93.68142857142857,1.5685070244386161
2007-11-29,92.34,93.78857142857144,1.4204627012749356
2007-11-30,88.71,93.01428571428572,2.365902626503083
2007-12-03,87.85,91.99714285714286,2.8632133130783926
2007-12-04,89.97,91.23142857142857,2.5194273725815335
2007-12-05,90.7,90.63428571428571,1.9390449293644534
2007-12-06,88.46,89.95285714285714,1.6979763866210025
2007-12-07,88.46,89.49857142857142,1.593543520704604
2007-12-10,87.33,88.78285714285713,1.1747015831786496
2007-12-11,87.77,88.64857142857143,1.236519693486342
2007-12-12,91.69,89.19714285714285,1.6165778080632118
2007-12-13,92.57,89.56857142857142,2.061273300425318
2007-12-14,91.86,89.73428571428572,2.2087466818901116
2007-12-17,90.32,90.0,2.1407319620475644
2007-12-18,90.71,90.32142857142856,2.03738744941808
2007-12-19,90.98,90.84285714285714,1.5538952590793194
2007-12-20,91.06,91.31285714285715,0.7687590495006835
2007-12-21,91.03,91.21857142857142,0.7551474154404137
2007-12-24,91.59,91.07857142857144,0.515733412122651
2007-12-27,95.66,91.62142857142858,1.8217155702925587
2007-12-28,95.92,92.42142857142856,2.3171780867497045
2007-12-31,93.68,92.8457142857143,2.2215149271223256
2008-01-02,97.01,93.70714285714287,2.5257587261763335
2008-01-03,98.45,94.76285714285714,2.767741042111642
2008-01-04,96.87,95.59714285714287,2.294774602480435
2008-01-07,94.19,95.96857142857142,1.6609779104631064
2008-01-08,96.37,96.07000000000001,1.660672554518832
2008-01-09,96.76,96.19000000000001,1.6782828526002715
2008-01-10,92.8,96.06428571428572,1.9140346317210029
2008-01-11,91.86,95.32857142857142,2.4143282611069545
2008-01-14,92.58,94.49,2.154947795191049
2008-01-15,90.87,93.63285714285713,2.242020772173152
2008-01-16,88.1,92.76285714285714,3.032153878492303
2008-01-17,88.96,91.70428571428572,2.8510223730141675
2008-01-18,89.66,90.69000000000001,1.8342755154734496
2008-01-22,88.11,90.02,1.7911541902728614
2008-01-23,87.06,89.3342857142857,1.8856462830447733
2008-01-24,87.69,88.63571428571429,1.2965962767031811
2008-01-25,90.96,88.64857142857143,1.3226290557243394
2008-01-28,90.91,89.04999999999998,1.5373787215035806
2008-01-29,92.49,89.5542857142857,2.009418300095968
2008-01-30,92.46,89.9542857142857,2.2926902475971853
2008-01-31,91.58,90.45,2.200757445365576
2008-02-01,91.41,91.07142857142857,1.6220504366530406
2008-02-04,91.09,91.55714285714285,0.6709623507986074
2008-02-05,89.6,91.36285714285714,0.992534034440391
2008-02-06,88.73,91.05142857142856,1.4117769957443607
2008-02-07,88.55,90.48857142857143,1.5236297512999273
2008-02-08,91.45,90.3442857142857,1.3429303424826475
2008-02-11,93.93,90.67999999999999,1.8868933903814886
2008-02-12,94.28,91.09,2.331401581309415
2008-02-13,93.82,91.47999999999999,2.5495359054800653
2008-02-14,95.92,92.38285714285715,2.8715252293608553
2008-02-15,96.96,93.55857142857144,2.810832786271672
2008-02-19,97.03,94.77,2.0040292745696586
2008-02-20,97.88,95.68857142857144,1.6753151800123625
2008-02-21,97.52,96.20142857142856,1.5948085420241567
2008-02-22,96.07,96.45714285714284,1.3618702126815976
2008-02-25,97.43,96.97285714285714,0.7369241092921992
2008-02-26,99.05,97.41999999999999,0.9187672900861829
2008-02-27,98.28,97.60857142857142,0.9437412881963981
2008-02-28,99.83,98.00857142857141,1.2127026094828846
2008-02-29,100.9,98.43999999999998,1.6260791288656025
2008-03-03,101.83,99.05571428571429,1.9940232123592623
2008-03-04,98.6,99.41714285714286,1.5403215496088625
2008-03-05,100.95,99.91999999999999,1.345758769863916
2008-03-06,103.47,100.55142857142857,1.8221363704124682
2008-03-07,104.66,101.46285714285713,2.0747346359288383
2008-03-10,105.33,102.24857142857142,2.373263776401585
2008-03-11,106.78,103.08857142857143,2.8157380830574286
2008-03-12,107.99,103.96857142857142,3.2809928810823794
2008-03-13,109.18,105.48,2.796903049207398
2008-03-14,109.16,106.65285714285714,2.2482712935770857
2008-03-17,104.41,106.78714285714285,2.045399018005072
2008-03-18,105.35,106.88571428571429,1.939698061922923
2008-03-19,102.65,106.50285714285714,2.485610014233146
2008-03-20,99.78,105.50285714285714,3.539998654828759
2008-03-24,100.93,104.49428571428572,3.7147043720096353
2008-03-25,99.91,103.16999999999999,3.405334051161339
2008-03-26,102.83,102.26571428571428,2.163684027631449
2008-03-27,103.89,102.19142857142857,2.085301165870251
2008-03-28,102.68,101.80999999999999,1.5986765359714088
2008-03-31,102.33,101.76428571428572,1.5750540429122142
2008-04-01,98.69,101.60857142857142,1.8361592938467561
2008-04-02,98.85,101.31142857142856,2.1118745904321927
2008-04-03,102.31,101.65428571428572,2.0400315123613764
2008-04-04,102.21,101.56571428571428,1.993404601369419
2008-04-07,105.98,101.86428571428571,2.493376941304193
2008-04-08,105.05,102.20285714285716,2.7683491728566385
2008-04-09,107.46,102.93571428571428,3.411851194209308
2008-04-10,107.37,104.17571428571428,3.1811416040096137
2008-04-11,107.15,105.36142857142856,2.2861789706217746
2008-04-14,108.32,106.22,2.0672687295073526
2008-04-15,110.84,107.45285714285716,1.8378584846289845
2008-04-16,110.95,108.16285714285713,2.113383655702256
2008-04-17,111.34,109.06142857142856,1.8951994492348085
2008-04-18,110.67,109.52000000000001,1.8303733681043457
2008-04-21,111.35,110.08857142857143,1.6615798563555773
2008-04-22,113.54,111.00142857142859,1.5280208176090597
2008-04-23,115.34,112.00428571428571,1.7607844572124567
2008-04-24,114.85,112.57714285714285,1.9599125344913264
2008-04-25,116.62,113.38714285714286,2.314877349419672
2008-04-28,115.7,114.01,2.258126066749253
2008-04-29,113.86,114.4657142857143,1.7324342906522316
2008-04-30,111.12,114.43285714285716,1.802153473724217
2008-05-01,107.3,113.54142857142857,3.2661007770296075
2008-05-02,111.92,113.05285714285715,3.207484550680838
2008-05-05,115.68,113.17142857142858,3.299027273664174
2008-05-06,119.88,113.63714285714286,4.0186138335073025
2008-05-07,120.27,114.28999999999999,4.719664536101316
2008-05-08,119.85,115.14571428571428,5.151931214417984
2008-05-09,123.54,116.91999999999999,5.649120875558057
2008-05-12,122.89,119.14714285714285,4.079435068264918
2008-05-13,123.11,120.74571428571429,2.751828829117285
2008-05-14,121.18,121.53142857142858,1.6145735099544813
2008-05-15,122.76,121.94285714285715,1.4853923643904947
2008-05-16,122.98,122.33000000000001,1.3207573584875831
2008-05-19,122.19,122.66428571428571,0.7695638839158535
2008-05-20,124.12,122.74714285714286,0.8997724580078887
2008-05-21,127.28,123.37428571428572,1.9421110262017234
2008-05-22,129.04,124.22142857142856,2.8762732170373995
2008-05-23,129.72,125.44142857142856,3.1676196561003556
2008-05-27,128.92,126.32142857142857,3.1541635371436687
2008-05-28,128.93,127.17142857142856,2.8946642210073357
2008-05-29,129.33,128.1914285714286,1.950917976845777
2008-05-30,127.85,128.7242857142857,0.8552749488289311
2008-06-02,128.5,128.89857142857142,0.5973114366727438
2008-06-03,126.28,128.50428571428571,1.1466888148466183
2008-06-04,121.72,127.36142857142856,2.686232979294004
2008-06-05,122.36,126.4242857142857,3.1552224282018075
2008-06-06,132.81,126.97857142857143,3.9174967712022553
2008-06-09,134.43,127.70714285714287,4.802074948345035
2008-06-10,135.24,128.76285714285717,5.586909444662256
2008-06-11,134.52,129.62285714285716,5.98859670341806
2008-06-12,132.11,130.4557142857143,5.8500052910028275
2008-06-13,134.29,132.25142857142856,4.493556232990382
2008-06-16,133.9,133.9,1.0805245639652699
2008-06-17,131.27,133.68,1.4373123065867348
2008-06-18,129.12,132.92142857142858,2.183204285535372
2008-06-19,131.84,132.43571428571428,1.94681669350104
2008-06-20,134.28,132.40142857142857,1.905670735562687
2008-06-23,134.54,132.74857142857144,2.0589028516129697
2008-06-24,135.37,132.90285714285716,2.227245790101056
2008-06-25,131.59,132.57285714285715,2.2260107388606376
2008-06-26,136.82,133.3657142857143,2.635373832702736
2008-06-27,139.38,134.83142857142857,2.731864006933733
2008-06-30,138.4,135.76857142857142,2.6588495542959962
2008-07-01,140.67,136.68142857142857,3.1196123080248266
2008-07-02,141.24,137.63857142857142,3.370803210766439
2008-07-03,143.95,138.8642857142857,3.923114651833112
2008-07-07,139.62,140.01142857142858,2.265291950068849
2008-07-08,134.15,139.63,2.9983884560430836
2008-07-09,133.91,138.84857142857143,3.7041302558603437
2008-07-10,135.81,138.47857142857143,3.8815135732142756
2008-07-11,143.68,138.90857142857143,4.308036786330876
2008-07-14,142.43,139.07857142857145,4.436922464093788
2008-07-15,136.02,137.94571428571427,3.9740443595193495
2008-07-16,133.31,137.04428571428573,4.237860533896876
2008-07-17,134.16,137.0457142857143,4.23672380164525
2008-07-18,129.34,136.39285714285717,5.070515142421179
2008-07-21,129.34,135.46857142857144,5.7399722083281395
2008-07-22,127.18,133.11142857142858,5.165005416490766
2008-07-23,126.86,130.88714285714286,3.598058338815717
2008-07-24,125.43,129.37428571428572,3.2936598546438134
2008-07-25,124.7,128.1442857142857,3.18480693890414
2008-07-28,125.67,126.93142857142857,1.8481560952412344
2008-07-29,125.77,126.42142857142858,1.5395392013122573
2008-07-30,122.46,125.43857142857144,1.561723711921193
2008-07-31,124.1,124.99857142857142,1.4164442402403703
2008-08-01,124.16,124.61285714285714,1.1715191602585375
2008-08-04,121.87,124.10428571428572,1.4877147704082323
2008-08-05,116.5,122.93285714285715,3.1922913102533497
2008-08-06,114.47,121.33285714285715,4.229900370322201
2008-08-07,116.94,120.07142857142856,3.996308415572467
2008-08-08,113.03,118.72428571428573,4.600647987485661
2008-08-11,110.54,116.78714285714285,4.809926244360077
2008-08-12,108.98,114.61857142857143,4.329855380845914
2008-08-13,110.68,113.02,3.0964226670991715
2008-08-14,111.82,112.35142857142857,2.699619902697349
2008-08-15,108.8,111.54142857142857,2.8065187722585074
2008-08-18,109.33,110.45428571428572,1.5669488094446538
2008-08-19,109.02,109.88142857142857,1.1443838017490218
2008-08-20,108.72,109.62142857142858,1.1761296494741242
2008-08-21,117.24,110.80142857142857,3.0600676929940294
2008-08-22,113.99,111.27428571428572,3.2856042424623957
2008-08-25,109.74,110.97714285714285,3.321880563202422
2008-08-26,112.2,111.46285714285715,3.1966999352742183
2008-08-27,113.05,111.99428571428571,3.0904792354509962
2008-08-28,113.54,112.64,2.8263816680210416
2008-08-29,113.49,113.32142857142857,2.2374198575680686
2008-09-02,104.94,111.5642857142857,3.2485014860322337
2008-09-03,103.88,110.12,4.120659332355031
2008-09-04,103.41,109.21571428571428,4.848274116090476
2008-09-05,102.51,107.83142857142856,5.223049647384
2008-09-08,101.08,106.12142857142858,5.1891085572608295
2008-09-09,98.94,104.03571428571429,4.612435571880773
2008-09-10,96.0,101.53714285714285,3.1394411088884633
2008-09-11,96.01,100.26142857142858,3.3345235970128515
2008-09-12,94.37,98.90285714285714,3.545164379288768
2008-09-15,90.45,97.05142857142857,4.134228781651355
2008-09-16,85.85,94.67142857142856,5.140951366465845
2008-09-17,86.09,92.53,5.148582329145124
2008-09-18,90.89,91.38,4.308739181398478
2008-09-19,93.46,91.01714285714286,3.9465542535451665
2008-09-22,100.43,91.64857142857143,5.071720380603884
2008-09-23,100.72,92.55571428571429,6.102709390487751
2008-09-24,102.09,94.21857142857144,6.959062265782199
2008-09-25,100.45,96.30428571428571,6.176805693189267
2008-09-26,100.88,98.41714285714285,4.364133034503491
2008-09-29,95.96,99.14142857142858,3.1617897282555103
2008-09-30,93.52,99.14999999999999,3.1438511415122323
2008-10-01,92.19,97.97285714285714,4.008456537061512
2008-10-02,88.88,96.28142857142858,5.025154818746159
2008-10-03,88.95,94.4042857142857,4.947352346263743
2008-10-06,84.71,92.1557142857143,5.305559527961896
2008-10-07,83.17,89.62571428571428,4.631727025427961
2008-10-08,80.77,87.45571428571428,4.726795451262833
2008-10-09,81.65,85.75999999999999,4.2984144363532275
2008-10-10,74.58,83.24428571428572,5.003398368916626
2008-10-13,74.37,81.17142857142858,5.277601818284758
2008-10-14,74.98,79.17571428571429,4.417125223273191
2008-10-15,66.86,76.62571428571428,5.665641643986623
2008-10-16,64.14,73.90714285714286,6.505484133368026
2008-10-17,66.05,71.80428571428573,6.2929824861830985
2008-10-20,67.45,69.77571428571429,4.669506958777677
2008-10-21,65.99,68.54857142857144,4.311517244817471
2008-10-22,62.95,66.91714285714286,3.8807031763372533
2008-10-23,65.06,65.5,1.5673969928865241
2008-10-24,60.57,64.60142857142857,2.2928761310539683
2008-10-27,59.34,63.91571428571429,3.0474571757567053
2008-10-28,58.87,62.89,3.3975824738543254
2008-10-29,64.0,62.39714285714285,2.828413656009147
2008-10-30,60.86,61.66428571428571,2.3697458171859256
2008-10-31,60.0,61.24285714285714,2.3652957129075007
2008-11-03,60.32,60.565714285714286,1.665291337295003
2008-11-04,62.78,60.88142857142857,1.8638886641523438
2008-11-05,61.09,61.131428571428565,1.7356308033936927
2008-11-06,56.14,60.74142857142857,2.4768960990903306
2008-11-07,56.84,59.71857142857143,2.383599718707374
2008-11-10,57.08,59.17857142857143,2.506900001799371
2008-11-11,54.76,58.43,2.961806880938359
2008-11-12,52.47,57.30857142857143,3.553873138659806
2008-11-13,51.32,55.67142857142857,3.238952652584956
2008-11-14,50.7,54.18714285714286,2.673242190579844
2008-11-17,50.82,53.42714285714286,2.779632555362164
2008-11-18,49.1,52.32142857142857,2.7348517849576344
2008-11-19,48.35,51.07428571428572,2.125918288975338
2008-11-20,45.79,49.79285714285714,2.234649221427825
2008-11-21,44.91,48.712857142857146,2.532204008927328
2008-11-24,49.51,48.45428571428572,2.3037133584857377
2008-11-25,47.51,47.99857142857143,2.0911434557081905
2008-11-26,49.39,47.79428571428571,1.8221219968483835
2008-11-28,47.72,47.597142857142856,1.7296118474464857
2008-12-01,47.58,47.48714285714285,1.6979469395401836
2008-12-02,45.64,47.465714285714284,1.7236865254637501
2008-12-03,44.39,47.39142857142857,1.8581480795900833
2008-12-04,43.83,46.58,2.0125771206680314
2008-12-05,37.04,45.08428571428572,4.05769580403269
2008-12-08,40.02,43.74571428571429,3.9445061251565297
2008-12-09,39.77,42.61,3.749159905894709
2008-12-10,39.34,41.432857142857145,3.1788242810026235
2008-12-11,43.54,41.13285714285714,2.7910434983159518
2008-12-12,42.38,40.84571428571429,2.486924855733097
2008-12-15,45.02,41.01571428571429,2.7515199262825276
2008-12-16,42.0,41.72428571428571,2.1241928438970317
2008-12-17,41.84,41.98428571428571,1.987828439461039
2008-12-18,40.19,42.044285714285714,1.914852972092148
2008-12-19,39.52,42.07,1.8732413974983497
2008-12-22,38.08,41.29,2.2566420481107192
2008-12-23,35.27,40.27428571428572,3.119432946022339
2008-12-24,34.45,38.76428571428572,2.995134149148551
2008-12-26,33.73,37.582857142857144,3.1339204110545054
2008-12-29,34.16,36.48571428571428,2.7109460657481073
2008-12-30,35.22,35.77571428571429,2.177420929615647
2008-12-31,35.82,35.24714285714286,1.441847359983022
2009-01-02,42.94,35.941428571428574,3.168971592227889
2009-01-05,45.84,37.451428571428565,4.861832399999117
2009-01-06,48.89,39.51428571428572,6.243251976178983
2009-01-07,46.23,41.3,6.099051838876384
2009-01-08,42.94,42.55428571428571,5.226343071855343
2009-01-09,42.34,43.57142857142857,4.1412575729702
2009-01-12,40.86,44.29142857142857,2.78503398285968
2009-01-13,43.05,44.30714285714286,2.7764348499756752
2009-01-14,42.27,43.797142857142866,2.775822486427995
2009-01-15,42.32,42.85857142857143,1.6487108961295078
2009-01-16,43.42,42.45714285714286,0.8296729131564886
2009-01-20,41.22,42.21142857142858,0.9133168229130443
2009-01-21,39.9,41.86285714285714,1.2570164979660083
2009-01-22,42.42,42.08571428571429,1.1858591420275115
2009-01-23,43.13,42.097142857142856,1.1970340329993971
2009-01-26,48.0,42.91571428571429,2.540366490239247
2009-01-27,42.86,42.99285714285715,2.52742764014305
2009-01-28,42.86,42.91285714285714,2.5205073185423816
2009-01-29,43.13,43.185714285714276,2.4075565562198578
2009-01-30,44.17,43.79571428571428,1.9298605920456384
2009-02-02,42.96,43.87285714285714,1.8757373153401138
2009-02-03,43.15,43.87571428571429,1.8744319774438605
2009-02-04,43.68,43.25857142857143,0.4904905221812373
2009-02-05,43.92,43.410000000000004,0.5101633724949137
2009-02-06,44.49,43.642857142857146,0.5839438981265793
2009-02-09,47.23,44.228571428571435,1.428815693391995
2009-02-10,45.88,44.472857142857144,1.5575163379002424
2009-02-11,44.24,44.65571428571429,1.419305665245393
2009-02-12,47.23,45.23857142857143,1.5312459912383647
2009-02-13,43.36,45.192857142857136,1.5892106456224537
2009-02-17,39.69,44.58857142857142,2.6222981560106167
2009-02-18,39.41,43.862857142857145,3.2756664171064953
2009-02-19,42.36,43.167142857142856,2.9414492702564865
2009-02-20,42.19,42.64,2.6945253137862895
2009-02-23,41.27,42.215714285714284,2.63374168020775
2009-02-24,40.18,41.208571428571425,1.5011265610697064
2009-02-25,42.37,41.067142857142855,1.2974682306290892
2009-02-26,45.15,41.847142857142856,1.8535975316912812
2009-02-27,44.41,42.56142857142857,1.7162015088607838
2009-03-02,42.6,42.59571428571429,1.713902536531855
2009-03-03,42.72,42.67142857142857,1.704674246207389
2009-03-04,46.07,43.35714285714285,1.98873254683122
2009-03-05,44.45,43.96714285714286,1.4274536102769275
2009-03-06,43.48,44.12571428571429,1.2738505556242097
2009-03-09,44.55,44.04,1.212133105989401
2009-03-10,44.99,44.12285714285714,1.2604987674829404
2009-03-11,43.2,44.208571428571425,1.155731061139735
2009-03-12,42.19,44.13285714285714,1.2801655398786054
2009-03-13,44.97,43.97571428571429,1.0494737910324712
2009-03-16,44.12,43.92857142857143,1.031882237636528
2009-03-17,45.53,44.221428571428575,1.1655961074416716
2009-03-18,45.22,44.31714285714286,1.2231613996087047
2009-03-19,48.03,44.75142857142857,1.870342469268658
2009-03-20,49.27,45.61857142857143,2.371219296554035
2009-03-23,51.84,46.99714285714286,2.810217751259399
2009-03-24,51.32,47.90428571428571,3.06053839022893
2009-03-25,51.46,48.95285714285715,2.79365778317494
2009-03-26,51.89,49.861428571428576,2.515269558586375
2009-03-27,50.81,50.66000000000001,1.4635800854880523
2009-03-30,49.05,50.80571428571428,1.1817339963231261
2009-03-31,46.13,50.357142857142854,2.1005690838820197
2009-04-01,45.92,49.51142857142857,2.5481066733984803
2009-04-02,50.89,49.449999999999996,2.5020058619642698
2009-04-03,50.48,49.31,2.3959618806031804
2009-04-06,50.91,49.17,2.2438879948213746
2009-04-07,50.62,49.142857142857146,2.221783925023754
2009-04-08,52.06,49.57285714285714,2.47738917871767
2009-04-09,52.33,50.45857142857143,2.124534682940746
2009-04-13,50.73,51.145714285714284,0.7361806196393745
2009-04-14,52.06,51.31285714285714,0.7986178536454299
2009-04-15,51.31,51.43142857142857,0.7111827840659124
2009-04-16,51.83,51.56285714285714,0.6832206643254456
2009-04-17,52.02,51.76285714285715,0.5538866997512757
2009-04-20,49.06,51.33428571428571,1.1381396683767198
2009-04-21,48.69,50.81428571428571,1.4071348803150328
2009-04-22,48.5,50.49571428571429,1.6592453821137452
2009-04-23,48.29,49.95714285714286,1.6786076997006245
2009-04-24,50.29,49.81142857142857,1.5831553784614214
2009-04-27,48.67,49.36,1.3441230102326678
2009-04-28,48.64,48.87714285714286,0.6646732100518382
2009-04-29,50.22,49.042857142857144,0.8394782960231839
2009-04-30,50.3,49.27285714285714,0.9410935887717945
2009-05-01,51.75,49.73714285714285,1.2479278062028072
2009-05-04,53.26,50.44714285714286,1.6396921894553804
2009-05-05,53.16,50.857142857142854,1.927422409029152
2009-05-06,55.07,51.771428571428565,2.213702995514928
2009-05-07,56.63,52.91285714285714,2.3833709620678496
2009-05-08,56.02,53.74142857142857,2.2978209138991295
2009-05-11,55.99,54.55428571428571,1.8379051221612894
2009-05-12,56.52,55.23571428571428,1.4729206489376365
2009-05-13,56.84,55.74714285714286,1.2816878752237475
2009-05-14,56.25,56.188571428571436,0.5847913750670486
2009-05-15,56.33,56.368571428571435,0.3146123842966946
2009-05-18,56.51,56.35142857142858,0.3009666964181364
2009-05-19,57.12,56.50857142857143,0.3767151253748859
2009-05-20,59.1,56.952857142857134,0.9930041001069321
2009-05-21,58.02,57.167142857142856,1.0445368077905306
2009-05-22,58.7,57.432857142857145,1.1757793767664488
2009-05-26,59.05,57.832857142857144,1.182563800743703
2009-05-27,61.28,58.54,1.5553456207455676
2009-05-28,63.47,59.534285714285716,2.1516804064268498
2009-05-29,64.98,60.65714285714286,2.670197959483537
2009-06-01,66.6,61.728571428571435,3.3575011966769908
2009-06-02,67.67,63.107142857142854,3.55623262402278
2009-06-03,66.15,64.17142857142856,3.103435883933809
2009-06-04,67.68,65.4042857142857,2.353344125155225
2009-06-05,67.77,66.33142857142857,1.6227079072819075
2009-06-08,67.61,66.92285714285714,1.064388937136342
2009-06-09,68.94,67.48857142857143,0.8992112946107362
2009-06-10,70.52,68.04857142857144,1.3574661269029826
2009-06-11,71.71,68.62571428571428,1.914304548585922
2009-06-12,70.62,69.26428571428572,1.6823085046259885
2009-06-15,68.49,69.38,1.579915609552736
2009-06-16,70.52,69.77285714285715,1.4493643927019508
2009-06-17,68.95,69.96428571428571,1.17944700519796
2009-06-18,69.96,70.11,1.0915432500097744
2009-06-19,70.48,70.10428571428572,1.0891412082020429
2009-06-22,66.13,69.30714285714285,1.6271622976311213
2009-06-23,66.36,68.69857142857143,1.8373661272836133
2009-06-24,68.47,68.69571428571427,1.8377600237073395
2009-06-25,68.82,68.45285714285714,1.6602581554782334
2009-06-26,68.1,68.33142857142857,1.6488827386109355
2009-06-29,69.75,68.30142857142857,1.6158942681032986
2009-06-30,68.11,67.96285714285715,1.3009447116737365
2009-07-01,68.52,68.30428571428571,1.0238629000359578
2009-07-02,65.74,68.21571428571428,1.226796059417928
2009-07-06,63.12,67.45142857142856,2.267262876764745
2009-07-07,61.54,66.41142857142857,3.064410919848812
2009-07-08,59.71,65.21285714285713,3.8372199758198935
2009-07-09,59.17,63.701428571428565,3.8359067966198923
2009-07-10,58.43,62.318571428571424,3.7249493444906117
2009-07-13,58.25,60.85142857142857,2.7772734145238065
2009-07-14,60.48,60.10000000000001,1.7591096232582033
2009-07-15,61.25,59.83285714285715,1.3082649360240606
2009-07-16,62.02,59.901428571428575,1.4204275010317144
2009-07-17,63.54,60.448571428571434,1.9669216945150558
2009-07-20,64.64,61.230000000000004,2.4107951661861535
2009-07-21,65.93,62.30142857142857,2.6168010277858404
2009-07-22,65.36,63.31714285714286,2.1136438858436133
2009-07-23,68.06,64.4,2.346706912528098
2009-07-24,68.82,65.48142857142857,2.39686203587558
2009-07-27,69.78,66.59,2.3224771258236805
2009-07-28,68.53,67.30285714285715,1.9692360133221287
2009-07-29,65.79,67.46714285714286,1.7452957178746313
2009-07-30,68.82,67.88,1.6608531943876894
2009-07-31,70.08,68.55428571428571,1.4057958261200239
2009-08-03,72.9,69.24571428571429,2.12728196800595
2009-08-04,73.82,69.96,2.717946528780165
2009-08-05,74.39,70.61857142857143,3.1853802942541334
2009-08-06,74.61,71.48714285714286,3.3458517315474223
2009-08-07,74.21,72.69000000000001,2.3092856038124183
2009-08-10,73.79,73.39999999999999,1.565311470594716
2009-08-11,71.58,73.61428571428571,1.054337977787008
2009-08-12,74.03,73.7757142857143,1.0124204848138387
2009-08-13,73.76,73.76714285714286,1.0122370322702379
2009-08-14,71.33,73.33000000000001,1.3141410375762792
2009-08-17,68.65,72.47857142857143,2.063624873619935
2009-08-18,68.66,71.68571428571428,2.335757244393581
2009-08-19,72.81,71.5457142857143,2.214850312038508
2009-08-20,73.75,71.85571428571428,2.3670787702856675
2009-08-21,73.71,71.81,2.3207254612818504
2009-08-24,74.34,71.89285714285714,2.4105650394666815
2009-08-25,73.1,72.14571428571428,2.434398331841043
2009-08-26,70.74,72.44428571428571,2.028536887694467
2009-08-27,70.68,72.73285714285714,1.466216381086277
2009-08-28,72.8,72.73142857142857,1.466133561113339
2009-08-31,69.02,72.05571428571429,1.9338377831151712
2009-09-01,68.78,71.35142857142857,2.1197439198378363
2009-09-02,67.6,70.38857142857144,2.066070574550332
2009-09-03,66.78,69.48571428571428,2.0646134193605405
2009-09-04,65.84,68.78571428571429,2.3757024023932165
2009-09-08,69.2,68.57428571428572,2.241062673094369
2009-09-09,69.76,68.14,1.4354557928784424
2009-09-10,68.96,68.13142857142857,1.4294920842811834
2009-09-11,68.76,68.12857142857142,1.427998932897324
2009-09-14,66.91,68.03,1.4929054446419587
2009-09-15,66.53,67.99428571428572,1.5303143156674837
2009-09-16,68.51,68.37571428571428,1.2012334930132735
2009-09-17,71.56,68.71285714285715,1.699134233317704
2009-09-18,70.72,68.85,1.8313383084441313
2009-09-21,68.11,68.72857142857143,1.8509045407644924
2009-09-22,69.65,68.85571428571428,1.8837007648253443
2009-09-23,67.43,68.92999999999999,1.8026924307754282
2009-09-24,64.99,68.71000000000001,2.1955637089310356
2009-09-25,64.6,68.15142857142857,2.6953999614817663
2009-09-28,65.43,67.27571428571429,2.380853188404687
2009-09-29,64.63,66.4057142857143,1.9937055712257752
2009-09-30,65.82,66.07857142857144,1.8501570074876668
2009-10-01,67.12,65.71714285714286,1.1513429012093694
2009-10-02,66.5,65.58428571428571,0.9582076522010354
2009-10-05,65.26,65.62285714285714,0.9354627069879345
2009-10-06,68.51,66.18142857142857,1.3137659427598705
2009-10-07,67.65,66.49857142857142,1.3689342396023882
2009-10-08,68.47,67.04714285714286,1.2604458772587899
2009-10-09,69.45,67.5657142857143,1.4093598681919937
2009-10-12,70.75,68.08428571428571,1.8246630478173758
2009-10-13,70.81,68.7,1.9253657661099959
2009-10-14,72.16,69.68571428571428,1.6113540593975533
2009-10-15,73.14,70.34714285714286,1.9607032266083158
2009-10-16,74.58,71.33714285714287,2.1153385409509142
2009-10-19,75.86,72.39285714285714,2.2833434132500594
2009-10-20,76.51,73.40142857142857,2.3256499347543667
2009-10-21,77.74,74.39999999999999,2.492154355835284
2009-10-22,78.36,75.47857142857143,2.3063421874669467
2009-10-23,77.72,76.27285714285713,1.8934159103322725
2009-10-26,76.45,76.74571428571429,1.3013820492349055
2009-10-27,76.69,77.04714285714284,0.8979924699940979
2009-10-28,75.11,76.94000000000001,1.0879031819555203
2009-10-29,77.18,77.03571428571429,1.0731395861695698
2009-10-30,74.91,76.63142857142859,1.2772552416633633
2009-11-02,75.56,76.23142857142857,1.0667931472516872
2009-11-03,75.68,75.93999999999998,0.8487245332313906
2009-11-04,78.21,76.19142857142857,1.2091516112643388
2009-11-05,78.02,76.38142857142857,1.3913234535349772
2009-11-06,75.51,76.43857142857142,1.3375777680904508
2009-11-09,77.18,76.43857142857144,1.3375777680904508
2009-11-10,77.07,76.74714285714286,1.1640692173718552
2009-11-11,76.99,76.95142857142856,1.0398626282783188
2009-11-12,75.18,76.88,1.152793708045343
2009-11-13,74.81,76.39428571428572,1.2136838844625535
2009-11-16,77.14,76.26857142857143,1.0520365736781594
2009-11-17,77.36,76.53285714285714,1.0620375744291626
2009-11-18,78.64,76.74142857142856,1.3218853779191861
2009-11-19,76.45,76.65285714285713,1.3169625948241892
2009-11-20,75.61,76.45571428571428,1.3606476049063798
2009-11-23,78.14,76.87857142857145,1.358055332337346
2009-11-24,75.35,76.95571428571428,1.2302961315895455
2009-11-25,76.57,76.87428571428572,1.2349204716920807
2009-11-27,76.0,76.67999999999999,1.2526239126897827
2009-11-30,77.77,76.55571428571429,1.0529934653504796
2009-12-01,78.68,76.87428571428572,1.3193288336893876
2009-12-02,76.96,77.06714285714285,1.1966858998220047
2009-12-03,77.76,77.01285714285714,1.1475149132652376
2009-12-04,77.74,77.35428571428572,0.8989226355686037
2009-12-07,76.18,77.29857142857144,0.9652707490768099
2009-12-08,74.93,77.14571428571428,1.2483837169466618
2009-12-09,73.63,76.55428571428571,1.7735450106319466
2009-12-10,70.91,75.44428571428571,2.502910686528244
2009-12-11,70.07,74.46000000000001,3.092765752522363
2009-12-14,71.19,73.52142857142857,2.9162671835223426
2009-12-15,71.33,72.60571428571428,2.3153103257958354
2009-12-16,73.34,72.2,1.7689639152080439
2009-12-17,71.28,71.67857142857143,1.3080319640675324
2009-12-18,71.87,71.42714285714285,1.0043026483578152
2009-12-21,72.74,71.68857142857144,1.0823959314205254
2009-12-22,71.64,71.91285714285713,0.8225917230509519
2009-12-23,73.87,72.2957142857143,1.0280865258998217
2009-12-24,75.15,72.84142857142857,1.3827198869218764
2009-12-28,76.59,73.30571428571429,1.9902165471970528
2009-12-29,76.65,74.07285714285715,2.110566387528639
2009-12-30,77.62,74.89428571428572,2.2261091403471864
2009-12-31,77.91,75.63285714285713,2.249760833844198
2010-01-04,79.05,76.69142857142857,1.7444428773556104
2010-01-05,79.27,77.46285714285715,1.4595286257897646
2010-01-06,80.14,78.17571428571429,1.3565871042453166
2010-01-07,80.57,78.74428571428572,1.4140468773717654
2010-01-08,80.06,79.23142857142857,1.131450817471693
2010-01-11,80.14,79.59142857142857,0.9131160672978363
2010-01-12,79.38,79.80142857142857,0.5644297585683479
2010-01-13,77.57,79.59,1.0010993956528562
2010-01-14,77.61,79.35285714285715,1.2541625929281477
2010-01-15,76.85,78.88285714285713,1.5019954980514387
2010-01-19,75.18,78.11285714285714,1.8371328593308711
2010-01-20,75.09,77.40285714285713,1.9178087694466146
2010-01-21,74.13,76.5442857142857,1.8315554149604218
2010-01-22,72.73,75.5942857142857,1.840179856627396
2010-01-25,72.18,74.82428571428571,1.9967127747217432
2010-01-26,72.63,74.11285714285714,1.7045499336086865
2010-01-27,72.75,73.52714285714285,1.251462002152636
2010-01-28,70.65,72.88000000000001,1.414885154340998
2010-01-29,71.2,72.32428571428571,1.139295939635365
2010-02-01,71.58,71.96000000000001,0.831905443329325
2010-02-02,73.94,72.13285714285715,1.100813551953653
2010-02-03,75.77,72.64571428571428,1.7633382842598264
2010-02-04,71.3,72.45571428571428,1.8354913705607563
2010-02-05,70.11,72.07857142857142,2.0262562240962056
2010-02-08,69.62,71.93142857142857,2.1789326788641032
2010-02-09,70.4,71.81714285714285,2.243707603387316
2010-02-10,70.4,71.64857142857143,2.307902572832847
2010-02-11,72.35,71.42142857142856,2.1149738262419246
2010-02-12,71.49,70.81,0.9413111423119463
2010-02-16,74.82,71.31285714285714,1.7975141565037005
2010-02-17,74.89,71.99571428571429,2.1397574406310977
2010-02-18,76.61,72.99428571428572,2.4542130927725907
2010-02-19,76.88,73.91999999999999,2.533403507795008
2010-02-22,76.95,74.85571428571428,2.204932781606623
2010-02-23,76.44,75.43999999999998,1.958400708054512
2010-02-24,77.0,76.22714285714285,0.9579442274122242
2010-02-25,74.38,76.16428571428571,1.0731706472274032
2010-02-26,76.36,76.37428571428572,0.9143277519962592
2010-03-01,76.07,76.29714285714284,0.9139057990291385
2010-03-02,77.5,76.38571428571427,1.0052836605011233
2010-03-03,78.66,76.63,1.322863056647219
2010-03-04,77.88,76.83571428571429,1.398211442547457
2010-03-05,79.2,77.14999999999999,1.6634001322518503
2010-03-08,78.94,77.80142857142857,1.2357241948306625
2010-03-09,78.77,78.14571428571428,1.094895080850629
2010-03-10,80.29,78.74857142857142,0.9072013479322338
2010-03-11,79.44,79.02571428571427,0.7438157733859435
2010-03-12,79.38,79.12857142857142,0.7345390520751494
2010-03-15,77.08,79.01428571428572,0.98179864096687
2010-03-16,79.45,79.04999999999998,0.9941495527882914
2010-03-17,80.28,79.24142857142859,1.0934872133180786
2010-03-18,80.09,79.42999999999999,1.1122949249079022
2010-03-19,78.37,79.1557142857143,1.101557339136012
2010-03-22,78.09,78.96285714285715,1.160110832133275
2010-03-23,79.17,78.93285714285715,1.150198740580495
2010-03-24,78.03,79.06857142857143,0.9301331189799925
2010-03-25,78.64,78.95285714285716,0.9251434895011102
2010-03-26,77.98,78.62428571428572,0.7707973607922775
2010-03-29,79.89,78.5957142857143,0.7086103099760365
2010-03-30,79.46,78.75142857142858,0.768015376814423
2010-03-31,80.37,79.07714285714285,0.9109283595136886
2010-04-01,82.63,79.57142857142857,1.6269954780791978
2010-04-05,84.48,80.49285714285715,2.2970104794782995
2010-04-06,85.05,81.40857142857143,2.680866952876198
2010-04-07,84.49,82.33857142857143,2.4085986836797515
2010-04-08,82.63,82.73,2.1534855467302925
2010-04-09,82.77,83.20285714285714,1.6108249882695087
2010-04-12,85.21,83.89428571428572,1.1708665899260233
2010-04-13,83.44,84.00999999999999,1.0598584811079452
2010-04-14,85.81,84.2,1.2587162772615355
2010-04-15,86.9,84.46428571428571,1.6116643275627907
2010-04-16,84.81,84.50999999999999,1.6170446293500556
2010-04-19,83.09,84.57571428571428,1.5351857340633956
2010-04-20,84.73,84.85571428571428,1.3137206342059482
2010-04-21,84.55,84.76142857142858,1.307726125388714
2010-04-22,84.58,84.92428571428572,1.1805345843042854
2010-04-23,86.09,84.96428571428571,1.2196428048429442
2010-04-26,86.72,84.93857142857144,1.173036353098603
2010-04-27,85.59,85.05,1.1956169955201381
2010-04-28,84.59,85.2642857142857,0.8780253819823232
2010-04-29,86.82,85.56285714285715,1.0112980814282646
2010-04-30,86.19,85.79714285714284,0.9237191904652949
2010-05-03,88.09,86.29857142857144,1.0905110204354154
2010-05-04,85.39,86.19857142857143,1.1436262293064723
2010-05-05,82.31,85.56857142857143,1.821999163654482
2010-05-06,80.21,84.79999999999998,2.723263973000639
2010-05-07,76.48,83.64142857142858,4.168918439158685
2010-05-10,78.08,82.39285714285714,4.362586061366958
2010-05-11,79.0,81.36571428571428,4.161349369063418
2010-05-12,78.7,80.02428571428572,2.9775541256884392
2010-05-13,79.41,79.17,1.8107457027356217
2010-05-14,76.43,78.33,1.4365235814198605
2010-05-17,73.87,77.42428571428572,1.9577440856090118
2010-05-18,75.12,77.23,2.1272204085711914
2010-05-19,71.86,76.34142857142857,2.8791748156412065
2010-05-20,69.56,74.99285714285715,3.5573197508093806
2010-05-21,70.45,73.81428571428572,3.4904290908238926
2010-05-24,69.62,72.4157142857143,2.7594254060225616
2010-05-25,67.18,71.0942857142857,2.7313480013970826
2010-05-26,70.59,70.62571428571428,2.441801637739863
2010-05-27,73.56,70.40285714285714,1.993244543325681
2010-05-28,73.0,70.5657142857143,2.170805205003218
2010-06-01,73.08,71.06857142857143,2.3026971762887554
2010-06-02,72.78,71.40142857142857,2.3659136964440624
2010-06-03,73.12,71.90142857142858,2.2954769190058055
2010-06-04,71.84,72.56714285714285,1.0185727642955722
2010-06-07,71.09,72.63857142857144,0.8623693827793367
2010-06-08,71.43,72.33428571428571,0.8588336498236637
2010-06-09,73.68,72.43142857142858,0.9770095286238715
2010-06-10,74.33,72.61,1.2033287165086082
2010-06-11,73.28,72.68142857142857,1.2296534548489213
2010-06-14,75.11,72.96571428571428,1.5390566065189295
2010-06-15,75.29,73.45857142857143,1.665677325401105
2010-06-16,76.12,74.17714285714285,1.5548602754476177
2010-06-17,77.52,75.04714285714286,1.4625971681106205
2010-06-18,77.05,75.52857142857144,1.491927484505343
2010-06-21,78.53,76.12857142857142,1.7515272247448945
2010-06-22,78.08,76.81428571428572,1.342222747809382
2010-06-23,75.22,76.83000000000001,1.3193938001882037
2010-06-24,75.17,76.81285714285715,1.3433008385437015
2010-06-25,76.21,76.82571428571428,1.3359747645085387
2010-06-28,76.66,76.70285714285714,1.300560318798093
2010-06-29,74.21,76.29714285714284,1.585893168795467
2010-06-30,74.94,75.78428571428572,1.2977783213644207
2010-07-01,71.73,74.87714285714286,1.6078942158918639
2010-07-02,71.75,74.38142857142857,1.9770890097199874
2010-07-06,73.08,74.08285714285714,1.9958767019779444
2010-07-07,72.97,73.62,1.7848996236878756
2010-07-08,74.56,73.32000000000001,1.2991792280671128
2010-07-09,75.2,73.46142857142857,1.4565647779468567
2010-07-12,74.35,73.37714285714286,1.3713219204469151
2010-07-13,76.45,74.05142857142857,1.5721474546053753
2010-07-14,76.63,74.74857142857142,1.459468265849688
2010-07-15,75.52,75.09714285714286,1.2741495763182178
2010-07-16,75.55,75.46571428571428,0.8631503758925243
2010-07-19,76.29,75.71285714285715,0.8064059003785693
2010-07-20,76.31,75.87142857142858,0.7978393441179443
2010-07-21,75.75,76.07142857142857,0.45447510275327035
2010-07-22,77.59,76.23428571428572,0.7321624852018326
2010-07-23,77.27,76.32571428571428,0.8240116735036451
2010-07-26,77.9,76.66571428571429,0.921409375940119
2010-07-27,75.52,76.66142857142857,0.9275133165384059
2010-07-28,76.66,76.71428571428571,0.9132516473588784
2010-07-29,78.6,77.04142857142857,1.1289734063990033
2010-07-30,77.5,77.29142857142857,0.9791565855484522
2010-08-02,81.93,77.91142857142857,2.0202675447465888
2010-08-03,83.6,78.8157142857143,2.907265938656269
2010-08-04,83.76,79.65285714285714,3.4013463720757766
2010-08-05,82.9,80.70714285714287,3.0303394435002344
2010-08-06,81.28,81.36714285714287,2.4493993432744823
2010-08-09,81.54,81.78714285714285,2.126630466920279
2010-08-10,79.89,82.12857142857142,1.3867759801150739
2010-08-11,77.83,81.54285714285713,2.1438183558392985
2010-08-12,76.63,80.54714285714286,2.599357063358803
2010-08-13,75.14,79.3157142857143,2.853061847338361
2010-08-16,74.56,78.12428571428572,2.8481857216020003
2010-08-17,76.74,77.47571428571429,2.5061980311627465
2010-08-18,75.1,76.55571428571429,1.8657872077858033
2010-08-19,74.84,75.83428571428571,1.2294966062323953
2010-08-20,73.48,75.21285714285715,1.1493870001724418
2010-08-23,73.08,74.70571428571428,1.2018715563944677
2010-08-24,70.61,74.05857142857143,1.9288029843287882
2010-08-25,70.74,73.51285714285714,2.272976860748562
2010-08-26,74.5,73.19285714285715,1.8637660286361948
2010-08-27,75.16,73.20142857142856,1.8741080418042815
2010-08-30,76.05,73.37428571428572,2.0934011969527306
2010-08-31,75.51,73.66428571428571,2.2455649411087006
2010-09-01,75.53,74.01428571428572,2.3287110679665526
2010-09-02,74.93,74.63142857142857,1.7851557221586436
2010-09-03,75.03,75.24428571428572,0.5011938128809339
2010-09-07,75.78,75.42714285714285,0.40950027614813644
2010-09-08,77.48,75.75857142857141,0.8544087345581554
2010-09-09,77.87,76.01857142857145,1.1747400928244984
2010-09-10,77.54,76.30857142857143,1.2745905037917193
2010-09-13,78.52,76.7357142857143,1.4579992814597178
2010-09-14,78.89,77.30142857142857,1.4079941828796296
2010-09-15,78.46,77.79142857142857,1.0325442455522027
2010-09-16,78.89,78.23571428571428,0.6022418435069624
2010-09-17,77.43,78.22857142857143,0.6129009863126703
2010-09-20,79.42,78.45,0.7304792946931947
2010-09-21,78.76,78.62428571428572,0.6133203932182648
2010-09-22,77.29,78.44857142857143,0.7968987507977929
2010-09-23,77.69,78.27714285714286,0.8149788194584611
2010-09-24,78.73,78.3157142857143,0.8313013320916451
2010-09-27,77.71,78.14714285714285,0.814917465861351
2010-09-28,79.14,78.39142857142858,0.820394794609933
2010-09-29,78.79,78.30142857142857,0.7167618984174992
2010-09-30,80.77,78.58857142857143,1.1824329236887392
2010-10-01,82.69,79.36,1.796227528268326
2010-10-04,83.42,80.17857142857143,2.1742004551152503
2010-10-05,83.35,80.83857142857143,2.354898643046759
2010-10-06,85.01,81.88142857142857,2.354898643046796
2010-10-07,83.67,82.52857142857144,2.0826779921590735
2010-10-08,83.88,83.25571428571428,1.3021502363673316
2010-10-11,83.08,83.58571428571429,0.7374925342480045
2010-10-12,82.99,83.62857142857142,0.683506365996151
2010-10-13,84.01,83.71285714285715,0.6898481544273343
2010-10-14,83.55,83.74142857142859,0.6763240981146627
2010-10-15,81.94,83.30285714285715,0.711095733944035
2010-10-18,82.3,83.10714285714286,0.7785395362472242
2010-10-19,81.12,82.71285714285715,0.9916268499289332
2010-10-20,81.68,82.51285714285714,1.0449834812888725
2010-10-21,81.28,82.26857142857143,1.1125410639718947
2010-10-22,80.75,81.80285714285715,0.9293136227882546
2010-10-25,81.91,81.56857142857143,0.5410615667589107
2010-10-26,82.62,81.66571428571429,0.6655788744177812
2010-10-27,81.27,81.51857142857143,0.6138248547891619
2010-10-28,82.97,81.78285714285714,0.7873524048987419
2010-10-29,82.47,81.89571428571428,0.8258300297708228
2010-11-01,84.06,82.29285714285713,1.1024928463108423
2010-11-02,84.71,82.85857142857142,1.1912798239808338
2010-11-03,85.33,83.34714285714286,1.4172827791823093
2010-11-04,86.83,83.94857142857143,1.8762411764901892
2010-11-05,87.05,84.77428571428571,1.7698009035119424
2010-11-08,87.15,85.37142857142855,1.7647325441430177
2010-11-09,87.93,86.15142857142857,1.4465410303056043
2010-11-10,87.92,86.70285714285714,1.2369413120680128
2010-11-11,88.08,87.1842857142857,0.9559263769098648
2010-11-12,86.07,87.28999999999999,0.7311862507666083
2010-11-15,85.49,87.09857142857142,0.9983057075320466
2010-11-16,83.98,86.66,1.5468462539341274
2010-11-17,83.36,86.11857142857143,1.9559433237420045
2010-11-18,83.7,85.51428571428572,1.956458170113822
2010-11-19,83.17,84.83571428571429,1.8005263780549583
2010-11-22,82.34,84.01571428571428,1.319581463219151
2010-11-23,82.37,83.48714285714286,1.0786058020272105
2010-11-24,84.53,83.35000000000001,0.8087850971114675
2010-11-26,84.78,83.46428571428571,0.9558043234565299
2010-11-29,85.9,83.82714285714287,1.321712453410405
2010-11-30,86.02,84.15857142857143,1.5548357745082486
2010-12-01,88.56,84.92857142857143,2.188990852506569
2010-12-02,89.37,85.93285714285715,2.4053947304965226
2010-12-03,90.65,87.11571428571428,2.397184856883597
2010-12-06,91.25,88.07571428571428,2.530947498086861
2010-12-07,90.78,88.93285714285716,2.226459927665623
2010-12-08,89.74,89.48142857142857,1.7836986719617263
2010-12-09,89.93,90.03999999999999,0.9242294087385066
2010-12-10,89.54,90.17999999999999,0.712694417903269
2010-12-13,90.4,90.32714285714287,0.6175681955603294
2010-12-14,90.63,90.32428571428572,0.6158694975986401
2010-12-15,91.33,90.33571428571427,0.6363137890006807
2010-12-16,91.09,90.38,0.6815668223369632
2010-12-17,91.11,90.57571428571428,0.6636228131042792
2010-12-20,91.31,90.77285714285715,0.6445337923654868
2010-12-21,93.11,91.28285714285714,0.8769400261711778
2010-12-22,93.55,91.73285714285714,1.12228508388073
2010-12-23,93.63,92.16142857142857,1.2009916537421839
2010-12-27,93.08,92.41142857142857,1.1810507831411923
2010-12-28,93.52,92.75857142857141,1.0807779385047047
2010-12-29,93.52,93.10285714285715,0.8206443461297518
2010-12-30,92.5,93.27285714285715,0.4056975180699227
2010-12-31,93.23,93.28999999999999,0.4001666319309437
2011-01-03,95.82,93.61428571428571,1.0454641256747736
2011-01-04,93.52,93.59857142857142,1.0460151141476384
2011-01-05,95.07,93.88285714285715,1.1471226944700401
2011-01-06,94.95,94.08714285714287,1.197938705792124
2011-01-07,94.25,94.19142857142856,1.1718280387321072
2011-01-10,95.05,94.55571428571429,0.9297285830139299
2011-01-11,96.8,95.0657142857143,1.052375996530321
2011-01-12,97.86,95.35714285714286,1.4882620096951387
2011-01-13,97.86,95.97714285714287,1.499330009093592
2011-01-14,97.86,96.37571428571428,1.5863044804639768
2011-01-18,97.83,96.78714285714285,1.527282055210737
2011-01-19,98.42,97.38285714285715,1.135821498374124
2011-01-20,96.27,97.55714285714285,0.7443277567726502
2011-01-21,96.84,97.56285714285715,0.7376700772266264
2011-01-24,96.76,97.4057142857143,0.7797832421514751
2011-01-25,96.76,97.24857142857142,0.7838033037860629
2011-01-26,96.04,96.98857142857142,0.8465307352320743
2011-01-27,96.48,96.7957142857143,0.7735170142969044
2011-01-28,97.06,96.60142857142857,0.35526649953586104
2011-01-31,98.97,96.98714285714286,0.9323932340141732
2011-02-01,100.4,97.49571428571429,1.5828019158253186
2011-02-02,101.3,98.14428571428572,2.0824013153265595
2011-02-03,101.69,98.84857142857142,2.352377723147296
2011-02-04,99.43,99.33285714285715,2.0004309059556724
2011-02-07,99.44,99.75571428571428,1.561589544259578
2011-02-08,99.25,100.06857142857143,1.0751035387471444
2011-02-09,100.16,100.23857142857143,0.9604066598894501
2011-02-10,100.74,100.28714285714285,0.9783611174661153
2011-02-11,99.93,100.09142857142857,0.8733733178658307
2011-02-14,103.12,100.2957142857143,1.3479225638271348
2011-02-15,102.48,100.73142857142857,1.5052179085966784
2011-02-16,102.78,101.20857142857143,1.5561322627035765
2011-02-17,103.45,101.80857142857144,1.4830871919840427
2011-02-18,102.2,102.1,1.293457897773601
2011-02-22,106.82,102.96857142857144,2.0488242853794842
2011-02-23,109.77,104.37428571428572,2.8396118111593087
2011-02-24,113.91,105.91571428571429,4.492678700368251
2011-02-25,111.47,107.2,4.62970841414241
2011-02-28,112.27,108.55571428571429,4.50754869503111
2011-03-01,113.34,109.96857142857142,4.178434429986441
2011-03-02,116.89,112.06714285714285,3.201128521241569
2011-03-03,114.42,113.15285714285713,2.2816420569785216
2011-03-04,115.71,114.00142857142858,1.8837058207242794
2011-03-07,116.58,114.38285714285715,2.1178740463430503
2011-03-08,112.32,114.50428571428571,1.939921451522789
2011-03-09,115.19,114.92142857142858,1.6753052316013215
2011-03-10,114.07,115.02571428571427,1.5804941963655132
2011-03-11,114.07,114.62285714285714,1.3717107844489491
2011-03-14,112.95,114.41285714285713,1.5131723220352344
2011-03-15,111.11,113.75571428571428,1.8230730205008592
2011-03-16,110.96,112.95285714285714,1.5952503908498246
2011-03-17,114.18,113.21857142857142,1.6268623028282758
2011-03-18,114.13,113.06714285714284,1.452798612852637
2011-03-21,114.92,113.18857142857144,1.5805002221966689
2011-03-22,115.63,113.41142857142857,1.817685603277907
2011-03-23,115.65,113.79714285714286,1.9824539867312734
2011-03-24,115.41,114.41142857142857,1.6492364755740754
2011-03-25,115.45,115.05285714285715,0.6590577689704659
2011-03-28,115.95,115.30571428571429,0.6057462929410422
2011-03-29,115.58,115.51285714285714,0.31468048796691933
2011-03-30,115.35,115.57428571428571,0.20115144728589057
2011-03-31,116.94,115.76142857142857,0.5567293947969392
2011-04-01,118.63,116.18714285714285,1.2115653000040603
2011-04-04,120.07,116.85285714285715,1.833836727421708
2011-04-05,122.87,117.91285714285713,2.7853947313635326
2011-04-06,123.01,118.92142857142858,3.2030736726408855
2011-04-07,122.9,119.96714285714286,3.1242957301619696
2011-04-08,126.3,121.53142857142858,3.1682141582231855
2011-04-11,126.46,122.89142857142858,2.900801202949428
2011-04-12,121.33,123.27714285714286,2.3708206334887074
2011-04-13,122.7,123.65285714285713,1.9486723196856914
2011-04-14,122.74,123.63428571428571,1.9579739285157263
2011-04-15,124.63,123.86571428571428,1.9676030861805862
2011-04-18,121.69,123.69285714285715,2.114266730928062
2011-04-19,121.35,122.98571428571427,1.9153838357051296
2011-04-20,124.26,122.67142857142858,1.34622222745707
2011-04-21,123.64,123.00142857142858,1.2416578778792269
2011-04-26,124.55,123.26571428571428,1.3582201238191174
2011-04-27,124.94,123.58000000000001,1.4665151436831616
2011-04-28,126.59,123.86,1.8399637677552525
2011-05-02,126.64,124.56714285714285,1.8180549522798781
2011-05-03,124.01,124.94714285714288,1.2097894346439484
2011-05-04,121.55,124.55999999999999,1.7701600680877019
2011-05-05,111.93,122.88714285714286,5.129687171375636
2011-05-06,113.69,121.33571428571429,6.094477984597777
2011-05-09,113.21,119.66,6.534985335356016
2011-05-10,117.82,118.40714285714286,5.782291109601378
2011-05-11,115.66,116.83857142857143,4.530512953191064
2011-05-12,112.87,115.24714285714285,3.4094218194352606
2011-05-13,113.08,114.03714285714285,2.0193539749569305
2011-05-16,113.72,114.29285714285713,1.8105957977530687
2011-05-17,109.39,113.67857142857143,2.6045692450700524
2011-05-18,112.54,113.58285714285714,2.636770210473593
2011-05-19,113.2,112.92285714285715,1.8645527996924278
2011-05-20,111.25,112.29285714285716,1.493739315557031
2011-05-23,110.13,111.90142857142858,1.6663275845496925
2011-05-24,112.52,111.82142857142857,1.6129003748003785
2011-05-25,114.47,111.92857142857143,1.776639417279492
2011-05-26,115.06,112.73857142857142,1.7179195612808293
2011-05-27,114.85,113.06857142857143,1.8869678373070793
2011-05-31,117.18,113.63714285714286,2.4490659055051256
2011-06-01,116.15,114.33714285714287,2.3513663707529178
2011-06-02,114.3,114.93285714285715,1.4714359685381595
2011-06-03,115.09,115.3,1.0206207261518567
2011-06-06,115.4,115.43285714285715,0.9528503605015346
2011-06-07,116.14,115.58714285714287,0.9697029491075738
2011-06-08,118.43,116.09857142857143,1.3753475751115252
2011-06-09,119.95,116.49428571428571,1.9965541744247366
2011-06-10,118.71,116.86,2.1514336305475465
2011-06-13,120.49,117.74428571428572,2.195509486371303
2011-06-14,120.35,118.49571428571429,2.0295143683682504
2011-06-15,114.67,118.39142857142858,2.224488170126381
2011-06-16,114.69,118.1842857142857,2.517319057664286
2011-06-17,113.74,117.5142857142857,3.015802033414392
2011-06-20,112.21,116.40857142857143,3.3718166645047503
2011-06-21,112.02,115.45285714285714,3.5539682716893597
2011-06-22,113.59,114.46714285714286,2.8011944731086578
2011-06-23,108.27,112.74142857142856,2.2371889249006163
2011-06-24,104.79,111.33,3.5494365750050236
2011-06-27,104.57,109.88428571428571,3.9868193552519635
2011-06-28,107.57,109.00285714285714,3.661041355885883
2011-06-29,111.49,108.89999999999999,3.5647674070897777
2011-06-30,111.71,108.85571428571428,3.521206503185823
2011-07-01,109.82,108.31714285714284,2.9120251503332297
2011-07-05,113.21,109.02285714285713,3.4479690364290354
2011-07-06,113.55,110.27428571428571,3.2389908775334653
2011-07-07,117.4,112.10714285714286,3.1002081343312917
2011-07-08,117.4,113.51142857142858,2.9238184426701275
2011-07-11,117.35,114.34857142857143,3.0831554646224775
2011-07-12,117.36,115.15571428571427,3.016105972620857
2011-07-13,118.46,116.39,2.0962506211450065
2011-07-14,117.38,116.98571428571428,1.5678632714875007
2011-07-15,118.06,117.63000000000001,0.445982062402017
2011-07-18,117.05,117.58,0.4931869151930945
2011-07-19,118.18,117.69142857142856,0.5323040663305043
2011-07-20,118.52,117.85857142857142,0.5880030774001287
2011-07-21,118.25,117.9857142857143,0.5576694702775715
2011-07-22,118.99,118.06142857142858,0.659480314868253
2011-07-25,118.27,118.18857142857144,0.5881447829393334
2011-07-26,118.14,118.2,0.5860034129460957
2011-07-27,117.99,118.33428571428571,0.33059830320154415
2011-07-28,118.16,118.33142857142857,0.3322362899585994
2011-07-29,115.93,117.96142857142856,0.95177778518169
2011-08-01,116.37,117.69285714285714,1.109034328973403
2011-08-02,116.02,117.2685714285714,1.0981412867652909
2011-08-03,113.74,116.62142857142855,1.6202821623712265
2011-08-04,110.22,115.49,2.752671429717651
2011-08-05,106.92,113.90857142857142,3.982287569437661
2011-08-08,103.06,111.75142857142858,5.199289786662902
2011-08-09,103.63,109.99428571428572,5.6136733580972615
2011-08-10,103.84,108.20428571428572,5.226164486320456
2011-08-11,107.82,107.03285714285714,3.9440533899579466
2011-08-12,108.17,106.23714285714287,2.7449512095552064
2011-08-15,108.89,106.04714285714286,2.453920090285179
2011-08-16,109.69,106.44285714285715,2.814922818865909
2011-08-17,111.37,107.63,2.9014536586537467
2011-08-18,108.36,108.30571428571429,2.3038869846581713
2011-08-19,109.37,109.09571428571428,1.2019963552680106
2011-08-22,108.83,109.24000000000001,1.0775125675906145
2011-08-23,110.35,109.55142857142856,1.030734828021623
2011-08-24,111.91,109.98285714285714,1.3036450729293925
2011-08-25,111.91,110.3,1.478794554127119
2011-08-26,112.29,110.43142857142857,1.6235396368317228
2011-08-30,115.59,111.46428571428571,2.260817382735337
2011-08-31,116.48,112.48,2.7146945807309497
2011-09-01,116.43,113.5657142857143,2.5247432684160582
2011-09-02,115.92,114.36142857142859,2.19907881146435
2011-09-06,113.29,114.55857142857143,1.9950808552616361
2011-09-07,117.5,115.35714285714286,1.8732833411351792
2011-09-08,117.99,116.17142857142858,1.5241547227994836
2011-09-09,115.1,116.10142857142857,1.5659866812009025
2011-09-12,114.75,115.85428571428572,1.6314294053823342
2011-09-13,114.08,115.5185714285714,1.7319105882517252
2011-09-14,113.1,115.11571428571428,1.938615116884373
2011-09-15,116.71,115.60428571428572,1.8297072365306837
2011-09-16,116.26,115.42714285714285,1.6685094574223853
2011-09-19,112.89,114.69857142857143,1.4638240851840385
2011-09-20,114.39,114.59714285714286,1.4559500253011382
2011-09-21,114.26,114.52714285714285,1.459151743139725
2011-09-22,109.21,113.83142857142856,2.498622477626018
2011-09-23,109.17,113.27,3.067197417836604
2011-09-26,107.9,112.01142857142858,3.2239077146165553
2011-09-27,109.54,111.05142857142857,2.7070243723254266
2011-09-28,108.52,110.42714285714285,2.7162333864207175
2011-09-29,107.08,109.38285714285715,2.3141932668152316
2011-09-30,105.42,108.12,1.4655488164218509
2011-10-03,103.61,107.32000000000001,2.1431674378472207
2011-10-04,101.84,106.27285714285715,2.7836230245560967
2011-10-05,103.77,105.68285714285715,2.8187273386238236
2011-10-06,104.38,104.94571428571429,2.2615470895111978
2011-10-07,106.56,104.66571428571429,1.8243341903490442
2011-10-10,109.49,105.00999999999999,2.4692913963283765
2011-10-11,109.22,105.55285714285715,2.946114470989197
2011-10-12,112.44,106.81428571428572,3.7549338970760022
2011-10-13,112.45,108.33,3.5480792926101405
2011-10-14,114.33,109.83857142857143,3.5310311457651524
2011-10-17,112.92,111.05857142857143,2.7107651353502686
2011-10-18,112.08,111.84714285714287,1.8503487444732243
2011-10-19,111.76,112.17142857142858,1.5415406640860507
2011-10-20,109.0,112.14,1.6123585209199718
2011-10-21,111.6,112.02,1.6175598906943798
2011-10-24,111.67,111.90857142857143,1.609849149981909
2011-10-25,112.11,111.59142857142857,1.2263010583447314
2011-10-26,110.43,111.23571428571428,1.1343846664212343
2011-10-27,112.45,111.28857142857143,1.1876507423048832
2011-10-28,110.01,111.03857142857143,1.2541986627712878
2011-10-31,108.43,110.95714285714287,1.4166005586756345
2011-11-01,106.97,110.29571428571428,2.0191653155230784
2011-11-02,110.82,110.17428571428572,1.9470135861736348
2011-11-03,110.76,109.98142857142857,1.7832968398531963
2011-11-04,112.22,110.23714285714287,1.9762398157882124
2011-11-07,114.75,110.5657142857143,2.5214602722915878
2011-11-08,115.61,111.36571428571429,3.1305636188091683
2011-11-09,115.29,112.34571428571428,3.1321284410783226
2011-11-10,113.32,113.25285714285714,2.04743509693806
2011-11-11,114.43,113.76857142857143,1.768100945185062
2011-11-14,112.57,114.02714285714286,1.3338005133854218
2011-11-15,111.9,113.98142857142857,1.409402102204222
2011-11-16,111.91,113.57571428571428,1.5527594484482283
2011-11-17,109.25,112.66714285714285,1.968982091379626
2011-11-18,107.82,111.60000000000001,2.305977739119866
2011-11-21,105.98,110.55142857142857,2.967453614189076
2011-11-22,107.77,109.60000000000001,2.5557516832918954
2011-11-23,106.83,108.78,2.3571310244976225
2011-11-25,106.08,107.94857142857143,2.083790045173297
2011-11-28,109.38,107.58714285714287,1.3841208314929672
2011-11-29,111.25,107.87285714285714,1.8962569646998928
2011-11-30,111.22,108.35857142857142,2.277567624835051
2011-12-01,108.83,108.76571428571428,2.021887378518191
2011-12-02,109.59,109.02571428571427,1.9892616481359506
2011-12-05,110.18,109.50428571428571,1.763092521133818
2011-12-06,110.16,110.08714285714287,0.9107819769333952
2011-12-07,110.07,110.18571428571428,0.8572603094032477
2011-12-08,108.23,109.75428571428571,0.9830709900161807
2011-12-09,107.91,109.28142857142856,0.9562501167043171
2011-12-12,107.82,109.13714285714286,1.1009649447219105
2011-12-13,109.25,109.08857142857143,1.08504114470235
2011-12-14,105.72,108.45142857142858,1.5480248552150317
2011-12-15,104.52,107.64571428571428,1.9309311841900625
2011-12-16,104.0,106.77857142857144,2.021611803907097
2011-12-19,104.55,106.25285714285714,2.0593988951890596
2011-12-20,107.8,106.23714285714286,2.045016008781492
2011-12-21,108.0,106.26285714285713,2.0692246074731933
2011-12-22,108.98,106.2242857142857,2.005807045740945
2011-12-23,109.28,106.73285714285713,2.288090282930146
2011-12-28,107.54,107.16428571428571,2.0762133572309462
2011-12-29,106.89,107.57714285714285,1.5670217429376998
2011-12-30,108.09,108.08285714285715,0.8208271089819124
2012-01-03,111.12,108.55714285714286,1.3911711407442684
2012-01-04,113.37,109.32428571428572,2.2489171997677704
2012-01-05,113.59,109.98285714285716,2.750380060314093
2012-01-06,111.96,110.36571428571429,2.821836619073624
2012-01-09,111.07,110.87,2.5333706137574383
2012-01-10,113.3,111.78571428571429,1.9451894264428808
2012-01-11,111.66,112.29571428571428,1.098436117735256
2012-01-12,112.97,112.55999999999999,0.9851226657884392
2012-01-13,109.88,112.06142857142856,1.3297296538636305
2012-01-17,110.55,111.62714285714284,1.2407486219377293
2012-01-18,109.81,111.32000000000001,1.4004523078812154
2012-01-19,109.54,111.10142857142856,1.5566569796728007
2012-01-20,108.5,110.41571428571429,1.4821927128677146
2012-01-23,109.46,110.10142857142857,1.405648469223531
2012-01-24,108.38,109.44571428571429,0.7724389326960174
2012-01-25,108.48,109.24571428571429,0.8209721299032262
2012-01-26,109.08,109.03571428571429,0.5861699737088074
2012-01-27,110.5,109.13428571428571,0.7679161660479681
2012-01-30,110.24,109.23428571428572,0.8685400996756015
2012-01-31,110.26,109.48571428571428,0.875268666226496
2012-02-01,111.96,109.84285714285714,1.2796576923171958
2012-02-02,110.96,110.21142857142857,1.1534214114380787
2012-02-03,112.56,110.7942857142857,1.163484094467244
2012-02-06,115.47,111.70714285714287,1.8802722700468404
2012-02-07,116.86,112.61571428571429,2.5989988915116506
2012-02-08,117.18,113.60714285714286,2.852979228135794
2012-02-09,118.4,114.77000000000001,2.919457712198882
2012-02-10,118.13,115.65142857142857,2.860491965676315
2012-02-13,118.73,116.76142857142857,2.1578494585348356
2012-02-14,118.3,117.58142857142857,1.1508175147980675
2012-02-15,120.25,118.26428571428572,1.1064486302643297
2012-02-16,121.0,118.85571428571428,1.317128912223088
2012-02-17,120.69,119.35714285714286,1.2386513403063382
2012-02-21,120.85,119.70714285714284,1.2688934061520387
2012-02-22,123.07,120.41285714285712,1.5809144430285649
2012-02-23,124.53,121.24142857142859,2.0128290916933413
2012-02-24,124.89,122.18285714285715,1.9478596311961274
2012-02-27,126.46,123.07000000000001,2.3026723605382116
2012-02-28,124.02,123.50142857142858,2.126361748551037
2012-02-29,122.23,123.72142857142856,1.8485167799349516
2012-03-01,125.76,124.42285714285715,1.4701894921553933
2012-03-02,125.93,124.83142857142857,1.4283723670789483
2012-03-05,126.68,125.13857142857144,1.5762553576017237
2012-03-06,125.03,125.15857142857143,1.5734614556347237
2012-03-07,125.37,125.00285714285715,1.4739936033932752
2012-03-08,127.96,125.5657142857143,1.7605383375781785
2012-03-09,128.08,126.40142857142857,1.2181054767008053
2012-03-12,127.27,126.61714285714285,1.2192855050580835
2012-03-13,128.14,126.93285714285715,1.2954499126474033
2012-03-14,126.98,126.97571428571428,1.2906439883831662
2012-03-15,123.63,126.77571428571427,1.6893081142140864
2012-03-16,125.09,126.73571428571428,1.7309424903068096
2012-03-19,125.76,126.42142857142858,1.67026373736859
2012-03-20,124.38,125.89285714285714,1.6431444883244977
2012-03-21,123.89,125.41,1.6674531477637449
2012-03-22,122.49,124.60285714285715,1.4829892591802973
2012-03-23,125.21,124.35000000000001,1.1154819586111187
2012-03-26,125.85,124.66714285714286,1.1897718868943477
2012-03-27,125.25,124.69000000000001,1.2007358854692678
2012-03-28,124.41,124.49714285714286,1.1048184509279109
2012-03-29,123.23,124.33285714285715,1.2060087656580398
2012-03-30,123.41,124.26428571428572,1.2482902592808438
2012-04-02,124.44,124.54285714285713,0.9737336097948412
2012-04-04,123.04,124.23285714285714,1.066906966973846
2012-04-05,123.58,123.90857142857142,0.8067099555402256
2012-04-10,121.89,123.42857142857143,0.8724568484272247
2012-04-11,120.41,122.85714285714286,1.3184550843734733
2012-04-12,120.57,122.47714285714285,1.555160380639296
2012-04-13,120.62,122.07857142857142,1.631864256722106
2012-04-16,118.23,121.19142857142856,1.8121757509598613
2012-04-17,117.41,120.38714285714286,2.0839762817371246
2012-04-18,115.18,119.18714285714286,2.341571511366363
2012-04-19,117.0,118.48857142857142,2.1197439198402046
2012-04-20,118.08,118.1557142857143,1.9433378256873026
2012-04-23,116.66,117.59714285714287,1.677485362929336
2012-04-24,117.74,117.1857142857143,1.0473435784944185
2012-04-25,117.45,117.07428571428571,0.9551589246892195
2012-04-26,119.33,117.34857142857142,1.2860071095057177
2012-04-27,119.3,117.93714285714285,1.0490744219750412
2012-04-30,118.66,118.17428571428572,0.9877559945386762
2012-05-01,119.57,118.38714285714285,1.1162394349671187
2012-05-02,117.57,118.51714285714286,0.9167281364590842
2012-05-03,115.91,118.25571428571428,1.3389779328828044
2012-05-04,111.66,117.42857142857143,2.8525510721164338
2012-05-08,110.48,116.16428571428571,3.7036147079234043
2012-05-09,111.89,115.10571428571428,3.716929096007386
2012-05-10,112.24,114.18857142857142,3.478138527866849
2012-05-11,112.5,113.17857142857143,2.560451969027773
2012-05-14,110.79,112.21,1.7883511959298375
2012-05-15,111.4,111.5657142857143,0.7359315444243171
2012-05-16,109.8,111.3,0.9886185647913558
2012-05-17,109.31,111.13285714285715,1.221770767986865
2012-05-18,108.03,110.58142857142857,1.626974990290527
2012-05-21,109.02,110.12142857142858,1.5323340429001528
2012-05-22,109.76,109.73,1.1171988781395745
2012-05-23,106.88,109.17142857142858,1.4319966081304505
2012-05-24,107.2,108.57142857142857,1.2044144991226795
2012-05-25,107.86,108.2942857142857,1.0926093712200193
2012-05-29,107.55,108.04285714285716,1.0200116712598466
2012-05-30,103.85,107.44571428571429,1.8853103824244835
2012-05-31,103.86,106.70857142857143,2.1564510085701056
2012-06-01,98.63,105.11857142857141,3.3205693717136078
2012-06-04,97.74,103.81285714285714,4.1945111526261245
2012-06-05,98.65,102.59142857142857,4.287631158619134
2012-06-06,101.14,101.63142857142857,3.610177412865098
2012-06-07,100.05,100.55999999999999,2.5045292305434774
2012-06-08,97.57,99.66285714285713,2.2404591366139424
2012-06-11,98.6,98.91142857142856,1.2701106063490835
2012-06-12,96.59,98.62,1.5488920771461274
2012-06-13,97.29,98.5557142857143,1.599998511897618
2012-06-14,96.46,98.24285714285713,1.782224399312013
2012-06-15,97.13,97.66999999999999,1.2652931149128002
2012-06-18,95.21,96.97857142857143,1.0524958997670577
2012-06-19,95.14,96.63142857142857,1.2133621137263007
2012-06-20,93.5,95.90285714285714,1.3569784361473765
2012-06-21,89.22,94.85000000000001,2.8129818105783824
2012-06-22,89.22,93.69714285714285,3.263866389652249
2012-06-25,88.69,92.58714285714287,3.4816266039742496
2012-06-26,90.19,91.59571428571428,2.9142915499435524
2012-06-27,92.06,91.14571428571428,2.472972955386343
2012-06-28,91.02,90.55714285714285,1.7478626403412445
2012-06-29,94.17,90.65285714285713,1.9432937184500356
2012-07-02,95.28,91.51857142857143,2.475529765327971
2012-07-03,99.89,93.04285714285716,3.770560145323419
2012-07-05,101.54,94.87857142857142,4.377363851188559
2012-07-06,98.5,96.0657142857143,4.004888084754294
2012-07-09,99.94,97.19142857142857,3.7931623946727595
2012-07-10,99.15,98.35285714285715,2.6656938701776567
2012-07-11,99.23,99.0757142857143,1.9257453720765763
2012-07-12,99.18,99.63285714285713,0.9731001025090239
2012-07-13,101.91,99.92142857142858,1.3049831234005616
2012-07-16,102.1,100.00142857142858,1.4317521732805685
2012-07-17,104.21,100.81714285714285,1.962122271802489
2012-07-18,105.92,101.67142857142856,2.6851655974434943
2012-07-19,107.79,102.9057142857143,3.2577029593578235
2012-07-20,106.98,104.01285714285713,3.114063338496976
2012-07-23,103.91,104.68857142857144,2.296456898288085
2012-07-24,103.57,104.92571428571429,2.032214368140317
2012-07-25,102.35,104.96142857142857,1.975689150405079
2012-07-26,104.77,105.04142857142857,1.951379243602252
2012-07-27,106.3,105.0957142857143,1.984891744674252
2012-07-30,106.54,104.91714285714285,1.7436715505424691
2012-07-31,105.93,104.76714285714286,1.5734962587089742
2012-08-01,106.78,105.17714285714285,1.6830301471367752
2012-08-02,107.55,105.74571428571429,1.721441809862533
2012-08-03,109.57,106.77714285714286,1.4959691873514365
2012-08-06,110.01,107.5257142857143,1.6293030937826867
2012-08-07,112.39,108.3957142857143,2.3376758910101287
2012-08-08,113.42,109.37857142857142,2.8232984761969306
2012-08-09,113.52,110.46285714285715,2.734201372035166
2012-08-10,113.13,111.36999999999999,2.3325593954528467
2012-08-13,114.48,112.36,1.8647609319469152
2012-08-14,113.9,112.97857142857143,1.4590570993041745
2012-08-15,115.51,113.7642857142857,1.0039398577991006
2012-08-16,116.12,114.29714285714284,1.1343531825845454
2012-08-17,115.2,114.55142857142857,1.104059608458806
2012-08-20,115.5,114.83428571428571,1.047979916193315
2012-08-21,116.03,115.24857142857142,0.8075978489923016
2012-08-22,115.77,115.43285714285715,0.7479686777130959
2012-08-23,117.45,115.94000000000001,0.7388730156908954
2012-08-24,115.76,115.97571428571428,0.7204363756858775
2012-08-27,113.74,115.63571428571429,1.1017086296951126
2012-08-28,112.62,115.26714285714286,1.5935465089457517
2012-08-29,112.53,114.84285714285714,1.8891771955465486
2012-08-30,112.28,114.30714285714286,2.0233611828274816
2012-08-31,113.93,114.04428571428572,1.918444310218849
2012-09-04,114.98,113.69142857142857,1.3220997008660342
2012-09-05,113.32,113.34285714285716,0.9570913276726388
2012-09-06,114.5,113.45142857142858,1.0484024127356844
2012-09-07,113.64,113.59714285714287,0.9823901852995529
2012-09-10,113.84,113.78428571428572,0.8627061520264928
2012-09-11,114.86,114.15285714285713,0.6336327612844963
2012-09-12,114.86,114.28571428571429,0.6752495129538966
2012-09-13,116.0,114.43142857142857,0.9168683760661739
2012-09-14,117.48,115.0257142857143,1.3310504265721803
2012-09-17,116.7,115.34000000000002,1.44138821973222
2012-09-18,113.29,115.28999999999999,1.514408575423468
2012-09-19,108.49,114.5257142857143,2.994694514984438
2012-09-20,109.41,113.74714285714286,3.550228698197664
2012-09-21,111.27,113.23428571428572,3.621265235348588
2012-09-24,109.2,112.26285714285714,3.6674683106341845
2012-09-25,110.77,111.30428571428571,2.8658905372345473
2012-09-26,108.99,110.20285714285714,1.6847424559376634
2012-09-27,111.45,109.93999999999998,1.1952266172773827
2012-09-28,111.36,110.35,1.1036756769910951
2012-10-01,112.58,110.80285714285715,1.2885613979055568
2012-10-02,112.49,110.97714285714287,1.4363114133684092
2012-10-03,109.32,110.99428571428571,1.4120771596282533
2012-10-04,110.48,110.95285714285714,1.4239582658347205
2012-10-05,112.17,111.40714285714286,1.1796851880222587
2012-10-08,112.6,111.57142857142857,1.2637303057600087
2012-10-09,114.32,111.99428571428572,1.6248267306836084
2012-10-10,116.11,112.49857142857142,2.2603939816684915
2012-10-11,116.18,113.02571428571427,2.654052606501524
2012-10-12,115.17,113.86142857142859,2.1695116852332017
2012-10-15,115.0,114.50714285714287,1.590824883356555
2012-10-16,115.0,114.91142857142857,1.21249644083201
2012-10-17,113.49,115.03857142857143,0.9474074901348672
2012-10-18,112.58,114.78999999999999,1.3216908362583546
2012-10-19,111.89,114.18714285714285,1.5601678786291941
2012-10-22,109.62,113.25,2.0552534312461215
2012-10-23,107.53,112.15857142857142,2.7700146123013454
2012-10-24,107.66,111.11,2.9012870707064518
2012-10-25,107.64,110.05857142857143,2.571480951843851
2012-10-26,108.9,109.40285714285714,2.0909703830610438
2012-10-29,109.33,108.93857142857144,1.5617877424164073
2012-10-30,109.4,108.58285714285715,0.9355339702570445
2012-10-31,109.89,108.62142857142858,0.9894346630081539
2012-11-01,108.84,108.80857142857143,0.8646083616463418
2012-11-02,106.79,108.6842857142857,1.090303583752262
2012-11-05,105.59,108.39142857142858,1.5819969297363816
2012-11-06,109.27,108.44428571428571,1.6077920381928439
2012-11-07,108.21,108.28428571428572,1.5599771060530347
2012-11-08,107.23,107.97428571428573,1.5163097434482842
2012-11-09,108.61,107.79142857142857,1.3099163913631582
2012-11-12,110.23,107.99,1.5740817428946643
2012-11-13,108.82,108.28,1.5014770505453505
2012-11-14,109.66,108.86142857142856,0.9856035134350075
2012-11-15,110.07,108.97571428571429,1.0824949136492066
2012-11-16,106.81,108.77571428571427,1.3450385018317113
2012-11-19,110.06,109.17999999999999,1.2227564488950942
2012-11-20,110.01,109.38000000000001,1.2284678804570288
2012-11-21,110.81,109.46285714285715,1.3120685231744096
2012-11-23,110.14,109.65142857142857,1.2990692638817425
2012-11-26,110.18,109.72571428571429,1.3144182127757327
2012-11-27,109.33,109.61999999999999,1.3118688958814815
2012-11-28,108.26,109.82714285714287,0.8143650754862988
2012-11-29,110.47,109.88571428571427,0.8479555244291468
2012-11-30,110.84,110.00428571428571,0.922945595043353
2012-12-03,111.27,110.07000000000001,1.0027960909284421
2012-12-04,109.99,110.04857142857144,1.0026536219929825
2012-12-05,108.96,109.87428571428572,1.0791178054673054
2012-12-06,108.01,109.68571428571428,1.2856497338219837
2012-12-07,107.16,109.52857142857142,1.5324863084855156
2012-12-10,108.25,109.21142857142857,1.5348987867919859
2012-12-11,107.6,108.74857142857142,1.4480035516860552
2012-12-12,110.17,108.59142857142857,1.159761880313688
2012-12-13,110.18,108.61857142857143,1.1994919559388815
2012-12-14,109.28,108.66428571428571,1.2205853396668795
2012-12-17,109.35,108.85571428571428,1.2058587139778913
2012-12-18,109.96,109.25571428571428,0.9957050624606777
2012-12-19,109.95,109.49857142857142,0.9134445535237765
2012-12-20,110.57,109.92285714285715,0.46359875917132326
2012-12-21,109.13,109.77428571428572,0.5326930680450569
2012-12-24,108.44,109.52571428571427,0.6935141705424664
2012-12-26,110.72,109.73142857142857,0.8119406499424462
2012-12-27,110.04,109.83,0.7997082801338846
2012-12-28,110.05,109.84285714285716,0.8028639213290389
2012-12-31,110.8,109.96428571428571,0.8821348563248655
2013-01-02,112.98,110.30857142857144,1.447232169474685
2013-01-03,113.03,110.86571428571428,1.6538425675005435
2013-01-04,112.58,111.45714285714287,1.3550733594552973
2013-01-07,112.49,111.71000000000001,1.3597303654211612
2013-01-08,113.03,112.13714285714286,1.208962561939887
2013-01-09,113.07,112.56857142857143,0.8145229395354547
2013-01-10,112.97,112.87857142857142,0.23849727957121789
2013-01-11,110.3,112.49571428571427,0.996156901000241
2013-01-14,111.32,112.25142857142858,1.051434394385149
2013-01-15,111.72,112.12857142857142,1.0568731959713547
2013-01-16,110.97,111.91142857142857,1.1242394254321428
2013-01-17,111.01,111.62285714285713,1.0457806380110493
2013-01-18,111.71,111.42857142857143,0.8377634624577782
2013-01-22,112.72,111.39285714285714,0.7631014411632515
2013-01-23,113.68,111.87571428571428,0.9915115925075942
2013-01-24,114.59,112.34285714285714,1.3801897730042771
2013-01-25,113.88,112.65142857142857,1.4570452815073351
2013-01-28,113.92,113.07285714285715,1.3087362133647797
2013-01-29,115.22,113.67428571428572,1.1618642654848188
2013-01-30,115.42,114.20428571428572,0.9418396385500005
2013-01-31,115.55,114.60857142857142,0.79436407628772
2013-02-01,115.55,114.87571428571428,0.7428067748372486
2013-02-04,116.06,115.08571428571429,0.8488002737653645
2013-02-05,117.03,115.53571428571429,0.9337890044031569
2013-02-06,116.61,115.91999999999999,0.6759684410649214
2013-02-07,117.17,116.19857142857143,0.7383411264653192
2013-02-08,118.9,116.69571428571429,1.171350461964501
2013-02-11,118.29,117.08714285714287,1.1824369508941064
2013-02-12,117.89,117.42142857142858,0.9906635582764418
2013-02-13,118.43,117.76,0.8416056083360604
2013-02-14,118.48,117.96714285714286,0.8098294940952403
2013-02-15,117.4,118.08000000000001,0.6225752966370899
2013-02-19,117.04,118.06142857142858,0.6553225305377299
2013-02-20,116.23,117.67999999999999,0.8375758672001176
2013-02-21,114.19,117.09428571428573,1.5064180157173663
2013-02-22,113.74,116.50142857142858,1.9049709409061355
2013-02-25,114.55,115.94714285714285,1.8125278322937763
2013-02-26,112.96,115.15857142857143,1.725605483793036
2013-02-27,112.24,114.42142857142856,1.7105888710314021
2013-02-28,112.2,113.73,1.4310835055936082
2013-03-01,110.14,112.86,1.507083275728963
2013-03-04,109.9,112.24714285714285,1.7316342404904626
2013-03-05,110.42,111.77285714285715,1.709119795734705
2013-03-06,110.27,111.16142857142857,1.2553675234883563
2013-03-07,110.42,110.79857142857144,0.9873268383346538
2013-03-08,108.91,110.32285714285715,0.979263571689813
2013-03-11,108.64,109.81428571428572,0.7361579799268868
2013-03-12,108.48,109.57714285714285,0.8691128481610236
2013-03-13,107.51,109.2357142857143,1.1463690089771588
2013-03-14,108.1,108.9042857142857,1.0803835297753712
2013-03-15,109.32,108.76857142857143,0.9293443669395384
2013-03-18,108.54,108.5,0.5776677245452235
2013-03-19,106.91,108.21428571428571,0.7948554825101555
2013-03-20,108.27,108.16142857142856,0.773852453009503
2013-03-21,106.41,107.86571428571429,0.9955711449931964
2013-03-22,106.51,107.72285714285714,1.119191885322447
2013-03-25,106.66,107.51714285714286,1.169525748400429
2013-03-26,107.1,107.2,0.8589140430301468
2013-03-27,108.51,107.19571428571429,0.8511532792294012
2013-03-28,108.46,107.41714285714286,0.9591960919635947
2013-04-01,108.76,107.48714285714287,1.045780638010787
2013-04-02,109.66,107.95142857142856,1.1981990453852518
2013-04-03,107.82,108.13857142857144,1.0253849451281667
2013-04-04,105.09,107.91428571428571,1.475577368832195
2013-04-05,103.98,107.46857142857142,2.101145945834174
2013-04-08,103.16,106.7042857142857,2.5780862226484147
2013-04-09,104.08,106.07857142857142,2.612243152100358
2013-04-10,104.8,105.51285714285713,2.350437649213014
2013-04-11,103.62,104.64999999999999,1.5448732418273285
2013-04-12,100.58,103.61571428571429,1.491507706341431
2013-04-15,99.32,102.79142857142857,2.0359717464546225
2013-04-16,97.88,101.92,2.6540786222931967
2013-04-17,96.84,101.01714285714286,3.184010648459598
2013-04-18,97.48,100.07428571428571,3.1020147062957997
2013-04-19,98.94,99.23714285714287,2.301577099042573
2013-04-22,99.07,98.58714285714287,1.2678421863559353
2013-04-23,99.25,98.39714285714285,0.9882427887436248
2013-04-24,100.71,98.5957142857143,1.2962363100177983
2013-04-25,101.62,99.13,1.6691914210119962
2013-04-26,102.39,99.92285714285715,1.717573038574278
2013-04-29,102.88,100.69428571428571,1.6488264224619864
2013-04-30,101.53,101.0642857142857,1.4705084964309094
2013-05-01,98.34,100.96000000000001,1.6503938923724362
2013-05-02,100.32,101.11285714285714,1.5091246280004171
2013-05-03,104.6,101.66857142857143,1.979094309449293
2013-05-06,105.0,102.15142857142857,2.3439598160011066
2013-05-07,105.18,102.55,2.6130505799378807
2013-05-08,103.79,102.67999999999999,2.6545118823078773
2013-05-09,103.59,102.97428571428573,2.6197319019463876
2013-05-10,101.31,103.39857142857143,1.8802076886241554
2013-05-13,102.17,103.66285714285716,1.4579633544220478
2013-05-14,102.7,103.39142857142858,1.4310302648889206
2013-05-15,101.57,102.90142857142858,1.3745596697468974
2013-05-16,104.27,102.77142857142857,1.1474090896572238
2013-05-17,103.83,102.77714285714286,1.153411090131156
2013-05-20,104.55,102.91428571428571,1.3122989641880307
2013-05-21,103.1,103.17,1.105727513139544
2013-05-22,102.14,103.16571428571429,1.1102981152565883
2013-05-23,100.46,102.84571428571428,1.5156830928910061
2013-05-24,101.24,102.79857142857142,1.5662633726041595
2013-05-28,103.77,102.72714285714285,1.4978842221071504
2013-05-29,102.14,102.4857142857143,1.4249193795003325
2013-05-30,101.79,102.09142857142857,1.1043011148963326
2013-05-31,100.43,101.71,1.157698866997352
2013-06-03,101.63,101.63714285714285,1.1420699669915533
2013-06-04,102.04,101.86285714285715,1.020289408045962
2013-06-05,103.51,102.18714285714286,1.1427264806173645
2013-06-06,103.37,102.13000000000001,1.0571817882056374
2013-06-07,104.07,102.40571428571427,1.286932491654317
2013-06-10,103.87,102.70285714285714,1.359175170034208
2013-06-11,101.5,102.85571428571428,1.0955646511011097
2013-06-12,103.11,103.06714285714285,0.953147667557802
2013-06-13,103.38,103.25857142857141,0.8403655666998123
2013-06-14,105.1,103.48571428571428,1.0957319797327183
2013-06-17,105.8,103.83285714285714,1.3965876781776203
2013-06-18,105.21,103.99571428571429,1.492055150257184
2013-06-19,105.56,104.23714285714287,1.6010695829676596
2013-06-20,102.72,104.41142857142857,1.2895532633544269
2013-06-21,100.36,104.01857142857143,1.9840062883875584
2013-06-24,99.8,103.50714285714285,2.5552345899162012
2013-06-25,101.51,102.99428571428572,2.5424912791870673
2013-06-26,100.62,102.25428571428573,2.3351506528292614
2013-06-27,102.74,101.90142857142857,1.972548508662833
2013-06-28,102.49,101.46285714285715,1.2220572038591921
2013-07-01,103.19,101.53,1.3122245742683196
2013-07-02,103.96,102.0442857142857,1.4728753866985016
2013-07-03,106.12,102.94714285714288,1.7741074214481904
2013-07-05,107.46,103.79714285714284,2.3140060089602743
2013-07-08,107.75,104.81571428571428,2.2507839903929208
2013-07-09,107.9,105.55285714285715,2.302054982583536
2013-07-10,108.43,106.40142857142858,2.0677316764258538
2013-07-11,108.18,107.11428571428571,1.5782887055529038
2013-07-12,109.03,107.83857142857143,0.9123491395083426
2013-07-15,109.05,108.25714285714285,0.6167039885589335
2013-07-16,109.29,108.51857142857143,0.6103121761538497
2013-07-17,109.67,108.79285714285716,0.638140900980738
2013-07-18,109.71,109.05142857142857,0.580127243825282
2013-07-19,109.34,109.18142857142857,0.5160887704923637
2013-07-22,108.82,109.27285714285715,0.3335023380795311
2013-07-23,109.27,109.30714285714285,0.3162654099083788
2013-07-24,108.23,109.19000000000001,0.5161072239829333
2013-07-25,108.1,109.02,0.6549809157377822
2013-07-26,107.57,108.72,0.7771743690966036
2013-07-29,108.1,108.49000000000001,0.6655824516772576
2013-07-30,107.47,108.22285714285714,0.642435840768962
2013-07-31,107.89,108.08999999999999,0.5925931712797452
2013-08-01,109.94,108.18571428571428,0.8239105360470171
2013-08-02,109.63,108.38571428571427,0.9896945175537417
2013-08-05,109.81,108.63000000000001,1.1110205518564216
2013-08-06,108.77,108.80142857142857,1.0080084088744599
2013-08-07,108.39,108.84285714285714,0.9799441189022665
2013-08-08,107.32,108.82142857142857,1.0159466615075254
2013-08-09,108.49,108.90714285714284,0.9472541771727054
2013-08-12,109.28,108.81285714285714,0.8557397245489697
2013-08-13,110.69,108.96428571428571,1.0869814034330225
2013-08-14,110.26,109.02857142857144,1.1564230565389686
2013-08-15,111.58,109.42999999999999,1.4910175496331115
2013-08-16,111.82,109.91999999999999,1.6476548991361009
2013-08-19,111.41,110.50428571428571,1.2489309714347727
2013-08-20,110.74,110.82571428571428,0.8788222638332203
2013-08-21,110.82,111.0457142857143,0.5636150323955573
2013-08-22,110.51,111.02,0.5862024678502099
2013-08-23,112.12,111.28571428571429,0.605526138777022
2013-08-26,112.23,111.37857142857142,0.7005576010302402
2013-08-27,115.21,111.86285714285714,1.622135570630279
2013-08-28,116.27,112.55714285714286,2.296067030707922
2013-08-29,116.91,113.43857142857144,2.640659188983096
2013-08-30,115.97,114.17428571428572,2.5033567940018084
2013-09-03,115.49,114.88571428571427,1.9305427314812018
2013-09-04,115.65,115.39,1.5009330431366958
2013-09-05,115.81,115.90142857142857,0.5592682293501556
2013-09-06,117.15,116.17857142857143,0.635070299804475
2013-09-09,115.2,116.0257142857143,0.730932216242648
2013-09-10,112.1,115.33857142857143,1.5561536831861726
2013-09-11,112.37,114.82428571428572,1.8749209507091928
2013-09-12,113.11,114.48428571428573,1.9484340476585271
2013-09-13,113.31,114.14999999999999,1.9155591002750287
2013-09-16,110.86,113.44285714285715,2.10492845709866
2013-09-17,109.05,112.28571428571429,1.947895078815945
2013-09-18,109.09,111.41285714285713,1.7866235780107977
2013-09-19,110.66,111.20714285714284,1.7771954899515547
2013-09-20,110.22,110.89999999999999,1.7278310102496708
2013-09-23,108.56,110.25,1.6096790570319317
2013-09-24,107.68,109.44571428571429,1.1732839545804614
2013-09-25,109.46,109.24571428571429,0.9982961675154395
2013-09-26,108.86,109.21857142857144,1.0070489655564923
2013-09-27,109.45,109.27,1.0085798596611497
2013-09-30,107.85,108.86857142857143,0.91830330085534
2013-10-01,107.32,108.45428571428572,0.8592604793713705
2013-10-02,109.09,108.52999999999999,0.8928232374407964
2013-10-03,109.49,108.78857142857143,0.867360528093806
2013-10-04,109.42,108.78285714285714,0.86231692327784
2013-10-07,109.66,108.89714285714285,0.9249813382827448
2013-10-08,110.56,109.05571428571429,1.1118281813044404
2013-10-09,109.02,109.22285714285714,0.980556207553285
2013-10-10,111.63,109.83857142857143,0.9388544184421354
2013-10-11,110.65,110.06142857142858,0.9164320045853308
2013-10-14,110.13,110.15285714285714,0.8811680559562957
2013-10-15,110.67,110.33142857142857,0.8332552344239533
2013-10-16,110.79,110.49285714285713,0.7898251765450498
2013-10-17,109.55,110.34857142857143,0.8642613140874987
2013-10-18,109.4,110.40285714285714,0.7741385380996721
2013-10-21,109.47,110.09428571428573,0.618273325271746
2013-10-22,109.57,109.93999999999998,0.590621141946372
2013-10-23,107.74,109.59857142857142,1.0067179110166449
2013-10-24,106.63,109.02142857142857,1.3792320154208355
2013-10-25,105.7,108.29428571428572,1.6133077526445099
2013-10-28,108.29,108.11428571428571,1.5172876802844304
2013-10-29,108.04,107.92,1.4083796836486833
2013-10-30,108.41,107.76857142857143,1.263479700019755
2013-10-31,107.53,107.47714285714287,0.9828142293968448
2013-11-01,105.78,107.19714285714285,1.1588746593879868
2013-11-04,104.85,106.94285714285715,1.4601793757977126
2013-11-05,105.01,106.8442857142857,1.5767039157928282
2013-11-06,105.46,106.44000000000001,1.5054345994810245
2013-11-07,103.08,105.73142857142855,1.7707383447860552
2013-11-08,104.29,105.14285714285714,1.3718079832245513
2013-11-11,105.76,104.89,0.959687449111171
2013-11-12,106.29,104.96285714285715,1.0533077151709465
2013-11-13,106.9,105.25571428571428,1.277769634197294
2013-11-14,108.29,105.72428571428573,1.7032210381342994
2013-11-15,108.25,106.12285714285714,1.9409251598585107
2013-11-18,108.8,106.94000000000001,1.6246640678351034
2013-11-19,108.29,107.51142857142858,1.1797941709024398
2013-11-20,108.27,107.87,0.9091571187906426
2013-11-21,109.9,108.38571428571429,0.8871463077810414
2013-11-22,111.36,109.02285714285713,1.1916055595307855
2013-11-25,110.83,109.38571428571429,1.3119051940121498
2013-11-26,112.04,109.92714285714285,1.5291578759253577
2013-11-27,111.32,110.28714285714285,1.5161542828830088
2013-11-29,111.07,110.6842857142857,1.245831143484486
2013-12-02,111.49,111.14428571428572,0.6648021545862003
2013-12-03,113.06,111.59571428571428,0.7468792214334613
2013-12-04,113.27,111.86857142857141,0.9638019950667889
2013-12-05,112.07,112.0457142857143,0.8481127508035982
2013-12-06,111.5,111.96857142857142,0.8729152034197663
2013-12-09,110.07,111.78999999999999,1.120461214551303
2013-12-10,108.91,111.48142857142857,1.5621612013579513
2013-12-11,109.47,111.19285714285714,1.7370925352931026
2013-12-12,108.99,110.61142857142856,1.6884354549981822
2013-12-13,108.08,109.87,1.4489651479524088
2013-12-16,110.3,109.61714285714285,1.1176122506656458
2013-12-17,108.91,109.24714285714286,0.7627737603671514
2013-12-18,109.56,109.17428571428572,0.6921670593694025
2013-12-19,110.78,109.44142857142856,0.902171982326594
2013-12-20,112.15,109.82428571428571,1.3658313358815566
2013-12-23,111.58,110.19428571428571,1.4503546364283706
2013-12-24,111.57,110.69285714285715,1.1764029112104497
2013-12-26,111.65,110.88571428571429,1.2114021785005236
2013-12-27,112.06,111.33571428571427,0.9002750902228278
2013-12-30,110.47,111.46571428571428,0.6246294139266608
2013-12-31,109.95,111.34714285714287,0.823583921753552
2014-01-02,107.94,110.74571428571427,1.4434779428204636
2014-01-03,106.57,110.03,2.067873303657843
2014-01-06,106.71,109.33571428571427,2.2705789066688586
2014-01-07,107.01,108.67285714285715,2.156793254542092
2014-01-08,107.42,108.01,1.5775402794586915
2014-01-09,107.49,107.58428571428571,1.1461509083638521
2014-01-10,106.44,107.08285714285714,0.5529832512580877
2014-01-13,108.02,107.0942857142857,0.5740748250388547
2014-01-14,107.12,107.17285714285713,0.5259820746362103
2014-01-15,108.09,107.37,0.579482527761988
2014-01-16,107.46,107.4342857142857,0.557430328749683
2014-01-17,108.45,107.58142857142856,0.6762994546518004
2014-01-20,108.01,107.65571428571427,0.6929371578601154
2014-01-21,109.17,108.0457142857143,0.6622400657942267
2014-01-22,109.69,108.28428571428572,0.9070071139429217
2014-01-23,109.69,108.65142857142858,0.8768205550141611
2014-01-24,109.14,108.80142857142857,0.8542916865423064
2014-01-27,108.72,108.98142857142857,0.62706800723306
2014-01-28,109.1,109.07428571428571,0.5817461400039552
2014-01-29,108.83,109.19142857142857,0.37892077319916245
2014-01-30,109.36,109.21857142857142,0.38390226928457144
2014-01-31,108.16,109.0,0.49129081677517905
2014-02-03,106.55,108.55142857142857,0.9631619554166602
2014-02-04,107.04,108.25142857142858,1.0703648688004175
2014-02-05,106.81,107.97857142857141,1.16983515321414
2014-02-06,108.15,107.84285714285716,1.0687954947065958
2014-02-07,110.12,108.02714285714286,1.3433256528128477
2014-02-10,110.18,108.14428571428572,1.5049568891089418
2014-02-11,109.21,108.29428571428572,1.558170477860627
2014-02-12,108.62,108.59,1.3551629668227179
2014-02-13,108.98,108.86714285714287,1.1712345948491614
2014-02-14,108.63,109.12714285714286,0.7726515878268793
2014-02-18,110.14,109.41142857142857,0.7173197467158207
2014-02-19,110.37,109.44714285714285,0.763232474089402
2014-02-20,109.42,109.33857142857143,0.6923734197395255
2014-02-21,109.03,109.31285714285715,0.7012302114888308
2014-02-24,109.76,109.47571428571429,0.6435023217332219
2014-02-25,109.19,109.50571428571428,0.6210436684131299
2014-02-26,109.39,109.61428571428571,0.49634857181487446
2014-02-27,108.54,109.38571428571429,0.5759298898963993
2014-02-28,108.98,109.18714285714285,0.3894318205258193
2014-03-03,111.26,109.45000000000002,0.8821186616970259
2014-03-04,109.17,109.47000000000001,0.872544172700812
2014-03-05,108.15,109.24,0.9879271228086082
2014-03-06,107.99,109.06857142857143,1.0962272965472313
2014-03-07,109.14,109.03285714285714,1.088051994547192
2014-03-10,108.27,108.99428571428571,1.1129369125918902
2014-03-11,108.35,108.90428571428572,1.139442219425629
2014-03-12,107.88,108.42142857142856,0.525624345290592
2014-03-13,107.48,108.17999999999999,0.5124451189945126
2014-03-14,108.08,108.17,0.5138093031284117
2014-03-17,106.99,108.02714285714286,0.6832694511234221
2014-03-18,106.79,107.69142857142857,0.6197157566409797
2014-03-19,105.95,107.36,0.8399603165119988
2014-03-20,105.73,106.98571428571428,0.9064005211514622
2014-03-21,107.2,106.88857142857144,0.8275954843376438
2014-03-24,106.59,106.76142857142858,0.7890591141962073
2014-03-25,107.01,106.60857142857142,0.5620328748061144
2014-03-26,105.9,106.45285714285714,0.5890872681578995
2014-03-27,106.58,106.42285714285715,0.5742158213648827
2014-03-28,106.64,106.52142857142857,0.5375694860786412
2014-03-31,105.95,106.55285714285716,0.4877060004131941
2014-04-01,105.7,106.33857142857143,0.485504156209047
2014-04-02,103.37,105.87857142857142,1.2029329237450328
2014-04-03,104.88,105.57428571428571,1.1366010314724242
2014-04-04,106.41,105.64714285714285,1.1766012392364371
2014-04-07,104.89,105.40571428571427,1.1255644086757433
2014-04-08,105.83,105.28999999999999,1.013590976010071
2014-04-09,107.39,105.49571428571427,1.2807791527338106
2014-04-10,107.1,105.69571428571429,1.4197635617985083
2014-04-11,107.34,106.26285714285714,1.0906834903731062
2014-04-14,107.68,106.66285714285713,1.0094175595389747
2014-04-15,109.1,107.04714285714286,1.3512674825901216
2014-04-16,109.71,107.7357142857143,1.2957733487805299
2014-04-17,109.79,108.30142857142857,1.1847844891352146
2014-04-21,109.69,108.63000000000001,1.2085804344964557
2014-04-22,108.54,108.83571428571429,1.0111850661852804
2014-04-23,108.48,108.99857142857142,0.7998630835097874
2014-04-24,109.79,109.3,0.5902541825186266
2014-04-25,109.53,109.36142857142856,0.5883431133516637
2014-04-28,109.12,109.27714285714285,0.5721221980526114
2014-04-29,109.89,109.29142857142857,0.5880881048179379
2014-04-30,108.63,109.14,0.6045935273505073
2014-05-01,108.63,109.15285714285713,0.5905001915082405
2014-05-02,109.48,109.29571428571428,0.5169737950250879
2014-05-05,109.48,109.25142857142858,0.4794937806635652
2014-05-06,108.3,109.0757142857143,0.5760456330963631
2014-05-07,108.17,108.94000000000001,0.6683811287837201
2014-05-08,108.19,108.69714285714288,0.566795503544355
2014-05-09,108.26,108.64428571428572,0.5908428201105724
2014-05-12,108.37,108.60714285714288,0.5999920634237317
2014-05-13,108.78,108.50714285714287,0.47573502026321335
2014-05-14,109.87,108.56285714285715,0.6119835042750881
2014-05-15,109.74,108.76857142857143,0.7379572835617708
2014-05-16,110.9,109.15857142857143,1.0317853228078502
2014-05-19,110.84,109.53714285714287,1.1010103584909583
2014-05-20,110.35,109.83571428571427,0.9728798682651847
2014-05-21,111.32,110.25714285714285,0.8651149111557808
2014-05-22,110.89,110.55857142857143,0.5878046322498867
2014-05-23,110.19,110.60428571428572,0.5354392944819782
2014-05-26,110.01,110.64285714285714,0.4683201997607098
2014-05-27,109.81,110.48714285714286,0.5437129844908761
2014-05-28,109.09,110.23714285714286,0.7261476958379377
2014-05-29,109.98,110.1842857142857,0.7300195691958289
2014-05-30,109.21,109.88285714285715,0.6084054099344967
2014-06-02,109.34,109.66142857142857,0.43933391138722155
2014-06-03,108.87,109.47285714285714,0.45755561720705457
2014-06-04,109.07,109.33857142857143,0.4089999417623344
2014-06-05,108.43,109.14142857142858,0.4716788657144457
2014-06-06,109.21,109.15857142857143,0.4716788657144388
2014-06-09,110.55,109.24,0.6518946745045088
2014-06-10,109.18,109.2357142857143,0.6522233038430261
2014-06-11,109.83,109.30571428571429,0.6904553362884648
2014-06-12,112.18,109.77857142857144,1.2494589305087567
2014-06-13,113.15,110.36142857142856,1.7249775705868953
2014-06-16,113.42,111.07428571428571,1.8221128499835633
2014-06-17,114.02,111.76142857142858,1.906877277739883
2014-06-18,114.25,112.29,2.024302348953711
2014-06-19,115.19,113.14857142857143,1.7399562118130485
2014-06-20,114.55,113.82285714285715,0.9944129639320303
2014-06-23,113.62,114.02857142857144,0.7046376981776915
2014-06-24,113.74,114.11285714285714,0.6111113996940203
2014-06-25,112.84,114.02999999999999,0.7452963616210252
2014-06-26,112.61,113.82857142857142,0.9187932043500864
2014-06-27,112.62,113.59571428571428,0.9973775136531502
2014-06-30,111.03,113.00142857142858,1.120824526421014
2014-07-01,110.84,112.47142857142858,1.143451333621348
2014-07-02,110.18,111.98000000000002,1.296520985810236
2014-07-03,108.98,111.3,1.4578180041806603
2014-07-07,108.7,110.70857142857143,1.564783569388364
2014-07-08,107.65,110.0,1.6790969795241408
2014-07-09,106.84,109.17428571428572,1.5950324671959797
2014-07-10,106.2,108.48428571428573,1.6997436781496036
2014-07-11,105.77,107.76,1.6062689687537524
2014-07-14,104.73,106.9814285714286,1.557877065869602
2014-07-15,104.73,106.37428571428573,1.4751367975243266
2014-07-16,105.41,105.90428571428572,1.0824949136495585
2014-07-17,106.04,105.67428571428572,0.7779643766976616
2014-07-18,106.03,105.55857142857143,0.6198502123064382
2014-07-21,105.71,105.48857142857142,0.560131787198063
2014-07-22,106.48,105.59,0.6725820891524719
2014-07-23,106.85,105.89285714285714,0.6976320492726749
2014-07-24,105.78,106.04285714285713,0.48702204895911555
2014-07-25,106.89,106.25428571428571,0.48774505438499327
2014-07-28,106.7,106.34857142857143,0.502972118872112
2014-07-29,106.98,106.48428571428573,0.530121279907037
2014-07-30,106.47,106.59285714285714,0.40913381206170346
2014-07-31,104.94,106.37285714285714,0.7510817595345726
2014-08-01,103.45,105.88714285714285,1.294136961906416
2014-08-04,103.63,105.58,1.553040029527677
2014-08-05,102.82,104.99857142857142,1.7323724442787922
2014-08-06,104.17,104.63714285714285,1.5750102040429603
2014-08-07,104.02,104.21428571428571,1.1919292085009383
2014-08-08,103.36,103.77,0.6811754546242681
2014-08-11,103.47,103.55999999999999,0.446542271215891
2014-08-12,101.68,103.30714285714286,0.843716269156797
2014-08-13,102.27,103.11285714285715,0.9108917660768451
2014-08-14,101.15,102.87428571428572,1.1794752666947985
2014-08-15,101.13,102.44000000000001,1.1825396399203743
2014-08-18,99.37,101.7757142857143,1.4277004487678073
2014-08-19,99.74,101.25857142857144,1.413747131690937
2014-08-20,99.92,100.75142857142858,1.0872814503910766
2014-08-21,100.28,100.55142857142856,1.0143212602677987
2014-08-22,100.09,100.24,0.6774461848125486
2014-08-25,100.49,100.14571428571428,0.5665349986944144
2014-08-26,100.5,100.05571428571429,0.41347539799329425
2014-08-27,100.4,100.20285714285714,0.29511095570011553
2014-08-28,100.71,100.34142857142857,0.2680440617348671
2014-08-29,101.12,100.51285714285714,0.3301370566508957
2014-09-02,100.21,100.50285714285714,0.3392989972096211
2014-09-03,100.88,100.61571428571428,0.3091308861073359
2014-09-04,101.21,100.71857142857142,0.37342685901148115
2014-09-05,99.51,100.57714285714285,0.5929506523936813
2014-09-08,99.53,100.45285714285716,0.7149059212051202
2014-09-09,98.08,100.07714285714285,1.1286232658306725
2014-09-10,96.26,99.38285714285713,1.7200553700897443
2014-09-11,96.42,98.84142857142858,1.991393386308173
2014-09-12,96.31,98.18857142857142,1.9605562864568673
2014-09-15,96.43,97.50571428571429,1.5144950439272193
2014-09-16,97.39,97.20285714285716,1.232635581254844
2014-09-17,97.7,96.94142857142857,0.7604259457913782
2014-09-18,96.82,96.76142857142858,0.5717058850779696
2014-09-19,96.75,96.83142857142857,0.5284388507980448
2014-09-22,95.37,96.68142857142857,0.7620679884582605
2014-09-23,94.87,96.47571428571429,1.0272594145332454
2014-09-24,94.53,96.2042857142857,1.2648828291244851
2014-09-25,95.2,95.89142857142858,1.1914337101575578
2014-09-26,95.08,95.51714285714286,0.9059012875820474
2014-09-29,95.7,95.35714285714286,0.7165592388929738
2014-09-30,94.67,95.05999999999999,0.40718546141267653
2014-10-01,94.57,94.94571428571429,0.41780606116690794
2014-10-02,91.29,94.4342857142857,1.4476976795638923
2014-10-03,90.8,93.90142857142858,1.9910753256387046
2014-10-06,90.65,93.25142857142858,2.225394561053731
2014-10-07,90.9,92.65428571428572,2.2137363373752055
2014-10-08,90.25,91.87571428571428,1.9002092616557726
2014-10-09,90.47,91.2757142857143,1.489562096081472
2014-10-10,88.66,90.43142857142857,0.847809502405299
2014-10-13,87.82,89.9357142857143,1.202426118901511
2014-10-14,86.36,89.30142857142856,1.7271115440823566
2014-10-15,84.02,88.35428571428572,2.5064174774800057
2014-10-16,84.02,87.37142857142858,2.684402035035616
2014-10-17,85.27,86.66,2.4434606606183316
2014-10-20,84.42,85.79571428571428,1.8750809506307466
2014-10-21,85.17,85.29714285714286,1.387019758155505
2014-10-22,86.38,85.09142857142857,1.0045302147625954
2014-10-23,85.94,85.03142857142858,0.9255706090682706
2014-10-24,86.0,85.31428571428572,0.8655606495706628
2014-10-27,85.64,85.5457142857143,0.6520699641028561
2014-10-28,85.57,85.58857142857143,0.6406878743747215
2014-10-29,86.91,85.9442857142857,0.5712225819109097
2014-10-30,85.5,85.99142857142859,0.5066369038775853
2014-10-31,84.17,85.67571428571429,0.8174117106768928
2014-11-03,84.9,85.52714285714285,0.8550187967799384
2014-11-04,82.12,84.97285714285714,1.5066930044019815
2014-11-05,82.88,84.57857142857142,1.6566776851189722
2014-11-06,82.08,84.08000000000001,1.8251666590543778
2014-11-07,83.2,83.55,1.3408082139729192
2014-11-10,82.9,83.17857142857143,1.0360892588824904
2014-11-11,80.94,82.71714285714286,1.223297650961544
2014-11-12,80.42,82.07714285714285,1.050677785772086
2014-11-13,77.74,81.45142857142856,1.9447315887731969
2014-11-14,77.51,80.6842857142857,2.311794808819956
2014-11-17,76.86,79.93857142857142,2.6093066037499106
2014-11-18,77.23,79.08571428571429,2.3258966524950124
2014-11-19,77.21,78.27285714285713,1.6734765637786508
2014-11-20,77.61,77.79714285714286,1.1933665863918774
2014-11-21,79.2,77.62285714285714,0.7550654339305157
2014-11-24,79.62,77.89142857142858,1.0716564836925926
2014-11-25,77.62,77.90714285714286,1.0659223593598284
2014-11-26,77.39,77.98285714285714,0.9956524541809356
2014-11-28,71.89,77.22,2.5308233179461044
2014-12-01,70.87,76.31428571428572,3.4883274747967725
2014-12-02,71.13,75.38857142857144,3.9202441614914965
2014-12-03,70.13,74.09285714285714,3.9493320713151325
2014-12-04,68.48,72.50142857142858,3.577934360173403
2014-12-05,68.0,71.12714285714286,3.099788779285815
2014-12-08,65.64,69.44857142857143,2.191433538206767
2014-12-09,66.11,68.62285714285714,2.2070773607164997
2014-12-10,63.32,67.54428571428572,2.712765238293306
2014-12-11,63.65,66.47571428571429,2.532119383328193
2014-12-12,61.67,65.26714285714286,2.516159204592479
2014-12-15,61.09,64.21142857142857,2.49368153921995
2014-12-16,60.26,63.105714285714285,2.2365513418567295
2014-12-17,59.84,62.277142857142856,2.2154586755019214
2014-12-18,58.81,61.23428571428571,1.7873150920012033
2014-12-19,58.87,60.598571428571425,1.7116116048083416
2014-12-22,58.31,59.83571428571428,1.2536859939511142
2014-12-23,59.07,59.464285714285715,0.9735135188734415
2014-12-24,58.67,59.11857142857143,0.6877118721154558
2014-12-26,58.72,58.89857142857143,0.47519920634961843
2014-12-29,57.86,58.61571428571428,0.4056212166907854
2014-12-30,55.6,58.15714285714286,1.195264465655394
2014-12-31,55.27,57.642857142857146,1.5571310615547707
2015-01-02,55.38,57.22428571428572,1.7319050892288983
2015-01-05,51.08,56.08285714285715,2.6839815839270136
2015-01-06,50.12,54.861428571428576,3.2052479288998907
2015-01-07,49.06,53.48142857142857,3.343622928160059
2015-01-08,49.43,52.27714285714286,3.0046891923892947
2015-01-09,47.64,51.14,3.043545082082909
2015-01-12,46.9,49.94428571428572,2.7836298672956072
2015-01-13,45.13,48.480000000000004,2.0458494568285226
2015-01-14,45.82,47.72857142857142,1.8919163879657879
2015-01-15,47.66,47.37714285714286,1.5757190346621222
2015-01-16,47.38,47.137142857142855,1.3941630020182851
2015-01-20,46.49,46.71714285714285,0.9651375426315275
2015-01-21,46.5,46.55428571428571,0.8754781006788939
2015-01-22,46.09,46.43857142857143,0.8756983607693285
2015-01-23,46.69,46.66142857142857,0.6588229041662028
2015-01-26,46.07,46.69714285714286,0.6106202935241323
2015-01-27,46.55,46.53857142857142,0.43887844071076476
2015-01-28,47.07,46.49428571428571,0.34553616033880435
2015-01-29,46.61,46.51142857142857,0.3482541491316226
2015-01-30,47.52,46.65714285714286,0.5157749601620663
2015-02-02,51.74,47.464285714285715,1.9386237140734413
2015-02-03,54.41,48.56714285714286,3.206216432109548
2015-02-04,55.07,49.85285714285714,3.789435816784429
2015-02-05,55.98,51.2,4.084286963474067
2015-02-06,55.88,52.45857142857143,3.954868006948472
2015-02-09,57.0,53.94285714285714,3.2874240892924145
2015-02-10,55.79,55.12428571428571,1.6946667041331727
2015-02-11,53.48,55.37285714285714,1.1582416887360103
2015-02-12,56.23,55.63285714285714,1.1093198259260406
2015-02-13,60.33,56.38428571428572,2.0484698121842797
2015-02-16,61.57,57.18285714285714,2.8119252851960943
2015-02-17,60.78,57.882857142857134,3.0346208675096125
2015-02-18,60.72,58.41428571428571,3.1766484284692194
2015-02-19,58.78,58.84142857142857,2.9584986539991527
2015-02-20,60.99,59.91428571428571,1.8407684730645908
2015-02-23,59.78,60.42142857142857,0.9105205209369752
2015-02-24,60.33,60.42142857142857,0.9105205209369752
2015-02-25,59.77,60.16428571428571,0.7763774241705851
2015-02-26,61.39,60.251428571428576,0.8838067015553179
2015-02-27,61.89,60.41857142857143,1.0767610160634573
2015-03-02,60.75,60.699999999999996,0.7986446852843381
2015-03-03,61.18,60.72714285714286,0.813238675209631
2015-03-04,59.18,60.64142857142857,0.9498496121565242
2015-03-05,60.33,60.64142857142857,0.9498496121565242
2015-03-06,59.15,60.55285714285714,1.0664069624320105
2015-03-09,58.67,60.16428571428571,1.197968518546467
2015-03-10,55.95,59.315714285714286,1.7489221170277518
2015-03-11,56.46,58.70285714285715,1.9070545725955796
2015-03-12,56.66,58.05714285714286,1.6802550826758509
2015-03-13,54.8,57.43142857142857,1.9810386885963343
2015-03-16,52.0,56.24142857142857,2.4060024145975842
2015-03-17,52.17,55.244285714285716,2.445736815651033
2015-03-18,52.59,54.37571428571429,2.078403691481668
2015-03-19,52.96,53.948571428571434,2.0069581341881264
2015-03-20,53.88,53.58,1.6789778636628263
2015-03-23,53.82,53.174285714285716,1.027356756324324
2015-03-24,53.61,53.00428571428572,0.78287625976182
2015-03-25,54.18,53.31571428571429,0.7496856484099419
2015-03-26,57.02,54.00857142857143,1.43880075724561
2015-03-27,56.44,54.55857142857143,1.5385537426590823
2015-03-30,53.99,54.705714285714286,1.4035176895089292
2015-03-31,53.69,54.67857142857143,1.423837871991358
2015-04-01,55.73,54.951428571428565,1.4148666435569395
2015-04-02,55.73,55.25428571428571,1.3022910215325219
2015-04-06,55.73,55.47571428571429,1.2182481567524654
2015-04-07,57.55,55.551428571428566,1.3405524802793518
2015-04-08,56.42,55.54857142857143,1.3383625389693394
2015-04-09,56.04,55.84142857142857,1.1517584898969275
2015-04-10,56.82,56.28857142857142,0.6938642655804029
2015-04-13,57.14,56.49,0.7091779278397263
2015-04-14,57.69,56.769999999999996,0.7451174404089447
2015-04-15,59.32,57.28285714285714,1.0732305481699334
2015-04-16,60.13,57.651428571428575,1.5272461990072526
2015-04-17,61.31,58.35,1.9342354217280475
2015-04-20,61.2,59.08714285714286,1.8899004760897506
2015-04-21,60.12,59.558571428571426,1.6228311533801596
2015-04-22,60.12,59.98428571428571,1.2246476655601486
2015-04-23,62.66,60.69428571428572,1.107968969824922
2015-04-24,62.96,61.214285714285715,1.2053748675942997
2015-04-27,62.86,61.604285714285716,1.2373069835040051
2015-04-28,62.61,61.790000000000006,1.2825105587606092
2015-04-29,63.97,62.185714285714276,1.481956557424731
2015-04-30,63.9,62.72571428571428,1.2785129010275547
2015-05-01,64.13,63.298571428571435,0.6699111526010918
2015-05-04,64.62,63.57857142857142,0.7618273770213201
2015-05-05,65.44,63.93285714285714,0.9734768322128677
2015-05-06,66.22,64.41285714285713,1.1657002800269751
2015-05-07,64.93,64.74428571428571,0.8564822851405476
2015-05-08,63.82,64.72285714285714,0.8806193707772699
2015-05-11,62.82,64.56857142857142,1.1128106842789431
2015-05-12,65.09,64.7057142857143,1.1089012150591184
2015-05-13,66.33,64.95,1.2643311802415145
2015-05-14,65.58,64.97,1.2744410539517155
2015-05-15,64.69,64.75142857142858,1.1493973576235272
2015-05-18,65.15,64.78285714285714,1.158069000328329
2015-05-19,63.48,64.73428571428572,1.2110994611342116
2015-05-20,63.52,64.83428571428571,1.044076260669142
2015-05-21,64.7,64.77857142857142,1.038547520520173
2015-05-22,64.7,64.54571428571428,0.7843438264517663
2015-05-26,61.65,63.98428571428572,1.211071937621079
2015-05-27,61.35,63.50714285714286,1.5081966525806298
2015-05-28,60.12,62.78857142857142,1.770465367931904
2015-05-29,63.16,62.74285714285715,1.7536886295812224
2015-06-01,62.87,62.64999999999999,1.7226142922891075
2015-06-02,63.14,62.42714285714286,1.4996856813532482
2015-06-03,62.78,62.152857142857144,1.1493724996084138
2015-06-04,60.34,61.965714285714284,1.3363364988259074
2015-06-05,60.36,61.824285714285715,1.4591076855716854
2015-06-08,61.33,61.99714285714286,1.2848179415217442
2015-06-09,63.23,62.00714285714285,1.2956042899703215
2015-06-10,64.68,62.26571428571429,1.6331549951226723
2015-06-11,63.76,62.354285714285716,1.7037591490859523
2015-06-12,63.19,62.41285714285715,1.727712498128463
2015-06-15,60.99,62.505714285714284,1.6112816549031215
2015-06-16,60.75,62.561428571428564,1.529383629346485
2015-06-17,60.75,62.478571428571435,1.6202307301882672
2015-06-18,61.37,62.212857142857146,1.628953798052422
2015-06-19,59.41,61.459999999999994,1.5123161045229112
2015-06-22,60.54,61.0,1.1400146197891277
2015-06-23,61.67,60.78285714285714,0.7211729863148068
2015-06-24,61.63,60.87428571428571,0.7891737692643658
2015-06-25,60.24,60.80142857142857,0.8252762885123271
2015-06-26,60.14,60.714285714285715,0.8629572631915309
2015-06-29,59.03,60.38,1.0077036601435139
2015-06-30,60.31,60.50857142857143,0.9166138512922687
2015-07-01,61.65,60.66714285714285,1.013816457512705
2015-07-02,61.73,60.675714285714285,1.023911733546907
2015-07-03,59.06,60.30857142857143,1.0837193451478218
2015-07-06,57.19,59.87285714285714,1.6040855576279993
2015-07-07,54.72,59.09857142857144,2.507405223010762
2015-07-08,55.7,58.62285714285714,2.819099822554138
2015-07-09,57.83,58.26857142857143,2.726031478000351
2015-07-10,57.72,57.70714285714286,2.2821022054658187
2015-07-13,57.63,57.121428571428574,1.4531050497868678
2015-07-14,57.2,56.855714285714285,1.1848327187542245
2015-07-15,57.34,56.87714285714286,1.1932129495019266
2015-07-16,57.31,57.247142857142855,0.72091872601948
2015-07-17,56.38,57.34428571428571,0.48486620638782923
2015-07-20,56.42,57.142857142857146,0.539280826217295
2015-07-21,55.94,56.888571428571424,0.633256887618466
2015-07-22,56.36,56.707142857142856,0.5635220872860122
2015-07-23,55.76,56.50142857142857,0.6141777313745925
2015-07-24,54.29,56.06571428571429,0.923902179939867
2015-07-27,54.07,55.60285714285715,1.0047008557408879
2015-07-28,54.3,55.305714285714295,1.0433896227032058
2015-07-29,54.73,55.06428571428571,0.9321812617537827
2015-07-30,54.29,54.82857142857143,0.8810491581351889
2015-07-31,53.29,54.39,0.7453187237708179
2015-08-03,49.49,53.49428571428571,1.8188811317489813
2015-08-04,49.08,52.75,2.4091838175346845
2015-08-05,49.04,52.03142857142857,2.6842840670066406
2015-08-06,47.8,51.10285714285714,2.885456141212766
2015-08-07,47.54,50.07571428571429,2.6491436172408336
2015-08-10,48.3,49.21999999999999,1.931105037711083
2015-08-11,47.33,48.368571428571435,0.8473178972821136
2015-08-12,48.29,48.19714285714286,0.6892680728116897
2015-08-13,48.01,48.04428571428571,0.5690007950513433
2015-08-14,47.79,47.86571428571428,0.36344908598385595
2015-08-17,47.77,47.86142857142857,0.36452839723156955
2015-08-18,47.0,47.78428571428571,0.48207389278257845
2015-08-19,45.75,47.42,0.8502744654958173
2015-08-20,45.63,47.17714285714286,1.0894144342404712
2015-08-21,43.84,46.541428571428575,1.537860294604925
2015-08-24,41.59,45.62428571428571,2.2606035856463618
2015-08-25,41.86,44.777142857142856,2.4192954503738484
2015-08-26,41.76,43.91857142857143,2.2399362235840368
2015-08-27,44.46,43.555714285714295,1.8248365875985761
2015-08-28,47.97,43.87285714285714,2.378625053022606
2015-09-01,48.8,44.32571428571429,2.991676548599121
2015-09-02,47.67,44.87285714285714,3.2288682965087827
2015-09-03,50.41,46.132857142857134,3.4477805145047697
2015-09-04,48.59,47.09428571428572,2.961783568184825
2015-09-07,46.42,47.760000000000005,1.894324857745894
2015-09-08,48.88,48.39142857142857,1.2318201785926046
2015-09-09,48.04,48.401428571428575,1.2281073320579832
2015-09-10,47.77,48.25428571428572,1.234083426989014
2015-09-11,46.87,48.14,1.3304886320473062
2015-09-14,45.87,47.49142857142857,1.1311267033604637
2015-09-15,45.91,47.10857142857143,1.1507016493088023
2015-09-16,49.35,47.52714285714286,1.370410088087244
2015-09-17,48.27,47.44,1.2868954891550155
2015-09-18,47.28,47.33142857142857,1.2596087828059446
2015-09-21,47.64,47.31285714285714,1.2530059096155162
2015-09-22,46.69,47.28714285714286,1.265394724792
2015-09-23,48.0,47.59142857142858,1.1149802475328405
2015-09-24,47.06,47.75571428571429,0.8874468461655908
2015-09-25,47.28,47.46,0.5473877358334238
2015-09-28,46.04,47.14142857142857,0.6387077728157856
2015-09-29,47.58,47.184285714285714,0.6592889387586932
2015-09-30,47.29,47.13428571428572,0.6316606985581132
2015-10-01,47.48,47.247142857142855,0.6092266760941855
2015-10-02,46.55,47.04,0.5546470349159587
2015-10-05,49.45,47.381428571428565,1.0675115701426918
2015-10-06,51.34,47.96142857142858,1.8322429657994501
2015-10-07,51.66,48.76428571428571,2.066324088351611
2015-10-08,52.13,49.41428571428571,2.3304567302215955
2015-10-09,52.08,50.098571428571425,2.3058579644867923
2015-10-12,50.95,50.59428571428572,2.002072735467224
2015-10-13,48.94,50.93571428571429,1.265844344604703
2015-10-14,48.25,50.76428571428572,1.5499554525107475
2015-10-15,47.87,50.26857142857143,1.8591882509275626
2015-10-16,48.96,49.88285714285714,1.8015892455080156
2015-10-19,47.51,49.222857142857144,1.683545012623802
2015-10-20,46.93,48.48714285714285,1.3109120779814056
2015-10-21,46.72,47.88285714285714,0.8955392097489839
2015-10-22,46.59,47.54714285714285,0.8733978529463748
2015-10-23,46.3,47.26857142857143,0.9215101477404465
2015-10-26,46.57,47.082857142857144,0.9110381310341706
2015-10-27,45.54,46.59428571428572,0.6008010525705627
2015-10-28,47.6,46.607142857142854,0.6241718322693379
2015-10-29,48.04,46.76571428571429,0.8276846650565758
2015-10-30,48.0,46.94857142857143,0.9484799869908224
2015-11-02,47.91,47.137142857142855,0.9953678429931717
2015-11-03,48.0,47.379999999999995,0.9639674959981567
2015-11-04,46.96,47.43571428571429,0.9195987737973021
2015-11-05,47.19,47.67142857142857,0.438118270624615
2015-11-06,46.09,47.455714285714286,0.7440622093858534
2015-11-09,45.38,47.075714285714284,1.0229183275167548
2015-11-10,46.44,46.85285714285714,0.9557146416155593
2015-11-11,44.98,46.434285714285714,1.052296807671989
2015-11-12,44.98,46.002857142857145,0.9132855392475961
2015-11-13,41.98,45.29142857142857,1.6697747210495986
2015-11-16,40.28,44.30428571428571,2.2882879855409444
2015-11-17,41.28,43.61714285714286,2.3829233746667704
2015-11-18,41.45,43.05571428571428,2.3612274854627984
2015-11-19,42.22,42.452857142857134,1.8327276055651323
2015-11-20,42.49,42.097142857142856,1.4652953545960203
2015-11-23,43.7,41.91428571428572,1.0729065995877103
2015-11-24,44.38,42.25714285714286,1.4235719661707553
2015-11-25,43.56,42.72571428571429,1.183974340137969
2015-11-26,43.55,43.050000000000004,1.0217631819603519
2015-11-27,43.07,43.28142857142858,0.7449256914108392
2015-11-30,43.73,43.497142857142855,0.5885494679294162
2015-12-01,42.97,43.56571428571429,0.46707804997815283
2015-12-02,41.92,43.311428571428564,0.7688395708624166
2015-12-03,42.0,42.97142857142857,0.7433578898422646
2015-12-04,41.44,42.66857142857142,0.8824478940562047
2015-12-07,39.69,42.11714285714286,1.3315869515484275
2015-12-08,39.44,41.598571428571425,1.5819547883525116
2015-12-09,39.04,40.92857142857143,1.5207720470400714
2015-12-10,38.65,40.31142857142857,1.4279872615183804
2015-12-11,36.99,39.607142857142854,1.6934748722282977
2015-12-14,36.51,38.82285714285714,1.671722806828054
2015-12-15,37.66,38.28285714285715,1.2402649486578903
2015-12-16,36.96,37.892857142857146,1.1499813663140677
2015-12-17,36.29,37.44285714285714,1.0561520453371345
2015-12-18,36.76,37.11714285714286,0.8026563043233301
2015-12-21,35.34,36.644285714285715,0.7198346371042452
2015-12-22,35.26,36.39714285714285,0.8639196391276035
2015-12-23,35.79,36.294285714285714,0.8906899412488335
2015-12-24,37.22,36.23142857142857,0.787833073940327
2015-12-28,37.08,36.248571428571424,0.8073914492947373
2015-12-29,36.85,36.32857142857143,0.8392939209404235
2015-12-30,35.65,36.17,0.8489994110795037
2015-12-31,36.61,36.35142857142857,0.7744983015222645
2016-01-04,36.28,36.497142857142855,0.6143211507051133
2016-01-05,35.56,36.464285714285715,0.662692918911239
2016-01-06,33.89,35.988571428571426,1.0883233063116156
2016-01-07,33.57,35.487142857142864,1.291313469380751
2016-01-08,31.67,34.747142857142855,1.7741168158282348
2016-01-11,30.14,33.96,2.413793694584197
2016-01-12,29.14,32.892857142857146,2.6831804156396397
2016-01-13,28.58,31.792857142857144,2.6411721784476683
2016-01-14,28.84,30.83285714285714,2.233515273331814
2016-01-15,28.8,30.10571428571429,1.871575603097993
2016-01-18,27.36,29.218571428571433,1.3567906811287351
2016-01-19,27.36,28.602857142857143,0.9862676155795347
2016-01-20,26.01,28.01285714285714,1.1372292979904715
2016-01-21,27.59,27.791428571428572,1.0267169128173321
2016-01-22,30.46,28.06,1.4329107904369816
2016-01-25,29.82,28.2,1.5637241871093082
2016-01-26,30.94,28.505714285714284,1.8781538554599535
2016-01-27,31.83,29.14428571428572,2.1621197711456164
2016-01-28,33.01,29.951428571428572,2.42378098963804
2016-01-29,33.14,30.970000000000002,1.9415629443009663
2016-02-01,32.45,31.664285714285715,1.291625037737681
2016-02-02,30.98,31.738571428571426,1.224002023036132
2016-02-03,32.38,32.104285714285716,0.8928765712258214
2016-02-04,32.76,32.364285714285714,0.7510627391307046
2016-02-05,32.35,32.43857142857143,0.7142228543875694
2016-02-08,31.64,32.24285714285714,0.7192290846495399
2016-02-09,30.15,31.815714285714286,0.9488388894384465
2016-02-10,29.64,31.414285714285715,1.197578906841205
2016-02-11,28.82,31.10571428571429,1.5535106173152224
2016-02-12,31.8,31.022857142857145,1.4883180023793303
2016-02-16,31.09,30.784285714285716,1.2831583059432992
2016-02-17,33.21,30.907142857142855,1.4835735493080404
2016-02-18,33.2,31.13,1.7116463809295452
2016-02-19,31.66,31.345714285714287,1.661985330293565
2016-02-22,33.59,31.91,1.6568846268470758
2016-02-23,31.9,32.35,0.9633621679731699
2016-02-24,31.5,32.30714285714286,0.9979598236097136
2016-02-25,32.83,32.55571428571428,0.8499971988838764
2016-02-26,35.76,32.92,1.4857882307656387
2016-02-29,35.92,33.308571428571426,1.875725891238496
2016-03-01,35.73,33.89,1.9100261778348866
2016-03-02,36.38,34.28857142857142,2.1168878774580016
2016-03-03,35.75,34.83857142857143,1.8797289571624527
2016-03-04,37.61,35.71142857142857,1.4376998825883742
2016-03-07,39.02,36.59571428571429,1.2630763653774684
2016-03-08,39.16,37.08142857142857,1.5164589078048345
2016-03-09,40.26,37.701428571428565,1.819408590465683
2016-03-10,38.63,38.11571428571428,1.6142991992732947
2016-03-11,39.41,38.548571428571435,1.471206178297214
2016-03-14,38.06,38.87857142857143,0.8785485866243959
2016-03-15,37.49,38.86142857142857,0.9081011061879238
2016-03-16,38.38,38.769999999999996,0.9215928240527324
2016-03-17,39.29,38.78857142857142,0.9320126710832677
2016-03-18,39.26,38.645714285714284,0.7218230887418271
2016-03-21,39.91,38.82857142857143,0.8650901411951689
2016-03-22,40.54,38.99,1.0722872749464305
2016-03-23,38.84,39.10142857142858,0.9974539015544878
2016-03-24,38.33,39.221428571428575,0.8028164707616616
2016-03-28,38.33,39.214285714285715,0.8117236217501416
2016-03-29,36.75,38.85142857142857,1.2314412771463072
2016-03-30,36.75,38.49285714285714,1.4403554455536647
2016-03-31,36.75,38.04142857142857,1.4171853392294174
2016-04-01,36.42,37.45285714285715,1.00097809310192
2016-04-04,36.05,37.05428571428571,0.9077051126007752
2016-04-05,35.88,36.70428571428572,0.7997469838070244
2016-04-06,37.77,36.62428571428571,0.6171941116389639
2016-04-07,37.15,36.68142857142857,0.6484964294896521
2016-04-08,40.71,37.24714285714286,1.658701442756769
2016-04-11,41.58,37.93714285714286,2.2986062029419103
2016-04-12,43.02,38.879999999999995,2.858099601718841
2016-04-13,42.81,39.84571428571429,2.884445973049266
2016-04-14,43.02,40.86571428571428,2.4828267300477482
2016-04-15,41.32,41.37285714285714,2.074011525892411
2016-04-18,41.64,42.01428571428572,0.9280778908254349
2016-04-19,43.02,42.34428571428572,0.7869743143450196
2016-04-20,43.09,42.56,0.7485764267439856
2016-04-21,43.48,42.62571428571429,0.8130981314937709
2016-04-22,43.97,42.791428571428575,0.9615686588716823
2016-04-25,42.97,42.784285714285716,0.9597717982791057
2016-04-26,43.94,43.15857142857143,0.7892914242475695
2016-04-27,44.17,43.519999999999996,0.5066885960261457
2016-04-28,45.6,43.88857142857143,0.8818433075422389
2016-04-29,45.64,44.25285714285714,1.013800017853472
2016-05-02,45.82,44.58714285714286,1.0987222015593923
2016-05-03,43.09,44.46142857142856,1.22427432344909
2016-05-04,43.08,44.47714285714286,1.2024518602420535
2016-05-05,44.39,44.541428571428575,1.1807826298928534
2016-05-06,44.6,44.60285714285715,1.1693689792075215
2016-05-09,42.43,44.14999999999999,1.3226236552181463
2016-05-10,44.01,43.91714285714285,1.1486182174827337
2016-05-11,46.08,43.95428571428572,1.2222500718366192
2016-05-12,46.43,44.431428571428576,1.457845768839563
2016-05-13,47.05,44.998571428571424,1.6088756795942263
2016-05-16,48.49,45.58428571428571,2.039165328781306
2016-05-17,48.71,46.17142857142858,2.285362324094187
2016-05-18,48.93,47.10000000000001,1.7754342191910182
2016-05-19,47.01,47.52857142857143,1.1609827528385095
2016-05-20,48.54,47.879999999999995,1.012208805866662
2016-05-23,47.77,48.07142857142857,0.7958732849653477
2016-05-24,48.42,48.26714285714286,0.6596138841759016
2016-05-25,48.87,48.32142857142857,0.6956634380609156
2016-05-26,49.52,48.43714285714286,0.8261903389640487
2016-05-27,49.09,48.459999999999994,0.8441168955425401
2016-05-31,49.26,48.78142857142857,0.5901250876335368
2016-06-01,48.81,48.82,0.5804595880336403
2016-06-02,49.05,49.00285714285714,0.3506999803211143
2016-06-03,48.5,49.01428571428572,0.32918369456680624
2016-06-06,48.94,49.02428571428572,0.32510804066030163
2016-06-07,49.76,49.058571428571426,0.3918940576069961
2016-06-08,50.73,49.292857142857144,0.7449768293021424
2016-06-09,50.59,49.48285714285714,0.8905749881566992
2016-06-10,49.7,49.61,0.8406346808650557
2016-06-13,49.36,49.65428571428571,0.8139585809087426
2016-06-14,47.88,49.565714285714286,0.9777500897988648
2016-06-15,47.47,49.355714285714285,1.2535131583281456
2016-06-16,45.66,48.769999999999996,1.8493782739090683
2016-06-17,46.57,48.175714285714285,1.7817300313933966
2016-06-20,48.68,47.902857142857144,1.4692255815670938
2016-06-21,48.18,47.68571428571429,1.2562358741239803
2016-06-22,48.43,47.55285714285714,1.0875004105124209
2016-06-23,48.63,47.660000000000004,1.1596551211491646
2016-06-24,46.69,47.54857142857143,1.2170103885020165
2016-06-27,45.07,47.464285714285715,1.379225110259196
2016-06-28,46.29,47.42428571428571,1.4131272311565508
2016-06-29,48.4,47.38428571428572,1.3751103851822954
2016-06-30,48.05,47.36571428571428,1.3634008598976104
2016-07-01,47.65,47.25428571428571,1.291921787404177
2016-07-04,48.02,47.167142857142856,1.2010372501293292
2016-07-05,45.64,47.01714285714286,1.329281940070766
2016-07-06,45.7,47.107142857142854,1.1894496526538019
2016-07-07,45.93,47.05571428571428,1.237482082605524
2016-07-08,44.53,46.502857142857145,1.3916861988963471
2016-07-11,44.04,45.93,1.4717110223619714
2016-07-12,46.72,45.797142857142866,1.3252510993011593
2016-07-13,44.67,45.31857142857143,0.9366505675666769
2016-07-14,46.01,45.371428571428574,0.9677366820178673
2016-07-15,46.25,45.45,1.0197875595805688
2016-07-18,45.35,45.36714285714286,0.9976090464367676
2016-07-19,45.7,45.534285714285716,0.9296748023388728
2016-07-20,45.82,45.78857142857144,0.6559834492750111
2016-07-21,44.99,45.541428571428575,0.5663458475668354
2016-07-22,44.24,45.480000000000004,0.6870710783283446
2016-07-25,43.76,45.15857142857143,0.8931858442618313
2016-07-26,43.56,44.77428571428572,0.9235052272569243
2016-07-27,42.78,44.40714285714286,1.141588283722705
2016-07-28,41.87,43.86,1.3222077496909288
2016-07-29,40.76,43.137142857142855,1.4491458896652138
2016-08-01,40.17,42.44857142857143,1.5626945593187422
2016-08-02,40.0,41.84285714285714,1.5742798807288219
2016-08-03,40.45,41.370000000000005,1.3886204185007909
2016-08-04,41.33,41.05142857142857,1.0053760253714783
2016-08-05,42.47,41.00714285714286,0.9197230432044722
2016-08-08,43.24,41.20285714285715,1.2280297809368743
2016-08-09,43.37,41.57571428571429,1.4477322167580269
2016-08-10,42.19,41.864285714285714,1.316179536172391
2016-08-11,44.23,42.46857142857142,1.2883377995403196
2016-08-12,45.12,43.135714285714286,1.2779391892568115
2016-08-15,47.31,43.99,1.7726721825188207
2016-08-16,48.27,44.81857142857143,2.2381720858154006
2016-08-17,48.58,45.58142857142857,2.504638553908106
2016-08-18,49.46,46.451428571428565,2.66126178451547
2016-08-19,49.39,47.48,2.064122089414208
2016-08-22,48.1,48.03285714285715,1.4858186776536846
2016-08-23,48.7,48.544285714285714,0.7500412687106304
2016-08-24,47.56,48.58,0.6845679902978687
2016-08-25,49.25,48.71999999999999,0.710328562479172
2016-08-26,49.66,48.87428571428571,0.7879056022787382
2016-08-29,49.66,48.902857142857144,0.8158168562024882
2016-08-30,47.94,48.69571428571429,0.8546706411062531
2016-08-31,47.94,48.67285714285714,0.8751516875362565
2016-09-01,45.05,48.151428571428575,1.623601229485951
2016-09-02,45.96,47.92285714285714,1.8213247402732056
2016-09-05,46.72,47.56142857142857,1.7642035839783097
2016-09-06,46.21,47.068571428571424,1.5490042884776505
2016-09-07,47.0,46.68857142857143,1.0547421260142253
2016-09-08,49.23,46.87285714285714,1.374162948682496
2016-09-09,48.37,46.934285714285714,1.4379482737926181
2016-09-12,47.82,47.33,1.193314711217344
2016-09-13,46.48,47.40428571428572,1.106870319761806
2016-09-14,45.65,47.25142857142857,1.2778031743538305
2016-09-15,45.83,47.19714285714286,1.3361600987649689
2016-09-16,45.26,46.94857142857143,1.5271479798594758
2016-09-19,46.04,46.49285714285714,1.1661862956657616
2016-09-20,45.24,46.04571428571428,0.8950206169526423
2016-09-21,45.99,45.784285714285716,0.44402917108048373
2016-09-22,47.21,45.888571428571424,0.665267579541808
2016-09-23,46.71,46.04,0.7202777242205841
2016-09-26,46.61,46.151428571428575,0.7423707198715543
2016-09-27,44.95,46.107142857142854,0.810528927840018
2016-09-28,45.49,46.028571428571425,0.8440858679005
2016-09-29,48.43,46.48428571428571,1.1522565851855142
2016-09-30,48.24,46.80571428571428,1.296223452226973
2016-10-03,48.61,47.00571428571429,1.465899691237355
2016-10-04,48.81,47.305714285714295,1.6037025611907019
2016-10-05,49.57,47.728571428571435,1.771180666219132
2016-10-06,50.14,48.470000000000006,1.4758613304351427
2016-10-07,50.49,49.184285714285714,0.8848325103856265
2016-10-10,51.54,49.62857142857143,1.17588872165729
2016-10-11,50.48,49.94857142857143,1.0308803450064672
2016-10-12,49.53,50.08,0.8792800084953785
2016-10-13,49.29,50.14857142857142,0.7764326236408954
2016-10-14,48.87,50.04857142857143,0.8988034373843564
2016-10-17,49.31,49.93,0.9385982456157907
2016-10-18,49.81,49.832857142857144,0.9055884695582744
2016-10-19,51.85,49.87714285714286,1.0050989053472354
2016-10-20,50.42,49.868571428571435,0.9993402585642985
2016-10-21,50.28,49.97571428571428,0.9971936813385814
2016-10-24,49.8,50.048571428571435,0.9565463670869652
2016-10-25,49.08,50.07857142857143,0.9158498525343857
2016-10-26,48.98,50.03142857142858,0.9689586948819245
2016-10-27,49.13,49.934285714285714,1.027194514897228
2016-10-28,47.78,49.35285714285714,0.9069493606943121
2016-10-31,46.2,48.75,1.3658330791158149
2016-11-01,45.77,48.105714285714285,1.5719823699507232
2016-11-02,44.26,47.31428571428571,1.9305081985761294
2016-11-03,43.84,46.56571428571429,2.1366473515229525
2016-11-04,43.06,45.720000000000006,2.192646802384869
2016-11-07,42.83,44.82,1.8211809355495292
2016-11-08,43.47,44.20428571428572,1.3106850262761884
2016-11-09,43.88,43.87285714285714,0.9713172205138172
2016-11-10,43.67,43.57285714285714,0.4954363156520107
2016-11-11,41.61,43.19428571428572,0.8010588231241985
2016-11-14,41.83,42.90714285714285,0.8866926240438929
2016-11-15,44.15,43.06285714285714,1.005728828363009
2016-11-16,45.07,43.38285714285714,1.2467653385996906
2016-11-17,44.57,43.540000000000006,1.326360936300163
2016-11-18,44.41,43.615714285714276,1.3636086577307447
2016-11-21,45.96,43.94285714285714,1.62788937263357
2016-11-22,46.1,44.58428571428571,1.427770489762888
2016-11-23,46.54,45.25714285714286,0.9399240090911495
2016-11-24,47.54,45.74142857142857,1.1287667100525558
2016-11-25,46.32,45.92,1.1034340336763049
2016-11-28,46.64,46.215714285714284,0.9477316276792622
2016-11-29,44.68,46.25428571428572,0.8637680464705569
2016-11-30,47.95,46.53857142857142,1.0566997140732388
2016-12-01,52.28,47.42142857142858,2.3810111897515314
2016-12-02,52.35,48.25142857142857,2.96386250564837
2016-12-05,53.3,49.074285714285715,3.486860369745552
2016-12-06,52.31,49.93,3.432860808908475
2016-12-07,51.9,50.68142857142857,3.157305964328922
2016-12-08,51.6,51.67,1.7222659492672814
2016-12-09,52.19,52.27571428571429,0.5261450098915725
2016-12-12,53.99,52.519999999999996,0.8348652585927339
2016-12-13,53.28,52.652857142857144,0.8762745818875448
2016-12-14,53.15,52.63142857142857,0.8594848955737064
2016-12-15,51.72,52.54714285714285,0.922852720027548
2016-12-16,54.15,52.868571428571435,1.0437980100188113
2016-12-19,53.53,53.144285714285715,0.8975124352527851
2016-12-20,54.56,53.48285714285714,0.9241521210611339
2016-12-21,53.01,53.34285714285714,0.9086200945363211
2016-12-22,54.04,53.45142857142857,0.944553308387418
2016-12-23,53.93,53.56285714285714,0.9490647024984232
2016-12-28,54.95,54.02428571428572,0.6379617841999862
2016-12-29,54.97,54.14142857142857,0.7330854559453632
2016-12-30,54.96,54.34571428571429,0.7335497516184405
2017-01-03,55.05,54.41571428571429,0.7793556557178763
2017-01-04,54.57,54.63857142857143,0.47337189648842354
2017-01-05,54.99,54.77428571428572,0.4043042230374706
2017-01-06,55.9,55.05571428571428,0.40430422303729746
2017-01-09,54.39,54.97571428571428,0.47748846907455955
2017-01-10,53.2,54.72285714285715,0.8239683304155971
2017-01-11,53.61,54.529999999999994,0.9124509119239367
2017-01-12,54.51,54.452857142857134,0.8835291786511675
2017-01-13,54.37,54.42428571428571,0.8823426610069259
2017-01-16,54.3,54.325714285714284,0.8464210367381192
2017-01-17,54.68,54.151428571428575,0.5374454568158242
2017-01-18,53.77,54.06285714285714,0.5426390539405898
2017-01-19,53.18,54.06,0.547965935684933
2017-01-20,55.04,54.26428571428572,0.614731842431748
2017-01-23,54.8,54.30571428571428,0.6431655344980616
2017-01-24,54.7,54.35285714285715,0.6605228809017333
2017-01-25,54.34,54.35857142857143,0.6601623177056776
2017-01-26,55.89,54.53142857142858,0.8801217448276385
2017-01-27,54.8,54.67857142857143,0.815320562142099
2017-01-30,54.77,54.90571428571429,0.481312689180208
2017-01-31,55.25,54.93571428571429,0.49735490825553197
2017-02-01,55.79,55.07714285714285,0.5853122894612505
2017-02-02,55.94,55.25428571428571,0.6374652184752619
2017-02-03,55.92,55.480000000000004,0.5305343218589798
2017-02-06,55.02,55.355714285714285,0.5202838053399312
2017-02-07,53.79,55.21142857142858,0.7768618189344344
2017-02-08,54.42,55.16142857142857,0.8200696834526575
2017-02-09,53.98,54.98,0.9302866941632989
2017-02-10,55.2,54.89571428571429,0.8694031888404208
2017-02-13,54.15,54.64,0.7684399781402026
2017-02-14,54.96,54.50285714285714,0.5590681021676391
2017-02-15,54.57,54.438571428571436,0.5137258857781067
2017-02-16,54.16,54.49142857142857,0.4510886302991243
2017-02-17,54.48,54.5,0.45007406798309324
2017-02-20,55.25,54.681428571428576,0.461354114592806
2017-02-21,56.34,54.84428571428571,0.7717265738368214
2017-02-22,54.9,54.951428571428565,0.7087648545544429
2017-02-23,55.82,55.07428571428572,0.7813206158586927
2017-02-24,54.69,55.09142857142858,0.7696412274894799
2017-02-27,54.65,55.16142857142857,0.6888499733019847
2017-02-28,53.36,55.00142857142857,0.9529503060066776
2017-03-01,55.72,55.068571428571424,0.989249354671606
2017-03-02,54.16,54.75714285714286,0.8565184233440977
2017-03-03,54.12,54.645714285714284,0.885096174491417
2017-03-06,54.73,54.489999999999995,0.7255802275908869
2017-03-07,54.61,54.47857142857142,0.7225286285344
2017-03-08,53.3,54.285714285714285,0.8397987287238412
2017-03-09,50.65,53.89857142857142,1.6095488868164527
2017-03-10,50.63,53.17142857142857,1.7892589580752223
2017-03-13,50.1,52.59142857142857,2.053869750589371
2017-03-14,49.6,51.94571428571429,2.1986272773636073
2017-03-15,50.63,51.36000000000001,1.8520799118843911
2017-03-16,50.56,50.78142857142858,1.1772486082897988
2017-03-17,50.58,50.392857142857146,0.39915386698613653
2017-03-20,50.67,50.39571428571429,0.4013667127471008
2017-03-21,50.14,50.32571428571429,0.39639446443508913
2017-03-22,49.56,50.24857142857143,0.48929979125330975
2017-03-23,50.17,50.33,0.4032369030808161
2017-03-24,49.97,50.23571428571428,0.3985330242712951
2017-03-27,50.12,50.17285714285714,0.37272484426194724
2017-03-28,50.72,50.19285714285714,0.4009037409779098
2017-03-29,51.36,50.29142857142857,0.5817911587392669
2017-03-30,52.25,50.59285714285714,0.9316600647213333
2017-03-31,52.2,50.96999999999999,0.9771045662257631
2017-04-03,52.04,51.23714285714285,0.97756013090223
2017-04-04,53.08,51.68142857142857,1.0118041406582508
2017-04-05,53.41,52.151428571428575,0.9261106588233873
2017-04-06,53.62,52.56571428571429,0.8218243353055311
2017-04-07,54.24,52.97714285714286,0.838345877027351
2017-04-10,54.79,53.339999999999996,1.0044069560382933
2017-04-11,54.73,53.701428571428565,0.9807383030412475
2017-04-12,54.75,54.08857142857143,0.7142695236291261
2017-04-13,55.05,54.370000000000005,0.6342712353593658
2017-04-17,54.79,54.567142857142855,0.4824491090895986
2017-04-18,52.6,54.42142857142857,0.8386979704986508
2017-04-19,52.43,54.16285714285714,1.131764320075017
2017-04-20,50.66,53.57285714285714,1.6894448228718433
2017-04-21,49.93,52.887142857142855,2.072250904096507
2017-04-24,49.45,52.129999999999995,2.239650270318707
2017-04-25,49.37,51.318571428571424,2.0239600504258926
2017-04-26,49.99,50.63285714285714,1.354089045396628
2017-04-27,49.46,50.18428571428571,1.0877171376027792
2017-04-28,49.46,49.76,0.4690415759891666
2017-05-01,50.41,49.72428571428571,0.39233731843273395
2017-05-02,49.31,49.635714285714286,0.4078339998516896
2017-05-03,48.82,49.54571428571429,0.5118872643806144
2017-05-04,47.53,49.28285714285715,0.9238274421469412
2017-05-05,47.45,48.92,1.0846197490396252
2017-05-08,46.61,48.51285714285715,1.3504655282028142
2017-05-09,47.06,48.17,1.3743725841296153
2017-05-10,48.09,47.83857142857143,0.9620538545501953
2017-05-11,49.18,47.82,0.9296235797392824
2017-05-12,49.08,47.857142857142854,0.980063166092406
2017-05-15,51.29,48.394285714285715,1.6031724501028968
2017-05-16,51.21,48.931428571428576,1.845620298360708
2017-05-17,51.76,49.667142857142856,1.7916818382542878
2017-05-18,51.71,50.33142857142857,1.5026579625407495
2017-05-19,52.78,51.001428571428576,1.3770188642087753
2017-05-22,53.35,51.597142857142856,1.3596042841685299
2017-05-23,53.19,52.18428571428571,0.9017733851143438
2017-05-24,53.29,52.470000000000006,0.8879376855041968
2017-05-25,52.25,52.61857142857143,0.7114405239039807
2017-05-26,50.84,52.48714285714285,0.9435873795586449
2017-05-29,52.25,52.56428571428571,0.8900160512225297
2017-05-30,50.65,52.26,1.1345042970413575
2017-05-31,49.4,51.69571428571429,1.44251929095158
2017-06-01,50.41,51.298571428571435,1.3417206436959972
2017-06-02,48.46,50.60857142857143,1.3880613407628277
2017-06-05,48.25,50.037142857142854,1.4226233313366567
2017-06-06,48.11,49.64714285714286,1.5355641122608903
2017-06-07,47.08,48.90857142857143,1.3003003316110124
2017-06-08,46.3,48.287142857142854,1.3670858822805658
2017-06-09,46.64,47.892857142857146,1.3904401495681145
2017-06-12,47.18,47.43142857142857,0.8447569388419806
2017-06-13,46.95,47.215714285714284,0.7222385834584375
2017-06-14,45.47,46.81857142857143,0.8168522626860198
2017-06-15,45.61,46.46142857142856,0.6956394797034554
2017-06-16,45.7,46.26428571428572,0.686606562331345
2017-06-19,45.93,46.21142857142858,0.6975535480440705
2017-06-20,43.98,45.83142857142857,1.057062416505781
2017-06-21,44.62,45.465714285714284,0.950172916598247
2017-06-22,44.46,45.11,0.7460562981494079
2017-06-23,44.14,44.92,0.8060397012607262
2017-06-26,44.09,44.70285714285715,0.7938243778479711
2017-06-27,46.17,44.769999999999996,0.9043966681395279
2017-06-28,46.45,44.84428571428572,1.0284107017320885
2017-06-29,47.02,45.27857142857143,1.2255805232851655
2017-06-30,47.08,45.63,1.3514930015880557
2017-07-03,49.13,46.297142857142866,1.7665759186059142
2017-07-04,49.15,47.012857142857136,1.7618429204097608
2017-07-05,47.58,47.511428571428574,1.2016021051308574
2017-07-06,48.53,47.848571428571425,1.088231417968968
2017-07-07,46.47,47.85142857142858,1.0839653833901182
2017-07-10,46.57,47.78714285714286,1.1526594508053858
2017-07-11,46.68,47.730000000000004,1.2024003770266614
2017-07-12,46.73,47.387142857142855,1.0717386852825472
2017-07-13,47.65,47.17285714285715,0.7672182281015394
2017-07-14,47.89,47.21714285714285,0.80276011954459
2017-07-17,47.66,47.09285714285714,0.6097735723457557
2017-07-18,47.92,47.3,0.6092071350047776
2017-07-19,48.34,47.55285714285714,0.6228888152774575
2017-07-20,48.54,47.81857142857143,0.5839928244891145
2017-07-21,47.47,47.924285714285716,0.38828070357540134
2017-07-24,47.81,47.947142857142865,0.3738856458832956
2017-07-25,49.19,48.13285714285714,0.5970403192952293
2017-07-26,50.08,48.478571428571435,0.900914878917239
2017-07-27,50.67,48.871428571428574,1.1747259052168784
2017-07-28,52.0,49.394285714285715,1.6264363615283741
2017-07-31,51.99,49.88714285714286,1.8339094332954382
2017-08-01,50.77,50.35857142857143,1.5033565619595743
2017-08-02,52.09,50.96999999999999,1.1140167563097971
2017-08-03,52.88,51.49714285714286,0.9983939483970704
2017-08-04,52.48,51.839999999999996,0.8282109232185879
2017-08-07,51.42,51.94714285714286,0.6883243975014096
2017-08-08,52.18,51.972857142857144,0.6939672010950273
2017-08-09,52.16,51.99714285714286,0.6976320492893473
2017-08-10,52.59,52.25714285714286,0.4641377053514037
2017-08-11,51.47,52.16857142857143,0.5521602596946397
2017-08-14,51.29,51.94142857142857,0.5375694861003173
2017-08-15,49.9,51.57285714285714,0.8813193572872383
2017-08-16,50.39,51.425714285714285,0.990334238915002
2017-08-17,50.37,51.16714285714285,0.9968402460755947
2017-08-18,50.96,50.99571428571429,0.8956907417002614
2017-08-21,51.94,50.902857142857144,0.7191595624033496
2017-08-22,52.29,51.019999999999996,0.8765082239615952
2017-08-23,52.31,51.16571428571428,1.0043382090216482
2017-08-24,51.73,51.42714285714286,0.8455908050169754
2017-08-25,51.87,51.63857142857143,0.7185269322623191
2017-08-28,51.87,51.85285714285715,0.4510252870173182
2017-08-29,51.64,51.949999999999996,0.2590366769498076
2017-08-30,51.91,51.94571428571429,0.25947749696991557
2017-08-31,52.69,52.00285714285714,0.3689044269125122
2017-09-01,53.15,52.12285714285714,0.5682345256983162
2017-09-04,52.6,52.24714285714286,0.5631078726101514
2017-09-05,53.63,52.49857142857143,0.7337217586064593
2017-09-06,54.48,52.87142857142857,0.982164761662919
2017-09-07,54.16,53.23142857142857,0.915121641669679
2017-09-08,54.55,53.60857142857143,0.8186865206243649
2017-09-11,54.2,53.824285714285715,0.730498851082519
2017-09-12,55.06,54.097142857142856,0.7908795585894586
2017-09-13,55.52,54.51428571428572,0.6215533536491897
2017-09-14,56.76,54.96142857142856,0.9291291365492327
2017-09-15,56.18,55.20428571428572,1.0016629030927648
2017-09-18,55.5,55.395714285714284,0.8907273646289308
2017-09-19,56.58,55.68571428571429,0.8999047568670777
2017-09-20,57.2,56.114285714285714,0.7809152139840744
2017-09-21,57.73,56.49571428571428,0.8306193902333419
2017-09-22,58.16,56.87285714285714,0.9093718397113463
2017-09-25,59.42,57.25285714285714,1.3182148824046667
2017-09-26,59.77,57.76571428571429,1.5149241690915296
2017-09-27,58.74,58.228571428571435,1.1608966157169849
2017-09-28,58.8,58.54571428571429,0.9120280906294922
2017-09-29,57.02,58.519999999999996,0.9576881886442569
2017-10-02,55.67,58.22571428571429,1.4373106500558945
2017-10-03,56.12,57.93428571428571,1.6447072398345683
2017-10-04,56.0,57.44571428571429,1.6377612477905585
2017-10-05,57.09,57.06285714285714,1.2774807798397265
2017-10-06,55.5,56.6,1.1490430801336415
2017-10-09,55.29,56.098571428571425,0.7115576475012728
2017-10-10,56.62,56.04142857142857,0.6374278670701286
2017-10-11,56.13,56.107142857142854,0.6161091430856482
2017-10-12,56.13,56.10857142857143,0.6161555153131991
2017-10-13,56.86,56.23142857142857,0.673929486210648
2017-10-16,57.49,56.28857142857142,0.7690996591583263
2017-10-17,57.63,56.59285714285714,0.8244738582030138
2017-10-18,58.05,56.98714285714285,0.7545575808776752
2017-10-19,57.82,57.15857142857142,0.7925997008055389
2017-10-20,57.89,57.410000000000004,0.6835934464304239
2017-10-23,57.69,57.63285714285714,0.3864675185053247
2017-10-24,57.84,57.77285714285715,0.1846360641720086
2017-10-25,58.45,57.910000000000004,0.2742869543666327
2017-10-26,58.75,58.07,0.38716921365510676
2017-10-27,60.15,58.370000000000005,0.8751571287501291
2017-10-30,60.65,58.77428571428572,1.1794893971957598
2017-10-31,61.35,59.26857142857143,1.4427569507887894
2017-11-01,60.98,59.738571428571426,1.3772004038564871
2017-11-02,60.79,60.160000000000004,1.128258244670957
2017-11-03,61.42,60.58428571428572,0.9166216439165958
2017-11-06,64.27,61.37285714285714,1.3483411324752168
2017-11-07,64.36,61.97428571428571,1.6229485219076893
2017-11-08,63.96,62.44714285714286,1.6546874255250437
2017-11-09,64.49,62.895714285714284,1.7315201138773726
2017-11-10,64.35,63.37714285714286,1.5711748712954414
2017-11-13,62.94,63.68428571428571,1.1290830666643596
2017-11-14,60.91,63.61142857142857,1.3026566261735868
2017-11-15,61.25,63.18,1.5286813489627415
2017-11-16,61.18,62.72571428571428,1.5908159032695601
2017-11-17,61.34,62.35142857142857,1.5599297908499756
2017-11-20,61.34,61.901428571428575,1.2670362869237346
2017-11-21,62.28,61.605714285714285,0.7266328082986135
2017-11-22,62.92,61.60285714285714,0.7205256018059584
2017-11-23,63.27,61.940000000000005,0.8773634746598388
2017-11-24,63.58,62.27285714285715,1.0047008557397334
2017-11-27,63.25,62.56857142857143,0.9313865751561704
2017-11-28,63.56,62.88571428571429,0.8138766725341512
2017-11-29,63.74,63.228571428571435,0.4986792078889952
2017-11-30,63.53,63.40714285714286,0.2768702635836716
2017-12-01,64.57,63.642857142857146,0.44458648523854594
2017-12-04,63.45,63.66857142857143,0.4241630414285209
2017-12-05,63.45,63.64999999999999,0.431470354330728
2017-12-06,62.25,63.50714285714285,0.6799684866645197
2017-12-07,62.37,63.33714285714285,0.8023032320701843
2017-12-08,63.86,63.35428571428571,0.8135489565857009
2017-12-11,65.62,63.652857142857144,1.1867141510027146
2017-12-12,64.96,63.708571428571425,1.2446877596599095
2017-12-13,63.66,63.73857142857143,1.2399385545450181
2017-12-14,63.72,63.777142857142856,1.233649251687863
2017-12-15,63.81,63.99999999999999,1.0370310185007756
2017-12-18,64.45,64.29714285714286,0.7505712110495563
2017-12-19,63.69,64.27285714285713,0.7695824470818005
2017-12-20,64.43,64.10285714285715,0.5100886944344496
2017-12-21,64.64,64.05714285714286,0.4282411425702453
2017-12-22,64.61,64.19285714285715,0.43192261211524585
2017-12-27,66.03,64.52285714285715,0.7646941498771032
2017-12-28,66.8,64.95,1.0730486164811972
2017-12-29,66.73,65.2757142857143,1.2304722283581215
2018-01-02,66.65,65.69857142857143,1.0959688038653657
2018-01-03,67.85,66.18714285714286,1.1941065598130938
2018-01-04,68.73,66.77142857142857,1.3062724137964026
2018-01-05,68.01,67.25714285714285,0.952972792295107
2018-01-08,68.48,67.60714285714286,0.8737794207852894
2018-01-09,69.08,67.93285714285715,0.9448229866952332
2018-01-10,69.79,68.36999999999999,1.0017151957169914
2018-01-11,70.36,68.9,0.9179687721613303
2018-01-12,69.64,69.1557142857143,0.8209112242452345
2018-01-15,70.31,69.38142857142857,0.8979500463337217
2018-01-16,69.4,69.58,0.668505796531591
2018-01-17,69.19,69.68142857142858,0.5085085568377736
2018-01-18,69.48,69.73857142857143,0.44860630740535673
2018-01-19,68.56,69.56285714285715,0.629516065074457
2018-01-22,69.32,69.41428571428571,0.5238911191825494
2018-01-23,69.81,69.43857142857144,0.5397971400233406
2018-01-24,69.91,69.38142857142857,0.44502541393057204
2018-01-25,71.08,69.62142857142857,0.7820790363153473
2018-01-26,70.08,69.74857142857142,0.772537562653453
2018-01-29,68.41,69.59571428571428,0.9252901732744395
2018-01-30,67.78,69.48428571428572,1.101073069672627
2018-01-31,67.78,69.2642857142857,1.2788648240106357
2018-02-01,68.6,69.09142857142857,1.2745774276379718
2018-02-02,67.45,68.74,1.3482704970925286
2018-02-05,67.69,68.25571428571429,0.9029739225243304
2018-02-06,66.75,67.78,0.6119912853388212
2018-02-07,65.74,67.39857142857143,0.9122760651497746
2018-02-08,64.26,66.89571428571429,1.4679107277895702
2018-02-09,63.04,66.21857142857142,1.9917950745610828
2018-02-12,62.2,65.30428571428571,2.1767625589608794
2018-02-13,61.94,64.51714285714286,2.2659414105818345
2018-02-14,62.29,63.74571428571428,1.8944819621103441
2018-02-15,62.86,63.19,1.362069503855512
2018-02-16,64.3,62.98428571428572,0.963048235947655
2018-02-19,64.95,63.082857142857144,1.1352931234665367
2018-02-20,64.68,63.31714285714286,1.2844027702361425
2018-02-21,64.81,63.69,1.2848865060124677
2018-02-22,66.12,64.28714285714285,1.307156127957332
2018-02-23,67.04,64.9657142857143,1.3303114565497292
2018-02-26,67.96,65.69428571428571,1.3804812825341197
2018-02-27,67.59,66.16428571428571,1.386709019499087
2018-02-28,66.08,66.32571428571428,1.2837426681751154
2018-03-01,64.23,66.26142857142858,1.3870043087096429
2018-03-02,64.26,66.18285714285715,1.494352862007057
2018-03-05,65.78,66.13428571428571,1.502241182842091
2018-03-06,65.67,65.93857142857142,1.4530132893562802
2018-03-07,65.09,65.52857142857144,1.163664163628344
2018-03-08,63.87,64.99714285714285,0.8802597019380132
2018-03-09,65.19,64.87,0.7528390708946981
2018-03-12,64.53,64.91285714285713,0.7180695018747925
2018-03-13,64.2,64.9042857142857,0.7274580662101054
2018-03-14,63.61,64.59428571428572,0.7539641269722203
2018-03-15,63.67,64.30857142857143,0.6501904482894628
2018-03-16,64.68,64.25000000000001,0.5830666056857765
2018-03-19,64.82,64.38571428571429,0.5903913149438198
2018-03-20,66.0,64.50142857142858,0.8120638023251258
2018-03-21,68.15,65.01857142857143,1.6018679572236232
2018-03-22,68.98,65.70142857142858,2.127388293748792
2018-03-23,69.03,66.47571428571429,2.2234871796556916
2018-03-26,68.81,67.21000000000001,1.9776248380311008
2018-03-27,68.63,67.77428571428571,1.6759361278876652
2018-03-28,68.13,68.24714285714286,1.0556311585274647
2018-03-29,69.02,68.67857142857143,0.39388782545827955
2018-04-03,69.02,68.80285714285715,0.33164812103649255
2018-04-04,66.04,68.38285714285715,1.0822155405404572
2018-04-05,66.54,68.02714285714285,1.2327978245387505
2018-04-06,66.51,67.69857142857144,1.294339324022675
2018-04-09,68.19,67.63571428571429,1.251543808565698
2018-04-10,70.67,67.99857142857142,1.7048502238353094
2018-04-11,72.74,68.53,2.4799193535267823
2018-04-12,71.44,68.87571428571428,2.7169643424402388
2018-04-13,73.18,69.89571428571428,2.8134845366717594
2018-04-16,72.05,70.68285714285715,2.4676960529042486
2018-04-17,71.71,71.42571428571428,1.649069001413687
2018-04-18,73.73,72.21714285714286,1.0623827666390535
2018-04-19,74.85,72.81428571428572,1.2120348886986456
2018-04-20,74.62,73.08285714285715,1.3883048930924686
2018-04-23,74.54,73.5257142857143,1.2659496717572671
2018-04-24,75.86,73.90857142857143,1.5231045988510337
2018-04-25,73.79,74.15714285714286,1.293982409534182
2018-04-26,75.39,74.68285714285715,0.7792242784870098
2018-04-27,75.33,74.91142857142857,0.6816995567750417
2018-04-30,75.92,75.06428571428572,0.7786924327067943
2018-05-01,74.85,75.09714285714286,0.7614835144965693
2018-05-02,73.14,74.89714285714285,1.0582330286142807
2018-05-03,73.45,74.55285714285715,1.0844770519396296
2018-05-04,74.75,74.68999999999998,1.0313260072966517
2018-05-08,74.16,74.51428571428572,0.9963743798167041
2018-05-09,77.6,74.83857142857143,1.5317030670816476
2018-05-10,77.59,75.07714285714285,1.82935065242198
2018-05-11,77.37,75.43714285714285,2.0156695685346184
2018-05-14,78.17,76.1557142857143,1.9559640175850848
2018-05-15,78.94,76.94000000000001,1.78327414231761
2018-05-16,78.19,77.43142857142857,1.5360276535182023
2018-05-17,80.09,78.27857142857144,0.9572952970246545
2018-05-18,78.38,78.39,0.9093404202998873
2018-05-21,78.34,78.49714285714286,0.8409858160803086
2018-05-22,80.42,78.93285714285715,0.9435343887999151
2018-05-23,78.69,79.00714285714285,0.8925565208142231
2018-05-24,78.9,79.00142857142858,0.8931858442518014
2018-05-25,76.6,78.77428571428572,1.2605535443154432
2018-05-29,74.51,77.97714285714287,1.8946830366885261
2018-05-30,75.89,77.62142857142858,2.034989177458349
2018-05-31,76.45,77.35142857142857,2.0490927144404094
2018-06-01,74.54,76.51142857142858,1.7673655401114015
2018-06-04,73.41,75.75714285714285,1.8088459883352677
2018-06-05,72.91,74.90142857142858,1.4568508110673508
2018-06-06,73.23,74.42,1.3552736501018106
2018-06-07,75.23,74.52285714285715,1.3901164733637836
2018-06-08,75.11,74.41142857142857,1.2899150950254734
2018-06-11,74.58,74.14428571428572,0.9448431464652591
2018-06-12,74.86,74.19000000000001,0.9744571138128325
2018-06-13,75.07,74.42714285714285,0.9547899295224153
2018-06-14,74.77,74.69285714285715,0.6820731702077428
2018-06-15,72.02,74.52,1.1244554237467825
2018-06-18,74.87,74.46857142857142,1.0944013366712766
2018-06-19,74.92,74.44142857142856,1.0780758874222305
2018-06-20,74.25,74.39428571428572,1.0782216399032005
2018-06-21,72.87,74.11,1.19137175837792
2018-06-22,73.67,73.91,1.1186450136931874
2018-06-25,72.82,73.63142857142857,1.1115668906436098
2018-06-26,73.58,73.85428571428572,0.8633048349738568
2018-06-27,76.09,74.02857142857144,1.1708889581744457
2018-06-28,76.26,74.22,1.423259170587153
2018-06-29,77.44,74.67571428571429,1.8738450411089767
2018-07-02,76.71,75.2242857142857,1.8183770890792568
2018-07-03,75.87,75.53857142857143,1.6905958374807397
2018-07-04,76.99,76.13428571428571,1.2503713734011588
2018-07-05,77.09,76.63571428571429,0.5787301369557057
2018-07-06,74.98,76.47714285714285,0.8443086774689976
2018-07-09,77.08,76.5942857142857,0.8657724324290593
2018-07-10,77.8,76.64571428571428,0.9325030320347996
2018-07-11,75.35,76.45142857142856,1.0510221781865208
2018-07-12,72.11,75.91428571428571,1.962913286780963
2018-07-13,74.11,75.50285714285714,2.0013138541593336
2018-07-16,71.03,74.63714285714286,2.4587511347939714
2018-07-17,70.87,74.05,2.8264642223091867
2018-07-18,70.52,73.11285714285715,2.7406125488386057
2018-07-19,71.94,72.27571428571429,1.8058410519082098
2018-07-20,71.99,71.7957142857143,1.196102798574294
2018-07-23,73.45,71.98714285714286,1.3518717183417872
2018-07-24,73.53,71.9042857142857,1.2104524931159104
2018-07-25,73.67,72.28142857142856,1.3005694723374046
2018-07-26,74.51,72.80142857142857,1.3681182767006392
2018-07-27,74.84,73.41857142857143,1.1191727386967196
2018-07-30,74.99,73.85428571428572,1.038393906355344
2018-07-31,74.16,74.16428571428571,0.6343988530535843
2018-08-01,72.28,73.99714285714286,0.936264106000215
2018-08-02,72.95,73.91428571428571,1.0074531774508733
2018-08-03,72.48,73.74428571428572,1.1463690089826943
2018-08-06,72.51,73.45857142857143,1.172652670533145
2018-08-07,72.31,73.09714285714286,1.0604356696746187
2018-08-08,70.71,72.4857142857143,1.0202754063274886
2018-08-09,70.55,71.97,0.9423198324676136
2018-08-10,71.0,71.78714285714285,0.9948653893127335
2018-08-13,70.62,71.45428571428572,0.9285267388488792
2018-08-14,70.77,71.21000000000001,0.8338065323136463
2018-08-15,68.38,70.61999999999999,1.1585623274828956
2018-08-16,69.21,70.17714285714285,0.9842715459600825
2018-08-17,70.14,70.09571428571428,0.9560135484176614
2018-08-20,71.11,70.17571428571428,1.0215487774737346
2018-08-21,71.65,70.26857142857143,1.1324814725682764
2018-08-22,72.96,70.60285714285713,1.5293322539111867
2018-08-23,73.73,71.02571428571429,1.9378928173209844
2018-08-24,74.41,71.88714285714285,1.9057694359109483
2018-08-27,74.41,72.63000000000001,1.689506831394322
2018-08-28,75.91,73.4542857142857,1.679720781783734
2018-08-29,76.07,74.16285714285713,1.5684675566247155
2018-08-30,77.05,74.9342857142857,1.450055828151208
2018-08-31,76.94,75.50285714285714,1.3214980676679742
2018-09-03,77.81,76.08571428571427,1.3089417754129766
2018-09-04,77.51,76.52857142857144,1.1638789824147173
2018-09-05,76.68,76.85285714285715,0.6983483916947937
2018-09-06,75.67,76.81857142857143,0.755875399149798
2018-09-07,75.55,76.74428571428572,0.860074747577712
2018-09-10,76.77,76.70428571428572,0.8499383731115784
2018-09-11,78.22,76.88714285714286,1.0281166322533724
2018-09-12,80.02,77.20285714285714,1.5603174280198537
2018-09-13,77.66,77.22428571428573,1.5662572920034266
2018-09-14,77.87,77.39428571428572,1.5619096980151614
2018-09-17,78.22,77.75857142857141,1.379437428461081
2018-09-18,79.25,78.28714285714285,1.0652028646452956
2018-09-19,79.43,78.66714285714285,0.8945709266728566
2018-09-20,79.03,78.78285714285714,0.8793504095912331
2018-09-21,78.9,78.62285714285714,0.7004216417142559
2018-09-24,80.89,79.08428571428571,0.9717656977993936
2018-09-25,82.21,79.70428571428572,1.3705699196876246
2018-09-26,81.87,80.22571428571429,1.4056298367940243
2018-09-27,81.54,80.55285714285715,1.407180565118537
2018-09-28,82.72,81.02285714285713,1.514944600586792
2018-10-01,84.94,81.86714285714287,1.832718511623269
2018-10-02,85.63,82.82857142857142,1.7812863195932032
2018-10-03,85.45,83.48,1.7879783742135305
2018-10-04,86.07,84.03142857142858,1.921279335677812
2018-10-05,85.12,84.49571428571429,1.6907676475741071
2018-10-08,84.22,84.87857142857142,1.1154883619752078
2018-10-09,85.16,85.22714285714285,0.5824006148504088
2018-10-10,83.82,85.06714285714285,0.7909427768038728
2018-10-11,81.35,84.4557142857143,1.5618883564721617
2018-10-12,80.71,83.77857142857142,2.0194506560867946
2018-10-15,80.91,83.04142857142857,1.9850896585216953
2018-10-16,80.53,82.38571428571427,1.941673308794352
2018-10-17,79.91,81.77,1.9464240716391088
2018-10-18,80.3,81.07571428571428,1.2926698101545924
2018-10-19,80.38,80.5842857142857,0.46338814337303497
2018-10-22,80.45,80.4557142857143,0.31737764795079404
2018-10-23,78.67,80.16428571428571,0.7227230253831267
2018-10-24,77.34,79.65428571428572,1.2064943312834993
2018-10-25,77.3,79.19285714285715,1.415341116544481
2018-10-26,77.4,78.83428571428571,1.5176281619969814
2018-10-29,77.56,78.44285714285715,1.427243430363276
2018-10-30,75.68,77.77142857142857,1.4689727541287683
2018-10-31,74.84,76.97,1.2825625390829187
2018-11-01,71.25,75.91,2.303367100570978
2018-11-02,71.11,75.02,2.807234701028738
2018-11-05,72.68,74.36,2.723704585056952
2018-11-06,70.64,73.39428571428572,2.6639560628426295
2018-11-07,70.1,72.32857142857142,2.1652130655070176
2018-11-08,69.29,71.41571428571429,1.8392286167730916
2018-11-09,69.01,70.58285714285715,1.2584873762521704
2018-11-12,69.81,70.37714285714286,1.248915720209409
2018-11-13,65.45,69.56857142857143,2.180286132378909
2018-11-14,64.88,68.45428571428572,2.3141654877641527
2018-11-15,65.61,67.73571428571428,2.3032719997340982
2018-11-16,65.29,67.04857142857142,2.1953316269708676
2018-11-19,64.14,66.31285714285715,2.181885379556369
2018-11-20,61.5,65.24000000000001,2.4629115561326986
2018-11-21,61.65,64.07428571428571,1.7741933109898813
2018-11-22,61.11,63.45428571428572,1.961724217305174
2018-11-23,57.69,62.42714285714286,2.795810641452215
2018-11-26,59.7,61.582857142857144,2.5565713647105452
2018-11-27,59.58,60.76714285714286,2.0341723483663827
2018-11-28,57.97,59.88571428571429,1.624631826424173
2018-11-29,58.29,59.42714285714286,1.544071611959492
2018-11-30,57.71,58.864285714285714,1.2970974923899437
2018-12-03,60.17,58.73,1.0512056570128365
2018-12-04,61.22,59.23428571428571,1.2889641466816373
2018-12-05,61.4,59.47714285714285,1.529114278329934
2018-12-06,57.83,59.22714285714286,1.6479352160181022
2018-12-07,61.71,59.76142857142857,1.7738886527577702
2018-12-10,60.29,60.047142857142866,1.6544355964675055
2018-12-11,59.73,60.33571428571428,1.321512481248932
2018-12-12,59.94,60.30285714285714,1.3291565531789826
2018-12-13,59.03,59.99,1.3350280895927538
2018-12-14,58.56,59.58428571428572,1.264803767953944
2018-12-17,57.59,59.55,1.3222329598077411
2018-12-18,55.26,58.628571428571426,1.7457131166708884
2018-12-19,55.6,57.95857142857143,1.8953753240586748
2018-12-20,52.84,56.97428571428571,2.511134253300437
2018-12-21,51.93,55.83,2.748284313289087
2018-12-27,51.49,54.75285714285714,2.7626178061508986
2018-12-28,50.57,53.61142857142857,2.5714550263200247
2019-01-02,54.06,53.107142857142854,1.926410429493938
2019-01-03,53.23,52.81714285714286,1.6861169817650654
2019-01-04,55.64,52.82285714285714,1.6971516754638825
2019-01-07,57.1,53.431428571428576,2.3446067799071635
2019-01-08,56.91,54.142857142857146,2.5588520491675677
2019-01-09,59.46,55.28142857142858,2.928204390473029
2019-01-10,60.47,56.69571428571429,2.651055495099824
2019-01-11,59.24,57.43571428571429,2.5120301029443395
2019-01-14,58.8,58.23142857142857,1.712838079246586
2019-01-15,58.65,58.66142857142857,1.2759496929935064
2019-01-16,59.81,59.04857142857143,1.125484022861574
2019-01-17,59.85,59.46857142857143,0.6369570517047687
2019-01-18,62.04,59.83714285714285,1.1615752850586478
2019-01-21,62.18,60.08142857142857,1.4586686689293367
2019-01-22,60.9,60.31857142857143,1.43379948123251
2019-01-23,61.05,60.63999999999999,1.280650876182945
2019-01-24,61.09,60.98857142857143,0.9338348992455249
2019-01-25,61.49,61.228571428571435,0.784377217318789
2019-01-28,59.71,61.208571428571425,0.8260635280546591
2019-01-29,60.98,61.057142857142864,0.7410288857561843
2019-01-30,61.89,61.01571428571429,0.6727519885489028
2019-01-31,62.46,61.238571428571426,0.8602795780338466
2019-02-01,61.86,61.354285714285716,0.8848136742254346
2019-02-04,62.26,61.521428571428565,0.9356179521481686
2019-02-05,61.67,61.54714285714285,0.9370826054968555
2019-02-06,62.22,61.90571428571429,0.4909805543630702
2019-02-07,61.01,61.910000000000004,0.4815945736136294
2019-02-08,61.37,61.83571428571429,0.5234773838757262
2019-02-11,61.3,61.67,0.4742010825246655
2019-02-12,62.58,61.77285714285714,0.5869615059990286
2019-02-13,63.27,61.917142857142856,0.8088616339386482
2019-02-14,64.0,62.25,1.1125945652695017
2019-02-15,65.65,62.739999999999995,1.6983128883297536
2019-02-18,66.41,63.51142857142857,1.9839306823527827
2019-02-19,65.86,64.15285714285714,1.900260633752625
2019-02-20,66.82,64.94142857142857,1.6476187723641103
2019-02-21,66.91,65.55999999999999,1.4088056407226557
2019-02-22,66.91,66.08,1.048332008477442
2019-02-25,64.02,66.08285714285714,1.0417247602840316
2019-02-26,64.51,65.91999999999999,1.19805397763697
2019-02-27,65.55,65.79714285714286,1.1834372858425188
2019-02-28,65.03,65.67857142857143,1.2171884073742159
2019-03-01,63.71,65.23428571428572,1.2961463027351654
2019-03-04,64.44,64.88142857142857,1.0825345040135883
2019-03-05,64.24,64.5,0.6203762299329886
2019-03-06,64.51,64.57000000000001,0.5837522305446294
2019-03-07,64.82,64.61428571428571,0.5901654328189492
2019-03-08,65.66,64.63,0.6199462342271828
2019-03-11,65.06,64.63428571428572,0.6232671215145512
2019-03-12,65.33,64.86571428571429,0.5140641056919967
2019-03-13,65.89,65.07285714285715,0.5990468619866383
2019-03-14,66.18,65.35,0.5982752989486393
2019-03-15,66.11,65.57857142857144,0.5250215415068712
2019-03-18,66.65,65.84,0.5397530299422434
2019-03-19,67.13,66.05,0.7154252814457431
2019-03-20,68.35,66.52,0.986120344243781
2019-03-21,68.3,66.94428571428571,1.0268699551354217
2019-03-22,66.29,67.00142857142858,0.967857230714068
2019-03-25,67.37,67.17142857142856,0.9017839462488155
2019-03-26,67.51,67.37142857142858,0.7732276200309012
2019-03-27,67.35,67.47142857142858,0.7067868271588457
2019-03-28,66.08,67.32142857142857,0.8812193932530943
2019-03-29,67.93,67.26142857142857,0.8110164110826543
2019-04-01,69.08,67.37285714285714,1.0073184581790324
2019-04-02,69.68,67.85714285714286,1.1969922623759592
2019-04-03,69.21,68.12,1.2718752559366646
2019-04-04,69.8,68.44714285714285,1.3788366386876953
2019-04-05,69.93,68.8157142857143,1.3815071135389811
2019-04-08,71.12,69.53571428571429,0.9702380660221546
2019-04-09,71.02,69.97714285714287,0.8071495996324041
2019-04-10,71.63,70.34142857142857,0.904349279340512
2019-04-11,71.3,70.57285714285715,0.9141063812196275
2019-04-12,71.57,70.91,0.7477521871108944
2019-04-15,70.9,71.06714285714285,0.570079359551099
2019-04-16,70.74,71.18285714285715,0.3342012510241962
2019-04-17,71.14,71.18571428571428,0.33365936435866994
2019-04-18,70.71,71.14142857142856,0.3770688960609647
2019-04-22,70.71,71.00999999999999,0.3365511352861757
2019-04-23,74.39,71.45142857142858,1.3326593534645268
2019-04-24,73.59,71.74,1.561644432426515
2019-04-25,74.94,72.31714285714285,1.9076662381521574
2019-04-26,71.03,72.35857142857142,1.8704939505496199
2019-04-29,71.22,72.36999999999999,1.8620329391989192
2019-04-30,72.19,72.58142857142857,1.7207985410973072
2019-05-01,72.01,72.76714285714286,1.5464875717310906
2019-05-02,70.56,72.22,1.5541342713319528
2019-05-03,71.95,71.9857142857143,1.4320015961666543
2019-05-06,71.95,71.55857142857143,0.6191507240108061
2019-05-07,70.98,71.55142857142857,0.6265096054409505
2019-05-08,71.09,71.53285714285714,0.6397581388196433
2019-05-09,70.61,71.30714285714286,0.6479381216747606
2019-05-10,71.63,71.25285714285714,0.5928100956625493
2019-05-13,72.35,71.50857142857144,0.6290847471073534
2019-05-14,72.53,71.59142857142857,0.7274253357170638
2019-05-15,73.09,71.75428571428571,0.9225301646869276
2019-05-16,74.7,72.28571428571429,1.3666974444832427
2019-05-17,73.94,72.69285714285715,1.3756054943861593
2019-05-20,73.21,73.06428571428572,1.0260905928604085
2019-05-21,72.94,73.25142857142858,0.8195817748760058
2019-05-22,71.94,73.19285714285714,0.9049440919296946
2019-05-23,68.37,72.59857142857143,2.0519050381801947
2019-05-24,67.98,71.86857142857143,2.665248134610173
2019-05-28,70.19,71.22428571428571,2.3984776918059887
2019-05-29,70.64,70.75285714285714,2.0787312980565384
2019-05-30,69.55,70.23,1.7991850006775232
2019-05-31,66.78,69.35,1.7587874611021521
2019-06-03,63.16,68.0957142857143,2.5545831828485825
2019-06-04,63.56,67.40857142857143,3.0645196935864036
2019-06-05,62.14,66.57428571428571,3.6264484790807385
2019-06-06,62.77,65.5142857142857,3.4746887493358245
2019-06-07,64.1,64.58,2.6475712140248304
2019-06-10,64.31,63.83142857142857,1.5004047073087625
2019-06-11,63.56,63.371428571428574,0.7534018089403265
2019-06-12,61.66,63.15714285714286,0.9973751264481867
2019-06-13,63.28,63.11714285714286,0.9840513923863726
2019-06-14,63.13,63.25857142857143,0.8865180684648345
2019-06-17,62.56,63.228571428571435,0.9090733115181844
2019-06-18,63.35,63.121428571428574,0.8300086058076145
2019-06-19,62.85,62.91285714285714,0.6441975443844882
2019-06-20,65.44,63.18142857142857,1.15128086019355
2019-06-21,65.99,63.800000000000004,1.3445941147176619
2019-06-24,65.16,64.06857142857143,1.4096031187468496
2019-06-25,66.24,64.51285714285714,1.547812588630634
2019-06-26,66.85,65.12571428571428,1.4940867572181242
2019-06-27,66.78,65.61571428571428,1.3721377134825012
2019-06-28,67.52,66.28285714285714,0.8324805160017552
2019-07-01,65.1,66.2342857142857,0.897252419757491
2019-07-02,62.72,65.76714285714286,1.6121074642186564
2019-07-03,63.53,65.5342857142857,1.8188811317476834
2019-07-04,63.62,65.16,1.9164115772277925
2019-07-05,64.23,64.78571428571429,1.782506261259179
2019-07-08,64.89,64.51571428571428,1.5592397414856805
2019-07-09,64.3,64.05571428571429,0.8293543099475569
2019-07-10,66.41,64.24285714285715,1.1785544010313613
2019-07-11,67.64,64.94571428571429,1.5328280741040197
2019-07-12,66.65,65.39142857142858,1.505937455224128
2019-07-15,66.86,65.85428571428572,1.3617495749075776
2019-07-16,65.87,66.08857142857143,1.1621736613116667
2019-07-17,63.67,65.91428571428573,1.4320248734202468
2019-07-18,60.7,65.4,2.4164574622090824
2019-07-19,61.04,64.63285714285715,2.854982278320392
2019-07-22,61.96,63.82142857142857,2.658253991949298
2019-07-23,62.28,63.19714285714286,2.382048937964444
2019-07-24,63.83,62.76428571428572,1.812795788672616
2019-07-25,63.47,62.42142857142857,1.2745643513432519
2019-07-26,62.46,62.24857142857143,1.1532913562416882
2019-07-29,62.29,62.47571428571428,0.933003343025077
2019-07-30,62.55,62.69142857142857,0.6881721822201025
2019-07-31,64.07,62.99285714285714,0.7714642848879144
2019-08-01,62.9,63.08142857142856,0.7090469794365218
2019-08-02,61.12,62.694285714285705,0.9357858932981734
2019-08-05,59.32,62.10142857142857,1.5043207611350242
2019-08-06,58.63,61.55428571428571,1.975034659129573
2019-08-07,55.03,60.51714285714286,3.1064433804903215
2019-08-08,56.29,59.62285714285714,3.3175780035329847
2019-08-09,57.37,58.66571428571428,2.7362800608547255
2019-08-12,57.13,57.84142857142858,2.0247010361328055
2019-08-13,59.9,57.667142857142856,1.725907628716033
2019-08-14,57.86,57.45857142857143,1.5744462367397973
2019-08-15,57.37,57.27857142857143,1.4878443979073204
2019-08-16,59.0,57.84571428571429,1.2205034090208597
2019-08-19,59.79,58.34571428571428,1.1935780541846834
2019-08-20,59.03,58.582857142857144,1.1306593103995053
2019-08-21,60.6,59.07857142857142,1.1480625501469808
2019-08-22,59.81,59.065714285714286,1.1377881633961051
2019-08-23,58.64,59.17714285714286,1.0334362467964817
2019-08-26,58.64,59.35857142857143,0.7303293451472338
2019-08-27,58.44,59.278571428571425,0.8031900682382475
2019-08-28,60.42,59.368571428571435,0.8995633861582619
2019-08-29,60.59,59.59142857142857,0.9903606846580758
2019-08-30,61.04,59.65428571428572,1.075358190603175
2019-09-02,58.55,59.47428571428572,1.1479526288560087
2019-09-03,57.93,59.372857142857136,1.259863938232766
2019-09-04,60.68,59.66428571428571,1.29747006571661
2019-09-05,62.7,60.27285714285714,1.592939780047869
2019-09-06,61.28,60.395714285714284,1.638687047027892
2019-09-09,63.99,60.88142857142857,2.134693019081624
2019-09-10,64.67,61.39999999999999,2.5751116480652434
2019-09-11,63.02,62.03857142857144,2.2889111572350918
2019-09-12,60.76,62.44285714285714,1.5835057550231058
2019-09-13,61.25,62.52428571428572,1.4896180398889807
2019-09-16,68.42,63.34142857142858,2.6885028582927037
2019-09-17,65.59,63.957142857142856,2.630625491435568
2019-09-18,64.29,64.0,2.6336919587023577
2019-09-19,64.25,63.940000000000005,2.6206360551082803
2019-09-20,65.23,64.25571428571429,2.6244482413316126
2019-09-23,64.66,64.81285714285714,2.125125206395359
2019-09-24,64.13,65.22428571428571,1.5102081218918713
2019-09-25,62.41,64.36571428571429,1.019147636391248
2019-09-26,62.08,63.864285714285714,1.168872065181675
2019-09-27,62.48,63.605714285714285,1.2559572331209552
2019-09-30,60.99,63.14,1.5477510566411485
2019-10-01,60.06,62.40142857142856,1.6162242890087057
2019-10-02,57.92,61.43857142857143,2.006883392821336
2019-10-03,58.01,60.56428571428571,1.9717239254258492
2019-10-04,59.13,60.09571428571428,1.8457054400500215
2019-10-07,59.46,59.721428571428575,1.6292066430370669
2019-10-08,58.14,59.10142857142857,1.1637787385852303
2019-10-09,59.7,58.917142857142856,0.8831895660196415
2019-10-10,59.08,58.77714285714286,0.7374893058158105
2019-10-11,60.59,59.15857142857143,0.8941183473398102
2019-10-14,58.81,59.27285714285715,0.7645851660818972
2019-10-15,59.19,59.28142857142857,0.7630515179525049
2019-10-16,59.3,59.25857142857143,0.7591975713758339
2019-10-17,59.35,59.43142857142857,0.5782568221671863
2019-10-18,59.96,59.46857142857143,0.6060645887330915
2019-10-21,58.95,59.449999999999996,0.6217448565678678
2019-10-22,60.5,59.43714285714286,0.5945786823673928
2019-10-23,60.52,59.68142857142857,0.6432580760338704
2019-10-24,61.71,60.041428571428575,0.9529852844523162
2019-10-25,62.06,60.43571428571429,1.14642716214193
2019-10-28,60.39,60.58428571428572,1.0451930785410308
2019-10-29,61.05,60.74,1.0175133086769823
2019-10-30,60.22,60.92142857142857,0.7127278248969455
2019-10-31,59.3,60.75,0.9392905123911944
2019-11-01,60.17,60.7,0.9626006440894714
2019-11-04,62.52,60.815714285714286,1.1371141417773305
2019-11-05,62.72,60.910000000000004,1.276322843171501
2019-11-06,62.11,61.15571428571429,1.3241960723761894
2019-11-07,62.6,61.37714285714286,1.4290173113687872
2019-11-08,62.0,61.63142857142857,1.3446737965204492
2019-11-11,62.58,62.1,0.8922070013927496
2019-11-12,62.19,62.388571428571424,0.28180540398487797
2019-11-13,62.27,62.35285714285715,0.2781914380265591
2019-11-14,62.46,62.315714285714286,0.23500759866309717
2019-11-15,63.32,62.48857142857143,0.4259275592340069
2019-11-18,62.82,62.519999999999996,0.4432832051868646
2019-11-19,62.37,62.57285714285714,0.389774049321563
2019-11-20,63.8,62.74714285714286,0.6061824336433621
2019-11-21,64.99,63.14714285714286,0.9835939928942343
2019-11-22,64.83,63.512857142857136,1.0747978769009592
2019-11-25,64.67,63.82857142857143,1.0379375153228128
2019-11-26,64.82,64.04285714285714,1.0697930373942726
2019-11-27,65.03,64.35857142857142,0.970230704032609
2019-11-28,64.68,64.68857142857142,0.4152681291015141
2019-11-29,64.5,64.78857142857143,0.1873880618238418
2019-12-02,63.2,64.53285714285714,0.6104565036569369
2019-12-03,62.95,64.26428571428572,0.8314817525128984
2019-12-04,65.25,64.34714285714286,0.9043545448866422
2019-12-05,65.67,64.46857142857142,1.0271551095368008
2019-12-06,66.5,64.67857142857143,1.2801748392494956
2019-12-09,66.44,64.92999999999999,1.4429830213830472
2019-12-10,66.57,65.22571428571429,1.5484277740431396
2019-12-11,65.37,65.53571428571429,1.2669103775569144
2019-12-12,66.67,66.06714285714285,0.6129359478687496
2019-12-13,67.44,66.38,0.681420085800599
2019-12-16,68.04,66.71857142857144,0.8401473793606977
2019-12-17,68.99,67.07428571428571,1.1875023809495213
2019-12-18,69.12,67.45714285714287,1.3673296881839418
2019-12-19,69.7,67.9042857142857,1.530869656358904
2019-12-20,68.66,68.37428571428572,1.0538478249223464
2019-12-23,67.49,68.49142857142857,0.8607056905310667
2019-12-24,69.26,68.75142857142858,0.7590438847957164
2019-12-26,69.26,68.92571428571429,0.70672618796814
2019-12-27,68.91,68.91428571428571,0.7061599710830291
2019-12-30,68.3,68.79714285714286,0.7338191031777619
2019-12-31,67.77,68.52142857142857,0.6998435199237248
2020-01-02,67.05,68.29142857142857,0.8864052604270142
2020-01-03,69.08,68.51857142857143,0.8497730789525872
2020-01-06,70.25,68.66,1.052045626386137
2020-01-07,68.74,68.58571428571427,1.02050407712405
2020-01-08,67.31,68.35714285714286,1.1109412568578183
2020-01-09,66.58,68.11142857142856,1.299838817846055
2020-01-10,66.77,67.96857142857142,1.395079789490971
2020-01-13,64.14,67.55285714285715,2.011713318589217
2020-01-14,64.45,66.89142857142858,2.1800262121619975
2020-01-15,63.29,65.89714285714287,1.9699891225224448
2020-01-16,64.63,65.30999999999999,1.5489673979783847
2020-01-17,64.05,64.8442857142857,1.3206798393613088
2020-01-20,64.63,64.56571428571428,1.0766592952719825
2020-01-21,63.66,64.12142857142857,0.5057808672882389
2020-01-22,62.11,63.83142857142856,0.9121116264187888
2020-01-23,61.26,63.37571428571429,1.275903041547248
2020-01-24,59.34,62.811428571428564,1.9924141852826482
2020-01-27,58.54,61.94142857142857,2.361422089698486
2020-01-28,59.37,61.27285714285715,2.327199420517968
2020-01-29,59.46,60.534285714285716,1.8570932227806012
2020-01-30,57.72,59.685714285714276,1.5167053893548579
2020-01-31,57.77,59.065714285714286,1.2182207947515316
2020-02-03,54.0,58.028571428571425,1.9244603448892643
2020-02-04,53.9,57.25142857142857,2.3565117481251194
2020-02-05,55.36,56.79714285714285,2.373160440466424
2020-02-06,55.18,56.19857142857143,2.1322478637310365
2020-02-07,54.53,55.49428571428571,1.6306425844127208
2020-02-10,53.39,54.875714285714295,1.4577249070956995
2020-02-11,54.0,54.33714285714286,0.7198776351084443
2020-02-12,55.54,54.55714285714286,0.8270170148567403
2020-02-13,56.34,54.90571428571429,0.9999976190474077
2020-02-14,57.37,55.19285714285714,1.3716864836867482
2020-02-17,57.83,55.57142857142857,1.6951049974517436
2020-02-18,57.35,55.97428571428572,1.7408317661681068
2020-02-19,59.72,56.878571428571426,1.817080337350345
2020-02-20,59.57,57.67428571428571,1.5457560948499633
2020-02-21,58.6,58.111428571428576,1.2450090839232097
2020-02-24,56.71,58.16428571428571,1.1623805622223036
2020-02-25,55.29,57.86714285714286,1.5874162895076664
2020-02-26,54.96,57.457142857142856,1.9318705467830448
2020-02-27,52.19,56.720000000000006,2.7785007947940286
2020-02-28,51.31,55.51857142857143,3.068237434160845
2020-03-02,52.52,54.511428571428574,2.644537946860741
2020-03-03,52.24,53.60285714285714,2.02591308044786
2020-03-04,51.86,52.910000000000004,1.5625193332157337
2020-03-05,51.29,52.33857142857143,1.2465342430331312
2020-03-06,45.6,51.00142857142857,2.427065639626344
2020-03-09,35.33,48.59285714285715,6.310260729652848
2020-03-10,35.57,46.34428571428572,7.807429916737738
2020-03-11,34.45,43.762857142857136,8.390708580102238
2020-03-12,31.02,40.73142857142857,8.646921279800113
2020-03-13,32.25,37.93,7.547284279793221
2020-03-16,27.98,34.6,5.547666175971264
2020-03-17,27.97,32.08142857142857,3.2458713702791524
2020-03-18,22.79,30.29,4.406945276116381
2020-03-19,23.98,28.634285714285713,4.267610014763989
2020-03-20,25.55,27.36285714285714,3.5035587349926205
2020-03-23,23.75,26.32428571428571,3.311021278213372
2020-03-24,24.5,25.217142857142854,2.0579416438626685
2020-03-25,25.62,24.88,1.6903648521410632
2020-03-26,23.55,24.24857142857143,1.0467318754430335
2020-03-27,22.39,24.19142857142857,1.1458538093499766
2020-03-30,19.19,23.50714285714286,2.219975332343071
2020-03-31,14.85,21.978571428571428,3.741365297018768
2020-04-01,14.97,20.724285714285713,4.45264661799975
2020-04-02,20.24,20.115714285714287,4.130019601017036
2020-04-03,24.33,19.931428571428572,3.863670226490704
2020-04-06,22.58,19.792857142857144,3.7272452485556036
2020-04-07,22.1,19.75142857142857,3.695039145359287
2020-04-08,25.22,20.61285714285714,4.209424799527828
2020-04-09,20.23,21.381428571428575,3.3940311753238173
2020-04-14,21.74,22.348571428571425,1.89698382150968
2020-04-15,19.8,22.285714285714285,1.9837998651032789
2020-04-16,18.69,21.479999999999997,2.1532378719861955
2020-04-17,19.75,21.075714285714287,2.177818917659996
2020-04-20,17.36,20.398571428571426,2.5167798776221626
2020-04-21,9.12,18.09857142857143,4.182006809225092
2020-04-22,13.77,17.175714285714285,4.342943921441592
2020-04-23,15.06,16.22142857142857,3.8823507851651797
2020-04-24,15.87,15.66,3.548398699886851
2020-04-27,15.17,15.157142857142857,3.287246640612185
2020-04-28,15.6,14.564285714285715,2.629238528190466
2020-04-29,17.86,14.635714285714286,2.7229693176361347
2020-04-30,18.11,15.92,1.5593374661562382
2020-05-01,18.49,16.594285714285714,1.4938190111657144
2020-05-04,20.4,17.357142857142858,1.8905353235388884
2020-05-05,25.46,18.72714285714286,3.458109860826806
2020-05-06,24.2,20.017142857142858,3.591688155943794
2020-05-07,24.23,21.25,3.291372560704093
2020-05-11,25.53,22.345714285714283,3.251178540896182
2020-05-12,26.67,23.568571428571428,2.9919749808004035
2020-05-13,27.89,24.91142857142857,2.3794777338178372
2020-05-14,29.87,26.264285714285716,2.057278600023611
2020-05-15,30.95,27.048571428571428,2.65824772216594
2020-05-18,33.3,28.34857142857143,3.202438802808424
2020-05-19,33.06,29.609999999999996,3.044946633361267
2020-05-20,34.76,30.928571428571427,2.98149531036554
2020-05-21,34.78,32.08714285714286,2.60249696949051
2020-05-22,33.8,32.93142857142857,1.8693174206281775
2020-05-26,33.95,33.51428571428571,1.3072344490480527
2020-05-27,32.73,33.76857142857143,0.8000089285315589
2020-05-28,33.98,33.86571428571428,0.77450752402916
2020-05-29,34.15,34.02142857142857,0.6905415404328769
2020-06-01,36.74,34.30428571428571,1.2346505192877661
2020-06-02,37.72,34.72428571428571,1.7959292594023093
2020-06-03,37.98,35.32142857142857,2.1056070270580056
2020-06-04,38.41,35.958571428571425,2.288313997771224
2020-06-05,41.0,37.14,2.471173810158677
2020-06-08,39.66,37.951428571428565,2.17547258139345
2020-06-09,40.45,38.85142857142857,1.5555323694459775
2020-06-10,41.18,39.48571428571428,1.4529264393313857
2020-06-11,37.76,39.49142857142857,1.4448809474811029
2020-06-12,38.54,39.57142857142857,1.3602748321793334
2020-06-15,39.44,39.71857142857142,1.2661546584285972
2020-06-16,40.75,39.68285714285714,1.2269027981887208
2020-06-17,40.47,39.79857142857143,1.26208067058346
2020-06-18,41.75,39.98428571428571,1.454840852043476
2020-06-19,42.33,40.14857142857143,1.6624823665411368
2020-06-22,43.2,40.925714285714285,1.6310207145958584
2020-06-23,42.72,41.52285714285714,1.3535843070168896
2020-06-24,40.4,41.660000000000004,1.1390054140982742
2020-06-25,41.18,41.721428571428575,1.092389255588915
2020-06-26,40.97,41.792857142857144,1.0101767879281953
2020-06-29,41.58,41.76857142857143,1.0134171331322959
2020-06-30,41.64,41.67,0.9828021164058645
2020-07-01,42.18,41.52428571428571,0.7709270856835226
2020-07-02,43.19,41.59142857142857,0.9017839462566247
2020-07-03,42.92,41.95142857142857,0.8483008226602149
2020-07-06,42.73,42.17285714285714,0.8150197193128199
2020-07-07,43.28,42.50285714285714,0.707359274250781
2020-07-08,43.67,42.80142857142857,0.6938642655872458
2020-07-09,42.35,42.902857142857144,0.5278167070127069
2020-07-10,43.27,43.05857142857143,0.4309071273396867
2020-07-13,42.85,43.01,0.4327817001806011
2020-07-14,42.97,43.01714285714286,0.43145931774427027
2020-07-15,43.96,43.19285714285714,0.5334389776424917
2020-07-16,43.71,43.25428571428571,0.5687371139401746
2020-07-17,43.53,43.23428571428571,0.55395117544149
2020-07-20,43.3,43.370000000000005,0.39467286032574445
2020-07-21,44.31,43.51857142857143,0.524989795829644
2020-07-22,43.98,43.68,0.4540925016016965
2020-07-23,42.96,43.67857142857143,0.4567066371226059
2020-07-24,43.29,43.582857142857144,0.45810167306841004
2020-07-27,43.39,43.53714285714286,0.4592644222392643
2020-07-28,43.11,43.47714285714285,0.48695360100813956
2020-07-29,43.51,43.50714285714285,0.48064936235761263
2020-07-30,42.98,43.317142857142855,0.3574779380626707
2020-07-31,43.13,43.19571428571429,0.20783464125684362
2020-08-03,43.76,43.309999999999995,0.2678930134918301
2020-08-04,43.99,43.410000000000004,0.3702701716463521
2020-08-05,44.92,43.628571428571426,0.679201211516292
2020-08-06,45.04,43.90428571428572,0.8122983266259685
2020-08-07,44.07,43.98428571428572,0.7943730681734551
2020-08-10,44.19,44.15714285714286,0.6596391510018647
2020-08-11,43.68,44.23571428571429,0.5385430079753944
2020-08-12,45.09,44.425714285714285,0.5760456331221468
2020-08-13,44.87,44.55142857142857,0.5609345942782293
2020-08-14,44.86,44.542857142857144,0.5547886770662707
2020-08-17,44.91,44.52428571428571,0.5372726540336665
2020-08-18,45.34,44.705714285714286,0.571630916564432
2020-08-19,45.21,44.85142857142857,0.5477660258339656
2020-08-20,44.56,44.97714285714285,0.2589539396637938
2020-08-21,43.94,44.81285714285714,0.46121991450299216
2020-08-24,44.43,44.75,0.4816637831624559
2020-08-25,46.01,44.91428571428571,0.6805110124792425
2020-08-26,45.79,45.040000000000006,0.7566152699205111
2020-08-27,44.84,44.96857142857142,0.7471150864433201
2020-08-28,45.22,44.970000000000006,0.7476630257076089
2020-09-01,45.72,45.135714285714286,0.7698670262489554
2020-09-02,42.7,44.95857142857143,1.143057720498494
2020-09-03,42.72,44.714285714285715,1.423234077060281
2020-09-04,41.1,44.01285714285715,1.8300156127388383
2020-09-07,40.67,43.28142857142857,2.015162760769487
2020-09-08,38.53,42.38,2.543757063874541
2020-09-09,39.98,41.631428571428565,2.330811221955348
2020-09-10,39.27,40.71,1.6079386389657992
2020-09-11,38.8,40.152857142857144,1.4735412479929517
2020-09-14,38.57,39.56,1.0394549854033117
2020-09-15,39.54,39.33714285714286,0.7920377576460983
2020-09-16,41.23,39.41714285714285,0.9596477528432059
2020-09-17,42.35,39.962857142857146,1.3696436797710287
2020-09-18,42.16,40.27428571428572,1.6022781400580806
2020-09-21,40.37,40.43142857142857,1.540102037440035
2020-09-22,40.84,40.722857142857144,1.3627388388351045
2020-09-23,41.09,41.08285714285715,0.9776794683685739
2020-09-24,41.24,41.325714285714284,0.7031561501123033
2020-09-25,40.91,41.279999999999994,0.720601600524781
2020-09-28,41.59,41.17142857142857,0.5750776345212467
2020-09-29,40.33,40.910000000000004,0.4539823785263105
2020-09-30,40.3,40.9,0.46840153715846394
2020-10-01,39.75,40.74428571428571,0.6410371061343225
2020-10-02,38.0,40.30285714285714,1.1911579000577033
2020-10-05,39.78,40.09428571428571,1.125742083297984
2020-10-06,41.27,40.145714285714284,1.176305758766852
2020-10-07,40.62,40.00714285714286,1.0252432928513622
2020-10-08,42.0,40.24571428571429,1.2764254403507749
2020-10-09,41.63,40.43571428571429,1.380589936020552
2020-10-12,40.5,40.542857142857144,1.347203452663978
2020-10-13,41.34,41.019999999999996,0.7599780698671481
2020-10-14,41.81,41.31,0.572013985853637
2020-10-15,41.61,41.35857142857143,0.5823924384752003
2020-10-16,41.34,41.46142857142858,0.48577870722483346
2020-10-19,41.29,41.36000000000001,0.4248921431910337
2020-10-20,41.62,41.35857142857143,0.42384858034415523
2020-10-21,40.09,41.300000000000004,0.5665686189793504
2020-10-22,41.28,41.29142857142857,0.5663164183797419
2020-10-23,40.71,41.13428571428572,0.5508435090303174
2020-10-26,39.06,40.769999999999996,0.909945053293037
2020-10-27,39.72,40.53857142857142,0.9461047963766405
2020-10-28,37.86,40.048571428571435,1.3102217187918346
2020-10-29,36.56,39.32571428571429,1.650412646817512
2020-10-30,36.33,38.78857142857142,1.9456655122933824
2020-11-02,37.78,38.28857142857142,1.6214029786149668
2020-11-03,38.17,37.925714285714285,1.224933428711935
2020-11-04,39.68,38.01428571428572,1.3378322907260312
2020-11-05,39.47,37.978571428571435,1.2870823409537535
2020-11-06,38.08,38.01,1.286390298476331
2020-11-09,40.93,38.63428571428572,1.5069047430994358
2020-11-10,42.25,39.480000000000004,1.6523518592236524
2020-11-11,42.5,40.15428571428571,1.7995078692357502
2020-11-12,42.16,40.72428571428571,1.695119043442397
2020-11-13,41.51,40.98571428571428,1.6476736847570643
2020-11-16,42.71,41.44857142857143,1.605463884902548
2020-11-17,42.54,42.08571428571429,0.6412710592567834
2020-11-18,42.91,42.36857142857143,0.4566336449779763
2020-11-19,43.09,42.48857142857143,0.5254657797857119
2020-11-20,43.79,42.67285714285714,0.720247973179071
2020-11-23,45.0,43.07857142857142,1.0887979391935607
2020-11-24,46.63,43.809999999999995,1.5011218027453532
2020-11-25,47.3,44.465714285714284,1.8921139601265216
2020-11-26,46.32,45.005714285714284,1.787426988188713
2020-11-27,46.88,45.57285714285714,1.6349690546104025
2020-11-30,46.84,46.10857142857143,1.2563761189987992
2020-12-01,47.03,46.57142857142857,0.7576813000135545
2020-12-02,47.8,46.971428571428575,0.4768797392669826
2020-12-03,48.37,47.21999999999999,0.6796322535084129
2020-12-04,49.1,47.47714285714286,0.9862845141570085
2020-12-07,48.63,47.807142857142864,0.9187258257313478
2020-12-08,48.84,48.08714285714285,0.8871999828292724
2020-12-09,48.81,48.36857142857143,0.7228976085098444
2020-12-10,50.33,48.839999999999996,0.7783743743692428
2020-12-11,50.01,49.15571428571429,0.7331179337390238
2020-12-14,50.27,49.42714285714286,0.7453570572986257
2020-12-15,50.77,49.66571428571428,0.8785567168768899
2020-12-16,50.83,49.980000000000004,0.8389080203896544
2020-12-17,51.2,50.31714285714286,0.7762884834461001
2020-12-18,52.17,50.797142857142866,0.7262394987404506
2020-12-21,50.61,50.83714285714286,0.7035792844667604
2020-12-22,49.88,50.81857142857143,0.7302608796778796
2020-12-23,51.05,50.93,0.6910619846826795
2020-12-24,50.88,50.94571428571429,0.6880614590539572
2020-12-28,50.88,50.95285714285715,0.6869185853243656
2020-12-29,50.44,50.84428571428572,0.701257374127965
2020-12-30,50.74,50.64,0.38982902235944433
2020-12-31,51.22,50.72714285714285,0.4461208463306943
2021-01-04,50.37,50.79714285714285,0.30815116885079463
2021-01-05,53.16,51.098571428571425,0.9533175156898583
2021-01-06,53.8,51.51571428571428,1.3835203545431258
2021-01-07,53.7,51.91857142857142,1.5660824645339189
2021-01-08,55.51,52.642857142857146,1.9041946179062417
2021-01-11,54.84,53.22857142857142,1.8511656559368008
2021-01-12,55.98,53.90857142857143,1.864586000265534
2021-01-13,55.52,54.644285714285715,1.091357826181116
2021-01-14,55.76,55.01571428571429,0.9329497511119756
2021-01-15,54.8,55.15857142857143,0.7797527080548454
2021-01-18,54.21,55.23142857142857,0.6302493837512464
2021-01-19,55.38,55.212857142857146,0.6225408764584811
2021-01-20,55.66,55.33,0.617818743649369
2021-01-21,55.68,55.287142857142854,0.5740706775839125
2021-01-22,55.22,55.24428571428571,0.5649146585397696
2021-01-25,55.44,55.19857142857143,0.527965547220818
2021-01-26,55.26,55.26428571428571,0.49785731366168307
2021-01-27,55.07,55.38714285714286,0.22647400776895554
2021-01-28,54.87,55.31428571428571,0.2994359777421566
2021-01-29,55.25,55.255714285714284,0.25773740790405253
2021-02-01,56.42,55.36142857142857,0.4993138148687233
2021-02-02,57.62,55.70428571428572,0.9793000415770733
2021-02-03,58.61,56.15714285714286,1.4544152809730264
2021-02-04,58.98,56.68857142857143,1.7262042035589806
2021-02-05,59.48,57.31857142857143,1.8381460639416962
2021-02-08,60.17,58.07571428571429,1.750950762137976
2021-02-09,60.74,58.86000000000001,1.4834082378099984
2021-02-10,61.17,59.53857142857142,1.2491520933750033
2021-02-11,61.09,60.034285714285716,1.030224201212453
2021-02-12,62.47,60.58571428571428,1.1650301447159481
2021-02-15,63.58,61.24285714285715,1.3849394004281923
2021-02-16,63.96,61.88285714285714,1.4672163472115176
2021-02-17,65.02,62.575714285714284,1.6564908405307932
2021-02-18,64.09,63.05428571428571,1.51568309289755
2021-02-19,62.84,63.292857142857144,1.2832733442998763
2021-02-22,64.73,63.81285714285714,0.9310158302576321
2021-02-23,65.16,64.19714285714285,0.834520107321229
2021-02-24,66.85,64.66428571428571,1.2455100313103165
2021-02-25,66.69,65.05428571428571,1.4053808160404193
2021-02-26,65.86,65.17428571428572,1.4374613866446553
2021-03-01,64.56,65.24142857142857,1.3885175376566392
2021-03-02,63.17,65.28857142857143,1.295909314875092
2021-03-03,64.7,65.28428571428572,1.2981121823996253
2021-03-04,67.32,65.59285714285714,1.504035840504721
2021-03-05,69.95,66.03571428571429,2.2212673345248874
2021-03-08,68.0,66.22285714285714,2.3377105201861745
2021-03-09,67.03,66.39,2.3492410121849763
2021-03-10,67.53,66.81428571428572,2.228757928703848
2021-03-11,69.34,67.69571428571429,1.7060759766473428
2021-03-12,68.87,68.29142857142857,1.109405675295842
2021-03-15,68.78,68.5,1.030792575318093
2021-03-16,67.95,68.21428571428571,0.816881410054693
2021-03-17,67.73,68.17571428571429,0.8348624066832577
2021-03-18,62.11,67.47285714285715,2.4564250058818953
2021-03-19,64.0,66.96857142857144,2.7833279155917996
2021-03-22,63.89,66.19000000000001,2.771648125814678
2021-03-23,59.96,64.91714285714286,3.3261976002922284
2021-03-24,63.7,64.19142857142857,2.8651551940015274
2021-03-25,61.21,63.228571428571435,2.5009026941715216
2021-03-26,63.77,62.66285714285714,1.5977662979476968
2021-03-29,64.06,62.941428571428574,1.6543017517111274
2021-03-30,63.28,62.83857142857143,1.5989728846089137
2021-03-31,63.52,62.785714285714285,1.5641595948289702
2021-04-01,63.85,63.34142857142858,0.9717583473859754
2021-04-06,61.47,63.02285714285714,1.1782149533046413
2021-04-07,61.86,63.11571428571428,1.0275027517053394
2021-04-08,62.09,62.875714285714295,1.045256860662561
2021-04-09,61.89,62.56571428571429,0.9532201064963745
2021-04-12,62.38,62.43714285714286,0.9000317454721196
2021-04-13,62.83,62.33857142857143,0.7931042086099265
2021-04-14,66.11,62.66142857142857,1.5802787578086614
2021-04-15,66.13,63.32714285714285,1.9361879582116546
2021-04-16,65.98,63.91571428571429,2.0393287878028943
2021-04-19,66.54,64.55142857142857,2.068730919923377
2021-04-20,65.34,65.04428571428572,1.7086140303652737
2021-04-21,64.02,65.27857142857142,1.3590858272064126
2021-04-22,65.07,65.59857142857143,0.8576990259097391
2021-04-23,65.75,65.54714285714286,0.8323403607836142
2021-04-26,65.5,65.45714285714286,0.7918904445625307
2021-04-27,66.25,65.49571428571429,0.8273825625192079
2021-04-28,67.08,65.57285714285715,0.9561330849779125
2021-04-29,68.26,65.99,1.3804347141385191
2021-04-30,67.73,66.52,1.19819308404993
2021-05-04,68.91,67.06857142857143,1.2985303047596077
2021-05-05,69.71,67.63428571428571,1.478477337700203
2021-05-06,68.62,68.08,1.1648461987165073
2021-05-07,68.73,68.43428571428572,0.8501148381793509
2021-05-10,68.61,68.65285714285714,0.6053295049154385
2021-05-11,68.83,68.73428571428572,0.581545559773748
2021-05-12,69.62,69.00428571428571,0.4645376605749491
2021-05-13,67.36,68.78285714285714,0.7795664240596252
2021-05-14,69.24,68.71571428571428,0.7028716607076305
2021-05-17,69.62,68.85857142857142,0.7778052149338059
2021-05-18,69.01,68.89857142857143,0.7772907772373268
2021-05-19,66.88,68.65142857142857,1.0945992961102173
2021-05-20,65.18,68.13000000000001,1.6982638193159447
2021-05-21,66.72,67.71571428571428,1.6264056191777587
2021-05-24,68.59,67.89142857142858,1.6478716431745002
2021-05-25,68.8,67.82857142857142,1.5954145602461207
2021-05-26,68.93,67.73,1.483689095912981
2021-05-27,69.43,67.78999999999999,1.551042660061628
2021-05-28,69.36,68.14428571428572,1.5912558682037237
2021-06-01,70.03,68.83714285714287,1.0488996501990615
2021-06-02,70.6,69.39142857142858,0.7159941473535969
2021-06-03,70.71,69.69428571428571,0.7670475244460128
2021-06-04,71.3,70.05142857142857,0.8578933222596203
2021-06-07,70.89,70.33142857142856,0.7430439325577369
2021-06-08,71.39,70.61142857142858,0.715528442745236
2021-06-09,71.31,70.89,0.49169773912742654
2021-06-10,71.65,71.12142857142857,0.3902319212689022
2021-06-11,72.05,71.32857142857144,0.44789986125301506
2021-06-14,72.27,71.55142857142857,0.47604021438359967
2021-06-15,73.38,71.84857142857143,0.8187475917788118
2021-06-16,73.88,72.27571428571427,0.9960565101561222
2021-06-17,72.92,72.49428571428571,0.9353227097768522
2021-06-18,73.1,72.75,0.7911594866580215
2021-06-21,74.49,73.1557142857143,0.8583871920200571
2021-06-22,74.92,73.5657142857143,0.9250559828593805
2021-06-23,75.22,73.98714285714286,0.9081981113826582
2021-06-24,75.95,74.35428571428572,1.117256418534709
2021-06-25,76.45,74.72142857142856,1.3362313743170646
2021-06-28,74.78,74.98714285714286,1.078358540955673
2021-06-29,75.38,75.31285714285714,0.6864817134140911
2021-06-30,76.94,75.66285714285713,0.810405542214417
2021-07-01,76.69,75.91571428571429,0.8161057354431485
2021-07-02,77.51,76.24285714285713,0.9402785808037697
2021-07-05,78.34,76.58428571428571,1.2111269840206789
2021-07-06,75.81,76.49285714285715,1.2465915434435428
2021-07-07,74.31,76.42571428571429,1.361578215928022
2021-07-08,75.07,76.38142857142859,1.4055891833588725
2021-07-09,77.14,76.41,1.4207861673481468
2021-07-12,76.77,76.42142857142858,1.4237325190178054
2021-07-13,77.5,76.41999999999999,1.42246265328637
2021-07-14,75.74,76.04857142857144,1.1511360847913998
2021-07-15,74.53,75.86571428571428,1.2887831100524771
2021-07-16,74.46,75.88714285714286,1.259519938780289
2021-07-19,69.33,75.06714285714285,2.8029729115444466
2021-07-20,70.03,74.05142857142857,3.1883717295367746
2021-07-21,72.54,73.44714285714285,2.981385104754555
2021-07-22,74.25,72.98285714285714,2.450916252381093
2021-07-23,74.86,72.85714285714286,2.304095732137118
2021-07-26,74.79,72.89428571428572,2.337412081360616
2021-07-27,74.87,72.95285714285714,2.3877794027476233
2021-07-28,75.09,73.7757142857143,1.8668856164095877
2021-07-29,76.3,74.67142857142858,1.1282054861781519
2021-07-30,77.72,75.41142857142857,1.1940606987819342
2021-08-02,73.91,75.36285714285714,1.2545612019819807
2021-08-03,73.24,75.13142857142857,1.490094276338141
2021-08-04,70.99,74.58857142857143,2.171569544294906
2021-08-05,72.14,74.19857142857143,2.350385986536956
2021-08-06,71.02,73.61714285714285,2.584832130497518
2021-08-09,69.65,72.66714285714286,2.6555333066735645
2021-08-10,71.14,71.72714285714285,1.4678069160665972
2021-08-11,71.99,71.45285714285714,1.1331624521016495
2021-08-12,71.79,71.24571428571429,0.8488984458841446
2021-08-13,70.9,71.23285714285714,0.854082632333131
2021-08-16,70.07,70.93714285714286,0.8459652137370554
2021-08-17,69.4,70.70571428571428,1.022657602242647
2021-08-18,68.61,70.55714285714285,1.2515285891740422
2021-08-19,66.8,69.93714285714286,1.8476806568019701
2021-08-20,65.51,69.01142857142858,2.2312285746596174
2021-08-23,69.07,68.62285714285714,1.8751152345533049
2021-08-24,71.21,68.66714285714286,1.940384105322245
2021-08-25,72.12,68.96000000000001,2.3073939123312526
2021-08-26,70.42,69.10571428571428,2.3711379626862397
2021-08-27,72.26,69.62714285714286,2.631043609708312
2021-08-31,73.45,70.57714285714286,2.640654680728497
2021-09-01,71.99,71.50285714285714,1.4236070886494783
2021-09-02,73.56,72.14428571428572,1.1249423265620873
2021-09-03,73.07,72.41,1.0864928286290059
2021-09-06,72.43,72.45428571428572,1.07899424068164
2021-09-07,71.52,72.61142857142856,0.768882925012956
2021-09-08,72.36,72.62571428571428,0.7621648365614624
2021-09-09,71.32,72.32142857142857,0.8023596153699325
2021-09-10,72.44,72.38571428571429,0.7893004738949849
2021-09-13,72.97,72.30142857142856,0.664666045752746
2021-09-14,73.05,72.29857142857142,0.6608436166824389
2021-09-15,74.84,72.64285714285714,1.1713342006102787
2021-09-16,75.14,73.16,1.3744695946662384
2021-09-17,74.64,73.48571428571428,1.4226015739097229
2021-09-20,73.59,73.80999999999999,1.0588673193535871
2021-09-21,73.65,73.98285714285714,0.8819243029792613
2021-09-22,75.5,74.34428571428573,0.9154390047531259
2021-09-23,76.44,74.82857142857142,1.0085704168321108
2021-09-24,77.42,75.19714285714285,1.4063986429357789
2021-09-27,78.85,75.72714285714287,1.9681439165327077
2021-09-28,78.3,76.25,2.1120921697045656
2021-09-29,77.86,76.86,1.8109573895209152
2021-09-30,77.81,77.4542857142857,1.1404364243958256
2021-10-01,79.4,78.01142857142858,0.9658576253124631
2021-10-04,81.44,78.72571428571429,1.3730483985478832
2021-10-05,82.72,79.48285714285714,1.8950876346095054
2021-10-06,81.39,79.8457142857143,1.9942906603822312
2021-10-07,82.34,80.42285714285715,2.0560375668218698
2021-10-08,82.17,81.03857142857143,1.7885881636194738
2021-10-11,83.75,81.88714285714286,1.3590402776158623
2021-10-12,83.53,82.47714285714287,0.9272129256623282
2021-10-13,83.53,82.7757142857143,0.8724650354521949
2021-10-14,83.86,82.93857142857142,0.962123148236363
2021-10-15,84.67,83.40714285714286,0.8772060625540605
2021-10-18,84.13,83.66285714285713,0.7684337812599776
2021-10-19,85.02,84.07000000000001,0.5767437328001306
2021-10-20,85.76,84.35714285714286,0.8339007591921739
2021-10-21,84.58,84.50714285714285,0.7505934160257731
2021-10-22,85.43,84.77857142857144,0.6784155209296925
2021-10-25,84.85,84.92,0.5450993793098458
2021-10-26,85.11,84.98285714285714,0.5367716549096427
2021-10-27,84.12,84.98142857142857,0.5394265032157544
2021-10-28,83.4,84.75,0.8031604239859869
2021-10-29,83.1,84.37,0.871970947522974
2021-11-01,84.51,84.36,0.8695592753367167
2021-11-02,84.42,84.21571428571428,0.7359541911147632
2021-11-03,81.1,83.67999999999999,1.325782787635644
2021-11-04,80.15,82.97142857142856,1.705270541303844
2021-11-05,82.43,82.73,1.6336870365294776
2021-11-08,83.22,82.70428571428572,1.6227636626302184
2021-11-09,84.52,82.90714285714286,1.7631573411113666
2021-11-10,82.91,82.67857142857143,1.6185119562030084
2021-11-11,83.4,82.53285714285714,1.475169078280513
2021-11-12,82.9,82.78999999999999,1.333891549811222
2021-11-15,81.94,83.04571428571428,0.8135079828042971
2021-11-16,82.85,83.10571428571428,0.7751098232420407
2021-11-17,80.67,82.74142857142859,1.1969047382194167
2021-11-18,82.45,82.44571428571429,0.9041544326532053
2021-11-19,80.24,82.06428571428572,1.1927678894430898
2021-11-22,80.97,81.71714285714286,1.088266423958381
2021-11-23,83.43,81.79285714285713,1.1972567851196958
2021-11-24,82.37,81.85428571428572,1.216934086719532
2021-11-25,82.05,81.74,1.1431681124509583
2021-11-26,72.37,80.55428571428571,3.756141003488394
2021-11-29,73.34,79.25285714285714,4.495326144213448
2021-11-30,70.86,77.91285714285713,5.448916449734068
2021-12-01,69.53,76.27857142857144,6.060446706778851
2021-12-02,70.56,74.44000000000001,5.450853144232806
2021-12-03,70.71,72.77428571428571,4.279341293324812
2021-12-06,73.38,71.53571428571429,1.498119456103255
2021-12-07,75.54,71.98857142857143,2.1357623820018192
2021-12-08,75.94,72.36,2.5881331753459675
2021-12-09,74.1,72.82285714285715,2.5647788357251122
2021-12-10,74.98,73.60142857142857,2.1998365740149444
2021-12-13,74.12,74.11,1.7437411887450804
2021-12-14,73.37,74.49,1.018217396560954
2021-12-15,73.71,74.53714285714285,0.9644811089474499
2021-12-16,74.64,74.40857142857143,0.8631807182587337
2021-12-17,72.97,73.98428571428572,0.6993534428942298
2021-12-20,70.51,73.47142857142856,1.4804664644542938
2021-12-21,72.85,73.16714285714285,1.329971356652727
2021-12-22,74.69,73.24857142857142,1.4128980686425407
2021-12-23,76.26,73.66142857142857,1.8183548294288145
2021-12-24,75.24,73.88,1.9145756710020017
2021-12-29,78.63,74.45,2.636418024515961
2021-12-30,78.61,75.25571428571428,2.9516992684589405
2021-12-31,77.24,76.21714285714286,2.1299586403299227
2022-01-03,78.25,76.98857142857142,1.62529411257565
2022-01-04,79.39,77.66,1.4819581640491675
2022-01-05,80.6,78.28,1.6916461410881776
2022-01-06,81.99,79.24428571428572,1.5907844725439322
2022-01-07,82.28,79.76571428571428,1.9200074404595662
2022-01-10,81.56,80.18714285714285,1.9476114797828414
2022-01-11,84.98,81.29285714285713,2.178942513280623
2022-01-12,85.83,82.37571428571428,2.2951169697322387
2022-01-13,85.8,83.29142857142857,2.1812414551592205
2022-01-14,87.17,84.23,2.2427661491985007
2022-01-17,87.82,85.06285714285715,2.35212467275461
2022-01-18,88.83,85.99857142857142,2.363369265625797
2022-01-19,89.64,87.15285714285713,1.7197646572076632
2022-01-20,89.75,87.8342857142857,1.6592654714517168
2022-01-21,89.75,88.39428571428572,1.5262465631143742
2022-01-24,87.74,88.67142857142856,1.0906179986766364
2022-01-25,89.49,89.00285714285714,0.8928925707199541
2022-01-26,91.22,89.48857142857142,1.052670074479145
2022-01-27,90.7,89.75571428571428,1.0941489408446599
2022-01-28,91.47,90.01714285714286,1.2668821871744855
2022-01-31,92.35,90.38857142857144,1.5294381165547064
2022-02-01,90.24,90.45857142857143,1.5063800823067182
2022-02-02,91.43,90.98571428571428,0.9330033430189784
2022-02-03,92.99,91.48571428571428,0.9356790251387012
2022-02-04,96.86,92.29142857142857,2.2181480907211992
2022-02-07,97.28,93.23142857142855,2.759501335211967
2022-02-08,96.07,93.88857142857144,2.817241136118192
2022-02-09,94.95,94.25999999999999,2.751205796250468
2022-02-10,96.37,95.13571428571429,2.1732606619433796
2022-02-11,97.5,96.00285714285714,1.577568955549114
2022-02-14,101.66,97.24142857142859,2.1260246829162677
2022-02-15,98.43,97.46571428571428,2.1615955306401475
2022-02-16,97.44,97.48857142857143,2.160149906612001
2022-02-17,95.28,97.37571428571428,2.2647211538620255
2022-02-18,96.18,97.55142857142859,2.0857966389453746
2022-02-21,98.95,97.91999999999999,2.070128820465396
2022-02-22,98.73,98.0957142857143,2.080711874515542
2022-02-23,99.29,97.75714285714285,1.521837861330387
2022-02-24,101.29,98.1657142857143,2.0312463919352526
2022-02-25,98.56,98.32571428571428,2.0085389145885646
2022-02-28,103.08,99.44000000000001,2.1924415613620707
2022-03-01,110.93,101.54714285714286,4.456324024295253
2022-03-02,118.94,104.40285714285714,7.7226241530654764
2022-03-03,115.36,106.77857142857144,8.228032224396067
2022-03-04,123.86,110.28857142857144,9.623399310311251
2022-03-07,129.02,114.25,10.921695533813283
2022-03-08,133.18,119.1957142857143,10.461427335920474
2022-03-09,116.58,121.12428571428572,7.934510816978167
2022-03-10,114.54,121.64,7.249211451368222
2022-03-11,118.11,121.52142857142857,7.307289576331465
2022-03-14,110.39,120.81142857142858,8.193449474165083
2022-03-15,105.14,118.13714285714286,9.90818637000939
2022-03-16,104.61,114.64999999999999,9.733608443599795
2022-03-17,113.5,111.83857142857141,5.339967005425448
2022-03-18,114.32,111.51571428571428,5.06685588618953
2022-03-21,122.29,112.62285714285713,6.4858402547016505
2022-03-22,121.53,113.11142857142859,7.070529043315313
2022-03-23,127.52,115.55857142857144,8.739140744510555
2022-03-24,123.98,118.25,7.851781114285432
2022-03-25,122.67,120.83000000000001,5.111992436090699
2022-03-28,114.5,120.97285714285714,4.881801970192183
2022-03-29,112.79,120.75428571428571,5.249701125277869
2022-03-30,115.59,119.79714285714286,5.5265230609162606
2022-03-31,107.29,117.76285714285713,7.161381883140512
2022-04-01,106.13,114.70714285714287,6.861391293037737
2022-04-04,108.15,112.44571428571429,5.826433606539495
2022-04-05,106.6,110.14999999999999,4.008910907796732
2022-04-06,100.81,108.19428571428571,4.7952680048231695
2022-04-07,99.83,106.34285714285716,5.20918648250472
2022-04-08,101.26,104.2957142857143,3.5072299475153588
2022-04-11,97.92,102.95714285714284,3.9358510908710547
2022-04-12,104.42,102.71285714285715,3.7550131570356644
2022-04-13,108.49,102.76142857142857,3.8383391745694815
2022-04-14,110.83,103.36571428571429,4.7645946212399695
2022-04-19,105.49,104.03428571428572,4.673688254981142
2022-04-20,105.05,104.77999999999999,4.291914879552005
2022-04-21,107.2,105.62857142857142,4.060966340544325
2022-04-22,105.15,106.66142857142857,2.3197731826697376
2022-04-25,99.27,105.92571428571429,3.60805514158919
2022-04-26,102.89,105.12571428571428,3.565304368224648
2022-04-27,103.3,104.05,2.5482870063345486
2022-04-28,105.78,104.09142857142857,2.5777860563607238
2022-04-29,108.36,104.56428571428572,3.0442999038775045
2022-05-03,104.94,104.24142857142856,2.8305207328395237
2022-05-04,110.53,105.01,3.7116213887356415
2022-05-05,112.11,106.84428571428573,3.572276851637893
2022-05-06,113.86,108.41142857142857,3.9361420560873928
2022-05-09,106.67,108.89285714285714,3.37250507429951
2022-05-10,102.61,108.44000000000001,4.012306070078102
2022-05-11,107.7,108.34571428571428,4.02224173458212
2022-05-12,108.06,108.79142857142858,3.7452789329634424
2022-05-13,112.12,109.01857142857143,3.912762998917738
2022-05-16,114.86,109.41142857142857,4.384504641617603
2022-05-17,112.89,109.27285714285715,4.233193098537933
2022-05-18,110.04,109.75428571428571,4.07657477605246
2022-05-19,113.22,111.27,2.7263956670516833
2022-05-20,113.63,112.11714285714287,2.3238094750162124
2022-05-23,115.13,113.12714285714286,1.7261104086475842
2022-05-24,115.77,113.64857142857143,1.912410595478527
2022-05-25,116.41,113.86999999999999,2.150914534173201
2022-05-26,119.81,114.85857142857142,3.034273271427311
2022-05-27,121.19,116.45142857142856,3.0096756667506703
2022-05-30,123.01,117.85,3.4935559725466576
2022-05-31,125.53,119.55,3.9617672824110435
2022-06-01,122.2,120.55999999999999,3.5241783912446336
2022-06-03,125.68,121.97571428571429,3.2598458917680575
2022-06-06,124.99,123.20142857142858,2.285887344634989
2022-06-07,126.89,124.21285714285715,2.093423944045961
2022-06-08,129.2,125.35714285714286,2.340325577671742
2022-06-09,128.47,126.13714285714286,2.337546536329134
2022-06-10,127.44,126.40999999999998,2.3661642659193745
2022-06-13,128.44,127.30142857142857,1.550628136926391
2022-06-14,127.02,127.49285714285713,1.39166224692055
2022-06-15,124.96,127.48857142857142,1.4006716076086854
2022-06-16,125.78,127.33,1.536023003293523
2022-06-17,119.22,125.90428571428572,3.2198025671474215
2022-06-20,118.25,124.44428571428571,4.067898135164662
2022-06-21,118.51,123.16857142857144,4.361499851239493
2022-06-22,115.54,121.32571428571428,4.486468013713773
2022-06-23,114.5,119.53714285714285,4.330953375740625
2022-06-24,117.36,118.45142857142856,3.642894584305615
2022-06-27,119.69,117.58142857142857,1.921452823350956
2022-06-28,122.21,118.00857142857141,2.569483920757227
2022-06-29,120.8,118.37285714285714,2.7814367647265885
2022-06-30,119.78,118.55428571428571,2.8328187207698465
2022-07-01,119.21,119.07857142857142,2.502301797484947
2022-07-04,121.8,120.12142857142858,1.6532334839226053
2022-07-05,110.49,119.14,3.974829136786737
2022-07-06,108.54,117.54714285714284,5.613862943004538
2022-07-07,113.4,116.28857142857143,5.376821950343619
2022-07-08,113.95,115.30999999999999,5.031136385879061
2022-07-11,114.85,114.60571428571428,4.63020106526109
2022-07-12,106.98,112.85857142857142,4.902670797877861
2022-07-13,107.17,110.76857142857143,3.3179081189355037
2022-07-14,107.74,110.37571428571428,3.5134354372056573
2022-07-15,112.26,110.90714285714286,3.470570146653281
2022-07-18,117.27,111.46000000000001,4.171354696017077
2022-07-19,114.96,111.60428571428572,4.287683357176957
2022-07-20,115.86,111.74857142857142,4.429749536075896
2022-07-21,112.81,112.58142857142856,3.9001684945265898
2022-07-22,106.77,112.52428571428571,3.9944580656302766
2022-07-25,108.23,112.5942857142857,3.899815624455264
2022-07-26,107.32,111.88857142857144,4.386940576191022
2022-07-27,109.64,110.79857142857144,3.724940395813696
2022-07-28,109.68,110.0442857142857,3.2455654727765206
2022-07-29,111.51,109.42285714285713,2.191831154424931
2022-08-01,106.09,108.46285714285715,1.9152346617341263
2022-08-02,106.51,108.42571428571429,1.9556316723962264
2022-08-03,101.82,107.51,3.1799999999975057
2022-08-04,97.99,106.17714285714285,4.810286596746753
2022-08-05,100.31,104.8442857142857,4.9804546550905435
2022-08-08,103.46,103.9557142857143,4.506195206388627
2022-08-09,103.81,102.85571428571428,3.063733327942663
2022-08-10,105.06,102.70857142857143,2.9030296161709557
2022-08-11,107.19,102.80571428571429,3.0586427117399557
2022-08-12,103.7,103.07428571428571,3.040147239539544
2022-08-15,98.25,103.11142857142856,2.9684194928781444
2022-08-16,95.36,102.40428571428572,4.115121938826762
2022-08-17,97.22,101.51285714285713,4.5056472501564135
2022-08-18,96.35,100.44714285714285,4.747510625879865
2022-08-19,96.45,99.21714285714286,4.459849452934753
2022-08-22,95.06,97.48428571428572,2.9449779690314863
2022-08-23,99.49,96.88285714285713,1.5754968981804283
2022-08-24,99.87,97.11428571428571,1.8961439567573835
2022-08-25,98.81,97.60714285714286,1.8106050028032161
2022-08-26,101.13,98.16571428571429,2.2265957359642163
2022-08-30,99.34,98.59285714285716,2.103621593706718
2022-08-31,96.55,98.60714285714286,2.0869172981958797
2022-09-01,92.24,98.20428571428572,2.970790338963807
2022-09-02,93.09,97.28999999999999,3.4545863235201177
2022-09-05,94.22,96.48285714285714,3.411088361433854
2022-09-06,91.43,95.42857142857143,3.7001866104788244
2022-09-07,86.83,93.38571428571427,3.9657822143197317
2022-09-08,87.99,91.7642857142857,3.4064050314197303
2022-09-09,91.68,91.06857142857143,2.6875480062132526
2022-09-12,93.45,91.24142857142856,2.8115027332432274
2022-09-13,92.04,91.09142857142857,2.7230585045191673
2022-09-14,92.83,90.89285714285714,2.498297515544747
2022-09-15,89.28,90.58571428571429,2.552821035263121
2022-09-16,89.43,90.95714285714287,2.056126733166929
2022-09-20,89.62,91.19000000000001,1.7306260909431526
2022-09-21,89.86,90.92999999999999,1.7807301873070391
2022-09-22,90.4,90.49428571428572,1.3920950295921697
2022-09-23,84.29,89.38714285714286,2.554445238437762
2022-09-26,82.55,87.91857142857144,3.1344187582976475
2022-09-27,85.97,87.44571428571429,3.144459980889547
2022-09-28,89.55,87.46285714285715,3.157381374310752
2022-09-29,89.41,87.43285714285715,3.1343830561762
2022-09-30,88.9,87.2957142857143,3.029740677255383
2022-10-03,90.68,87.33571428571429,3.079003394728437
2022-10-04,93.74,88.68571428571428,3.555806786757263
2022-10-05,94.35,90.37142857142858,2.8985135763642327
2022-10-06,95.65,91.75428571428571,2.754177778953612
2022-10-07,98.88,93.08714285714287,3.6284602532631074
2022-10-10,97.13,94.19000000000001,3.4953206815187685
2022-10-11,95.17,95.08571428571427,2.603323882670243
2022-10-12,93.44,95.48,1.9525026675148638
2022-10-13,95.16,95.68285714285715,1.8101723148666735
2022-10-14,92.22,95.37857142857142,2.2070752031516636
2022-10-17,91.04,94.72,2.7368047062196608
2022-10-18,89.46,93.37428571428572,2.665394637087505
2022-10-19,91.34,92.54714285714286,2.155216263590154
2022-10-20,91.52,92.0257142857143,1.8322195751096504
2022-10-21,91.82,91.7942857142857,1.722854773744732
2022-10-24,91.57,91.28142857142858,0.8841649275073662
2022-10-25,91.76,91.21571428571428,0.817350539700316
2022-10-26,92.93,91.48571428571428,1.0332772642172947
2022-10-27,94.17,92.15857142857143,1.027836377559205
2022-10-28,94.64,92.63,1.3083322717565684
2022-10-31,93.3,92.88428571428571,1.2270949045400894
2022-11-01,95.12,93.35571428571428,1.3750497826435988
2022-11-02,96.07,93.99857142857142,1.4508782233646813
2022-11-03,95.29,94.50285714285714,1.118536458730785
2022-11-04,99.53,95.44571428571429,2.0034208839086616
2022-11-07,99.87,96.25999999999999,2.4962505216129114
2022-11-08,96.85,96.57571428571428,2.394910277668305
2022-11-09,93.05,96.53999999999999,2.45305931440437
2022-11-10,94.25,96.4157142857143,2.556839567007406
2022-11-11,96.37,96.45857142857143,2.5525897213810778
2022-11-14,93.59,96.21571428571428,2.755133736272699
2022-11-15,94.3,95.46857142857144,2.3917387578287883
2022-11-16,92.61,94.43142857142857,1.612021800628167
2022-11-17,91.0,93.5957142857143,1.6647307804611662
2022-11-18,88.93,93.00714285714287,2.43837865725912
2022-11-21,88.44,92.17714285714285,2.8915377355616276
2022-11-22,88.65,91.07428571428572,2.4668661437976422
2022-11-23,85.9,89.97571428571429,2.843383296605494
2022-11-24,85.59,88.73142857142857,2.5234330357076926
2022-11-25,83.4,87.41571428571429,2.5648057570536054
2022-11-28,83.5,86.34428571428573,2.3776519029108103
2022-11-29,83.22,85.52857142857144,2.3215255657364255
2022-11-30,85.61,85.12428571428572,1.9460631810783555
2022-12-01,86.28,84.78571428571429,1.3432281655581924
2022-12-02,86.54,84.87714285714286,1.4493068950975823
2022-12-05,83.36,84.55857142857143,1.5103027132668552
2022-12-06,79.92,84.06142857142858,2.3140903797607493
2022-12-07,77.11,83.14857142857143,3.5190928214102724
2022-12-08,76.02,82.11999999999999,4.429255016364164
2022-12-09,76.37,80.8,4.589760342325859
2022-12-12,78.0,79.61714285714285,3.966756501582169
2022-12-13,80.14,78.70285714285716,2.6110962849943147
2022-12-14,83.33,78.69857142857143,2.6021877242751437
2022-12-15,82.34,79.0442857142857,2.9314322844102185
2022-12-16,80.2,79.48571428571428,2.822232314690355
2022-12-19,81.66,80.29142857142857,2.448199532793052
2022-12-20,79.45,80.73142857142857,1.8228771084107893
2022-12-21,80.25,81.05285714285715,1.4133378256846132
2022-12-22,79.58,80.97285714285715,1.4875227089059575
2022-12-23,82.45,80.84714285714286,1.277467733256277
2022-12-28,81.7,80.75571428571428,1.1713077754155963
2022-12-29,80.96,80.86428571428571,1.1461654496984084
2022-12-30,82.82,81.03,1.3466996695578033
2023-01-03,80.36,81.16,1.2052523940322288
2023-01-04,75.31,80.4542857142857,2.5371891083275027
2023-01-05,76.73,80.04714285714286,2.9031460767319826
2023-01-06,76.41,79.1842857142857,2.966843761432194
2023-01-09,77.5,78.5842857142857,2.792876994203142
2023-01-10,78.4,78.21857142857142,2.5901958006493646
2023-01-11,81.11,77.97428571428573,2.1222696745267613
2023-01-12,82.59,78.29285714285713,2.6434492258243063
2023-01-13,83.43,79.45285714285714,2.8867670168392507
2023-01-16,82.65,80.29857142857144,2.822578186522865
2023-01-17,84.38,81.43714285714286,2.5905064774114623
2023-01-18,83.78,82.33428571428571,2.0255933874831302
2023-01-19,85.08,83.28857142857143,1.3104633858681354
2023-01-20,86.96,84.12428571428572,1.5355873701665936
2023-01-23,87.54,84.83142857142856,1.823955669883674
2023-01-24,85.25,85.09142857142857,1.7175023393581674
2023-01-25,85.08,85.43857142857144,1.347521534410765
2023-01-26,86.29,85.71142857142857,1.289579111842584
2023-01-27,85.36,85.93714285714286,1.0012111712871579
2023-01-30,84.9,85.91142857142857,1.0288250348661556
2023-01-31,83.42,85.40571428571427,1.2694074358068415
2023-02-01,81.61,84.55857142857143,1.55440694554789
2023-02-02,80.57,83.89,2.1134016813311503
2023-02-03,78.85,83.0,2.7458939042359463
2023-02-06,80.48,82.17,2.447570223708995
2023-02-07,82.92,81.82142857142857,2.060723405109939
2023-02-08,84.17,81.71714285714286,1.8903942647441143
2023-02-09,83.46,81.72285714285714,1.8964503182289714
2023-02-10,85.46,82.27285714285713,2.359913234883296
2023-02-13,85.98,83.04571428571428,2.5844783944570553
2023-02-14,84.96,83.91857142857144,1.8620994295957687
2023-02-15,84.11,84.43714285714285,1.0904848200886008
2023-02-16,83.84,84.56857142857143,0.9191377947298157
2023-02-17,81.97,84.25428571428571,1.3522309608255279
2023-02-20,82.79,84.15857142857143,1.4387660056569973
2023-02-21,82.14,83.6842857142857,1.4847318180113316
2023-02-22,79.55,82.76571428571428,1.7861584209550785
2023-02-23,82.08,82.35428571428572,1.506240984951884
2023-02-24,82.31,82.09714285714286,1.2954499126471237
2023-02-27,81.24,81.72571428571429,1.0646260242054915
2023-02-28,83.21,81.90285714285713,1.2058429179806696
2023-03-01,83.68,82.03,1.3529227620182085
2023-03-02,84.15,82.31714285714285,1.5752006674846477
2023-03-03,85.74,83.20142857142858,1.498481771338709
2023-03-06,85.86,83.74142857142856,1.695183653482507
2023-03-07,83.03,83.8442857142857,1.6137415854927235
2023-03-08,82.1,83.96714285714286,1.4011627824217243
2023-03-09,81.0,83.65142857142857,1.7940868482418324
2023-03-10,82.3,83.4542857142857,1.8648490300151996
2023-03-13,79.67,82.81428571428572,2.303460130198786
2023-03-14,76.77,81.53285714285714,2.837685173313665
2023-03-15,74.3,79.88142857142857,3.2355907681650606
2023-03-16,73.12,78.46571428571428,3.7547297157162745
2023-03-17,71.03,76.88428571428571,4.265430252399291
2023-03-20,72.42,75.65857142857143,4.115772218231832
2023-03-21,74.78,74.58428571428571,2.893157773912458
2023-03-22,76.08,74.07142857142857,2.03116082221535
2023-03-23,74.31,73.72000000000001,1.666523327165959
2023-03-24,73.63,73.62428571428572,1.6467833002807466
2023-03-27,76.8,74.14999999999999,2.0069711839788793
2023-03-28,78.07,75.15571428571427,1.9459090175930713
2023-03-29,77.51,75.88285714285715,1.6870458824560293
2023-03-30,78.45,76.40714285714286,1.8496190083848187
2023-03-31,79.19,76.85142857142857,2.1127425191842133
2023-04-03,85.81,78.49428571428572,3.689768995219477
2023-04-04,85.7,80.21857142857142,3.8543327506026834
2023-04-05,85.89,81.51714285714286,4.037526942264427
2023-04-06,86.56,82.73,4.104067088468927
2023-04-11,87.32,84.13142857142859,3.6772246263136976
2023-04-12,88.31,85.53999999999999,2.955931889154435
2023-04-13,86.51,86.58571428571429,0.9477140416541852
2023-04-14,87.31,86.8,0.9119941520206705
2023-04-17,85.63,86.79,0.9263368717624143
2023-04-18,85.48,86.7314285714286,1.0025538816945816
2023-04-19,85.34,86.55714285714285,1.134661686514428
2023-04-20,83.29,85.98142857142857,1.6071136505241403
2023-04-21,83.36,85.27428571428572,1.497006536864643
2023-04-24,84.23,84.94857142857143,1.4298651285003263
2023-04-25,82.13,84.20857142857143,1.3417579087530773
2023-04-26,79.19,83.28857142857143,2.161892909551333
2023-04-27,80.11,82.52142857142857,2.2069619281647115
2023-04-28,81.32,81.94714285714285,1.8445660219985338
2023-05-02,76.71,81.00714285714285,2.5772641455967227
2023-05-03,72.91,79.51428571428572,3.7479143406366973
2023-05-04,73.0,77.91,3.7961164365689153
2023-05-05,75.85,77.01285714285713,3.348236920556752
2023-05-09,77.76,76.80857142857143,3.2349725839698484
2023-05-10,76.7,76.32142857142857,2.893714041222802
2023-05-11,75.32,75.46428571428571,1.8759784748457244
2023-05-12,74.54,75.1542857142857,1.8140916656602255
2023-05-15,75.46,75.51857142857143,1.5205966873906858
2023-05-16,75.15,75.82571428571428,1.0805532092795855
2023-05-17,76.98,75.98714285714286,1.1658289509384643
2023-05-18,75.75,75.7,0.8651589449281553
2023-05-19,75.42,75.51714285714286,0.7455806302337195
2023-05-22,75.77,75.58142857142857,0.7451493937706987
2023-05-23,76.66,75.88428571428572,0.6792362657802229
2023-05-24,77.99,76.24571428571429,1.008940981797734
2023-05-25,75.66,76.31857142857143,0.9321199595742362
2023-05-26,76.33,76.22571428571428,0.8865073254544016
2023-05-30,73.38,75.88714285714285,1.4014720152443194
2023-05-31,71.98,75.39571428571428,2.047021064396875
2023-06-01,74.18,75.16857142857144,2.0864038325238683
2023-06-02,76.0,75.07428571428571,2.0216812899378076
2023-06-05,76.61,74.87714285714286,1.7372460417319204
2023-06-06,76.22,74.95714285714287,1.7913562300242074
2023-06-07,76.85,75.03142857142858,1.866962136476526
2023-06-08,75.88,75.38857142857144,1.7326898988865758
2023-06-09,74.74,75.78285714285714,0.9770144025787689
2023-06-12,71.8,75.44285714285715,1.7422276380675488
2023-06-13,74.24,75.19142857142857,1.7751096545576073
2023-06-14,73.39,74.73142857142857,1.763409846208112
2023-06-15,75.75,74.66428571428571,1.7052747299926045
2023-06-16,76.76,74.65142857142857,1.686282188436169
2023-06-19,76.09,74.68142857142857,1.7134315332212937
2023-06-20,75.79,74.83142857142856,1.764609763952655
2023-06-21,76.92,75.56285714285715,1.2981231873412777
2023-06-22,73.93,75.51857142857143,1.354823833211126
2023-06-23,73.56,75.54285714285716,1.3111281946653444
2023-06-26,73.86,75.27285714285715,1.4487432977744756
2023-06-27,71.88,74.57571428571428,1.7555137628107722
2023-06-28,73.64,74.22571428571429,1.643977464794283
2023-06-29,73.86,73.95,1.4927938013412705
2023-06-30,74.51,73.60571428571428,0.8199157912563713
2023-07-03,74.52,73.68999999999998,0.8864348067716573
2023-07-04,76.23,74.07142857142857,1.299415619565396
2023-07-05,76.74,74.48285714285714,1.634143142296076
2023-07-06,76.72,75.17428571428572,1.3482069220825272
2023-07-07,78.77,75.90714285714286,1.718601313911885
2023-07-10,77.83,76.4742857142857,1.5799035534121393
2023-07-11,79.54,77.19285714285715,1.678409110689668
2023-07-12,80.35,78.02571428571427,1.5742813931285249
2023-07-13,81.31,78.75142857142858,1.7675541346833712
2023-07-14,79.9,79.20285714285714,1.5595054161001558
2023-07-17,77.8,79.35714285714286,1.3057017817425574
2023-07-18,79.54,79.46714285714286,1.2801785589696735
2023-07-19,79.38,79.68857142857142,1.0659335278068574
2023-07-20,79.62,79.7,1.064503013924879
2023-07-21,81.06,79.80142857142857,1.1657676808450108
2023-07-24,82.53,79.97571428571429,1.4782180392002426
2023-07-25,83.46,80.48428571428572,1.9763084875807178
2023-07-26,82.98,81.22428571428573,1.7618537315613865
2023-07-27,84.28,81.90142857142857,1.9111813848252006
2023-07-28,84.49,82.63142857142857,1.7572936443204075
2023-07-31,85.22,83.43142857142857,1.3952589791990022
2023-08-01,85.34,84.04285714285713,1.0864731057470063
2023-08-02,84.01,84.25428571428571,0.8642888626396525
2023-08-03,86.19,84.64428571428572,1.0435014317589055
2023-08-04,87.38,85.27285714285713,1.1889731463934332
2023-08-07,86.47,85.58571428571429,1.172189648229366
2023-08-08,88.0,86.08714285714287,1.360903061516353
2023-08-09,89.31,86.67142857142858,1.749165787559403
2023-08-10,87.44,86.97142857142856,1.6605965652042842
2023-08-11,87.93,87.53142857142858,1.0407597957108985
2023-08-14,87.4,87.70428571428572,0.8667728872562
2023-08-15,86.28,87.54714285714286,1.0213016904149237
2023-08-16,84.49,87.26428571428572,1.5211931407338959
2023-08-17,85.24,86.87,1.650878553978863
2023-08-18,85.92,86.38571428571427,1.2688296069275744
2023-08-21,85.44,86.10000000000001,1.2159358535660747
2023-08-22,84.7,85.63857142857141,0.9993069026589417
2023-08-23,83.94,85.14428571428572,0.8229997396209624
2023-08-24,84.07,84.82857142857142,0.7337671876705442
2023-08-25,85.42,84.96142857142857,0.7463338969267834
2023-08-29,86.37,85.12285714285714,0.9188890808170225
2023-08-30,86.62,85.22285714285715,1.0489790955232328
2023-08-31,87.29,85.48714285714286,1.312703498958558
2023-09-01,89.98,86.24142857142859,2.0785686466977924
2023-09-04,90.42,87.16714285714285,2.3125722639904294
2023-09-05,91.25,88.19285714285715,2.302199776194714
2023-09-06,91.79,89.10285714285715,2.282350501021013
2023-09-07,91.16,89.78714285714285,2.030613325125548
2023-09-08,91.85,90.53428571428572,1.5841596841066068
2023-09-11,91.97,91.20285714285716,0.7598621428767245
2023-09-12,93.58,91.71714285714286,0.980505214762839
2023-09-13,93.04,92.09142857142858,0.8995448584520582
2023-09-14,95.2,92.6557142857143,1.3893266611618207
2023-09-15,95.55,93.19285714285714,1.692588887723041
2023-09-18,95.95,93.87714285714286,1.7019960270743104
2023-09-19,96.11,94.48571428571428,1.6157852285338088
2023-09-20,94.56,94.85571428571428,1.1820160340486017
2023-09-21,93.7,94.87285714285714,1.1611160476785047
2023-09-22,93.99,95.00857142857141,0.9469499911295978
2023-09-25,94.01,94.83857142857143,1.0114746424735706
2023-09-26,94.46,94.68285714285715,0.9666042672727663
2023-09-27,97.1,94.84714285714287,1.2684598835503456
2023-09-28,96.64,94.92285714285715,1.3682922968101072
2023-09-29,95.86,95.10857142857142,1.3987188015109853
2023-10-02,91.21,94.75285714285714,2.00281230844112
2023-10-03,94.46,94.82000000000001,1.980732187850264
2023-10-04,89.83,94.22285714285714,2.7473545717368424
2023-10-05,88.28,93.34,3.5377252578438467
2023-10-06,87.86,92.01999999999998,3.623741160732444
2023-10-09,91.37,91.26714285714284,2.9972082248058416
2023-10-10,90.7,90.53,2.210701246208263
2023-10-11,87.58,90.01142857142858,2.4386090883331732
2023-10-12,88.4,89.14571428571428,1.4855734823345523
2023-10-13,94.33,89.78857142857144,2.475119044753446
2023-10-16,90.99,90.17571428571429,2.410939354570213
2023-10-17,92.52,90.84142857142858,2.3060314291803823
2023-10-18,91.99,90.92999999999999,2.3413528852610153
2023-10-19,93.12,91.2757142857143,2.4764952193402827
2023-10-20,93.72,92.15285714285713,1.9886655013292347
2023-10-23,91.88,92.64999999999999,1.1539208522770776
2023-10-24,88.0,91.74571428571427,1.8737294107604072
2023-10-25,90.14,91.62428571428572,1.9565774296157785
2023-10-26,88.45,91.04285714285713,2.231462258141624
2023-10-27,90.73,90.86285714285714,2.192811850002306
2023-10-30,90.73,90.52142857142859,1.9560796555954392
2023-10-31,86.82,89.53571428571429,1.8085800797168867
2023-11-01,86.92,88.82714285714287,1.705752173141623
2023-11-02,89.02,88.97285714285715,1.666430459448386
2023-11-03,87.55,88.60285714285715,1.6515620311826165
2023-11-06,87.31,88.44000000000001,1.7237749272996519
2023-11-07,83.43,87.39714285714285,2.2387326346642675
2023-11-08,81.46,86.07285714285715,2.6437707558543972
2023-11-09,81.74,85.34714285714287,3.0677337687905144
2023-11-10,83.66,84.88142857142857,3.0364531313746355
2023-11-13,84.09,84.17714285714285,2.42716373768048
2023-11-14,84.2,83.69857142857143,1.9307980092097339
2023-11-15,82.4,82.99714285714286,1.1230718927022718
2023-11-16,77.73,82.18285714285715,2.2539499719776264
2023-11-17,81.22,82.14857142857143,2.2685562851811913
2023-11-20,83.25,82.36428571428573,2.294870055453252
2023-11-21,82.42,82.18714285714285,2.2249772604481324
2023-11-22,81.76,81.85428571428572,2.061115047269983
2023-11-23,80.85,81.37571428571428,1.7977843506427944
2023-11-24,79.82,81.00714285714285,1.8171563341784187
2023-11-27,79.49,81.25857142857141,1.3498077464470768
2023-11-28,81.66,81.32142857142857,1.35793260229237
2023-11-29,82.98,81.28285714285714,1.2964658921511942
2023-11-30,81.72,81.18285714285715,1.218806988894497
2023-12-01,78.72,80.74857142857142,1.4902620415110184
2023-12-04,78.16,80.36428571428571,1.7786685764215826
2023-12-05,77.27,80.0,2.134299260488334
2023-12-06,74.33,79.26285714285713,3.0390936932214294
2023-12-07,74.21,78.19857142857143,3.3484495345909266
2023-12-08,75.94,77.19285714285714,2.6593088969715057
2023-12-11,75.75,76.34,1.7760818299432986
2023-12-12,74.11,75.68142857142857,1.5916074533949642
2023-12-13,74.14,75.10714285714286,1.2331087311528106
2023-12-14,77.05,75.07571428571428,1.1699837198653924
2023-12-15,76.84,75.4342857142857,1.282560682677451
2023-12-18,78.89,76.10285714285715,1.6923328502923338
2023-12-19,79.82,76.65714285714286,2.1918007382466422
2023-12-20,81.1,77.42142857142858,2.6972543358698955
2023-12-21,80.73,78.36714285714285,2.4957144219999274
2023-12-22,80.23,79.23714285714286,1.7163305264949387
2023-12-27,80.97,79.79714285714284,1.5110009296859161
2023-12-28,79.04,80.11142857142856,0.8977644191929391
2023-12-29,77.69,79.94000000000001,1.2248537327593705
2024-01-02,76.24,79.42857142857143,1.8639691393284632
2024-01-03,77.18,78.86857142857143,1.8669710636131802
2024-01-04,75.79,78.16285714285713,1.9765265348193939
2024-01-05,78.31,77.88857142857144,1.7636083141396002
2024-01-08,75.47,77.10285714285715,1.3350869420548042
2024-01-09,77.97,76.95,1.1203124564103137
2024-01-10,78.46,77.05999999999999,1.2368238893720613
2024-01-11,80.21,77.62714285714286,1.6419979119490975
2024-01-12,79.89,78.01428571428572,1.827948368549635
2024-01-15,79.76,78.58142857142857,1.6277226275901464
2024-01-16,80.15,78.8442857142857,1.7224000420198302
2024-01-17,78.88,79.33142857142856,0.8901578244159495
2024-01-18,81.04,79.77,0.8634813257899508
2024-01-19,80.71,80.09142857142857,0.6973623776073998
2024-01-22,81.7,80.30428571428571,0.9286344300906908
2024-01-23,82.04,80.61142857142856,1.1071649767321199
2024-01-24,82.15,80.95285714285716,1.1677002224508417
2024-01-25,82.33,81.26428571428572,1.207902550463607
2024-01-26,83.34,81.90142857142857,0.8695099878871324
2024-01-29,83.99,82.32285714285715,1.0734013583829218
2024-01-30,84.14,82.81285714285715,0.9944129639364794
2024-01-31,82.98,82.99571428571429,0.8649249898592474
2024-02-01,82.2,83.01857142857143,0.8371266047431128
2024-02-02,79.54,82.64571428571428,1.558715893959842
2024-02-05,79.3,82.21285714285715,2.0149500761834322
2024-02-06,80.46,81.80142857142857,2.0403139347582715
2024-02-07,81.18,81.39999999999999,1.8002592405876379
2024-02-08,83.01,81.23857142857143,1.5463767174814838
2024-02-09,83.58,81.32428571428571,1.6706271990133184
2024-02-12,83.88,81.56428571428572,1.9195299523797673
2024-02-13,84.72,82.30428571428571,2.0056242348496847
2024-02-14,84.41,83.03428571428572,1.6234311107701387
2024-02-15,84.33,83.58714285714287,1.205925844670777
2024-02-16,84.88,84.11571428571428,0.6642001992996415
2024-02-19,85.52,84.4742857142857,0.6450286076986634
2024-02-20,84.78,84.64571428571428,0.5138695405933983
2024-02-21,84.77,84.77285714285713,0.38737209869181516
2024-02-22,85.84,84.93285714285715,0.5563486402531771
2024-02-23,84.18,84.89999999999999,0.5976342248017734
2024-02-26,84.01,84.85428571428572,0.6577197260862622
2024-02-27,83.8,84.7,0.7680928763205813
2024-02-28,84.08,84.49428571428572,0.7018512934254714
2024-02-29,84.57,84.46428571428571,0.692022570501142
2024-03-01,84.82,84.47142857142858,0.6959508740100759
2024-03-04,86.58,84.57714285714285,0.9487661159869198
2024-03-05,85.82,84.81142857142856,1.0330929059715335
2024-03-06,86.59,85.17999999999999,1.1528081655914915
2024-03-07,84.88,85.33428571428571,0.9993974375007113
2024-03-08,84.29,85.36428571428571,0.957755312218619
2024-03-11,83.44,85.20285714285714,1.1827470042989865
2024-03-12,83.66,85.03714285714285,1.3187710729481816
2024-03-13,83.95,84.66142857142857,1.1724821046404303
2024-03-14,86.16,84.71000000000001,1.2339097751947272
2024-03-15,85.39,84.53857142857143,0.9880524373915536
2024-03-18,86.47,84.76571428571428,1.2322182861610504
2024-03-19,87.36,85.2042857142857,1.5420641701140962
2024-03-20,85.77,85.53714285714285,1.3353865144013215
2024-03-21,84.92,85.71714285714286,1.1052860004744967
2024-03-22,84.87,85.84857142857143,0.8947891478082356
2024-03-25,86.18,85.85142857142856,0.8959804419565883
2024-03-26,85.91,85.92571428571429,0.8725987459401632
2024-03-27,84.94,85.70714285714287,0.9045756700491722
2024-03-28,86.17,85.53714285714285,0.604089239691926
2024-04-02,87.63,85.80285714285715,1.0017603553303458
2024-04-03,90.6,86.61428571428571,1.985168818534849
2024-04-04,90.32,87.39285714285714,2.239491864131606
2024-04-05,92.81,88.34,2.9350411694990877
2024-04-08,91.73,89.17142857142858,2.9562105730764348
2024-04-09,92.13,90.19857142857143,2.446020091025887
2024-04-10,91.57,90.97,1.7021457046880744
2024-04-11,91.49,91.52142857142857,0.8534328438932468
2024-04-12,93.12,91.88142857142857,0.9281958947526853
2024-04-15,90.84,91.95571428571428,0.7934283656491564
2024-04-16,91.29,91.73857142857143,0.725773807074715
2024-04-17,89.54,91.42571428571429,1.1037037214533567
2024-04-18,88.34,90.88428571428572,1.5428637565957106
2024-04-19,87.96,90.36857142857143,1.8485167799352893
2024-04-22,87.3,89.77000000000001,2.0877659511196867
2024-04-23,88.29,89.08000000000001,1.5159045704313492
2024-04-24,89.02,88.82000000000001,1.3051564401715636
2024-04-25,88.1,88.36428571428573,0.7285112019842357
2024-04-26,89.95,88.42285714285715,0.8458272929574677
2024-04-29,88.44,88.43714285714285,0.8450387424126931
2024-04-30,88.23,88.47571428571429,0.8255676257883763
2024-05-01,83.55,87.93999999999998,2.0396404911947714
2024-05-02,84.81,87.44285714285715,2.341834852456157
2024-05-03,83.6,86.66857142857144,2.613703812415524
2024-05-07,82.69,85.89571428571428,2.9036635316010146
2024-05-08,82.44,84.82285714285715,2.5177749057805285
2024-05-09,83.27,84.08428571428571,1.9809245075846567
2024-05-10,83.39,83.39285714285714,0.7629922298717599
2024-05-13,83.18,83.34,0.7631076813404954
2024-05-14,81.0,82.79571428571428,0.888347851209988
2024-05-15,79.98,82.27857142857144,1.3002746962475835
2024-05-16,81.65,82.13,1.3048371545857547
2024-05-17,82.24,82.10142857142857,1.2990949230272075
2024-05-20,81.91,81.90714285714286,1.192528326502661
2024-05-21,81.22,81.59714285714287,1.0110508441770858
2024-05-22,79.9,81.12857142857142,0.9102459112981128
2024-05-23,79.25,80.87857142857142,1.1580361043745107
2024-05-24,78.92,80.72714285714287,1.3487242649423894
2024-05-28,81.34,80.68285714285715,1.318113731629804
2024-05-29,81.5,80.57714285714285,1.1964769712971337
2024-05-30,81.42,80.50714285714285,1.1172095339927735
2024-05-31,79.41,80.24857142857142,1.134055092298481
2024-06-03,76.45,79.75571428571428,1.8404606048710486
2024-06-04,75.33,79.19571428571429,2.498658687792753
2024-06-05,75.41,78.69428571428571,2.8854627424526065
2024-06-06,77.62,78.16285714285713,2.6499290197117715
2024-06-07,78.12,77.67999999999999,2.21231402231239
2024-06-10,79.59,77.41857142857144,1.7582228581821644
2024-06-11,80.15,77.52428571428572,1.9133204744845798
2024-06-12,80.52,78.10571428571428,2.1377001437873937
2024-06-13,81.44,78.97857142857143,2.0614835157480966
2024-06-14,81.49,79.84714285714287,1.5160223644494055
2024-06-17,82.45,80.53714285714285,1.4301481774665405
2024-06-18,84.79,81.49000000000001,1.739760519914702
2024-06-19,85.64,82.35428571428572,2.1033374839563703
2024-06-20,85.92,83.17857142857143,2.222741764661029
2024-06-21,86.42,84.02142857142857,2.164466281950794
2024-06-24,86.75,84.78,2.035632579810937
2024-06-25,86.81,85.53999999999999,1.5338622276205867
2024-06-26,85.76,86.01285714285714,0.7131552959758635
2024-06-27,87.0,86.32857142857142,0.5527033131517862
2024-06-28,87.26,86.55999999999999,0.5554877736320754
2024-07-01,86.57,86.65285714285714,0.47985116738965466
2024-07-02,88.28,86.91857142857143,0.7616523391301392
2024-07-03,88.25,87.13285714285713,0.9040227557121094
2024-07-04,88.34,87.35142857142857,0.9934859262729948
2024-07-05,88.66,87.76571428571428,0.8062641656121338
2024-07-08,87.15,87.78714285714285,0.7842132848777847
2024-07-09,86.48,87.67571428571429,0.915948636524019
2024-07-10,86.55,87.67285714285715,0.9199948239956461
2024-07-11,86.49,87.41714285714286,0.9704932471920622
2024-07-12,87.35,87.28857142857143,0.898729261625829
2024-07-15,86.42,87.01428571428572,0.813282590135021
2024-07-16,86.6,86.72,0.3709447398037834
2024-07-17,85.76,86.52142857142859,0.463012907346011
2024-07-18,86.26,86.49000000000001,0.4736383993315793
2024-07-19,85.19,86.29571428571428,0.6792362657793785
2024-07-22,83.44,85.86,1.2620485991651007
2024-07-23,82.2,85.12428571428572,1.6804350343734462
2024-07-24,83.01,84.63714285714286,1.7355759302063098
2024-07-25,82.58,84.06285714285715,1.6403121073476814
2024-07-26,81.35,83.43285714285715,1.724564817428231
2024-07-29,80.94,82.67285714285715,1.4155766114359394
2024-07-30,79.26,81.82571428571428,1.4324321641002997
2024-07-31,81.39,81.53285714285714,1.244638023487522
2024-08-01,81.37,81.41428571428571,1.2095296212780404
2024-08-02,78.35,80.74857142857142,1.444477166902012
2024-08-05,77.51,80.02428571428571,1.6320320374966344
2024-08-06,76.62,79.34857142857142,1.9415065333483525
2024-08-07,78.26,78.96571428571428,1.8367984569394706
2024-08-08,80.76,79.17999999999999,1.960204071005538
2024-08-09,81.07,79.13428571428572,1.9029701096133669
2024-08-12,83.06,79.37571428571428,2.299730833108216
2024-08-13,82.51,79.97,2.5176708813213566
2024-08-14,82.15,80.63285714285715,2.3684433304410497
2024-08-15,83.09,81.55714285714285,1.7132592164772222
2024-08-16,81.56,82.02857142857144,0.9295774769761515
2024-08-19,81.09,82.07571428571428,0.8603072540759141
2024-08-20,78.85,81.75857142857144,1.4793289984656306
2024-08-21,78.77,81.14571428571428,1.719455894001224
2024-08-22,78.8,80.61571428571429,1.798794569913088
2024-08-23,80.34,80.35714285714286,1.6667304749650884
2024-08-27,81.51,80.13142857142857,1.3020423517309758
2024-08-28,80.04,79.91428571428573,1.1408601600322095
2024-08-29,81.55,79.98,1.2296611999463465
2024-08-30,80.2,80.17285714285715,1.1242436610942754
2024-09-02,77.82,80.03714285714285,1.3553931076176042
2024-09-03,76.46,79.70285714285716,1.893222246905328
2024-09-04,74.67,78.89285714285714,2.6406041877148327
2024-09-05,74.47,77.88714285714286,2.8127312603310672
2024-09-06,72.82,76.85571428571428,3.190166438408529
2024-09-09,72.37,75.5442857142857,2.8020638652157643
2024-09-10,70.34,74.13571428571429,2.537379600706403
2024-09-11,70.31,73.06285714285714,2.296183168399841
2024-09-12,73.81,72.68428571428572,1.8096579524173764
2024-09-13,73.68,72.54285714285714,1.6612015158240145
2024-09-16,73.96,72.47,1.571347616957765
2024-09-17,74.55,72.71714285714286,1.760262426318692
2024-09-18,74.52,73.02428571428571,1.8735248165105396
2024-09-19,75.93,73.82285714285715,1.72406220194523
2024-09-20,75.96,74.63,0.9575315486460809
2024-09-23,74.95,74.79285714285713,0.88933897334466
2024-09-24,75.29,75.02285714285713,0.7509929934269965
2024-09-25,75.4,75.22857142857143,0.5916482223700255
2024-09-26,73.06,75.01571428571428,1.0021120553184315
2024-09-27,71.63,74.60285714285715,1.6355194311012355
2024-09-30,72.35,74.09142857142857,1.7094192831778012
2024-10-01,75.3,73.99714285714286,1.6041375074609268
2024-10-02,74.86,73.98428571428572,1.595565282717815
2024-10-03,77.57,74.31000000000002,2.069009424818033
2024-10-04,79.32,74.86999999999999,2.8107413019793563
2024-10-07,81.74,76.11,3.6642234284114705
2024-10-08,78.19,77.04714285714284,3.1269671903475675
2024-10-09,77.06,77.72,2.360628447395553
2024-10-10,79.45,78.31285714285715,2.164545481814539
2024-10-11,80.27,79.08571428571429,1.6247344105264239
2024-10-14,78.47,79.21428571428571,1.5168262605679887
2024-10-15,73.68,78.40857142857143,2.5780317335196283
2024-10-16,73.65,77.25285714285714,2.648060386303567
2024-10-17,74.37,76.70714285714287,2.811326580609843
2024-10-18,72.75,76.09142857142857,3.170228322855282
2024-10-21,73.29,75.21142857142857,2.9282897657791676
2024-10-22,75.59,74.54285714285716,1.9525429084938926
2024-10-23,74.68,74.00142857142858,0.9503407909973819
2024-10-24,74.27,74.08571428571429,0.9432189060593658
2024-10-25,75.62,74.36714285714287,1.076084170891432
2024-10-28,71.87,74.01,1.431234898023121
2024-10-29,71.09,73.77285714285715,1.771804299626901
2024-10-30,73.21,73.76142857142858,1.7756916828004943
2024-10-31,73.25,73.42714285714285,1.5839898388277867
2024-11-01,73.63,73.27714285714286,1.492656628133094
2024-11-04,74.89,73.36571428571428,1.577380287506609
2024-11-05,76.98,73.55999999999999,1.9427557746628596
2024-11-06,76.52,74.2242857142857,2.0600312064176474
2024-11-07,75.73,74.88714285714286,1.572161084678204
2024-11-08,74.04,75.00571428571428,1.451239207739826
2024-11-11,72.19,74.85428571428572,1.6991062076126877
2024-11-12,72.56,74.70142857142856,1.8673995160026675
2024-11-13,72.86,74.41142857142857,1.9870281710048723
2024-11-14,73.39,73.89857142857143,1.6479424400446305
2024-11-15,73.45,73.46000000000001,1.1745353691223004
2024-11-18,74.35,73.26285714285713,0.7793526006733886
2024-11-19,74.32,73.30285714285715,0.831338564911858
2024-11-20,74.33,73.60857142857142,0.7426400781672224
2024-11-21,75.09,73.97,0.7626488925575836
2024-11-22,76.1,74.43285714285715,0.9394096423693452
2024-11-25,74.27,74.55857142857143,0.828983887479321
2024-11-26,74.56,74.71714285714286,0.6730951959739477
2024-11-27,73.91,74.6542857142857,0.7311374048343869
2024-11-28,73.92,74.59714285714286,0.7758804522453988
2024-11-29,74.16,74.57285714285715,0.7881986696532717
2024-12-02,72.81,74.24714285714286,0.9853208324414624
2024-12-03,74.8,74.06142857142858,0.6398288461510007
2024-12-04,74.68,74.12,0.6796322534915332
2024-12-05,73.78,74.00857142857141,0.6591011194803487
2024-12-06,73.78,73.99000000000001,0.6641535966822435
2024-12-09,73.73,73.96285714285715,0.6713348465381728
2024-12-10,73.64,73.88857142857144,0.6746462917956073
2024-12-11,74.38,74.11285714285714,0.4927715591527048
2024-12-12,73.52,73.92999999999999,0.4286023798183502
2024-12-13,74.89,73.96000000000001,0.49244289007554576
2024-12-16,74.3,74.03428571428572,0.49992856631176696
2024-12-17,73.16,73.94571428571429,0.5978254244185272
2024-12-18,74.57,74.06571428571428,0.6307101062145838
2024-12-19,73.75,74.08142857142856,0.6196081711051444
2024-12-20,73.19,73.91142857142857,0.683945138418935
2024-12-23,72.12,73.71142857142857,0.9645971278381069
2024-12-24,73.5,73.51285714285714,0.8126441264024176
2024-12-27,73.77,73.43714285714285,0.749304439358932
2024-12-30,74.24,73.59142857142857,0.7926627818310704
2024-12-31,74.58,73.59285714285714,0.7947266675885255
2025-01-02,76.14,73.9342857142857,1.2541113340055525
2025-01-03,76.72,74.43857142857142,1.5738956823861168
2025-01-06,77.27,75.17428571428572,1.5119067116552156
2025-01-07,77.84,75.7942857142857,1.5982892639991286
2025-01-08,77.37,76.30857142857143,1.405992277966235
2025-01-09,78.44,76.90857142857143,1.265232897810034
2025-01-10,79.76,77.64857142857143,1.188842974927394
2025-01-13,82.69,78.58428571428571,2.0612039939677547
2025-01-14,82.39,79.39428571428572,2.3060272992201862
2025-01-15,83.48,80.28142857142858,2.535674982925573
2025-01-16,82.39,80.93142857142857,2.384180002789506
2025-01-17,83.02,81.73857142857142,1.880774916278256
2025-01-20,81.68,82.20142857142858,1.2142957982722065
2025-01-21,80.57,82.31714285714285,0.9534448819121196
2025-01-22,80.0,81.93285714285715,1.2682496374312036
2025-01-23,78.62,81.39428571428572,1.7505414128441605
2025-01-24,78.71,80.71285714285715,1.731624615645944
2025-01-27,77.3,79.98571428571428,1.9631934625542362
2025-01-28,78.01,79.27,1.5403246411023517
2025-01-29,77.02,78.60428571428572,1.3157869273109128
2025-01-30,77.42,78.15428571428572,1.041535039296459
2025-01-31,77.11,77.74142857142859,0.7070461694269333
2025-02-03,76.49,77.43714285714285,0.7240560357072776
2025-02-04,76.58,77.13285714285713,0.5183214667020095
2025-02-05,74.71,76.76285714285714,1.0405081176252813
2025-02-06,74.54,76.26714285714286,1.1663006228430413
2025-02-07,74.68,75.93285714285715,1.247099491958859
2025-02-10,76.23,75.76285714285714,1.0805818538380303
2025-02-11,77.65,75.84,1.204906635381721
2025-02-12,75.38,75.68142857142857,1.1778430649713816
2025-02-13,75.61,75.54285714285716,1.1095902289482207
2025-02-14,75.19,75.61142857142856,1.0634131929943824
2025-02-17,75.81,75.79285714285716,0.9527279129832247
2025-02-18,76.46,76.04714285714286,0.8366742553172722
2025-02-19,76.34,76.06285714285715,0.841698962126036
2025-02-20,76.95,75.96285714285715,0.63884568520943
2025-02-21,74.88,75.89142857142858,0.7355140735348633
2025-02-24,74.89,75.78857142857143,0.8261845752420246
2025-02-25,73.11,75.49142857142859,1.3098273241288343
2025-02-26,73.49,75.16,1.4960614960578575
2025-02-27,75.01,74.95285714285714,1.3821084651758266
2025-02-28,74.76,74.72714285714287,1.2394718537253422
2025-03-03,72.85,74.14142857142858,0.9485854129708701
2025-03-04,72.31,73.77428571428572,1.1003008246605614
2025-03-05,70.92,73.20714285714287,1.409168954683542
2025-03-06,71.08,72.91714285714286,1.6248662948615877
2025-03-07,72.49,72.77428571428571,1.6099985211427932
2025-03-10,71.08,72.21285714285715,1.3673784441443129
2025-03-11,71.51,71.74857142857142,0.7869228799789061
2025-03-12,72.36,71.67857142857143,0.6882206179956338
2025-03-13,70.82,71.46571428571428,0.6907931948723128
2025-03-14,71.94,71.61142857142856,0.6635367000909765
2025-03-17,71.93,71.73285714285714,0.6268363498637343
2025-03-18,71.93,71.65285714285714,0.5444175568230258
2025-03-19,71.94,71.77571428571429,0.487676707886746
2025-03-20,72.61,71.93285714285715,0.5596937938228695
2025-03-21,72.64,71.97285714285714,0.6035924200240633
2025-03-24,73.96,72.42142857142856,0.7524499666872627
2025-03-25,73.78,72.68428571428572,0.8686552277794855
2025-03-26,74.6,73.06571428571428,1.0496008311489886
2025-03-27,74.72,73.46428571428571,1.075854035057115
2025-03-28,74.69,73.85714285714286,0.9168190349485255
2025-03-31,77.23,74.51714285714286,1.403266597209529
2025-04-01,77.78,75.25142857142858,1.5897214490913876
2025-04-02,77.27,75.72428571428573,1.6332468392996222
2025-04-03,72.54,75.54714285714284,1.9211430129424067
2025-04-04,68.36,74.6557142857143,3.3501286400299306
2025-04-07,66.13,73.42857142857143,4.645476037935665
2025-04-08,64.86,72.02428571428571,5.5902857921650115
2025-04-09,67.3,70.60571428571428,5.301584219653774
2025-04-10,65.37,68.83285714285714,4.5199915718406345
2025-04-11,66.83,67.34142857142857,2.576738433052036
2025-04-14,67.18,66.57571428571428,1.2065219592206784
2025-04-15,66.58,66.32142857142857,0.9217633205080761
2025-04-16,67.94,66.58,1.0964336125151997
2025-04-17,69.33,67.21857142857144,1.222203318751607
2025-04-22,68.93,67.45142857142858,1.3847674723098644
2025-04-23,68.26,67.86428571428571,1.0514887405079925
2025-04-24,67.5,67.96000000000001,0.9688997196063078
2025-04-25,66.99,67.93285714285715,0.9966563146392672
2025-04-28,66.13,67.86857142857143,1.1068789239873826
2025-04-29,64.04,67.31142857142858,1.8180156633999096
2025-04-30,63.37,66.46000000000001,2.090326928174889
2025-05-01,62.37,65.52285714285713,2.2618702754232967
2025-05-02,61.57,64.56714285714285,2.3250714274712863
2025-05-06,62.37,63.83428571428572,2.0372355218321503
2025-05-07,60.31,62.879999999999995,1.870356472258527
2025-05-08,62.22,62.32142857142857,1.2026696494466997
2025-05-09,64.26,62.35285714285714,1.2567247681346576
2025-05-12,65.28,62.62571428571429,1.6577379883688619
2025-05-13,66.93,63.277142857142856,2.30866277518175
2025-05-14,65.91,63.89714285714285,2.356068153267919
2025-05-15,64.36,64.18142857142857,2.25915491995727
2025-05-16,65.2,64.88000000000001,1.4863938464124953
2025-05-19,66.25,65.45571428571428,0.9778694040693258
2025-05-20,66.93,65.83714285714287,0.9541787792879893
2025-05-21,65.86,65.92,0.9223882046006355
2025-05-22,64.87,65.62571428571428,0.8737821456642337
2025-05-23,65.41,65.55428571428571,0.8670804872760777
2025-05-27,64.32,65.54857142857144,0.8763452244220344
2025-05-28,65.72,65.62285714285714,0.8638231741374122
2025-05-29,64.6,65.38714285714286,0.8889265864945324
2025-05-30,64.32,65.01428571428572,0.6488928299405268
2025-06-02,66.55,65.11285714285714,0.8267953048831372
2025-06-03,67.48,65.48571428571428,1.2022736397127942
2025-06-04,66.69,65.66857142857143,1.283438461984305
2025-06-05,67.14,66.07142857142857,1.2311028737277196
2025-06-06,68.02,66.39999999999999,1.4148851543451773
2025-06-09,68.73,66.99,1.4002142693125237
2025-06-10,68.41,67.57428571428572,0.8427505985847754
2025-06-11,71.29,68.25142857142858,1.5170742518745586
2025-06-12,70.84,68.73142857142857,1.7465148970738238
2025-06-13,76.0,70.06142857142858,3.0161864916426433
2025-06-16,75.05,71.19142857142857,3.2144747034366783
2025-06-17,78.7,72.71714285714286,3.9162725232263034
2025-06-18,78.38,74.0957142857143,3.976819739198926
2025-06-19,80.37,75.80428571428571,3.6854527408106956
2025-06-20,78.73,76.86714285714287,3.208549590730641
2025-06-23,74.34,77.36714285714287,2.2390006274030285
2025-06-24,69.13,76.38571428571429,3.858276200336424
2025-06-25,68.4,75.43571428571428,4.9157531031791715
2025-06-26,68.57,73.98857142857142,5.272739416315567
2025-06-27,69.37,72.70142857142858,5.119571689672973
2025-06-30,68.15,70.95571428571428,4.038068255748242
2025-07-01,67.63,69.36999999999999,2.267722793167815
2025-07-02,70.8,68.86428571428571,1.0335353105149923
2025-07-03,70.42,69.04857142857144,1.191713452289209
2025-07-04,71.03,69.42428571428572,1.3563659430311341
2025-07-07,71.95,69.90714285714286,1.5840740122155603
2025-07-08,72.5,70.35428571428572,1.8298711898422966
2025-07-09,71.98,70.90142857142857,1.6216804922776853
2025-07-10,70.38,71.29428571428572,0.8434424924567566
2025-07-11,72.06,71.47428571428571,0.8547486402923882
2025-07-14,70.96,71.55142857142857,0.7632043975026683
2025-07-15,70.27,71.44285714285715,0.8927992362098706
2025-07-16,69.67,71.11714285714285,1.0743791119418231
2025-07-17,71.32,70.94857142857143,0.8996004403997155
2025-07-18,71.06,70.81714285714285,0.7835116311688519
2025-07-21,71.92,71.03714285714285,0.853399364996771
2025-07-22,69.69,70.69857142857143,0.8500868302908892
2025-07-23,69.17,70.44285714285714,1.0121217694412339
2025-07-24,70.42,70.46428571428571,1.009436429275407
2025-07-25,69.23,70.40142857142858,1.0784777631924811
2025-07-28,70.87,70.33714285714287,1.0267702483240897
2025-07-29,73.21,70.64428571428572,1.4942094581243612
2025-07-30,73.98,70.93857142857144,1.9274026440698326
2025-07-31,73.43,71.47285714285715,2.038763630939997
2025-08-01,70.55,71.67,1.8355653080145429
2025-08-04,69.56,71.54714285714286,1.957879075984262
2025-08-05,69.14,71.53428571428572,1.9758446054152177
2025-08-06,67.97,71.12,2.397401370926406
2025-08-07,66.99,70.23142857142857,2.6346121066235444
2025-08-08,67.17,69.25857142857141,2.2487954447586467
2025-08-11,67.36,68.39142857142858,1.3712941402317018
2025-08-12,66.8,67.85571428571428,1.0914036396989109
2025-08-13,66.25,67.38285714285715,0.9359080133805281
2025-08-14,68.12,67.23714285714286,0.6535470981573358
2025-08-15,67.3,67.14142857142858,0.5723468811542618
2025-08-18,68.18,67.31142857142858,0.6854300005838336
2025-08-19,66.62,67.23285714285714,0.7341370054991151
2025-08-20,67.61,67.26857142857143,0.7473158317385088
2025-08-21,68.41,67.49857142857142,0.8229910605227532
2025-08-22,68.29,67.79,0.6502307282696707
2025-08-26,66.89,67.61428571428571,0.709667930383402
2025-08-27,67.75,67.67857142857143,0.6967167901668379
2025-08-28,68.61,67.74,0.7640026177874647
2025-08-29,67.83,67.91285714285713,0.5840580532018415
2025-09-01,67.09,67.83857142857143,0.6574554122020204
2025-09-02,68.09,67.79285714285714,0.6212276631879143
2025-09-03,67.76,67.71714285714286,0.581570124327162
2025-09-04,66.41,67.64857142857143,0.7095639170413409
2025-09-05,64.92,67.24428571428572,1.2457642519412087
2025-09-08,65.44,66.79142857142857,1.2427312470389502
2025-09-09,67.97,66.81142857142858,1.263189462841443
2025-09-10,67.62,66.88714285714286,1.2980718301297962
2025-09-11,67.25,66.76714285714286,1.203740202941028
2025-09-12,67.87,66.78285714285714,1.2194768589480667
2025-09-15,67.88,66.99285714285715,1.270088110923752
2025-09-16,69.69,67.67428571428572,1.2520763707064282
2025-09-17,69.19,68.21,0.8853059734650393
2025-09-18,67.83,68.19,0.8931778471574843
2025-09-19,67.05,68.10857142857142,0.9759513063504519
2025-09-22,66.87,68.05428571428571,1.0401259081227123
2025-09-23,67.96,68.06714285714285,1.0380223871269205
2025-09-24,69.64,68.31857142857143,1.1875244358330175
2025-09-25,70.48,68.43142857142857,1.3640067029529415
2025-09-26,71.15,68.71142857142857,1.7043809098029168
2025-09-29,69.0,68.87857142857143,1.6603355943003362
2025-09-30,68.52,69.08857142857143,1.472893168461545
2025-10-01,66.67,69.06,1.5241500363546021
2025-10-02,65.44,68.7,2.038193644705936
2025-10-03,66.13,68.19857142857143,2.1941849555208095
2025-10-06,67.09,67.71428571428571,1.9693049293464022
2025-10-07,67.1,67.13571428571429,1.258237618555379
2025-10-08,67.42,66.91,0.9787406874751331
2025-10-09,67.23,66.72571428571429,0.7094800242063425
2025-10-10,64.41,66.40285714285714,1.129154761835747
2025-10-13,64.15,66.21857142857142,1.3880733478579008
2025-10-14,63.0,65.77142857142857,1.8489765508788962
2025-10-15,62.33,65.09142857142857,2.136207141727259
2025-10-16,61.08,64.23142857142857,2.389570593021482
2025-10-17,61.23,63.347142857142856,2.1458542532464104
2025-10-20,60.71,62.41571428571429,1.4962826954646442
2025-10-21,61.0,61.92857142857143,1.277959683388286
2025-10-22,62.28,61.66142857142857,0.8648974615713086
2025-10-23,66.32,62.135714285714286,1.9503919020067575
2025-10-24,65.8,62.63142857142857,2.397682412740691
2025-10-27,65.52,63.26571428571428,2.5037961654416754
2025-10-28,64.03,63.66571428571429,2.3428604819921564
2025-10-29,65.01,64.28,1.973296733891132
2025-10-30,65.11,64.86714285714285,1.346646628794157
2025-10-31,65.44,65.31857142857143,0.7175288280154588
2025-11-03,65.79,65.24285714285715,0.6148635156217602
2025-11-04,65.04,65.13428571428571,0.5651801229821862
2025-11-05,63.54,64.85142857142857,0.7905152027000015
2025-11-06,63.41,64.76285714285714,0.921732323495277
2025-11-07,63.72,64.57857142857144,0.9904784798435108
2025-11-10,63.01,64.27857142857142,1.1131251587458886
2025-11-11,63.86,64.05285714285715,0.9919629409286808
2025-11-12,61.88,63.494285714285716,0.9507515823883053
2025-11-13,62.14,63.08,0.7817714926063022
2025-11-14,63.45,63.067142857142855,0.7736432055599187
2025-11-17,63.16,63.03142857142858,0.7608422651024085
2025-11-18,64.86,63.19428571428572,1.0130129505985963
2025-11-19,63.78,63.30428571428571,1.0313075380702361
2025-11-20,63.64,63.27285714285714,1.014769502321779
2025-11-21,62.78,63.401428571428575,0.8530030982942292
2025-11-24,64.83,63.785714285714285,0.7938903606589737
2025-11-25,63.99,63.862857142857145,0.7819785650360372
2025-11-26,64.81,64.09857142857143,0.783484281292867
2025-11-27,64.18,64.00142857142858,0.712259984626156
2025-11-28,64.07,64.04285714285714,0.7056371656235111
2025-12-01,64.22,64.12571428571428,0.6841748592871745
2025-12-02,63.37,64.21,0.5031567018852772
2025-12-03,63.75,64.05571428571429,0.44339061568848326
2025-12-04,64.15,64.07857142857144,0.44356241841819527
2025-12-05,64.42,64.02285714285715,0.35126980538589275
2025-12-08,63.3,63.89714285714285,0.4335017987380774
2025-12-09,62.62,63.69,0.6361865554368692
2025-12-10,63.12,63.53285714285715,0.6190776549370888
2025-12-11,61.87,63.31857142857143,0.8866308621402169
2025-12-12,62.11,63.08428571428572,0.9666929388799779
2025-12-15,61.55,62.712857142857146,0.9882259236508474
2025-12-16,59.93,62.07142857142857,1.1408685079210104
2025-12-17,60.61,61.68714285714286,1.110716199654692
2025-12-18,60.69,61.41142857142857,1.0796670562565966
2025-12-19,61.35,61.15857142857143,0.7779337711950397
2025-12-22,62.22,61.208571428571425,0.8400481845499979
2025-12-23,63.7,61.43571428571429,1.242817459677841
2025-12-24,63.7,61.74285714285714,1.512235809271177
2025-12-29,63.1,62.19571428571429,1.3441832358029076
2025-12-30,62.3,62.43714285714286,1.1495899890144299
2025-12-31,61.35,62.53142857142858,0.9997070999544602
2026-01-02,61.98,62.621428571428574,0.8988961484506307
2026-01-05,63.0,62.73285714285714,0.8891328038275604
2026-01-06,62.1,62.50428571428571,0.800288638396779
2026-01-07,61.08,62.129999999999995,0.7594954465421888
2026-01-08,63.34,62.16428571428571,0.8140404810246835
2026-01-09,65.11,62.56571428571429,1.384844842601622
2026-01-12,65.4,63.144285714285715,1.6185781532198042
2026-01-13,67.58,63.944285714285705,2.2195634491375205
2026-01-14,68.87,64.78285714285714,2.828643457473796
2026-01-15,66.16,65.36285714285715,2.593303647764644
2026-01-16,66.97,66.20428571428572,1.8090223615941416
2026-01-19,66.91,66.71428571428571,1.2979837844702566
2026-01-20,67.68,67.08142857142857,1.1198129095374947
2026-01-21,66.72,67.27,0.8735368719479283
2026-01-22,65.46,66.96714285714286,1.0890625063985149
2026-01-23,68.16,66.86571428571429,0.8987372093189566
2026-01-26,67.7,67.08571428571427,0.8855856281285199
2026-01-27,70.28,67.55857142857143,1.49055278975069
2026-01-28,70.9,68.12857142857142,1.9061604389540883
2026-01-29,71.0,68.60285714285713,2.1706351934038164
2026-01-30,72.25,69.39285714285714,2.3684644412593565
2026-02-02,67.72,69.71571428571428,1.8375332844372634
2026-02-03,70.01,69.98,1.704728717417014
2026-02-04,71.15,70.47285714285715,1.4087076143910995
2026-02-05,69.87,70.41428571428571,1.4264741748152625
2026-02-06,70.45,70.35000000000001,1.4109925584446945
2026-02-09,71.19,70.37714285714286,1.4273134937742704
2026-02-10,71.01,70.2,1.2176890681339638
2026-02-11,71.52,70.74285714285715,0.6358384041380342
2026-02-12,69.8,70.71285714285715,0.6796252468653606
2026-02-13,69.96,70.54285714285714,0.7005643983081019
2026-02-16,70.81,70.67714285714285,0.6373307431599402
2026-02-17,69.77,70.58,0.7236942263965189
2026-02-18,71.78,70.66428571428571,0.8327235864408422
2026-02-19,73.17,70.97285714285714,1.2684073252876957
2026-02-20,72.75,71.14857142857143,1.431542624479144
2026-02-23,71.9,71.44857142857143,1.3173132830502559
2026-02-24,71.21,71.62714285714286,1.1568450527952476
2026-02-25,70.69,71.61,1.1717650503917998
2026-02-26,71.66,71.88000000000001,0.8509602419148046
2026-02-27,71.32,71.81428571428572,0.8773227673334412
2026-03-02,77.24,72.39571428571428,2.2305519282788002
2026-03-03,83.28,73.89999999999999,4.696704518417114
2026-03-04,81.56,75.28,5.380504932933319
2026-03-05,88.59,77.76285714285713,6.965846955647989
2026-03-06,95.74,81.34142857142857,8.894261124588574
2026-03-09,94.35,84.58285714285714,8.912464519397009
2026-03-10,89.84,87.22857142857143,6.823094187075329
2026-03-11,90.98,89.19142857142857,5.270352387241406
2026-03-12,102.38,91.91999999999999,6.500479469494564
2026-03-13,103.23,95.01571428571428,5.874234296605447
2026-03-16,101.04,96.7942857142857,5.475685214785067
2026-03-17,108.39,98.60142857142857,6.956860950579767
2026-03-18,118.09,101.99285714285715,9.760504963517239
2026-03-19,111.05,105.02285714285715,8.579805192592945
2026-03-20,118.42,108.94285714285715,7.261716312932623
2026-03-23,103.79,109.14428571428572,7.066257512862321
2026-03-24,108.42,109.88571428571429,6.599113216037685
2026-03-25,109.14,111.04285714285716,5.3886662366036235
2026-03-26,113.39,111.75714285714287,5.309211222913615
2026-03-27,121.47,112.24000000000001,6.079045977782047
2026-03-30,121.88,113.78714285714285,7.029541744868247
2026-03-31,126.69,114.96857142857142,8.482694989547989
2026-04-01,119.56,117.22142857142858,6.980089370418985
2026-04-02,127.61,119.96285714285715,6.710428983518556
2026-04-07,138.21,124.11571428571428,7.802559104000284
2026-04-08,122.11,125.36142857142856,6.369182125859663
2026-04-09,119.03,125.01285714285714,6.676977146097854
2026-04-10,119.07,124.61142857142856,6.974559552571773
2026-04-13,123.28,124.12428571428572,6.9240880437848595
2026-04-14,118.69,124.0,7.026718058002319
2026-04-15,114.93,122.18857142857142,7.555489016979867
2026-04-16,116.63,119.10571428571427,2.8924030213793057
2026-04-17,98.63,115.75142857142858,7.975655518662375
2026-04-20,103.4,113.51857142857143,9.023817426808312
2026-04-21,106.14,111.67142857142858,9.021428986162295
2026-04-22,113.44,110.26571428571428,7.559252293585881
2026-04-23,113.25,109.48857142857142,6.789249905969171
2026-04-24,111.86,109.05,6.4708525970942485
2026-04-27,113.89,108.65857142857143,6.001781481557702
2026-04-28,117.62,111.37142857142858,4.904862990173037
2026-04-29,124.16,114.33714285714284,5.519386180501622
2026-04-30,124.24,116.92285714285713,5.2734198716625835
2026-05-01,118.26,117.61142857142856,5.052927958359358
2026-05-05,114.51,117.79142857142858,4.891531554878255
2026-05-06,103.7,116.62571428571428,7.040795071444978
2026-05-07,101.82,114.90142857142858,9.021730115986784
2026-05-08,103.48,112.88142857142859,9.85600735350626
2026-05-11,106.11,110.30285714285712,8.707737391319226
2026-05-12,111.37,108.46428571428571,6.3005366362517385
2026-05-13,110.28,107.32428571428572,4.768370990679138
2026-05-14,110.91,106.80999999999999,3.9957393975735878
2026-05-15,113.96,108.2757142857143,4.513087845893352
2026-05-18,116.73,110.40571428571427,4.4767579680780445
2026-05-19,114.64,112.0,3.47418095863207
2026-05-20,108.93,112.40285714285714,2.7693664394909483
2026-05-21,105.84,111.61285714285715,3.7338974913860166
2026-05-22,106.9,111.13,4.132279435532119
2026-05-26,102.75,109.96428571428571,5.214054267530236
2026-05-27,97.11,107.55714285714285,6.730833812352843
2026-05-28,95.47,104.52000000000001,6.698417723611202
2026-05-29,92.88,101.41142857142857,6.253605436255935
2026-06-01,98.29,99.89142857142858,5.349253619497129
2026-06-02,98.49,98.84142857142857,4.664548669025026
2026-06-03,101.69,98.09714285714287,3.411845611421966
2026-06-04,98.98,97.55857142857143,2.797143951551857
2026-06-05,97.29,97.58428571428571,2.793157455536193
2026-06-08,97.46,97.86857142857141,2.63912503538006
2026-06-09,94.15,98.05,2.2546766213041503
2026-06-10,95.73,97.6842857142857,2.4114301229942496
2026-06-11,92.84,96.87714285714286,2.9762264378760945
2026-06-12,88.64,95.01285714285714,3.500131970299496
2026-06-15,84.36,92.92428571428572,4.842791402839622
2026-06-16,80.5,90.52571428571427,6.2682689187752585
2026-06-17,80.33,88.07857142857144,6.451044950422345
2026-06-18,79.35,85.96428571428571,6.554008587987754
2026-06-19,80.46,83.78285714285714,5.153441291297085
2026-06-22,76.49,81.44714285714285,3.922430004837018
2026-06-23,75.69,79.59714285714286,2.8798941779480414
2026-06-24,72.09,77.8442857142857,3.2126720817335817
2026-06-25,73.74,76.87857142857142,3.296252561981472
2026-06-26,70.16,75.42571428571429,3.733697261172053
2026-06-29,71.59,74.31714285714285,3.5202543198153906
