Date,Price,Rolling_Mean,Rolling_STD
1986-01-02,25.56,,
1986-01-03,26.0,,
1986-01-06,26.53,,
1986-01-07,25.85,,
1986-01-08,25.87,,
1986-01-09,26.03,,
1986-01-10,25.65,25.927142857142858,0.31626540993888275
1986-01-13,25.08,25.858571428571427,0.43781383301690274
1986-01-14,24.97,25.71142857142857,0.5428452379647003
1986-01-15,25.18,25.518571428571427,0.4320659120793392
1986-01-16,23.98,25.25142857142857,0.6925659672894823
1986-01-17,23.63,24.93142857142857,0.8570769815955552
1986-01-20,21.33,24.259999999999998,1.4728204235411706
1986-01-21,20.61,23.539999999999996,1.8608600162290534
1986-01-22,20.25,22.849999999999998,2.077522563054368
1986-01-23,19.93,22.13,2.09363320569769
1986-01-24,19.45,21.31142857142857,1.8022803016496256
1986-01-27,20.87,20.867142857142856,1.3651094496500218
1986-01-28,19.45,20.27,0.7141428428542683
1986-01-29,19.61,20.024285714285714,0.5699958228752339
1986-01-30,19.58,19.877142857142854,0.5247448359508837
1986-01-31,18.95,19.69142857142857,0.59599856183909
1986-02-03,17.42,19.33285714285714,1.0274355500583914
1986-02-04,15.58,18.78,1.7447253843131454
1986-02-05,16.28,18.124285714285715,1.6899985911518476
1986-02-06,16.6,17.717142857142857,1.6604288029071907
1986-02-07,17.7,17.444285714285716,1.4398131492530224
1986-02-10,16.78,17.044285714285714,1.0953212183777772
1986-02-11,16.28,16.662857142857145,0.7225352191119494
1986-02-12,15.74,16.422857142857143,0.7079951573684337
1986-02-13,16.43,16.544285714285714,0.6046998468347046
1986-02-14,16.03,16.50857142857143,0.629773201807044
1986-02-18,14.7,16.237142857142857,0.9243504798093727
1986-02-19,15.08,15.862857142857141,0.7466528485115965
1986-02-20,14.13,15.484285714285715,0.8663497589091289
1986-02-21,13.63,15.105714285714285,1.025131814985388
1986-02-24,14.68,14.954285714285716,0.993627313480882
1986-02-25,14.68,14.704285714285714,0.7509739707619034
1986-02-26,14.62,14.502857142857144,0.4742261867405363
1986-02-27,14.05,14.41,0.4924767337989955
1986-02-28,13.23,14.145714285714288,0.5641766018679173
1986-03-03,11.98,13.838571428571429,0.9949443631250326
1986-03-04,11.98,13.602857142857143,1.2221117554696594
1986-03-05,12.03,13.224285714285713,1.2430990459714895
1986-03-06,13.13,13.002857142857144,1.066016170698393
1986-03-07,12.24,12.662857142857144,0.8140375561711706
1986-03-10,12.94,12.504285714285714,0.5704634707223237
1986-03-11,13.23,12.504285714285714,0.5704634707223237
1986-03-12,14.05,12.8,0.758814865431608
1986-03-13,12.6,12.888571428571428,0.6791521324766704
1986-03-14,12.55,12.962857142857144,0.5925007534654555
1986-03-17,13.28,12.984285714285717,0.6021864922335614
1986-03-18,14.03,13.239999999999998,0.6134057928212422
1986-03-19,13.25,13.284285714285714,0.599162113367683
1986-03-20,12.75,13.215714285714284,0.6329259341307072
1986-03-21,13.95,13.20142857142857,0.6117305662742998
1986-03-24,12.2,13.144285714285715,0.690841446905073
1986-03-25,12.43,13.127142857142855,0.7092887114500459
1986-03-26,12.03,12.948571428571427,0.8140112319337346
1986-03-27,11.35,12.565714285714288,0.8500560205628972
1986-03-31,10.25,12.137142857142859,1.150662335146067
1986-04-01,11.13,11.905714285714286,1.1696132857039665
1986-04-02,11.35,11.534285714285714,0.7496634165378677
1986-04-03,11.7,11.462857142857143,0.6976798283289645
1986-04-04,12.75,11.508571428571429,0.7775266034339982
1986-04-07,14.39,11.845714285714285,1.345509285770719
1986-04-08,12.83,12.057142857142855,1.3706776217831584
1986-04-09,13.0,12.45,1.1413004278745624
1986-04-10,13.45,12.781428571428572,1.0250272934809814
1986-04-11,13.63,13.107142857142858,0.8398951181688126
1986-04-14,12.94,13.284285714285716,0.5860562300341994
1986-04-15,12.72,13.280000000000001,0.5907057925340895
1986-04-16,11.5,12.867142857142857,0.6875976121180676
1986-04-17,11.75,12.712857142857144,0.8079545013120899
1986-04-18,11.88,12.552857142857144,0.8513462727882626
1986-04-21,12.48,12.414285714285715,0.7544061051108757
1986-04-22,13.13,12.342857142857143,0.6342111710808942
1986-04-23,13.7,12.451428571428574,0.797505038049463
1986-04-24,13.65,12.584285714285715,0.9180569543489999
1986-04-25,14.23,12.974285714285713,0.9595981301714603
1986-04-28,13.34,13.20142857142857,0.795684790425378
1986-04-29,13.63,13.45142857142857,0.5475225587872572
1986-04-30,13.38,13.58,0.35223098481913867
1986-05-01,13.8,13.675714285714287,0.29613381788514515
1986-05-02,14.65,13.811428571428573,0.4736182911525706
1986-05-05,14.32,13.907142857142857,0.5023847889720313
1986-05-06,14.43,13.935714285714287,0.5287991787328795
1986-05-07,15.13,14.191428571428572,0.6179921404955608
1986-05-08,15.7,14.487142857142858,0.7788819826245469
1986-05-09,15.83,14.837142857142856,0.7483251139648343
1986-05-12,15.75,15.115714285714287,0.655028170968176
1986-05-13,15.65,15.258571428571429,0.6455082899397677
1986-05-14,15.53,15.43142857142857,0.49727351868058023
1986-05-15,15.68,15.61,0.23072349974232986
1986-05-16,16.08,15.745714285714286,0.17367183065172748
1986-05-19,17.13,15.95,0.5481788029466487
1986-05-20,16.18,16.0,0.5513619500836284
1986-05-21,15.53,15.968571428571428,0.573801027402043
1986-05-22,16.04,16.024285714285714,0.5563828760502311
1986-05-23,16.95,16.22714285714286,0.6030399181291134
1986-05-27,15.1,16.14428571428571,0.7193714187367065
1986-05-28,14.65,15.94,0.9166606060405824
1986-05-29,14.5,15.564285714285715,0.8860936207658429
1986-05-30,14.3,15.295714285714284,0.9509093392267128
1986-06-02,13.8,15.048571428571426,1.093929134990453
1986-06-03,13.35,14.664285714285715,1.15820057478339
1986-06-04,13.15,14.12142857142857,0.7134757312253968
1986-06-05,13.21,13.851428571428572,0.634702780084986
1986-06-06,12.73,13.577142857142857,0.6468311032954919
1986-06-09,12.61,13.307142857142859,0.5893135635554808
1986-06-10,12.38,13.032857142857143,0.4883548670694865
1986-06-11,13.52,12.992857142857144,0.42200767314168
1986-06-12,13.69,13.04142857142857,0.48485147455786054
1986-06-13,13.83,13.138571428571428,0.5707430411731704
1986-06-16,13.65,13.20142857142857,0.6032254573382438
1986-06-17,13.65,13.332857142857145,0.5832870729956152
1986-06-18,13.62,13.477142857142855,0.4925347461758004
1986-06-19,13.73,13.67,0.09609023536926221
1986-06-20,14.44,13.801428571428572,0.290082090187601
1986-06-23,14.05,13.852857142857143,0.2988151204180694
1986-06-24,13.98,13.874285714285715,0.30226131866630596
1986-06-25,13.23,13.814285714285715,0.38465816611881937
1986-06-26,13.14,13.741428571428571,0.46157081693669333
1986-06-27,13.38,13.707142857142857,0.48061468578317806
1986-06-30,12.8,13.574285714285717,0.5894589932827303
1986-07-01,12.39,13.281428571428572,0.5968648247698979
1986-07-02,12.04,12.994285714285715,0.6468863151759228
1986-07-03,11.7,12.668571428571429,0.641831456885368
1986-07-07,11.18,12.375714285714285,0.7928820244915862
1986-07-08,11.19,12.097142857142856,0.8216388964687862
1986-07-09,11.0,11.757142857142856,0.6830498831396631
1986-07-10,11.13,11.51857142857143,0.5333363095154696
1986-07-11,11.13,11.338571428571429,0.3811136563383412
1986-07-14,11.23,11.222857142857142,0.22268919190305544
1986-07-15,11.85,11.244285714285713,0.2768788629741615
1986-07-16,12.68,11.45857142857143,0.6049360454193311
1986-07-17,12.3,11.617142857142857,0.6652747373757973
1986-07-18,12.8,11.874285714285715,0.731547609361048
1986-07-21,13.07,12.151428571428571,0.7690996591562402
1986-07-22,10.88,12.115714285714287,0.8279866573573902
1986-07-23,10.83,12.058571428571428,0.9091283109188962
1986-07-24,10.95,11.930000000000001,1.0023971268913134
1986-07-25,10.83,11.665714285714285,1.015494249825439
1986-07-28,11.09,11.492857142857144,0.9922485287754786
1986-07-29,11.63,11.325714285714286,0.818735959530623
1986-07-30,11.73,11.134285714285713,0.3843547468531239
1986-07-31,11.23,11.184285714285716,0.36818732292389217
1986-08-01,11.56,11.28857142857143,0.3542329069706967
1986-08-04,14.0,11.724285714285715,1.0536580271108822
1986-08-05,14.35,12.227142857142857,1.3531286497806125
1986-08-06,14.8,12.757142857142856,1.5462827930849001
1986-08-07,15.18,13.264285714285716,1.6904324608696653
1986-08-08,14.83,13.707142857142857,1.6263426687480247
1986-08-11,14.92,14.234285714285715,1.2422809282774492
1986-08-12,15.5,14.797142857142857,0.49868875683181074
1986-08-13,15.28,14.98,0.37766828478615383
1986-08-14,15.43,15.134285714285713,0.2871618093721511
1986-08-15,15.83,15.281428571428572,0.3453224855806564
1986-08-18,15.58,15.338571428571427,0.35858186287225424
1986-08-19,14.98,15.36,0.3261390296585959
1986-08-20,15.23,15.404285714285715,0.27318230438400526
1986-08-21,15.23,15.365714285714287,0.27645717829087985
1986-08-22,15.48,15.394285714285713,0.27645717829087973
1986-08-25,15.48,15.401428571428571,0.2781743201320644
1986-08-26,15.78,15.394285714285715,0.2656976441280987
1986-08-27,15.83,15.430000000000001,0.3082207001484224
1986-08-28,15.83,15.551428571428572,0.2659215781283455
1986-08-29,15.93,15.651428571428571,0.25634797778463186
1986-09-02,16.43,15.822857142857142,0.3207134902948864
1986-09-03,16.03,15.901428571428571,0.28846886437581365
1986-09-04,16.18,16.001428571428573,0.23426684012240998
1986-09-05,15.63,15.98,0.2629955639676319
1986-09-08,15.63,15.95142857142857,0.29134335822348545
1986-09-09,15.0,15.832857142857145,0.4657150160671881
1986-09-10,14.9,15.685714285714285,0.5788741124762984
1986-09-11,15.05,15.48857142857143,0.5145687052094552
1986-09-12,15.06,15.35,0.4734272207354738
1986-09-15,14.31,15.082857142857142,0.45422880745697947
1986-09-16,13.8,14.821428571428571,0.5924364542977844
1986-09-17,14.03,14.592857142857143,0.5342818945623367
1986-09-18,14.55,14.52857142857143,0.5033033734381901
1986-09-19,14.47,14.467142857142859,0.47591015558659017
1986-09-22,13.94,14.30857142857143,0.4322587408573648
1986-09-23,14.3,14.200000000000001,0.2810693864510588
1986-09-24,14.55,14.234285714285715,0.3098847712110848
1986-09-25,14.28,14.302857142857144,0.24383835395014952
1986-09-26,14.43,14.360000000000001,0.2143206320756574
1986-09-29,14.93,14.414285714285713,0.30104579623131755
1986-09-30,14.7,14.447142857142856,0.3200892732615695
1986-10-01,15.23,14.631428571428572,0.3494485451597483
1986-10-02,15.38,14.785714285714286,0.41161702033389297
1986-10-03,14.86,14.83,0.3984971769034024
1986-10-06,14.83,14.90857142857143,0.3180895351641341
1986-10-07,15.6,15.075714285714286,0.3318060248024782
1986-10-08,15.35,15.135714285714286,0.33896200096061424
1986-10-09,15.05,15.185714285714285,0.2855904493534238
1986-10-10,14.98,15.15,0.2946183972530998
1986-10-14,14.55,15.031428571428572,0.34868460301673226
1986-10-15,14.83,15.027142857142858,0.3513172491122422
1986-10-16,14.53,14.984285714285715,0.39496232490608707
1986-10-17,14.85,14.877142857142855,0.28709547109592615
1986-10-20,15.17,14.85142857142857,0.2422415166335746
1986-10-21,15.22,14.875714285714285,0.27214316960358786
1986-10-22,14.85,14.857142857142858,0.26824828584191357
1986-10-23,14.88,14.904285714285715,0.23179424373472762
1986-10-24,14.93,14.918571428571429,0.22952331554971814
1986-10-27,14.4,14.9,0.26820390253185356
1986-10-28,14.18,14.804285714285713,0.3837037547751556
1986-10-29,13.73,14.59857142857143,0.517604371807526
1986-10-30,15.08,14.578571428571427,0.4916444708468337
1986-10-31,15.25,14.635714285714286,0.5484176371725139
1986-11-03,14.7,14.610000000000001,0.5391969337202421
1986-11-04,15.05,14.627142857142857,0.5528023843928809
1986-11-05,14.93,14.702857142857143,0.552802384392882
1986-11-06,15.08,14.831428571428571,0.5142447073598333
1986-11-07,15.15,15.034285714285714,0.17652734848144622
1986-11-10,15.3,15.065714285714284,0.203540097839608
1986-11-11,15.39,15.085714285714285,0.22984466804465492
1986-11-12,15.33,15.175714285714287,0.16890403023184222
1986-11-13,15.55,15.247142857142858,0.20806363495446575
1986-11-14,15.68,15.354285714285714,0.21062265965915397
1986-11-17,15.62,15.431428571428572,0.1914356786171577
1986-11-18,15.65,15.502857142857142,0.15955294687700772
1986-11-19,15.52,15.534285714285716,0.13226956602043147
1986-11-20,15.1,15.492857142857144,0.2084637686916769
1986-11-21,15.13,15.464285714285714,0.24500728852131054
1986-11-24,14.98,15.382857142857143,0.30026179053808016
1986-11-25,15.05,15.292857142857143,0.29061511119887024
1986-11-26,15.0,15.204285714285714,0.2678841256250386
1986-11-28,15.0,15.111428571428572,0.18854076229718394
1986-12-01,15.29,15.078571428571427,0.10854009572934616
1986-12-02,15.22,15.095714285714285,0.12122391717487857
1986-12-03,15.13,15.095714285714285,0.12122391717487857
1986-12-04,15.2,15.127142857142857,0.11455919659195431
1986-12-05,15.14,15.14,0.10939226054274365
1986-12-08,15.01,15.141428571428573,0.10730463976115193
1986-12-09,14.93,15.131428571428572,0.12455635557558023
1986-12-10,15.12,15.107142857142858,0.10323343865786404
1986-12-11,15.49,15.145714285714286,0.17671607575021725
1986-12-12,16.13,15.28857142857143,0.4109107190711961
1986-12-15,16.38,15.457142857142857,0.5769955021694726
1986-12-16,16.11,15.595714285714285,0.6039828127482055
1986-12-17,15.83,15.712857142857143,0.5484132956604367
1986-12-18,16.28,15.905714285714286,0.45697764871881313
1986-12-19,16.55,16.11,0.35557465226495244
1986-12-22,16.95,16.318571428571428,0.3594638865231104
1986-12-23,16.93,16.43285714285714,0.41274343466269653
1986-12-24,17.26,16.55857142857143,0.5152484375337526
1986-12-29,17.65,16.77857142857143,0.6115670737656769
1986-12-30,17.73,17.05,0.5375561986124827
1986-12-31,17.93,17.285714285714285,0.5043760879495404
1987-01-02,18.13,17.51142857142857,0.4728082265016875
1987-01-05,17.98,17.658571428571427,0.427021801606986
1987-01-06,18.21,17.841428571428573,0.3248809305694662
1987-01-07,18.28,17.987142857142857,0.23767725215203958
1987-01-08,18.63,18.127142857142857,0.2890625241313959
1987-01-09,18.78,18.277142857142856,0.3194638365405667
1987-01-12,19.0,18.43,0.3765634076753597
1987-01-13,18.86,18.534285714285716,0.38069485343074083
1987-01-14,19.13,18.698571428571427,0.34839769284689465
1987-01-15,19.09,18.82428571428571,0.2978174576738717
1987-01-16,19.13,18.945714285714285,0.1941526154738365
1987-01-19,18.7,18.955714285714286,0.17614928733510402
1987-01-20,18.73,18.948571428571427,0.1852411555631719
1987-01-21,18.6,18.891428571428573,0.22430846108512706
1987-01-22,18.76,18.877142857142854,0.22976178139666337
1987-01-23,18.59,18.8,0.22120880030736634
1987-01-26,18.63,18.73428571428571,0.18626657804160154
1987-01-27,18.48,18.641428571428573,0.09651054716648548
1987-01-28,18.56,18.62142857142857,0.09685531674121399
1987-01-29,18.68,18.614285714285717,0.08904252595619591
1987-01-30,18.73,18.632857142857144,0.09860937847840935
1987-02-02,18.59,18.608571428571427,0.08153293228939665
1987-02-03,18.38,18.578571428571426,0.11936339073479359
1987-02-04,18.26,18.525714285714287,0.16571633824699317
1987-02-05,18.56,18.537142857142857,0.1647942440051537
1987-02-06,18.44,18.520000000000003,0.16822603841286562
1987-02-09,18.37,18.475714285714282,0.1596722834286661
1987-02-10,18.43,18.43285714285714,0.11368293418053138
1987-02-11,18.03,18.352857142857143,0.16849473638829315
1987-02-12,18.05,18.305714285714288,0.2023904759666034
1987-02-13,17.83,18.244285714285716,0.27189809015264177
1987-02-17,17.78,18.132857142857144,0.28063703044541927
1987-02-18,17.44,17.990000000000002,0.3453018003622488
1987-02-19,17.48,17.862857142857145,0.3459149358689458
1987-02-20,17.83,17.77714285714286,0.2401190181081357
1987-02-23,17.15,17.65142857142857,0.30678051716879834
1987-02-24,16.75,17.465714285714284,0.4035202243117883
1987-02-25,16.43,17.265714285714285,0.5223299449855723
1987-02-26,16.98,17.15142857142857,0.4765650907424314
1987-02-27,16.45,17.009999999999998,0.5214403129793983
1987-03-02,16.43,16.86,0.5146843692983595
1987-03-03,17.4,16.798571428571428,0.3902319212737491
1987-03-04,17.4,16.834285714285716,0.4364576017155479
1987-03-05,18.0,17.012857142857143,0.6152970633690121
1987-03-06,18.13,17.255714285714284,0.6790890256527223
1987-03-09,18.13,17.419999999999998,0.737834669827911
1987-03-10,18.27,17.68,0.6550826919812496
1987-03-11,18.33,17.951428571428572,0.39138338286266566
1987-03-12,18.42,18.09714285714286,0.3381180408139783
1987-03-13,18.39,18.238571428571426,0.15582346543774228
1987-03-16,18.61,18.325714285714287,0.170084012854376
1987-03-17,18.94,18.44142857142857,0.2642239310024044
1987-03-18,18.75,18.53,0.24569628948509778
1987-03-19,18.61,18.578571428571426,0.21774821632877786
1987-03-20,18.7,18.631428571428575,0.19056307542219295
1987-03-23,18.6,18.657142857142855,0.16809861051544064
1987-03-25,18.48,18.669999999999998,0.14628738838354816
1987-03-26,18.63,18.67285714285714,0.14511079510919217
1987-03-27,18.65,18.631428571428568,0.08513294924820858
1987-03-30,18.67,18.62,0.07071067811921375
1987-03-31,18.82,18.650000000000002,0.1029563014102532
1987-04-01,18.78,18.66142857142857,0.11334733807063126
1987-04-02,18.9,18.704285714285714,0.1398638794041679
1987-04-03,18.68,18.732857142857142,0.10160614904565778
1987-04-06,18.71,18.744285714285716,0.0921696159008865
1987-04-07,18.69,18.75,0.08640987597922753
1987-04-08,18.68,18.751428571428573,0.08493695140729127
1987-04-09,18.64,18.725714285714286,0.08791229395625039
1987-04-10,18.26,18.65142857142857,0.19221763459084068
1987-04-13,18.07,18.532857142857143,0.2580513053455766
1987-04-14,18.09,18.44857142857143,0.29560269346038226
1987-04-15,18.46,18.412857142857142,0.27299049346797755
1987-04-16,18.58,18.397142857142857,0.2570806803137031
1987-04-20,18.66,18.39428571428571,0.25349931905625506
1987-04-21,18.97,18.44142857142857,0.3268755406078869
1987-04-22,19.03,18.551428571428573,0.3807636437227566
1987-04-23,19.03,18.68857142857143,0.3501156271591264
1987-04-24,19.01,18.82,0.24481285369319833
1987-04-27,18.83,18.87285714285714,0.18732452106050973
1987-04-28,18.73,18.89428571428571,0.15382426584247824
1987-04-29,18.66,18.89428571428571,0.15382426584247824
1987-04-30,18.76,18.864285714285717,0.1570410925903723
1987-05-01,18.84,18.837142857142858,0.13901010583365142
1987-05-04,18.93,18.822857142857142,0.11968211864720232
1987-05-05,19.18,18.84714285714286,0.1704615582975113
1987-05-06,19.22,18.90285714285714,0.22035685343826886
1987-05-07,19.08,18.952857142857145,0.21422062503537573
1987-05-08,19.28,19.041428571428572,0.2007011519175256
1987-05-11,19.43,19.13714285714286,0.2038556912553843
1987-05-12,19.37,19.212857142857143,0.17085220569410936
1987-05-13,19.39,19.27857142857143,0.1266791973754314
1987-05-14,19.56,19.332857142857144,0.15553287816580505
1987-05-15,19.84,19.42142857142857,0.23617991527861268
1987-05-18,19.91,19.54,0.24440403706442668
1987-05-19,19.97,19.638571428571428,0.2606676409677123
1987-05-20,19.75,19.684285714285714,0.2456187521925454
1987-05-21,19.95,19.767142857142858,0.21822880085785765
1987-05-22,19.68,19.80857142857143,0.1522529224054503
1987-05-26,19.35,19.77857142857143,0.21652009694483568
1987-05-27,19.38,19.712857142857143,0.26017393449484433
1987-05-28,19.28,19.622857142857146,0.28808067653095226
1987-05-29,19.36,19.535714285714285,0.25605059023943555
1987-06-01,19.55,19.50714285714286,0.23872678146897539
1987-06-02,19.7,19.47142857142857,0.17033580279655525
1987-06-03,19.87,19.49857142857143,0.21767166186946113
1987-06-04,19.75,19.555714285714284,0.22456306781977858
1987-06-05,19.79,19.614285714285717,0.2245630678197743
1987-06-08,19.94,19.708571428571428,0.19777331901533146
1987-06-09,19.84,19.777142857142856,0.12750350135268793
1987-06-10,19.83,19.81714285714286,0.07910210399979083
1987-06-11,19.85,19.83857142857143,0.06011892975042024
1987-06-12,19.93,19.84714285714286,0.06897204402649534
1987-06-15,20.07,19.892857142857142,0.09499373412945786
1987-06-16,20.27,19.961428571428574,0.1596275426766898
1987-06-17,20.41,20.02857142857143,0.23169150260852503
1987-06-18,20.5,20.12285714285714,0.27280727542323757
1987-06-19,20.65,20.240000000000002,0.3007213549673009
1987-06-22,20.49,20.33142857142857,0.2564129853335279
1987-06-23,19.95,20.33428571428571,0.2512539978360628
1987-06-24,20.13,20.342857142857145,0.24157223113838136
1987-06-25,20.15,20.325714285714287,0.25165168671917276
1987-06-26,20.34,20.315714285714286,0.24912226869940451
1987-06-29,20.38,20.298571428571428,0.23821758761194178
1987-06-30,20.22,20.237142857142857,0.18108140763345215
1987-07-01,20.47,20.23428571428571,0.1765273484815916
1987-07-02,20.61,20.328571428571426,0.17563490270345725
1987-07-03,20.61,20.397142857142857,0.17885881636225884
1987-07-06,20.92,20.507142857142856,0.23077509150073364
1987-07-07,20.76,20.56714285714286,0.23464258534454127
1987-07-08,20.94,20.647142857142857,0.2548015100501466
1987-07-09,21.32,20.804285714285715,0.2848892850949763
1987-07-10,21.34,20.928571428571427,0.30388751051604324
1987-07-13,21.38,21.03857142857143,0.3086761286218441
1987-07-14,21.65,21.187142857142856,0.3181568945093332
1987-07-15,22.23,21.374285714285715,0.4793000849453102
1987-07-16,22.44,21.614285714285717,0.5375207637185536
1987-07-17,22.44,21.82857142857143,0.5226990393278789
1987-07-20,22.23,21.958571428571425,0.48708071101986655
1987-07-21,21.75,22.017142857142858,0.4203853107850086
1987-07-22,21.73,22.06714285714286,0.3462520414242693
1987-07-23,21.23,22.00714285714286,0.4510991866435529
1987-07-24,20.58,21.771428571428572,0.685454315799109
1987-07-27,20.5,21.494285714285716,0.7583942937297973
1987-07-28,21.35,21.33857142857143,0.6334674043555594
1987-07-29,21.49,21.232857142857142,0.5095329327176309
1987-07-30,21.47,21.192857142857143,0.4717596240217726
1987-07-31,21.43,21.150000000000002,0.42626282971896895
1987-08-03,22.21,21.29,0.5873953807558858
1987-08-04,21.82,21.467142857142854,0.5207915221312865
1987-08-05,21.37,21.59142857142857,0.3144534184596517
1987-08-06,21.17,21.565714285714286,0.3435043494560841
1987-08-07,21.01,21.497142857142858,0.40376207043730794
1987-08-10,20.7,21.387142857142855,0.5046686796210892
1987-08-11,21.07,21.33571428571429,0.5177469505095366
1987-08-12,20.96,21.157142857142855,0.35635723114664686
1987-08-13,20.76,21.005714285714287,0.23085761433245855
1987-08-14,20.53,20.88571428571429,0.2282438128302277
1987-08-17,19.85,20.697142857142858,0.4194327234776282
1987-08-18,19.84,20.53,0.49946638191846904
1987-08-19,19.71,20.388571428571428,0.5773915070218987
1987-08-20,19.47,20.16,0.5793674711845204
1987-08-21,19.2,19.90857142857143,0.5557406041020495
1987-08-24,19.18,19.68285714285714,0.46589391802989333
1987-08-25,19.3,19.50714285714286,0.29301389533135214
1987-08-26,19.49,19.455714285714286,0.2514529208990888
1987-08-27,19.69,19.434285714285714,0.21732135520625803
1987-08-28,19.44,19.395714285714288,0.18118656525439955
1987-08-31,19.76,19.437142857142856,0.22808728487998287
1987-09-01,19.61,19.495714285714286,0.20887453513695856
1987-09-02,19.62,19.55857142857143,0.15805363767106798
1987-09-03,19.48,19.584285714285716,0.11872336794136706
1987-09-04,19.34,19.562857142857144,0.14840420992651887
1987-09-07,19.34,19.512857142857143,0.15713203425967903
1987-09-08,18.99,19.44857142857143,0.2540622345956463
1987-09-09,19.43,19.40142857142857,0.21412057128575165
1987-09-10,19.72,19.41714285714286,0.23499746705853222
1987-09-11,19.42,19.388571428571428,0.21774821632886943
1987-09-14,19.64,19.41142857142857,0.2365324904695668
1987-09-15,19.66,19.457142857142856,0.2509126199641142
1987-09-16,19.71,19.509999999999998,0.2608958923915356
1987-09-17,19.58,19.594285714285714,0.1246136887692261
1987-09-18,19.58,19.615714285714287,0.1026088272453777
1987-09-21,19.77,19.622857142857146,0.11235572759725827
1987-09-22,19.35,19.61285714285714,0.13437686875814442
1987-09-23,19.66,19.615714285714287,0.13525989093348612
1987-09-24,19.61,19.608571428571427,0.13384425917605428
1987-09-25,19.47,19.57428571428571,0.1342705158576356
1987-09-28,19.48,19.56,0.13880441875809346
1987-09-29,19.58,19.56,0.13880441875809346
1987-09-30,19.62,19.53857142857143,0.10945753688558876
1987-10-01,19.62,19.57714285714286,0.07364651739161657
1987-10-02,19.88,19.608571428571427,0.1356992472874739
1987-10-05,19.81,19.637142857142855,0.15563999975555204
1987-10-06,19.33,19.617142857142856,0.1866113863726163
1987-10-07,19.68,19.645714285714288,0.17718701446589194
1987-10-08,19.77,19.67285714285714,0.1799735430294468
1987-10-09,19.67,19.68,0.17851237118687904
1987-10-12,19.67,19.687142857142856,0.17670260191605675
1987-10-13,19.66,19.655714285714286,0.1549039641046521
1987-10-14,19.79,19.65285714285714,0.15173598625213136
1987-10-15,19.77,19.715714285714284,0.057693772875967976
1987-10-16,20.23,19.794285714285714,0.19998809488398098
1987-10-19,19.79,19.797142857142855,0.19972600279022767
1987-10-20,19.79,19.814285714285713,0.19199454357348117
1987-10-21,19.93,19.851428571428567,0.1844296226596142
1987-10-22,20.19,19.927142857142858,0.2008078920856606
1987-10-23,20.18,19.982857142857142,0.21029457797071788
1987-10-26,20.0,20.015714285714285,0.18831331541336938
1987-10-27,20.15,20.004285714285714,0.17510541043033434
1987-10-28,20.1,20.048571428571428,0.14915635771795563
1987-10-29,19.93,20.06857142857143,0.11393398255577004
1987-10-30,19.96,20.072857142857142,0.10827654189100838
1987-11-02,19.64,19.994285714285716,0.18292595431478856
1987-11-03,19.39,19.881428571428568,0.2715037489876803
1987-11-04,19.09,19.75142857142857,0.395028630668346
1987-11-05,19.02,19.59,0.43397388554316874
1987-11-06,18.73,19.39428571428571,0.4728233335634158
1987-11-09,18.66,19.212857142857143,0.47664502115369517
1987-11-10,18.98,19.072857142857142,0.34687722543278904
1987-11-11,18.92,18.97,0.24138489320339526
1987-11-12,18.93,18.904285714285713,0.15522640914287258
1987-11-13,18.89,18.875714285714285,0.1320173148822756
1987-11-16,18.69,18.82857142857143,0.13082157969709535
1987-11-17,18.28,18.764285714285716,0.24663448953610176
1987-11-18,18.62,18.75857142857143,0.24989521613624666
1987-11-19,18.55,18.69714285714286,0.2390058775929494
1987-11-20,18.87,18.689999999999998,0.23187640385954225
1987-11-23,19.31,18.744285714285716,0.32372092625500953
1987-11-24,18.73,18.72142857142857,0.31730261956233047
1987-11-25,18.63,18.712857142857143,0.3190984323433362
1987-11-27,18.63,18.762857142857143,0.26234292352562527
1987-11-30,18.52,18.74857142857143,0.2738873595375465
1987-12-01,18.44,18.732857142857142,0.2898686073447313
1987-12-02,18.59,18.692857142857143,0.28709547109624806
1987-12-03,18.87,18.63,0.1398809017229953
1987-12-04,18.68,18.622857142857146,0.13511899517578896
1987-12-07,18.3,18.575714285714287,0.18173764450092977
1987-12-08,18.06,18.494285714285716,0.2629231283640747
1987-12-09,18.53,18.495714285714286,0.26311322929254555
1987-12-10,18.51,18.505714285714287,0.2619705545070879
1987-12-11,18.31,18.465714285714284,0.2682571616231084
1987-12-14,17.47,18.265714285714285,0.4040980550502916
1987-12-15,16.75,17.990000000000002,0.6549045732014713
1987-12-16,15.97,17.657142857142855,0.9816773788728612
1987-12-17,15.97,17.358571428571427,1.1432618331107913
1987-12-18,15.57,16.935714285714287,1.1844387861326917
1987-12-21,15.12,16.451428571428572,1.1250248674501457
1987-12-22,16.6,16.20714285714286,0.7899517767079751
1987-12-23,16.64,16.08857142857143,0.6107762430284115
1987-12-24,16.54,16.05857142857143,0.5771027803155191
1987-12-28,16.46,16.12857142857143,0.5940378374996269
1987-12-29,16.95,16.26857142857143,0.6620279090651902
1987-12-30,16.97,16.46857142857143,0.6263233608777659
1987-12-31,16.74,16.7,0.19739976359389402
1988-01-04,17.77,16.867142857142856,0.4421807430497868
1988-01-05,17.89,17.045714285714286,0.5692936308228679
1988-01-06,17.73,17.215714285714288,0.5707847563622194
1988-01-07,17.3,17.335714285714285,0.4636757898526454
1988-01-08,17.33,17.389999999999997,0.4321650919115302
1988-01-11,16.63,17.34142857142857,0.5008801776684609
1988-01-12,16.76,17.344285714285714,0.49691907935679736
1988-01-13,16.56,17.17142857142857,0.5332738062020244
1988-01-14,17.1,17.05857142857143,0.4293183966644467
1988-01-15,16.92,16.942857142857143,0.31105810206035817
1988-01-18,17.28,16.94,0.30730007050696023
1988-01-19,17.3,16.935714285714287,0.3011011537044564
1988-01-20,17.2,17.017142857142858,0.28105244384406786
1988-01-21,17.21,17.08142857142857,0.2633393609923588
1988-01-22,16.99,17.142857142857142,0.14499589485241332
1988-01-25,17.11,17.144285714285715,0.14455185261863876
1988-01-26,16.96,17.150000000000002,0.13466006584572768
1988-01-27,16.64,17.05857142857143,0.22116574263328076
1988-01-28,16.94,17.007142857142856,0.19610492818230987
1988-01-29,16.97,16.974285714285713,0.17671607575095793
1988-02-01,16.83,16.919999999999998,0.14832396974274917
1988-02-02,16.92,16.91,0.14514360704803675
1988-02-03,17.12,16.911428571428573,0.14747073963287535
1988-02-04,17.17,16.94142857142857,0.17733476548005633
1988-02-05,17.34,17.041428571428572,0.17639241966289368
1988-02-08,17.7,17.15,0.2965355515508647
1988-02-09,17.38,17.208571428571428,0.2955463060974707
1988-02-10,17.12,17.25,0.2505327656553254
1988-02-11,17.17,17.285714285714285,0.2102266350762359
1988-02-12,16.84,17.245714285714286,0.2661989946677946
1988-02-15,16.84,17.19857142857143,0.30781101190155663
1988-02-16,16.8,17.121428571428574,0.3330880049594438
1988-02-17,16.62,16.967142857142857,0.263230842020316
1988-02-18,16.5,16.841428571428573,0.24251656791761386
1988-02-19,16.73,16.785714285714285,0.21054351433569754
1988-02-22,16.64,16.71,0.12871156384304927
1988-02-23,16.8,16.704285714285714,0.12272695206091308
1988-02-24,16.58,16.667142857142856,0.11382944635462613
1988-02-25,15.86,16.532857142857143,0.31234138831958114
1988-02-26,15.77,16.41142857142857,0.4196200095100508
1988-02-29,15.98,16.337142857142858,0.4464942808787218
1988-03-01,15.57,16.17142857142857,0.489572213653123
1988-03-02,15.69,16.035714285714285,0.46928517068925174
1988-03-03,15.35,15.828571428571427,0.3888199485381683
1988-03-04,15.63,15.692857142857141,0.20532204669108642
1988-03-07,15.35,15.620000000000001,0.22561028345417847
1988-03-08,15.58,15.592857142857143,0.21577104267583716
1988-03-09,15.52,15.527142857142858,0.13199927849835172
1988-03-10,16.04,15.594285714285714,0.23599838579005786
1988-03-11,16.2,15.667142857142858,0.33033893128737224
1988-03-14,15.57,15.698571428571428,0.30459965919420456
1988-03-15,15.81,15.724285714285715,0.3054426919988607
1988-03-16,16.03,15.821428571428571,0.2729730494289814
1988-03-17,16.39,15.937142857142858,0.32102514365297363
1988-03-18,16.61,16.092857142857145,0.3481720975668159
1988-03-21,16.52,16.161428571428573,0.3816817422686318
1988-03-22,16.02,16.135714285714286,0.38470149219297844
1988-03-23,16.58,16.279999999999998,0.32135131346694606
1988-03-24,16.73,16.41142857142857,0.282926879330831
1988-03-25,17.07,16.56,0.31989581637401177
1988-03-28,17.05,16.654285714285717,0.35659767913177154
1988-03-29,17.08,16.721428571428568,0.38959074986607756
1988-03-30,17.06,16.798571428571428,0.3964605306726156
1988-03-31,17.09,16.951428571428572,0.20747920148264787
1988-04-04,16.99,17.009999999999998,0.12767145334904476
1988-04-05,16.72,17.008571428571425,0.13133019092301843
1988-04-06,16.8,16.97,0.1487727573636758
1988-04-07,17.05,16.97,0.1487727573636758
1988-04-08,16.87,16.94,0.14399074044393162
1988-04-11,17.87,17.055714285714284,0.38322565775553336
1988-04-12,18.06,17.194285714285716,0.540705007154694
1988-04-13,18.12,17.35571428571429,0.6307365309135201
1988-04-14,18.4,17.595714285714287,0.6671046180538838
1988-04-15,18.32,17.812857142857144,0.6098555644774047
1988-04-18,18.5,18.02,0.5509688436444563
1988-04-19,17.92,18.17,0.24200550957965516
1988-04-20,17.93,18.178571428571427,0.23039303891653148
1988-04-21,18.34,18.21857142857143,0.23068221802845432
1988-04-22,18.13,18.22,0.23000000000052542
1988-04-25,18.36,18.214285714285715,0.22523004113308953
1988-04-26,18.54,18.245714285714286,0.2557249266213195
1988-04-27,18.32,18.22,0.23402279091342415
1988-04-28,17.91,18.21857142857143,0.2361799152789967
1988-04-29,18.1,18.242857142857144,0.20870348070260866
1988-05-02,17.12,18.068571428571428,0.46549001319168576
1988-05-03,17.3,17.95,0.5459853477889722
1988-05-04,17.23,17.78857142857143,0.5710349835003107
1988-05-05,17.41,17.627142857142857,0.47482327539558794
1988-05-06,17.63,17.52857142857143,0.3662161734748199
1988-05-09,17.56,17.478571428571428,0.3272831888663707
1988-05-10,17.5,17.392857142857142,0.18508685220025542
1988-05-11,17.48,17.444285714285716,0.14152233544153572
1988-05-12,17.49,17.47142857142857,0.12667919737618102
1988-05-13,17.53,17.514285714285712,0.0690065559360717
1988-05-16,17.7,17.555714285714284,0.08182443458705127
1988-05-17,17.72,17.568571428571428,0.1004039460439907
1988-05-18,17.39,17.544285714285714,0.1212239171759881
1988-05-19,17.43,17.534285714285712,0.12817398889331777
1988-05-20,17.41,17.524285714285714,0.13562904591381325
1988-05-23,17.01,17.455714285714286,0.23831751529313308
1988-05-24,17.04,17.385714285714286,0.2810016098924724
1988-05-25,17.39,17.341428571428573,0.24538599331368413
1988-05-26,17.54,17.315714285714286,0.20525245778998596
1988-05-27,17.45,17.324285714285715,0.2100680161967302
1988-05-30,17.45,17.327142857142857,0.21187372699495893
1988-05-31,17.54,17.345714285714283,0.22559972982141557
1988-06-01,17.6,17.43,0.18601075237806922
1988-06-02,17.67,17.52,0.09695359714962891
1988-06-03,17.51,17.537142857142857,0.07910210400106221
1988-06-06,17.28,17.5,0.12516655570446847
1988-06-07,17.32,17.481428571428573,0.14229412864862992
1988-06-08,17.35,17.467142857142857,0.1507441857056644
1988-06-09,17.09,17.402857142857144,0.20180141110524058
1988-06-10,16.7,17.274285714285714,0.311921846133771
1988-06-13,16.43,17.09714285714286,0.3916509621981604
1988-06-14,16.85,17.002857142857145,0.35325695490782394
1988-06-15,16.56,16.900000000000002,0.36377648815393415
1988-06-16,16.62,16.8,0.32300670787711705
1988-06-17,16.43,16.66857142857143,0.23786751014217447
1988-06-20,16.02,16.515714285714285,0.26425096296676565
1988-06-21,15.82,16.39,0.35552777669304086
1988-06-22,16.03,16.332857142857144,0.3793729161710263
1988-06-23,15.86,16.19142857142857,0.33657235831431126
1988-06-24,16.03,16.115714285714287,0.2971451465118453
1988-06-27,15.86,16.007142857142856,0.2075021514525939
1988-06-28,16.01,15.947142857142856,0.09516902257277671
1988-06-29,15.37,15.854285714285714,0.23157843472329304
1988-06-30,15.2,15.765714285714285,0.34004201421132446
1988-07-01,14.92,15.607142857142858,0.4402921108281102
1988-07-05,15.11,15.5,0.4593473631145983
1988-07-06,15.44,15.415714285714285,0.3955947902786081
1988-07-07,15.83,15.411428571428571,0.3901037712984719
1988-07-08,15.42,15.327142857142858,0.2901559514999087
1988-07-11,14.56,15.211428571428572,0.40785735134721385
1988-07-12,14.61,15.127142857142857,0.4672513344273705
1988-07-13,14.35,15.045714285714284,0.5514483095409668
1988-07-14,14.84,15.007142857142856,0.5556292014681758
1988-07-15,14.85,14.922857142857142,0.5228037963941787
1988-07-18,15.84,14.924285714285714,0.5257013455967761
1988-07-19,15.16,14.887142857142857,0.4930082584069971
1988-07-20,15.76,15.058571428571428,0.5638388827622992
1988-07-21,16.28,15.297142857142857,0.6830986821273735
1988-07-22,16.27,15.571428571428571,0.6221583017056737
1988-07-25,16.09,15.75,0.5527506972710782
1988-07-26,15.99,15.912857142857144,0.38625183001611846
1988-07-27,16.18,15.961428571428572,0.39679669737529555
1988-07-28,16.08,16.092857142857145,0.18052832517584433
1988-07-29,16.37,16.18,0.13441230102555335
1988-08-01,16.07,16.15,0.1317826493396783
1988-08-02,15.57,16.05,0.24365275838164954
1988-08-03,15.2,15.922857142857143,0.4008205868683214
1988-08-04,15.12,15.79857142857143,0.4993138148645714
1988-08-05,15.31,15.674285714285714,0.4968184491631728
1988-08-08,15.84,15.64,0.4718050444837675
1988-08-09,15.56,15.524285714285714,0.34529490501440074
1988-08-10,15.65,15.464285714285714,0.26082287366890533
1988-08-11,15.75,15.489999999999998,0.28106938645169743
1988-08-12,15.54,15.538571428571428,0.25029506397040946
1988-08-15,15.59,15.605714285714287,0.16919979736661048
1988-08-16,15.51,15.634285714285713,0.12094863136431697
1988-08-17,15.46,15.58,0.09591663046798132
1988-08-18,15.59,15.584285714285713,0.09554355775719577
1988-08-19,15.77,15.601428571428572,0.11753418955613039
1988-08-22,15.75,15.601428571428572,0.11753418955613039
1988-08-23,15.71,15.625714285714285,0.12025765989006597
1988-08-24,15.55,15.62,0.12315302134741488
1988-08-25,15.33,15.594285714285714,0.1624661136839583
1988-08-26,15.35,15.578571428571427,0.18179004111323124
1988-08-29,15.24,15.528571428571428,0.2218429302786509
1988-08-30,15.39,15.474285714285713,0.19814617019321612
1988-08-31,15.19,15.394285714285713,0.1805415134964103
1988-09-01,15.05,15.3,0.15926916420640044
1988-09-02,14.79,15.191428571428572,0.21106306888691048
1988-09-05,14.79,15.114285714285714,0.2475114234984896
1988-09-06,14.25,14.957142857142857,0.384305186265843
1988-09-07,14.29,14.821428571428571,0.4324900219056743
1988-09-08,14.51,14.695714285714287,0.3617944694099022
1988-09-09,14.14,14.545714285714286,0.33969874609070305
1988-09-12,14.48,14.464285714285714,0.25689538356225383
1988-09-13,14.55,14.430000000000001,0.21946905628590754
1988-09-14,15.38,14.514285714285714,0.4107252586530282
1988-09-15,14.86,14.60142857142857,0.4100174212331015
1988-09-16,14.5,14.631428571428572,0.3906587842537804
1988-09-19,14.72,14.661428571428571,0.38783280639296247
1988-09-20,15.08,14.795714285714284,0.3365440606551495
1988-09-21,15.19,14.897142857142857,0.33250134264013476
1988-09-22,15.25,14.997142857142856,0.31552677042921345
1988-09-23,14.26,14.837142857142856,0.3685428191189738
1988-09-26,14.16,14.737142857142857,0.4477616287611411
1988-09-27,14.22,14.697142857142856,0.4835533161132952
1988-09-28,14.07,14.604285714285714,0.5377997503057517
1988-09-29,13.91,14.437142857142858,0.5470440044982718
1988-09-30,13.33,14.171428571428573,0.5715892631205176
1988-10-03,13.03,13.854285714285712,0.48231584198422556
1988-10-04,13.03,13.678571428571429,0.5314266513025788
1988-10-05,12.58,13.452857142857143,0.62087879347814
1988-10-06,12.62,13.224285714285713,0.5848605857486954
1988-10-07,12.99,13.069999999999999,0.45192182214819065
1988-10-10,13.59,13.024285714285714,0.3595301166276807
1988-10-11,13.63,13.067142857142857,0.4155604362675586
1988-10-12,14.02,13.20857142857143,0.5481310236138994
1988-10-13,14.26,13.384285714285713,0.6658542669100354
1988-10-14,14.9,13.715714285714286,0.7683067343812774
1988-10-17,15.16,14.078571428571427,0.7643609219786099
1988-10-18,14.63,14.312857142857142,0.6110568518483691
1988-10-19,15.33,14.561428571428573,0.6218099541242272
1988-10-20,14.44,14.677142857142858,0.4784249953658638
1988-10-21,14.22,14.705714285714285,0.43680114250719104
1988-10-24,12.94,14.517142857142858,0.7973856090525873
1988-10-25,13.36,14.297142857142857,0.8820943692093494
1988-10-26,13.45,14.052857142857144,0.8390414031445934
1988-10-27,13.67,13.915714285714287,0.8068221023015427
1988-10-28,13.79,13.695714285714285,0.5135775547687886
1988-10-31,13.54,13.567142857142857,0.3952094080242318
1988-11-01,13.52,13.467142857142857,0.2717667066760267
1988-11-02,13.78,13.587142857142856,0.1644905555268426
1988-11-03,13.89,13.662857142857144,0.16449055552683448
1988-11-04,14.04,13.747142857142856,0.18687913078829876
1988-11-07,14.08,13.805714285714284,0.21998917722382758
1988-11-08,13.7,13.792857142857143,0.2236600311280237
1988-11-09,13.88,13.841428571428569,0.19463029666865722
1988-11-10,13.99,13.90857142857143,0.13813382055574636
1988-11-11,13.99,13.938571428571427,0.12798809468589673
1988-11-14,14.25,13.989999999999998,0.17048949136834987
1988-11-15,14.03,13.98857142857143,0.1700420116167112
1988-11-16,13.68,13.931428571428572,0.19894962272225203
1988-11-17,13.3,13.874285714285715,0.3054426919990295
1988-11-18,13.47,13.815714285714288,0.3413628149475998
1988-11-21,13.73,13.778571428571428,0.33328809216851935
1988-11-22,14.78,13.891428571428573,0.5058797146700594
1988-11-23,14.11,13.871428571428572,0.49191559477346114
1988-11-24,14.11,13.882857142857144,0.49711548912117476
1988-11-25,15.43,14.132857142857143,0.7525227413114128
1988-11-28,14.93,14.365714285714287,0.7023735269989405
1988-11-29,15.0,14.584285714285715,0.6090390557500603
1988-11-30,15.42,14.825714285714286,0.5456145508466439
1988-12-01,15.63,14.947142857142856,0.6228620576479885
1988-12-02,15.69,15.172857142857142,0.5510811883840824
1988-12-05,15.36,15.35142857142857,0.2899096739468167
1988-12-06,15.51,15.362857142857143,0.29505447438985405
1988-12-07,15.8,15.487142857142857,0.26392639666670226
1988-12-08,15.48,15.555714285714286,0.15693492737085685
1988-12-09,15.9,15.624285714285714,0.18928436657287417
1988-12-12,16.08,15.688571428571427,0.256152856151569
1988-12-13,15.93,15.722857142857142,0.27195062577141177
1988-12-14,16.33,15.861428571428572,0.3017409800606042
1988-12-15,16.39,15.987142857142857,0.3139912040022573
1988-12-16,16.81,16.131428571428568,0.425810152197657
1988-12-19,16.24,16.24,0.3143246729105156
1988-12-20,17.68,16.494285714285713,0.5913503513954592
1988-12-21,17.27,16.664285714285715,0.6226250113528967
1988-12-22,17.36,16.868571428571425,0.5742655765246922
1988-12-23,16.63,16.91142857142857,0.537383431435354
1988-12-27,16.98,16.995714285714286,0.4857591015742122
1988-12-28,17.03,17.027142857142856,0.4788080438520459
1988-12-29,16.81,17.108571428571427,0.35512573226191607
1988-12-30,17.12,17.02857142857143,0.25347114046356156
1989-01-03,17.38,17.044285714285714,0.27354811538164586
1989-01-04,16.99,16.99142857142857,0.23547318116486246
1989-01-05,17.45,17.108571428571427,0.22959591833166787
1989-01-06,17.56,17.19142857142857,0.27552547198863303
1989-01-09,17.74,17.29285714285714,0.33124584453858386
1989-01-10,17.8,17.434285714285714,0.30065800853378866
1989-01-11,18.16,17.582857142857144,0.3687236673410099
1989-01-12,18.11,17.687142857142856,0.4033903934454394
1989-01-13,18.49,17.90142857142857,0.36821318876596504
1989-01-16,18.88,18.105714285714285,0.4610082118886934
1989-01-17,19.03,18.315714285714286,0.5038140246448107
1989-01-18,19.2,18.524285714285718,0.527410565652724
1989-01-19,19.28,18.735714285714284,0.4834893016004778
1989-01-20,18.85,18.834285714285716,0.41153603094032176
1989-01-23,17.66,18.77,0.5540156435819705
1989-01-24,17.96,18.694285714285716,0.6297051464207568
1989-01-25,18.23,18.601428571428574,0.6454824699771785
1989-01-26,17.68,18.40857142857143,0.6958071708798695
1989-01-27,17.74,18.2,0.6352164985264784
1989-01-30,17.32,17.919999999999998,0.49668903752776
1989-01-31,17.0,17.655714285714286,0.402651923413803
1989-02-01,17.5,17.63285714285714,0.4068871377389651
1989-02-02,17.72,17.59857142857143,0.38420604591098223
1989-02-03,17.51,17.495714285714286,0.26481799679938983
1989-02-06,17.38,17.45285714285714,0.2540809769687903
1989-02-07,17.55,17.425714285714285,0.2269990560087088
1989-02-08,17.49,17.45,0.22286019533990134
1989-02-09,17.42,17.51,0.1089342309236911
1989-02-10,17.11,17.454285714285714,0.18680267154275354
1989-02-13,17.61,17.43857142857143,0.16395411669496088
1989-02-14,17.6,17.451428571428572,0.1737266599610559
1989-02-15,18.23,17.572857142857142,0.3363883809786082
1989-02-16,18.35,17.687142857142856,0.4455226999724455
1989-02-17,18.6,17.845714285714287,0.5491465239461679
1989-02-20,18.6,18.014285714285712,0.5770862772834048
1989-02-21,18.64,18.232857142857142,0.4541554170736927
1989-02-22,18.5,18.360000000000003,0.36692415201723094
1989-02-23,18.49,18.487142857142857,0.14941154414580762
1989-02-24,18.06,18.462857142857143,0.20254335220894246
1989-02-27,18.16,18.435714285714287,0.23092979761996685
1989-02-28,18.21,18.38,0.23173260452562522
1989-03-01,18.3,18.337142857142858,0.21108562920619323
1989-03-02,18.68,18.342857142857138,0.2209611040976233
1989-03-03,18.67,18.367142857142856,0.24871096247928656
1989-03-06,18.73,18.40142857142857,0.2826911489850976
1989-03-07,18.12,18.41,0.2712931993254316
1989-03-08,18.57,18.46857142857143,0.2518881081906108
1989-03-09,18.53,18.514285714285716,0.2247114551941267
1989-03-10,18.53,18.547142857142855,0.2040191400923747
1989-03-13,19.05,18.6,0.27850792927111945
1989-03-14,19.47,18.714285714285715,0.43319961306783217
1989-03-15,19.84,18.872857142857146,0.6078572827487423
1989-03-16,19.86,19.12142857142857,0.6044399217852984
1989-03-17,20.34,19.374285714285715,0.6982563317021149
1989-03-20,19.53,19.517142857142858,0.5907541588433046
1989-03-21,20.08,19.738571428571426,0.42682660692736746
1989-03-22,20.21,19.904285714285717,0.3288797725036866
1989-03-23,20.16,20.002857142857145,0.276207306548261
1989-03-27,20.55,20.104285714285712,0.3313033425156931
1989-03-28,19.93,20.114285714285717,0.32366943748533056
1989-03-29,20.2,20.094285714285714,0.3114940953352686
1989-03-30,21.03,20.30857142857143,0.3692076457963006
1989-03-31,20.27,20.335714285714285,0.35636391244821364
1989-04-03,20.03,20.310000000000002,0.3730504880935385
1989-04-04,20.59,20.371428571428574,0.3795799683612285
1989-04-05,20.07,20.302857142857142,0.38525810766805474
1989-04-06,19.85,20.291428571428575,0.3991001783777019
1989-04-07,20.03,20.267142857142858,0.4105977060221331
1989-04-10,20.65,20.212857142857143,0.3042868321019487
1989-04-11,20.56,20.254285714285714,0.3318562511521113
1989-04-12,20.66,20.344285714285714,0.3460181663276228
1989-04-13,20.26,20.29714285714286,0.32902453230314505
1989-04-14,20.68,20.384285714285713,0.33945334204972744
1989-04-17,21.23,20.58142857142857,0.37618384563194285
1989-04-18,21.74,20.825714285714287,0.4949025878177595
1989-04-19,22.66,21.11285714285714,0.8392598780218665
1989-04-20,24.62,21.692857142857143,1.5201832596293319
1989-04-21,23.38,22.08142857142857,1.5592992931808793
1989-04-24,20.64,22.135714285714283,1.4904122152708876
1989-04-25,21.32,22.22714285714286,1.403314104607581
1989-04-26,21.2,22.222857142857144,1.4069081264214012
1989-04-27,20.83,22.092857142857145,1.498051114901374
1989-04-28,20.38,21.767142857142858,1.5986735573147077
1989-05-01,20.66,21.201428571428572,1.0149947220130873
1989-05-02,19.73,20.68,0.5318207718146141
1989-05-03,20.13,20.607142857142858,0.5716559071597511
1989-05-04,20.57,20.5,0.4784697830934569
1989-05-05,20.08,20.34,0.38314488121358653
1989-05-08,19.41,20.13714285714286,0.45047065334380193
1989-05-09,19.54,20.017142857142858,0.4855139642935075
1989-05-10,19.56,19.859999999999996,0.41577237362150604
1989-05-11,20.13,19.91714285714286,0.4223629673523337
1989-05-12,20.12,19.915714285714284,0.42153912996948534
1989-05-15,20.53,19.91,0.41133927602429693
1989-05-16,20.58,19.981428571428573,0.48295716067556993
1989-05-17,20.15,20.087142857142858,0.41294528635642996
1989-05-18,20.25,20.18857142857143,0.3362255478808813
1989-05-19,20.58,20.334285714285716,0.21900206565710303
1989-05-22,20.92,20.447142857142858,0.2886586384017954
1989-05-23,21.77,20.68285714285714,0.5406697786301442
1989-05-24,19.68,20.56142857142857,0.6624557487468757
1989-05-25,19.46,20.40142857142857,0.781737990451057
1989-05-26,19.55,20.315714285714286,0.8442917572905385
1989-05-29,19.55,20.215714285714284,0.8933990736295194
1989-05-30,19.96,20.12714285714286,0.8819243029822111
1989-05-31,19.93,19.985714285714288,0.8100382119147792
1989-06-01,19.83,19.708571428571425,0.1999523752825942
1989-06-02,20.18,19.78,0.2663331247395443
1989-06-05,20.5,19.928571428571427,0.33839959473155
1989-06-06,20.38,20.047142857142855,0.32892320713300893
1989-06-07,19.7,20.068571428571428,0.2941897670684801
1989-06-08,19.94,20.065714285714282,0.2955140799162689
1989-06-09,19.87,20.057142857142857,0.30092713878500627
1989-06-12,19.3,19.981428571428573,0.4132968493885171
1989-06-13,19.5,19.884285714285713,0.4380204387492618
1989-06-14,20.37,19.865714285714287,0.4093839739113268
1989-06-15,20.56,19.891428571428573,0.45064504033789604
1989-06-16,19.98,19.931428571428572,0.443186513461857
1989-06-19,20.88,20.065714285714286,0.5703758159571285
1989-06-20,19.88,20.06714285714286,0.5698161775438331
1989-06-21,19.74,20.13,0.48972781556035944
1989-06-22,19.53,20.134285714285713,0.48338587563363133
1989-06-23,19.71,20.04,0.4939973009374881
1989-06-26,20.28,20.0,0.4546427168669823
1989-06-27,20.38,20.057142857142857,0.4763302175913951
1989-06-28,20.04,19.937142857142856,0.31191421287057286
1989-06-29,20.27,19.992857142857144,0.3340516070769119
1989-06-30,20.29,20.071428571428573,0.3293138610016408
1989-07-03,20.55,20.217142857142854,0.27016749654734856
1989-07-04,20.29,20.3,0.15165750888163582
1989-07-05,20.98,20.400000000000002,0.2972092416690884
1989-07-06,20.35,20.395714285714288,0.2977614897230434
1989-07-07,20.78,20.50142857142857,0.2813318663923406
1989-07-10,20.38,20.517142857142858,0.26905478288009393
1989-07-11,20.75,20.58285714285714,0.26036604269883706
1989-07-12,20.2,20.532857142857143,0.29853611092125404
1989-07-13,20.42,20.551428571428573,0.2846300857507211
1989-07-14,20.36,20.462857142857143,0.21761696362490188
1989-07-17,20.49,20.482857142857142,0.21187372699477097
1989-07-18,20.21,20.40142857142857,0.1866751698748371
1989-07-19,19.83,20.322857142857142,0.28633979149021277
1989-07-20,19.92,20.204285714285714,0.2494565521864609
1989-07-21,19.86,20.155714285714286,0.28147570308777586
1989-07-24,18.76,19.91857142857143,0.5715309432111358
1989-07-25,18.52,19.655714285714286,0.7345487762988264
1989-07-26,18.32,19.345714285714287,0.7802533166193177
1989-07-27,18.15,19.05142857142857,0.788382913975078
1989-07-28,17.96,18.784285714285716,0.7973676931601017
1989-07-31,18.33,18.557142857142853,0.6285091960536767
1989-08-01,17.91,18.27857142857143,0.3022928255536152
1989-08-02,18.28,18.21,0.217408984788817
1989-08-03,18.18,18.16142857142857,0.16925607536469037
1989-08-04,18.05,18.122857142857143,0.15744991645191767
1989-08-07,17.91,18.08857142857143,0.1756349027040459
1989-08-08,18.06,18.102857142857143,0.16730354506320672
1989-08-09,18.23,18.08857142857143,0.1478094010807833
1989-08-10,18.58,18.184285714285714,0.21469801604923341
1989-08-11,18.46,18.21,0.23762715894212355
1989-08-14,18.6,18.27,0.27832834326906947
1989-08-15,18.78,18.374285714285715,0.31632563089661614
1989-08-16,18.99,18.52857142857143,0.3155116781481389
1989-08-17,18.67,18.615714285714287,0.23964259101588445
1989-08-18,18.82,18.7,0.17691806013020572
1989-08-21,19.1,18.774285714285718,0.22164965921202479
1989-08-22,19.01,18.852857142857143,0.18634325725403886
1989-08-23,19.15,18.931428571428572,0.1777103046567299
1989-08-24,19.02,18.965714285714284,0.16641886340037748
1989-08-25,18.53,18.900000000000002,0.23280893453696128
1989-08-28,18.69,18.90285714285714,0.2296166577669068
1989-08-29,18.59,18.87,0.2581343319544471
1989-08-30,18.85,18.834285714285716,0.2374768159115188
1989-08-31,18.83,18.80857142857143,0.22467966614980475
1989-09-01,18.88,18.770000000000003,0.17368553960218513
1989-09-04,18.88,18.75,0.1459451951940718
1989-09-05,19.08,18.828571428571426,0.15550225844400997
1989-09-06,19.41,18.93142857142857,0.2549136174887244
1989-09-07,19.4,19.047142857142855,0.25792209972013774
1989-09-08,19.77,19.178571428571427,0.35634386816835784
1989-09-11,19.77,19.312857142857144,0.37946077029215036
1989-09-12,19.68,19.427142857142858,0.34639641480637834
1989-09-13,19.87,19.56857142857143,0.2818645402455867
1989-09-14,19.73,19.66142857142857,0.1842487965981215
1989-09-15,19.96,19.740000000000002,0.17625738755270406
1989-09-18,19.87,19.807142857142857,0.09673232581397104
1989-09-19,19.68,19.794285714285714,0.10783585409690417
1989-09-20,19.68,19.78142857142857,0.11625096005850041
1989-09-21,19.69,19.782857142857146,0.11484979839213261
1989-09-22,19.21,19.68857142857143,0.23716580497166176
1989-09-25,19.49,19.654285714285713,0.24730933011542852
1989-09-26,19.62,19.60571428571429,0.20743329392556156
1989-09-27,19.61,19.568571428571428,0.17257158625100852
1989-09-28,19.99,19.61285714285714,0.23457154457445692
1989-09-29,20.15,19.68,0.3116087290180375
1989-10-02,19.99,19.722857142857144,0.3331023008887499
1989-10-03,20.15,19.857142857142858,0.2765691164803338
1989-10-04,20.17,19.954285714285714,0.243574570570919
1989-10-05,19.95,20.00142857142857,0.19522880349610847
1989-10-06,19.89,20.041428571428572,0.1130528742721251
1989-10-09,20.04,20.048571428571428,0.11081945849528839
1989-10-10,20.21,20.057142857142853,0.1217530678219085
1989-10-11,20.18,20.084285714285716,0.12541360145059385
1989-10-12,20.49,20.132857142857144,0.19922468770389282
1989-10-13,20.91,20.23857142857143,0.3564841544601829
1989-10-16,20.64,20.337142857142858,0.35878100496549453
1989-10-17,20.68,20.45,0.3164385143018718
1989-10-18,20.58,20.527142857142856,0.26074983449797257
1989-10-19,20.37,20.55,0.23395156193874356
1989-10-20,20.04,20.529999999999998,0.27349588662399277
1989-10-23,19.67,20.412857142857142,0.4263689437455742
1989-10-24,19.7,20.240000000000002,0.43638667868482117
1989-10-25,19.6,20.09142857142857,0.45418162928632805
1989-10-26,19.48,19.919999999999998,0.42019836585461945
1989-10-27,19.79,19.807142857142857,0.3031893954676392
1989-10-30,19.74,19.717142857142857,0.17442422287064743
1989-10-31,19.88,19.694285714285712,0.129853397191309
1989-11-01,20.09,19.754285714285714,0.1966263074009333
1989-11-02,20.01,19.798571428571428,0.21628904822291783
1989-11-03,20.23,19.888571428571428,0.24855774456085442
1989-11-06,20.06,19.971428571428568,0.17563490270401416
1989-11-07,19.97,19.997142857142855,0.15681350767936558
1989-11-08,19.97,20.029999999999998,0.11150485789222132
1989-11-09,19.62,19.99285714285714,0.1873245210609279
1989-11-10,19.84,19.957142857142856,0.1895357737316054
1989-11-13,19.62,19.90142857142857,0.2253462943586594
1989-11-14,19.58,19.80857142857143,0.19986900472020122
1989-11-15,19.69,19.755714285714284,0.16880532602812431
1989-11-16,19.88,19.74285714285714,0.1523936006662761
1989-11-17,19.93,19.737142857142857,0.14291189427067424
1989-11-20,20.13,19.81,0.1940790217073756
1989-11-21,20.52,19.907142857142855,0.332451213750286
1989-11-22,19.8,19.93285714285714,0.3129278024146136
1989-11-23,19.8,19.964285714285715,0.2810016098924268
1989-11-24,19.84,19.985714285714288,0.2616522592337709
1989-11-27,19.65,19.952857142857145,0.2900410479984521
1989-11-28,19.33,19.867142857142856,0.3743311495508199
1989-11-29,19.4,19.762857142857143,0.39024412383878704
1989-11-30,19.87,19.669999999999998,0.22045407685099494
1989-12-01,20.26,19.735714285714288,0.31426406851902555
1989-12-04,20.24,19.798571428571428,0.3685751199522913
1989-12-05,20.22,19.852857142857143,0.4021489892117562
1989-12-06,20.46,19.96857142857143,0.44797427647263605
1989-12-07,20.45,20.12857142857143,0.37613953844442305
1989-12-08,20.41,20.27285714285714,0.20475304521311122
1989-12-11,20.69,20.389999999999997,0.16693312034135535
1989-12-12,20.8,20.467142857142857,0.21476454438301898
1989-12-13,20.75,20.54,0.21134489978919288
1989-12-14,20.67,20.604285714285712,0.15998511835629145
1989-12-15,21.13,20.7,0.23979157616613697
1989-12-18,22.2,20.95,0.590903263374735
1989-12-19,22.17,21.201428571428572,0.6891160659723453
1989-12-20,21.58,21.32857142857143,0.6605409038920582
1989-12-21,21.53,21.43285714285714,0.6195351560033241
1989-12-22,21.31,21.512857142857143,0.5487778629440131
1989-12-26,21.91,21.69,0.41525092815500503
1989-12-27,21.78,21.782857142857146,0.3338519774651699
1989-12-28,21.6,21.697142857142858,0.2818814340416958
1989-12-29,21.84,21.650000000000002,0.20736441353390184
1990-01-02,22.88,21.835714285714285,0.5040786030923152
1990-01-03,23.81,22.16142857142857,0.8742888266363814
1990-01-04,23.41,22.46142857142857,0.893521657477437
1990-01-05,23.07,22.627142857142854,0.8816974969856458
1990-01-08,21.64,22.607142857142858,0.905386000291636
1990-01-09,22.25,22.7,0.8135518832053339
1990-01-10,22.9,22.851428571428567,0.720079360705865
1990-01-11,23.15,22.889999999999997,0.7290404652694404
1990-01-12,23.17,22.798571428571428,0.6274931227096435
1990-01-15,22.36,22.648571428571426,0.5807302463690832
1990-01-16,22.61,22.582857142857144,0.5503245795504852
1990-01-17,22.11,22.65,0.43208795400968675
1990-01-18,22.78,22.725714285714282,0.3951732591689168
1990-01-19,23.7,22.840000000000003,0.5422791409107938
1990-01-22,22.57,22.75714285714286,0.531216035329089
1990-01-23,22.34,22.638571428571428,0.5161210636868336
1990-01-24,23.43,22.791428571428575,0.5749616964470174
1990-01-25,24.48,23.05857142857143,0.8467866431681036
1990-01-26,22.56,23.122857142857146,0.7769752095084912
1990-01-29,22.79,23.124285714285715,0.7762486101515367
1990-01-30,22.29,22.92285714285714,0.7848506075622023
1990-01-31,22.69,22.939999999999998,0.7771314775079026
1990-02-01,22.71,22.99285714285714,0.7412762482305499
1990-02-02,23.04,22.937142857142852,0.7172102036298412
1990-02-05,22.44,22.645714285714284,0.24446248129759307
1990-02-06,22.36,22.617142857142856,0.266815434693622
1990-02-07,22.4,22.56142857142857,0.2654197035788556
1990-02-08,22.11,22.535714285714285,0.30226131866676664
1990-02-09,21.82,22.41142857142857,0.3933797389900551
1990-02-12,22.02,22.312857142857144,0.39254359782161646
1990-02-13,21.88,22.147142857142857,0.25525897213888926
1990-02-14,22.12,22.101428571428567,0.22033524241000846
1990-02-15,22.86,22.172857142857143,0.3568713253504722
1990-02-16,22.46,22.18142857142857,0.36388773779085476
1990-02-19,22.46,22.231428571428573,0.3762724443554347
1990-02-20,22.2,22.285714285714285,0.33180602480289695
1990-02-21,21.87,22.264285714285712,0.3558022457707371
1990-02-22,21.4,22.195714285714285,0.47010130620484236
1990-02-23,21.13,22.054285714285715,0.6212851503902996
1990-02-26,21.81,21.904285714285713,0.5113660509806018
1990-02-27,21.62,21.784285714285716,0.4546374798622456
1990-02-28,21.55,21.654285714285717,0.3464513983646554
1990-03-01,21.19,21.509999999999998,0.2864146178769264
1990-03-02,21.36,21.437142857142856,0.24081211803131503
1990-03-05,21.62,21.46857142857143,0.24936108834620652
1990-03-06,21.3,21.492857142857144,0.21708019145942806
1990-03-07,20.93,21.367142857142856,0.2544087449834628
1990-03-08,20.8,21.25,0.3027650354101617
1990-03-09,20.42,21.08857142857143,0.4013489160085027
1990-03-12,20.26,20.955714285714286,0.5031850932763056
1990-03-13,20.15,20.782857142857143,0.5470744704249334
1990-03-14,20.07,20.56142857142857,0.4582367863683532
1990-03-15,20.38,20.43,0.32310988842844485
1990-03-16,20.09,20.310000000000002,0.2553429066965468
1990-03-19,19.6,20.138571428571428,0.27370474185612176
1990-03-20,19.34,19.984285714285715,0.3744710555287433
1990-03-21,19.59,19.888571428571428,0.3778636690410857
1990-03-22,19.85,19.845714285714283,0.3598544679387441
1990-03-23,20.28,19.875714285714285,0.3892238919895294
1990-03-26,20.48,19.890000000000004,0.4119870548131004
1990-03-27,20.36,19.928571428571427,0.44513775288988766
1990-03-28,20.09,19.99857142857143,0.42282496660106655
1990-03-29,20.03,20.09714285714286,0.3087455417071659
1990-03-30,20.34,20.204285714285714,0.22112267657452275
1990-04-02,20.51,20.298571428571428,0.18215639538922732
1990-04-03,20.23,20.291428571428575,0.18397722426393742
1990-04-04,19.78,20.19142857142857,0.2446377302213674
1990-04-05,19.48,20.065714285714286,0.34789160873584596
1990-04-06,19.15,19.931428571428572,0.48953816914298237
1990-04-09,18.32,19.687142857142856,0.7753647375208134
1990-04-10,17.56,19.29,1.0489359688116862
1990-04-11,18.19,18.958571428571428,0.9621404708848538
1990-04-12,17.76,18.60571428571429,0.8662920435754596
1990-04-16,17.87,18.332857142857144,0.7238718644834297
1990-04-17,17.37,18.03142857142857,0.5942902930228561
1990-04-18,16.95,17.717142857142857,0.473628345355353
1990-04-19,17.93,17.66142857142857,0.4094886474387198
1990-04-20,17.9,17.71,0.4155718951038912
1990-04-23,18.6,17.768571428571427,0.5121662676460889
1990-04-24,17.85,17.78142857142857,0.5130441362246771
1990-04-25,17.49,17.727142857142855,0.522133899995058
1990-04-26,18.5,17.888571428571428,0.5661398111019262
1990-04-27,18.57,18.12,0.4342810150124431
1990-04-30,18.5,18.201428571428572,0.4459980781511546
1990-05-01,18.76,18.324285714285715,0.46707804996824914
1990-05-02,18.63,18.32857142857143,0.47015701531281684
1990-05-03,17.98,18.34714285714286,0.4502486085753592
1990-05-04,17.98,18.41714285714286,0.3114864515898664
1990-05-07,18.3,18.388571428571428,0.31179205524599646
1990-05-08,18.26,18.344285714285714,0.30363668766385127
1990-05-09,19.01,18.41714285714286,0.39474524636028985
1990-05-10,19.03,18.455714285714286,0.4439540945812689
1990-05-11,18.96,18.502857142857145,0.48148085063068213
1990-05-14,19.73,18.752857142857145,0.6035924200352768
1990-05-15,19.52,18.972857142857144,0.5535254973266408
1990-05-16,19.05,19.080000000000002,0.4674754895537952
1990-05-17,18.89,19.169999999999998,0.3209880579298237
1990-05-18,18.78,19.13714285714286,0.35050983275418923
1990-05-21,18.26,19.027142857142856,0.4848269205163535
1990-05-22,17.51,18.82,0.7535692845829752
1990-05-23,16.25,18.322857142857146,1.1145958054487959
1990-05-24,16.02,17.822857142857142,1.2631932325885045
1990-05-25,16.12,17.404285714285713,1.2741906861856147
1990-05-29,18.0,17.277142857142856,1.1384011344238063
1990-05-30,17.88,17.148571428571426,0.9802113474728577
1990-05-31,17.47,17.035714285714285,0.8702271186854096
1990-06-01,17.51,17.035714285714285,0.8702271186854096
1990-06-04,17.09,17.155714285714286,0.7988086367181486
1990-06-05,16.41,17.21142857142857,0.7156681859501791
1990-06-06,16.91,17.324285714285715,0.5602932905441902
1990-06-07,16.65,17.13142857142857,0.5198213978998532
1990-06-08,16.78,16.974285714285713,0.41060350472872853
1990-06-11,16.82,16.881428571428568,0.3486368010521826
1990-06-12,17.39,16.864285714285717,0.31378639989997165
1990-06-13,17.6,16.937142857142856,0.41712165634351084
1990-06-14,17.11,17.037142857142857,0.3478368528358518
1990-06-15,16.64,16.998571428571427,0.37795187398383756
1990-06-18,15.92,16.894285714285715,0.5511762314319424
1990-06-19,15.55,16.71857142857143,0.7528485587296025
1990-06-20,15.43,16.520000000000003,0.892076229926735
1990-06-21,16.09,16.334285714285716,0.812544504275844
1990-06-22,16.5,16.177142857142858,0.6074458627653896
1990-06-25,16.15,16.04,0.449592408002684
1990-06-26,17.12,16.10857142857143,0.5753673774623781
1990-06-27,16.7,16.22,0.6073988255945543
1990-06-28,17.18,16.452857142857145,0.6200460812370655
1990-06-29,17.05,16.684285714285714,0.45500392463017075
1990-07-02,16.94,16.805714285714284,0.3766455957026249
1990-07-03,16.73,16.838571428571427,0.3549379556784974
1990-07-04,16.73,16.92142857142857,0.20227280023413763
1990-07-05,16.5,16.832857142857144,0.23407365548210354
1990-07-06,16.49,16.802857142857142,0.26531203551809723
1990-07-09,16.63,16.724285714285713,0.2108599173911165
1990-07-10,17.05,16.724285714285717,0.2108599173911165
1990-07-11,17.45,16.797142857142855,0.3439338253076546
1990-07-12,18.69,17.077142857142857,0.7894452542919481
1990-07-13,18.37,17.31142857142857,0.9042571273599189
1990-07-16,18.67,17.62142857142857,0.950498616015756
1990-07-17,18.23,17.87,0.8244594188518749
1990-07-18,18.57,18.14714285714286,0.6446113631670128
1990-07-19,19.07,18.435714285714287,0.5096030201004013
1990-07-20,19.61,18.744285714285716,0.4652904878626207
1990-07-23,19.88,18.914285714285715,0.6302871605562774
1990-07-24,19.84,19.124285714285715,0.6627683643340907
1990-07-25,19.33,19.21857142857143,0.6336778511576655
1990-07-26,20.33,19.518571428571427,0.5827071468995242
1990-07-27,20.07,19.732857142857142,0.4320769331850909
1990-07-30,20.24,19.900000000000002,0.3517574922208274
1990-07-31,20.57,20.037142857142857,0.4032250937015503
1990-08-01,21.59,20.28142857142857,0.7005338100675504
1990-08-02,23.71,20.834285714285716,1.4355702367916483
1990-08-03,23.79,21.47142857142857,1.6328342288939566
1990-08-06,28.73,22.67142857142857,3.0903313121812173
1990-08-07,29.6,24.032857142857143,3.776332940325906
1990-08-08,26.19,24.882857142857144,3.434485474738606
1990-08-09,25.69,25.614285714285717,2.860069096734414
1990-08-10,26.38,26.298571428571428,2.2432746047644048
1990-08-13,27.07,26.778571428571432,1.9354278473714497
1990-08-14,26.7,27.194285714285712,1.4341182789767215
1990-08-15,26.54,26.881428571428575,1.2730989562405897
1990-08-16,27.4,26.56714285714286,0.5644381951909451
1990-08-17,28.65,26.91857142857143,0.934798170220473
1990-08-20,28.63,27.33857142857143,0.9511296541731492
1990-08-21,28.46,27.635714285714283,0.9263343014782225
1990-08-22,30.52,28.128571428571426,1.381260638829924
1990-08-23,31.67,28.83857142857143,1.7521170867593778
1990-08-24,31.1,29.49,1.5958070058750427
1990-08-27,27.36,29.484285714285715,1.604585690480601
1990-08-28,27.73,29.352857142857143,1.7179805420484293
1990-08-29,26.15,28.99857142857143,2.1041976188199394
1990-08-30,26.96,28.784285714285716,2.24017006157162
1990-08-31,27.45,28.345714285714287,2.1420928795833776
1990-09-03,27.45,27.74285714285714,1.5673088855924537
1990-09-04,29.3,27.485714285714288,0.9513298962129242
1990-09-05,30.0,27.86285714285714,1.3379301711438656
1990-09-06,31.51,28.40285714285714,1.914120461950354
1990-09-07,30.09,28.965714285714284,1.7096086993115642
1990-09-10,30.83,29.518571428571427,1.5731966244076028
1990-09-11,30.29,29.924285714285713,1.2918701836594946
1990-09-12,30.85,30.41,0.7184474000694118
1990-09-13,31.2,30.681428571428572,0.5734814315919708
1990-09-14,31.79,30.937142857142856,0.6164607120681957
1990-09-17,33.73,31.254285714285714,1.2280045757630738
1990-09-18,33.48,31.738571428571426,1.3542824492626164
1990-09-19,33.18,32.074285714285715,1.382496017388488
1990-09-20,34.44,32.667142857142856,1.3796341820171953
1990-09-21,36.21,33.432857142857145,1.6616228441467245
1990-09-24,39.05,34.55428571428571,2.391978658926888
1990-09-25,38.33,35.488571428571426,2.4094911535524237
1990-09-26,39.12,36.25857142857143,2.6069869490238573
1990-09-27,39.77,37.15714285714286,2.573452378198771
1990-09-28,39.53,38.06428571428571,1.9911626180270505
1990-10-01,37.08,38.44142857142857,1.330794606884942
1990-10-02,34.43,38.18714285714286,1.8835136871081062
1990-10-03,37.04,37.9,1.8832595855766758
1990-10-04,36.76,37.675714285714285,1.916706003737056
1990-10-05,37.87,37.497142857142855,1.8152659519173082
1990-10-08,38.88,37.370000000000005,1.6535013355502444
1990-10-09,40.73,37.541428571428575,1.950328421671776
1990-10-10,39.3,37.85857142857143,2.0411714656982434
1990-10-11,41.07,38.80714285714286,1.6959728209861067
1990-10-12,39.42,39.14714285714285,1.5111553448240318
1990-10-15,38.0,39.324285714285715,1.2314876795005558
1990-10-16,39.34,39.534285714285716,1.0548279029119687
1990-10-17,36.03,39.12714285714286,1.7013496043406926
1990-10-18,37.03,38.598571428571425,1.6951246618014186
1990-10-19,33.82,37.815714285714286,2.425330610747392
1990-10-22,28.46,36.01428571428572,3.862563298911094
1990-10-23,29.95,34.66142857142857,4.120709601397229
1990-10-24,30.8,33.63285714285714,4.046404635746424
1990-10-25,34.35,32.92,3.230737789834749
1990-10-26,33.03,32.49142857142858,2.9348562064231696
1990-10-29,35.28,32.24142857142858,2.5304902592937584
1990-10-30,34.93,32.4,2.676465330742453
1990-10-31,35.31,33.37857142857143,2.206886408279158
1990-11-01,35.3,34.142857142857146,1.686709956154334
1990-11-02,33.95,34.59285714285714,0.8674620891947766
1990-11-05,32.05,34.26428571428571,1.3016893784981596
1990-11-06,32.41,34.175714285714285,1.4157666608925803
1990-11-07,35.48,34.20428571428571,1.4435125809733205
1990-11-08,35.61,34.30142857142857,1.52127609340995
1990-11-09,33.91,34.10142857142857,1.4572626001218756
1990-11-12,32.08,33.64142857142857,1.5226121039343197
1990-11-13,33.3,33.54857142857143,1.5204761159082023
1990-11-14,31.18,33.42428571428571,1.6895448809550981
1990-11-15,31.05,33.23,1.8917187951700614
1990-11-16,29.91,32.434285714285714,1.9578632667855635
1990-11-19,31.45,31.84,1.3790576492662185
1990-11-20,29.5,31.21,1.279531164137737
1990-11-21,30.08,30.924285714285713,1.276177327579614
1990-11-22,30.08,30.464285714285715,0.748261477088669
1990-11-23,32.35,30.631428571428568,1.0171435259493276
1990-11-26,33.28,30.95,1.4339223595902986
1990-11-27,33.05,31.398571428571433,1.5414649803722298
1990-11-28,33.28,31.66,1.6987936896514755
1990-11-29,32.93,32.15,1.4481022063375468
1990-11-30,29.08,32.00714285714286,1.71168254733663
1990-12-03,29.4,31.91,1.8527637014290312
1990-12-04,29.05,31.43857142857143,2.1223683985225774
1990-12-05,27.18,30.56714285714286,2.4649389058399565
1990-12-06,26.35,29.610000000000003,2.635096456172527
1990-12-07,26.61,28.657142857142862,2.267081194588501
1990-12-10,27.08,27.821428571428573,1.3025030847233985
1990-12-11,26.5,27.45285714285714,1.2510224389901359
1990-12-12,25.3,26.867142857142856,1.142536859882501
1990-12-13,26.45,26.495714285714286,0.6158694976169299
1990-12-14,26.6,26.412857142857142,0.5431916262764322
1990-12-17,27.1,26.520000000000003,0.5997499478946973
1990-12-18,27.85,26.697142857142858,0.7852115274604891
1990-12-19,28.26,26.865714285714287,0.9828844819008973
1990-12-20,27.5,27.00857142857143,0.9934859262787644
1990-12-21,27.08,27.262857142857143,0.6526028472127314
1990-12-24,26.95,27.334285714285716,0.5710766773632574
1990-12-26,27.35,27.44142857142857,0.47213799435543413
1990-12-27,26.95,27.419999999999998,0.4931531202372003
1990-12-28,27.58,27.381428571428568,0.4635884874691908
1990-12-31,28.48,27.412857142857145,0.5350300392097894
1991-01-02,26.53,27.274285714285718,0.6264944038815708
1991-01-03,25.61,27.064285714285713,0.8924097926933162
1991-01-04,24.88,26.768571428571427,1.2195822860228194
1991-01-07,27.25,26.754285714285714,1.2121998892213548
1991-01-08,27.5,26.83285714285714,1.2443969662143595
1991-01-09,28.0,26.892857142857142,1.2955013738022438
1991-01-10,27.55,26.759999999999998,1.1444940658065292
1991-01-11,27.43,26.888571428571428,1.1647235519129182
1991-01-14,30.13,27.534285714285716,1.5325888461776869
1991-01-15,30.35,28.315714285714286,1.3355130991850697
1991-01-16,32.25,29.03,1.8917804664741074
1991-01-17,21.48,28.169999999999998,3.438929096874928
1991-01-18,20.05,27.034285714285716,4.615805661502833
1991-01-21,21.63,26.18857142857143,5.029375138694071
1991-01-22,24.91,25.828571428571426,5.015876223125329
1991-01-23,24.08,24.964285714285715,4.659763431559052
1991-01-24,25.63,24.29,4.052468383590398
1991-01-25,24.15,23.132857142857144,2.0744534564209793
1991-01-28,21.03,23.06857142857143,2.140143519886947
1991-01-29,21.73,23.30857142857143,1.8146664392427845
1991-01-30,21.08,23.23,1.9089176689072973
1991-01-31,21.9,22.8,1.803515086342912
1991-02-01,21.33,22.407142857142855,1.7775518209577752
1991-02-04,21.23,21.77857142857143,1.0947819961286653
1991-02-05,20.7,21.285714285714285,0.4144416783598975
1991-02-06,21.48,21.349999999999998,0.4029061098236108
1991-02-07,21.33,21.29285714285714,0.36677487580759016
1991-02-08,21.78,21.392857142857142,0.39351892312442055
1991-02-11,22.44,21.47,0.5364699432399344
1991-02-12,22.78,21.677142857142858,0.7214502589855564
1991-02-13,22.38,21.84142857142857,0.7334945710188516
1991-02-14,22.25,22.062857142857144,0.5398985795409279
1991-02-15,20.73,21.955714285714286,0.7194177539939808
1991-02-18,20.73,21.87,0.8331466457552205
1991-02-19,20.08,21.627142857142854,1.0760996590420093
1991-02-20,20.18,21.304285714285715,1.1292897051222526
1991-02-21,18.48,20.689999999999998,1.34221210445042
1991-02-22,17.43,19.982857142857142,1.5853676154729544
1991-02-25,17.43,19.294285714285714,1.479784411582263
1991-02-26,18.48,18.972857142857144,1.355061059949127
1991-02-27,19.03,18.729999999999997,1.1195237082497724
1991-02-28,19.28,18.615714285714287,0.9923517041663712
1991-03-01,19.43,18.50857142857143,0.8210040310787894
1991-03-04,20.33,18.77285714285714,1.070213596838093
1991-03-05,20.5,19.21142857142857,1.0571570140622017
1991-03-06,19.78,19.54714285714286,0.714882607745551
1991-03-07,19.33,19.66857142857143,0.5584928698866398
1991-03-08,19.34,19.712857142857143,0.5095656413623958
1991-03-11,19.0,19.67285714285714,0.557904241655387
1991-03-12,20.06,19.762857142857143,0.5629894695791982
1991-03-13,20.48,19.784285714285716,0.590363084405262
1991-03-14,20.05,19.72,0.5197114584073812
1991-03-15,19.88,19.73428571428571,0.5229995902756497
1991-03-18,19.78,19.798571428571428,0.49174615983676695
1991-03-19,20.68,19.990000000000002,0.5417564028231763
1991-03-20,20.4,20.189999999999998,0.33391615714112
1991-03-21,20.78,20.292857142857144,0.39288311602438325
1991-03-22,19.88,20.20714285714286,0.4103134690173297
1991-03-25,19.47,20.124285714285715,0.4967849012350683
1991-03-26,19.78,20.110000000000003,0.5063266402892168
1991-03-27,19.45,20.062857142857144,0.5551790787878379
1991-03-28,19.63,19.912857142857142,0.4997237332003786
1991-04-01,19.28,19.752857142857145,0.4970484310980854
1991-04-02,19.38,19.552857142857142,0.2184577980383141
1991-04-03,19.48,19.495714285714286,0.16420080621558597
1991-04-04,19.98,19.56857142857143,0.2444332609273082
1991-04-05,20.03,19.604285714285716,0.29376051146329013
1991-04-08,20.28,19.722857142857144,0.3768604642619551
1991-04-09,20.58,19.858571428571427,0.4914749424411531
1991-04-10,21.08,20.115714285714287,0.5977138987524039
1991-04-11,20.98,20.344285714285714,0.5749741195002718
1991-04-12,21.54,20.638571428571428,0.5859587178696712
1991-04-15,21.85,20.905714285714286,0.6575676680730789
1991-04-16,21.6,21.13,0.571168393149642
1991-04-17,21.73,21.337142857142858,0.46449665537755713
1991-04-18,21.08,21.40857142857143,0.353950494251301
1991-04-19,21.16,21.419999999999998,0.34268547289478135
1991-04-22,21.68,21.520000000000003,0.29114715637705424
1991-04-23,21.03,21.447142857142858,0.34427287073423846
1991-04-24,21.0,21.325714285714287,0.32801713079507333
1991-04-25,20.95,21.232857142857142,0.32942952132984643
1991-04-26,21.28,21.16857142857143,0.2507607472886463
1991-04-29,21.3,21.2,0.25159491250779503
1991-04-30,20.99,21.17571428571429,0.26399855699424846
1991-05-01,21.28,21.118571428571425,0.15910463762599228
1991-05-02,21.17,21.138571428571428,0.15485784571910854
1991-05-03,21.43,21.2,0.17473789896052502
1991-05-06,21.73,21.31142857142857,0.22901445161258885
1991-05-07,21.72,21.374285714285715,0.27476396797074465
1991-05-08,21.83,21.45,0.32015621187130466
1991-05-09,21.92,21.582857142857144,0.28888949938846165
1991-05-10,21.25,21.57857142857143,0.2943030508065781
1991-05-13,20.89,21.53857142857143,0.36871075255191005
1991-05-14,20.73,21.43857142857143,0.4809167832179881
1991-05-15,21.04,21.34,0.48194052191786074
1991-05-16,20.91,21.224285714285713,0.472647054465635
1991-05-17,21.19,21.132857142857144,0.3907562874609784
1991-05-20,21.39,21.057142857142857,0.23185586655713278
1991-05-21,20.95,21.014285714285712,0.21755130757683527
1991-05-22,20.85,21.00857142857143,0.2218429302774948
1991-05-23,20.95,21.04,0.18894443627642868
1991-05-24,21.04,21.04,0.18894443627642868
1991-05-28,21.34,21.101428571428574,0.20852086797432254
1991-05-29,21.04,21.080000000000002,0.20558858593433854
1991-05-30,21.3,21.06714285714286,0.1847263097764494
1991-05-31,21.16,21.09714285714286,0.17950991483375459
1991-06-03,21.16,21.141428571428573,0.14287856982099822
1991-06-04,20.9,21.134285714285713,0.15479633316624045
1991-06-05,20.45,21.05,0.30369941279684814
1991-06-06,20.38,20.912857142857142,0.36206418794228545
1991-06-07,20.28,20.804285714285715,0.42590519848327646
1991-06-10,19.84,20.595714285714283,0.494633101158593
1991-06-11,19.85,20.40857142857143,0.4933703332327218
1991-06-12,20.08,20.254285714285714,0.373535234520746
1991-06-13,19.71,20.084285714285716,0.2927374900745597
1991-06-14,19.7,19.97714285714286,0.27317358862769986
1991-06-17,19.97,19.91857142857143,0.20876051441995655
1991-06-18,20.11,19.89428571428571,0.16501082215571913
1991-06-19,19.99,19.915714285714284,0.1665189821867283
1991-06-20,20.22,19.96857142857143,0.1979417903851507
1991-06-21,20.1,19.97142857142857,0.19995237528191231
1991-06-24,19.92,20.00142857142857,0.16727507997569535
1991-06-25,20.03,20.048571428571428,0.10188695883610221
1991-06-26,20.12,20.07,0.09831920802458298
1991-06-27,20.41,20.11285714285714,0.16286131991273625
1991-06-28,20.56,20.194285714285716,0.2226998834645779
1991-07-01,20.78,20.274285714285718,0.3149527553382035
1991-07-02,20.92,20.391428571428573,0.3842060459104712
1991-07-03,20.69,20.501428571428573,0.33363795604538987
1991-07-04,20.69,20.595714285714287,0.26425096296592676
1991-07-05,20.91,20.708571428571428,0.18361450300594312
1991-07-08,21.29,20.834285714285716,0.23824757031651234
1991-07-09,21.35,20.947142857142858,0.27145989794125613
1991-07-10,21.43,21.04,0.3127832050048738
1991-07-11,21.32,21.09714285714286,0.3235590768163605
1991-07-12,21.74,21.247142857142858,0.3459631139156795
1991-07-15,21.5,21.362857142857145,0.25097903535996224
1991-07-16,21.7,21.475714285714286,0.18137044438100275
1991-07-17,22.2,21.60571428571428,0.30799659862019485
1991-07-18,21.97,21.694285714285712,0.31133353726873503
1991-07-19,22.16,21.798571428571424,0.3297690389458884
1991-07-22,21.74,21.858571428571427,0.2587423796893081
1991-07-23,21.25,21.788571428571426,0.34729567477001966
1991-07-24,21.41,21.775714285714283,0.3611489601649864
1991-07-25,21.11,21.69142857142857,0.4416419579787581
1991-07-26,21.48,21.58857142857143,0.38346788528809855
1991-07-29,21.38,21.504285714285714,0.34894398513461244
1991-07-30,21.55,21.41714285714286,0.20393743204769704
1991-07-31,21.7,21.41142857142857,0.19368604935312045
1991-08-01,21.33,21.422857142857143,0.1847263097762241
1991-08-02,21.35,21.414285714285715,0.18680267154131208
1991-08-05,21.5,21.47,0.1306394529473831
1991-08-06,21.39,21.457142857142856,0.1338798324003142
1991-08-07,21.38,21.457142857142856,0.1338798324003142
1991-08-08,21.6,21.464285714285715,0.14081396034590124
1991-08-09,21.64,21.455714285714286,0.1250142848969607
1991-08-12,21.71,21.509999999999998,0.1425949975737304
1991-08-13,21.52,21.534285714285716,0.12407754871431535
1991-08-14,21.3,21.505714285714284,0.15295501984229753
1991-08-15,21.39,21.505714285714287,0.15295501984229753
1991-08-16,21.29,21.492857142857144,0.1682967899977032
1991-08-19,22.5,21.62142857142857,0.41973914802011747
1991-08-20,22.3,21.715714285714288,0.49243805508401295
1991-08-21,21.44,21.677142857142858,0.5034121666423077
1991-08-22,21.93,21.735714285714284,0.5059267780633765
1991-08-23,21.78,21.804285714285715,0.4681473109626704
1991-08-26,21.98,21.888571428571428,0.43291371624603
1991-08-27,21.86,21.97,0.3465544690227644
1991-08-28,21.77,21.865714285714287,0.259349001851887
1991-08-29,22.02,21.825714285714287,0.19475259029918515
1991-08-30,22.28,21.945714285714285,0.17529566859516302
1991-09-03,22.28,21.995714285714286,0.21539553870701342
1991-09-04,21.76,21.99285714285714,0.21883892750176565
1991-09-05,21.75,21.96,0.2375570107005583
1991-09-06,21.56,21.91714285714286,0.2815856462785958
1991-09-09,21.36,21.858571428571427,0.3513036944211556
1991-09-10,21.44,21.775714285714287,0.3745155601060969
1991-09-11,21.66,21.687142857142856,0.30159101919127823
1991-09-12,21.51,21.577142857142857,0.15326603077714965
1991-09-13,21.71,21.57,0.14422205101754346
1991-09-16,21.84,21.582857142857144,0.16539994817667844
1991-09-17,21.73,21.607142857142858,0.17375406812554872
1991-09-18,21.87,21.680000000000003,0.15916448514987458
1991-09-19,21.79,21.729999999999997,0.1217921727083384
1991-09-20,22.02,21.78142857142857,0.15794815303540588
1991-09-23,22.2,21.88,0.1747378989601168
1991-09-24,22.24,21.955714285714286,0.20156530313579024
1991-09-25,22.11,21.994285714285713,0.20156530313577634
1991-09-26,22.23,22.065714285714286,0.179708759093356
1991-09-27,22.42,22.14428571428571,0.1990692628915783
1991-09-30,22.25,22.21,0.12463279397072335
1991-10-01,22.1,22.221428571428568,0.106681546579369
1991-10-02,22.34,22.24142857142857,0.11480832888150208
1991-10-03,22.7,22.307142857142857,0.20782318491948157
1991-10-04,22.64,22.382857142857144,0.22020553169724344
1991-10-07,22.99,22.49142857142857,0.30377780100021334
1991-10-08,23.02,22.577142857142857,0.3597552077779689
1991-10-09,23.18,22.71,0.3893156388667266
1991-10-10,23.01,22.84,0.2912616235154504
1991-10-11,23.19,22.961428571428574,0.21536237457006768
1991-10-14,23.48,23.072857142857142,0.25558522947013146
1991-10-15,23.89,23.25142857142857,0.3289087295594593
1991-10-16,23.67,23.34857142857143,0.3390884138103267
1991-10-17,23.96,23.482857142857146,0.371829453992787
1991-10-18,24.12,23.61714285714286,0.4118136425495007
1991-10-21,24.03,23.762857142857143,0.3343508280083473
1991-10-22,23.47,23.802857142857142,0.2636736799970665
1991-10-23,23.14,23.754285714285714,0.35018362529959063
1991-10-24,23.47,23.694285714285712,0.3589269722770532
1991-10-25,23.18,23.624285714285715,0.4087728441257427
1991-10-28,23.24,23.52142857142857,0.40072553247874887
1991-10-29,23.09,23.374285714285712,0.3265403059777086
1991-10-30,23.11,23.24285714285714,0.16265651802680572
1991-10-31,23.29,23.217142857142854,0.13212548148108344
1991-11-01,23.85,23.318571428571428,0.266860048927779
1991-11-04,23.82,23.368571428571432,0.3261609301869185
1991-11-05,23.78,23.454285714285714,0.34654759859890694
1991-11-06,23.44,23.482857142857142,0.3339518071866601
1991-11-07,23.29,23.511428571428574,0.30174098005912553
1991-11-08,23.0,23.495714285714286,0.3278646642971196
1991-11-11,22.66,23.405714285714286,0.45540667330933604
1991-11-12,22.58,23.224285714285717,0.4997284977145458
1991-11-13,22.28,23.004285714285714,0.5317222690729336
1991-11-14,22.55,22.828571428571426,0.42522263076394395
1991-11-15,22.79,22.735714285714284,0.32968960871519054
1991-11-18,22.38,22.60571428571429,0.24261472494772698
1991-11-19,21.88,22.445714285714285,0.3014330850478842
1991-11-20,22.17,22.375714285714285,0.30026972002100916
1991-11-21,21.93,22.282857142857143,0.32597107671808423
1991-11-22,21.85,22.221428571428568,0.3648026211262273
1991-11-25,22.15,22.164285714285715,0.33485604582894024
1991-11-26,21.04,21.914285714285715,0.4296842694679791
1991-11-27,21.38,21.77142857142857,0.4150272509694997
1991-11-28,21.38,21.699999999999996,0.43573692368946493
1991-11-29,21.48,21.601428571428574,0.3870154420441884
1991-12-02,21.1,21.482857142857142,0.39659863362119624
1991-12-03,20.61,21.305714285714288,0.4745474034224483
1991-12-04,20.75,21.10571428571429,0.3334594999321773
1991-12-05,20.42,21.017142857142858,0.42389913445331395
1991-12-06,19.87,20.801428571428573,0.568138145507567
1991-12-09,19.39,20.517142857142858,0.7104391666593824
1991-12-10,19.24,20.197142857142858,0.7089361580497869
1991-12-11,19.54,19.974285714285713,0.6170590772056221
1991-12-12,19.94,19.87857142857143,0.5503764945146633
1991-12-13,20.09,19.784285714285716,0.4164475614390706
1991-12-16,19.78,19.692857142857143,0.3103607731718031
1991-12-17,19.45,19.632857142857144,0.3110045168865044
1991-12-18,19.39,19.632857142857144,0.3110045168865044
1991-12-19,19.12,19.615714285714287,0.3383714498819878
1991-12-20,18.28,19.435714285714287,0.6108152241842568
1991-12-23,18.58,19.24142857142857,0.6393076612354487
1991-12-24,18.68,19.04,0.5421254467372673
1991-12-26,18.63,18.875714285714285,0.44627559283699214
1991-12-27,18.82,18.785714285714285,0.3677796959621634
1991-12-30,18.63,18.677142857142854,0.254343225171436
1991-12-31,19.15,18.681428571428572,0.2631494234227959
1992-01-02,19.43,18.845714285714283,0.3229477327608101
1992-01-03,19.22,18.937142857142856,0.32576649539801816
1992-01-06,19.24,19.017142857142858,0.3208174083866033
1992-01-07,18.72,19.029999999999998,0.30408332191482007
1992-01-08,17.95,18.905714285714286,0.511366050980449
1992-01-09,17.89,18.8,0.6385400013573521
1992-01-10,18.26,18.672857142857143,0.6457996150953274
1992-01-13,18.77,18.578571428571426,0.5592086244993256
1992-01-14,18.4,18.46142857142857,0.48316417401104556
1992-01-15,18.83,18.40285714285714,0.38866070403027253
1992-01-16,18.94,18.434285714285714,0.42570949182362894
1992-01-17,19.11,18.599999999999998,0.4315089802079928
1992-01-20,18.92,18.747142857142855,0.3065786623211107
1992-01-21,18.5,18.78142857142857,0.2514907931669482
1992-01-22,18.73,18.775714285714287,0.2522470444399573
1992-01-23,18.38,18.77285714285714,0.25727509827147804
1992-01-24,18.75,18.761428571428574,0.2560877825689392
1992-01-27,19.35,18.82,0.337638860322857
1992-01-28,19.09,18.81714285714286,0.3348489353782203
1992-01-29,18.92,18.81714285714286,0.3348489353782203
1992-01-30,18.95,18.881428571428575,0.30574654925454736
1992-01-31,18.93,18.91,0.2984962311321668
1992-02-03,18.97,18.994285714285716,0.18599795185790807
1992-02-04,19.26,19.06714285714286,0.17384996268018008
1992-02-05,19.5,19.08857142857143,0.2181305856156817
1992-02-06,19.48,19.14428571428571,0.2636194949075654
1992-02-07,19.91,19.285714285714285,0.36809677816479774
1992-02-10,19.69,19.391428571428573,0.36182079226371117
1992-02-11,19.36,19.452857142857145,0.3019776087568789
1992-02-12,19.29,19.49857142857143,0.23305425487282241
1992-02-13,19.7,19.56142857142857,0.21675089937757017
1992-02-14,19.42,19.55,0.22256085310172558
1992-02-17,19.42,19.541428571428575,0.22682067597036804
1992-02-18,18.14,19.28857142857143,0.5306106096260126
1992-02-19,18.42,19.107142857142858,0.5848280170476644
1992-02-20,18.52,18.987142857142857,0.6099375455929237
1992-02-21,18.6,18.88857142857143,0.6085893133970369
1992-02-24,18.37,18.69857142857143,0.5131740631089728
1992-02-25,18.3,18.53857142857143,0.41619020377041904
1992-02-26,18.44,18.398571428571433,0.14993649449400423
1992-02-27,18.77,18.48857142857143,0.15773697214393673
1992-02-28,18.69,18.527142857142856,0.17065699377402793
1992-03-02,18.36,18.504285714285714,0.18210410418792672
1992-03-03,18.67,18.514285714285712,0.18998746825888047
1992-03-04,18.62,18.55,0.18165902124633304
1992-03-05,18.58,18.59,0.14445299120072363
1992-03-06,18.53,18.602857142857143,0.13237752650649334
1992-03-09,18.65,18.585714285714285,0.11355720186500048
1992-03-10,18.62,18.575714285714287,0.10564991605333432
1992-03-11,18.5,18.595714285714283,0.06241184258942346
1992-03-12,18.86,18.62285714285714,0.11729084728702233
1992-03-13,19.16,18.699999999999996,0.23430749027752712
1992-03-16,19.15,18.78142857142857,0.2802040073132912
1992-03-17,19.27,18.88714285714286,0.3077723339157299
1992-03-18,19.05,18.944285714285716,0.2931926069361612
1992-03-19,19.27,19.037142857142857,0.2757845950325129
1992-03-20,18.78,19.077142857142857,0.1926753993739419
1992-03-23,18.91,19.084285714285716,0.18401604484936168
1992-03-24,19.06,19.07,0.181015653098748
1992-03-25,19.0,19.048571428571428,0.1788321905615857
1992-03-26,19.31,19.054285714285715,0.18751507875903378
1992-03-27,19.19,19.074285714285715,0.19432422587522008
1992-03-30,19.25,19.071428571428573,0.19108711551118496
1992-03-31,19.49,19.172857142857143,0.1988897756477841
1992-04-01,19.85,19.307142857142857,0.2888318014413778
1992-04-02,19.79,19.41142857142857,0.3153003103619331
1992-04-03,20.25,19.59,0.3888444419044958
1992-04-06,20.44,19.75142857142857,0.47764800747790603
1992-04-07,20.29,19.90857142857143,0.4417551573525654
1992-04-08,20.64,20.107142857142858,0.40746019379044884
1992-04-09,20.33,20.22714285714286,0.30663302092848976
1992-04-10,20.45,20.312857142857144,0.26462012305136323
1992-04-13,20.24,20.37714285714286,0.14326133296779245
1992-04-14,19.81,20.314285714285713,0.25851222684523084
1992-04-15,19.93,20.24142857142857,0.2874270093679527
1992-04-16,20.25,20.235714285714288,0.28669711909113843
1992-04-20,20.26,20.181428571428572,0.22718777633097767
1992-04-21,20.17,20.15857142857143,0.21759508047644702
1992-04-22,19.92,20.082857142857144,0.1897115605081062
1992-04-23,19.91,20.035714285714285,0.18509971572602985
1992-04-24,20.05,20.07,0.15631165450240714
1992-04-27,20.31,20.124285714285715,0.16531355488437424
1992-04-28,20.29,20.13,0.17097758137624333
1992-04-29,20.77,20.202857142857145,0.29747348821432934
1992-04-30,20.88,20.304285714285715,0.39080502994265504
1992-05-01,20.88,20.44142857142857,0.40176396766530936
1992-05-04,21.13,20.615714285714287,0.3974022790931482
1992-05-05,20.78,20.72,0.31048349392494257
1992-05-06,20.79,20.788571428571426,0.2524168887260005
1992-05-07,20.73,20.851428571428574,0.13508374827282943
1992-05-08,20.85,20.86285714285714,0.13034752084444268
1992-05-11,21.02,20.882857142857144,0.14349381934525673
1992-05-12,20.98,20.897142857142857,0.14806690894193808
1992-05-13,20.75,20.842857142857145,0.11426785574676086
1992-05-14,20.56,20.81142857142857,0.1567831380626666
1992-05-15,20.7,20.798571428571428,0.16242214251997544
1992-05-18,20.54,20.771428571428572,0.1894226818012653
1992-05-19,20.12,20.667142857142856,0.3047793893791416
1992-05-20,20.2,20.55,0.30413812651468625
1992-05-21,20.79,20.52285714285714,0.2653748471948248
1992-05-22,20.79,20.52857142857143,0.2714423555394746
1992-05-26,21.8,20.705714285714286,0.5534695758832753
1992-05-27,22.0,20.891428571428573,0.7384314134574496
1992-05-28,21.97,21.095714285714283,0.8184712811669217
1992-05-29,22.13,21.38285714285714,0.7702751518279379
1992-06-01,22.07,21.650000000000002,0.5962941108768146
1992-06-02,22.2,21.851428571428574,0.48516074901070316
1992-06-03,22.45,22.088571428571424,0.2042407542923904
1992-06-04,22.53,22.192857142857143,0.21822880085688304
1992-06-05,22.65,22.285714285714285,0.25728435260397653
1992-06-08,22.43,22.351428571428574,0.21912162310891345
1992-06-09,22.23,22.365714285714287,0.2050899918608936
1992-06-10,22.49,22.425714285714285,0.16081636969379762
1992-06-11,22.33,22.444285714285712,0.1359971988491772
1992-06-12,22.28,22.419999999999998,0.14933184522930262
1992-06-15,22.38,22.398571428571433,0.1414718548470952
1992-06-16,22.23,22.33857142857143,0.10007140307744167
1992-06-17,22.3,22.32,0.09201449161013688
1992-06-18,22.23,22.32,0.09201449161013688
1992-06-19,22.16,22.27285714285714,0.07296444012957991
1992-06-22,22.47,22.292857142857144,0.10387721689613233
1992-06-23,22.74,22.35857142857143,0.19760470401085461
1992-06-24,23.03,22.451428571428572,0.32256413168113035
1992-06-25,22.73,22.52285714285714,0.3207134902942388
1992-06-26,22.42,22.540000000000003,0.3098386676958943
1992-06-29,22.27,22.545714285714286,0.30347197250290525
1992-06-30,21.84,22.5,0.38453435043730577
1992-07-01,21.9,22.41857142857143,0.44719229910692887
1992-07-02,22.08,22.32428571428571,0.4376016888619644
1992-07-03,22.08,22.18857142857143,0.31136412614051767
1992-07-06,21.87,22.065714285714286,0.21770447421881026
1992-07-07,21.51,21.935714285714287,0.24130597056070563
1992-07-08,21.38,21.80857142857143,0.2687271584972033
1992-07-09,21.38,21.74285714285714,0.3124480909263432
1992-07-10,21.25,21.65,0.3520416642004983
1992-07-13,21.38,21.55,0.3059411708151428
1992-07-14,21.42,21.455714285714286,0.19806203934204053
1992-07-15,21.73,21.435714285714283,0.1506493879675522
1992-07-16,21.8,21.47714285714286,0.20467163015481538
1992-07-17,21.56,21.502857142857145,0.201718804751132
1992-07-20,21.78,21.560000000000002,0.21717888172289335
1992-07-21,21.91,21.654285714285717,0.20296610085174918
1992-07-22,21.99,21.74142857142857,0.1964203461473945
1992-07-23,22.11,21.84,0.18073922282216534
1992-07-24,21.95,21.87142857142857,0.17752263437087168
1992-07-27,22.09,21.912857142857142,0.19137348176665248
1992-07-28,22.03,21.979999999999997,0.11357816691455512
1992-07-29,21.98,22.00857142857143,0.07267016155629645
1992-07-30,21.82,21.995714285714286,0.09692903638696745
1992-07-31,21.83,21.972857142857144,0.11557310611389916
1992-08-03,21.6,21.900000000000002,0.16492422502374662
1992-08-04,21.23,21.79714285714286,0.2987593393633793
1992-08-05,21.18,21.66714285714286,0.3445632155694078
1992-08-06,21.41,21.57857142857143,0.3140821851798557
1992-08-07,21.27,21.477142857142855,0.27505843534945845
1992-08-10,21.12,21.377142857142854,0.25623649790165975
1992-08-11,21.0,21.25857142857143,0.19692880028257598
1992-08-12,21.13,21.19142857142857,0.12979837844677172
1992-08-13,21.35,21.208571428571428,0.1429951714129144
1992-08-14,21.31,21.22714285714286,0.14705036390161108
1992-08-17,21.47,21.235714285714288,0.16060896019532447
1992-08-18,21.54,21.274285714285714,0.19823026533558616
1992-08-19,21.33,21.304285714285715,0.18653481738005903
1992-08-20,21.4,21.361428571428572,0.13069411762094246
1992-08-21,21.19,21.37,0.11387127234921651
1992-08-24,21.85,21.44142857142857,0.21294980405572167
1992-08-25,21.6,21.482857142857142,0.21132236714765248
1992-08-26,21.24,21.45,0.23065125189287367
1992-08-27,21.14,21.392857142857142,0.25309512610262175
1992-08-28,21.3,21.388571428571428,0.2545864994732546
1992-08-31,21.46,21.397142857142857,0.25604129131236086
1992-09-01,21.72,21.472857142857144,0.26285067279773494
1992-09-02,21.65,21.444285714285716,0.2228495114682889
1992-09-03,21.69,21.45714285714286,0.23556416576004147
1992-09-04,21.77,21.532857142857143,0.23928464818470502
1992-09-07,21.77,21.622857142857146,0.17736161607535988
1992-09-08,21.98,21.72,0.1559914527563549
1992-09-09,22.0,21.797142857142855,0.1385296942542233
1992-09-10,21.93,21.827142857142857,0.14174087692039894
1992-09-11,22.0,21.877142857142854,0.13009154285920685
1992-09-14,22.35,21.971428571428568,0.19488702465946015
1992-09-15,22.13,22.02285714285714,0.17978823521984372
1992-09-16,22.39,22.111428571428572,0.18703195550652318
1992-09-17,22.23,22.147142857142857,0.1815410225177178
1992-09-18,21.96,22.141428571428573,0.18747698271322696
1992-09-21,21.91,22.138571428571428,0.1913485973659665
1992-09-22,21.78,22.107142857142858,0.23171205447735913
1992-09-23,21.78,22.025714285714287,0.23229701840867728
1992-09-24,21.57,21.945714285714285,0.2815941016692447
1992-09-25,21.51,21.82,0.24413111231404502
1992-09-28,21.78,21.755714285714287,0.16440368435128044
1992-09-29,21.66,21.712857142857143,0.13948886284164225
1992-09-30,21.83,21.701428571428572,0.12294017127855048
1992-10-01,21.83,21.708571428571428,0.12954131534249835
1992-10-02,21.93,21.73,0.1535143858613091
1992-10-05,21.76,21.75714285714286,0.13634689651832718
1992-10-06,21.85,21.805714285714284,0.08423323628433327
1992-10-07,21.89,21.821428571428573,0.0887747282769352
1992-10-08,21.99,21.868571428571425,0.07537209285030468
1992-10-09,21.99,21.891428571428573,0.08532849688486632
1992-10-12,22.28,21.955714285714286,0.1643022765968401
1992-10-13,22.12,21.982857142857142,0.17471064513495144
1992-10-14,22.16,22.04,0.1538397434550557
1992-10-15,22.37,22.114285714285717,0.17135315801449816
1992-10-16,22.31,22.174285714285713,0.15219035699258351
1992-10-19,22.18,22.201428571428576,0.1290256526712378
1992-10-20,21.88,22.185714285714287,0.16164334637774094
1992-10-21,21.49,22.072857142857142,0.30076093971257
1992-10-22,21.22,21.944285714285712,0.4382106473241402
1992-10-23,21.11,21.794285714285714,0.5234773838746728
1992-10-26,21.14,21.618571428571425,0.5040974962385942
1992-10-27,21.03,21.435714285714283,0.43950188254622286
1992-10-28,21.17,21.291428571428572,0.2971771958177186
1992-10-29,20.71,21.124285714285715,0.23308490175985233
1992-10-30,20.68,21.00857142857143,0.2220682005919258
1992-11-02,20.77,20.944285714285712,0.215704824768556
1992-11-03,20.6,20.871428571428574,0.23561469757670309
1992-11-04,20.33,20.755714285714284,0.27699922640409813
1992-11-05,20.62,20.697142857142858,0.25150972716189524
1992-11-06,20.26,20.56714285714286,0.19525319337655153
1992-11-09,20.63,20.555714285714284,0.1876927580608931
1992-11-10,20.54,20.535714285714285,0.17952317797016823
1992-11-11,20.46,20.49142857142857,0.14747073963184948
1992-11-12,20.19,20.43285714285714,0.1758516690957642
1992-11-13,20.04,20.391428571428573,0.22995858840434044
1992-11-16,20.37,20.35571428571429,0.20678951801741755
1992-11-17,20.32,20.364285714285717,0.20337626400805547
1992-11-18,20.21,20.304285714285715,0.1713531580155027
1992-11-19,20.5,20.298571428571428,0.16262723956213898
1992-11-20,20.37,20.285714285714285,0.15087049002999053
1992-11-23,20.01,20.259999999999998,0.18202563921965206
1992-11-24,20.06,20.262857142857143,0.17811178940148395
1992-11-25,20.29,20.25142857142857,0.17257158625029662
1992-11-27,20.29,20.247142857142855,0.17094972806003972
1992-11-30,19.91,20.204285714285714,0.21399821984128345
1992-12-01,19.56,20.069999999999997,0.28172090207631395
1992-12-02,19.38,19.928571428571427,0.3469595832096356
1992-12-03,19.08,19.795714285714286,0.46764862674374924
1992-12-04,18.95,19.637142857142855,0.5449071567927098
1992-12-07,19.17,19.47714285714286,0.482068953771771
1992-12-08,18.69,19.24857142857143,0.40568578035362046
1992-12-09,18.86,19.09857142857143,0.30096669646516044
1992-12-10,19.26,19.055714285714284,0.23936423729422399
1992-12-11,19.09,19.014285714285712,0.19483815017115966
1992-12-14,19.06,19.011428571428574,0.19385807277791522
1992-12-15,18.94,19.009999999999998,0.19442222095278958
1992-12-16,19.42,19.045714285714286,0.24507530426812424
1992-12-17,19.68,19.187142857142856,0.28755951764923193
1992-12-18,19.81,19.322857142857142,0.3286697575439009
1992-12-21,19.92,19.417142857142856,0.3955045000046764
1992-12-22,19.79,19.517142857142858,0.3874151212725143
1992-12-23,19.97,19.647142857142857,0.36017191662302883
1992-12-24,19.97,19.794285714285714,0.19620203387148757
1992-12-28,19.77,19.844285714285714,0.11103410029640831
1992-12-29,19.62,19.835714285714285,0.12699831269995016
1992-12-30,19.63,19.81,0.1493318452309076
1992-12-31,19.49,19.748571428571427,0.18151479016239527
1993-01-04,19.03,19.639999999999997,0.32398559638781144
1993-01-05,19.13,19.52,0.33669966834968595
1993-01-06,19.03,19.385714285714283,0.31399878677374804
1993-01-07,18.92,19.264285714285712,0.3048418793878916
1993-01-08,18.9,19.16142857142857,0.28568214104923567
1993-01-11,18.78,19.04,0.22818121453546353
1993-01-12,18.21,18.857142857142858,0.3067960389640927
1993-01-13,18.51,18.782857142857143,0.32060953852113905
1993-01-14,18.71,18.722857142857144,0.2817631561981609
1993-01-15,18.89,18.702857142857145,0.2604940361263948
1993-01-18,18.94,18.705714285714286,0.26336648374875055
1993-01-19,18.4,18.634285714285713,0.2696205446465967
1993-01-20,18.35,18.572857142857142,0.2796851971844593
1993-01-21,18.71,18.64428571428571,0.23121830542193716
1993-01-22,18.64,18.662857142857142,0.22373453657722805
1993-01-25,19.51,18.777142857142856,0.39250113739632253
1993-01-26,19.67,18.888571428571428,0.5199175758853803
1993-01-27,19.66,18.99142857142857,0.5972556284494199
1993-01-28,20.38,19.274285714285718,0.7255539755447177
1993-01-29,20.27,19.548571428571428,0.6793484273290178
1993-02-01,20.32,19.77857142857143,0.6178842548414993
1993-02-02,20.0,19.972857142857144,0.3603569658785436
1993-02-04,20.29,20.084285714285716,0.310529501704102
1993-02-05,20.27,20.169999999999998,0.2549509756796599
1993-02-08,20.07,20.228571428571428,0.1389758457944591
1993-02-09,20.12,20.19142857142857,0.12588732679513728
1993-02-10,20.2,20.18142857142857,0.1213024555163425
1993-02-11,20.29,20.177142857142858,0.11600492600382163
1993-02-12,19.96,20.17142857142857,0.12667919737521785
1993-02-16,19.59,20.071428571428573,0.2416215064537553
1993-02-17,19.3,19.93285714285714,0.3585951424525055
1993-02-18,19.44,19.842857142857145,0.39558877156783656
1993-02-19,19.69,19.78142857142857,0.378392590282947
1993-02-22,20.08,19.764285714285712,0.3584623245130891
1993-02-23,20.49,19.792857142857144,0.4114087296803826
1993-02-24,20.28,19.83857142857143,0.4491261356393772
1993-02-25,20.63,19.987142857142857,0.5196702251016387
1993-02-26,20.53,20.162857142857142,0.4521693740813871
1993-03-01,20.62,20.33142857142857,0.34503277967114504
1993-03-02,20.48,20.444285714285716,0.19823026533603286
1993-03-03,20.46,20.49857142857143,0.1173923011994289
1993-03-04,21.05,20.57857142857143,0.23870683354458366
1993-03-05,20.85,20.66,0.21602468994672763
1993-03-08,20.63,20.66,0.21602468994672763
1993-03-09,20.71,20.685714285714287,0.2085551200405932
1993-03-10,20.42,20.657142857142855,0.23149616884603033
1993-03-11,20.12,20.60571428571429,0.3055518037286448
1993-03-12,20.38,20.594285714285714,0.31330800302869816
1993-03-15,20.18,20.47,0.2722743714220716
1993-03-16,20.04,20.354285714285716,0.25546409681573495
1993-03-17,20.14,20.284285714285716,0.23351353585726106
1993-03-18,20.29,20.224285714285713,0.14187519666443743
1993-03-19,20.05,20.17142857142857,0.124690092018697
1993-03-22,19.52,20.085714285714285,0.2779602575224282
1993-03-23,19.98,20.02857142857143,0.24674065814331053
1993-03-24,19.97,19.99857142857143,0.23786751014167587
1993-03-25,20.12,20.009999999999998,0.24207436873829813
1993-03-26,20.42,20.05,0.2862399925471114
1993-03-29,20.27,20.047142857142855,0.28353214313462566
1993-03-30,20.27,20.07857142857143,0.2958281354339314
1993-03-31,20.44,20.21,0.19270011243726817
1993-04-01,20.54,20.29,0.19748417658127743
1993-04-02,20.67,20.390000000000004,0.18529256146239947
1993-04-05,20.59,20.457142857142856,0.15359191446956255
1993-04-06,20.33,20.444285714285712,0.16081636969493163
1993-04-07,20.35,20.455714285714286,0.14875675254764398
1993-04-08,20.22,20.44857142857143,0.15994046511406548
1993-04-12,20.43,20.447142857142858,0.16007438746957944
1993-04-13,20.28,20.41,0.1650252505930316
1993-04-14,20.38,20.368571428571425,0.11880355935010534
1993-04-15,20.21,20.314285714285713,0.08182443458538521
1993-04-16,20.09,20.28,0.11690451944494698
1993-04-19,19.99,20.228571428571428,0.15421074016082945
1993-04-20,20.05,20.204285714285714,0.16850886651817978
1993-04-21,19.99,20.141428571428573,0.1514847155578287
1993-04-22,19.79,20.071428571428573,0.18604914865249378
1993-04-23,19.93,20.00714285714286,0.13136644494386157
1993-04-26,19.83,19.95285714285714,0.11041048949503612
1993-04-27,20.21,19.97,0.140475383371561
1993-04-29,20.63,20.061428571428568,0.28725299948707145
1993-04-30,20.54,20.131428571428568,0.33903925885896746
1993-05-03,20.58,20.215714285714284,0.36994851636667764
1993-05-04,20.4,20.302857142857142,0.3216475444599664
1993-05-05,20.46,20.37857142857143,0.27877282097481
1993-05-06,20.49,20.472857142857144,0.13877010793788092
1993-05-07,20.43,20.50428571428571,0.08303757038341196
1993-05-10,20.42,20.474285714285713,0.0662965918821347
1993-05-11,20.38,20.451428571428572,0.06743603671311117
1993-05-12,20.19,20.395714285714288,0.09778499251863532
1993-05-13,19.8,20.31,0.2452209887699587
1993-05-14,19.51,20.174285714285713,0.37624713256304837
1993-05-17,19.51,20.034285714285716,0.4190806264057219
1993-05-18,19.32,19.875714285714285,0.4530216015033345
1993-05-19,19.15,19.694285714285716,0.45302160150337695
1993-05-20,19.56,19.57714285714286,0.3374272408346439
1993-05-21,19.6,19.492857142857144,0.20750215145221454
1993-05-24,19.43,19.439999999999998,0.15726834816166518
1993-05-25,19.75,19.474285714285713,0.19637185328366982
1993-05-26,19.92,19.532857142857146,0.2597251294297287
1993-05-27,20.05,19.63714285714286,0.3029694311157496
1993-05-28,20.04,19.764285714285712,0.2458222354236264
1993-06-01,20.2,19.85571428571429,0.2745212282538139
1993-06-02,20.05,19.919999999999998,0.2567748689677353
1993-06-03,19.77,19.96857142857143,0.1640557396568
1993-06-04,19.79,19.974285714285713,0.15565529682161272
1993-06-07,19.6,19.928571428571427,0.21129983210519024
1993-06-08,19.65,19.87142857142857,0.22652656734776253
1993-06-09,19.66,19.81714285714286,0.22492326733924717
1993-06-10,19.27,19.684285714285718,0.23550351326895064
1993-06-11,18.99,19.532857142857143,0.2945456549625009
1993-06-14,18.9,19.408571428571427,0.3551257322617696
1993-06-15,18.6,19.23857142857143,0.420849481067155
1993-06-16,18.87,19.134285714285713,0.4065651707850384
1993-06-17,18.7,18.998571428571427,0.36182079226399233
1993-06-18,18.71,18.86285714285714,0.22447823099525963
1993-06-21,18.63,18.771428571428572,0.14848440675007807
1993-06-22,18.35,18.68,0.1842100250628478
1993-06-23,18.44,18.614285714285717,0.17443787269084163
1993-06-24,18.36,18.580000000000002,0.1994993734334567
1993-06-25,18.83,18.574285714285715,0.19016283748999796
1993-06-28,18.89,18.601428571428574,0.22199313588777808
1993-06-29,18.99,18.641428571428573,0.2657334862500669
1993-06-30,18.82,18.66857142857143,0.27394820504603123
1993-07-01,18.44,18.681428571428572,0.25816200155704533
1993-07-02,17.93,18.608571428571427,0.3805885167053189
1993-07-06,18.29,18.59857142857143,0.3890342132100425
1993-07-07,18.06,18.48857142857143,0.42029468120353286
1993-07-08,17.79,18.33142857142857,0.4497936034612735
1993-07-09,17.92,18.178571428571427,0.36191290717709257
1993-07-12,18.12,18.07857142857143,0.226526567348575
1993-07-13,18.05,18.02285714285714,0.16142225019369738
1993-07-14,17.43,17.951428571428572,0.27793455893085184
1993-07-15,17.73,17.871428571428574,0.2425852820104779
1993-07-16,17.29,17.76142857142857,0.30846007691129995
1993-07-19,17.68,17.745714285714286,0.30956190241869336
1993-07-20,17.2,17.642857142857142,0.35785072706042154
1993-07-21,17.6,17.568571428571428,0.28979467279695875
1993-07-22,17.57,17.5,0.19966638842635506
1993-07-23,17.67,17.534285714285716,0.2061437316432123
1993-07-26,18.11,17.58857142857143,0.2965034328887697
1993-07-27,18.5,17.761428571428574,0.4202946812037039
1993-07-28,18.25,17.842857142857145,0.4556209786554649
1993-07-29,18.12,17.974285714285717,0.36243882899375607
1993-07-30,17.94,18.02285714285714,0.3247416555626849
1993-08-02,17.9,18.07,0.26683328128335343
1993-08-03,17.81,18.09,0.2352303835259611
1993-08-04,17.82,18.048571428571428,0.2557621663083335
1993-08-05,17.54,17.911428571428573,0.22937804104743723
1993-08-06,17.3,17.775714285714283,0.27263266757502236
1993-08-09,17.58,17.69857142857143,0.23240973670395643
1993-08-10,17.58,17.647142857142857,0.20870348070329303
1993-08-11,17.87,17.642857142857142,0.20287223284045275
1993-08-12,18.16,17.692857142857143,0.27956599016629524
1993-08-13,18.14,17.73857142857143,0.3261098266659994
1993-08-16,17.84,17.78142857142857,0.31519457331641904
1993-08-17,17.95,17.874285714285715,0.23536193000508765
1993-08-18,17.68,17.888571428571428,0.21682777892780344
1993-08-19,17.64,17.897142857142857,0.20336455654223415
1993-08-20,18.09,17.928571428571427,0.21513008246505788
1993-08-23,18.42,17.965714285714288,0.27567233828532933
1993-08-24,18.38,18.0,0.3133156023359237
1993-08-25,18.45,18.087142857142858,0.3446599428290364
1993-08-26,18.4,18.15142857142857,0.35657764799275427
1993-08-27,18.82,18.314285714285713,0.3655980097898482
1993-08-30,18.63,18.455714285714286,0.22618997493759557
1993-08-31,18.24,18.47714285714286,0.1899749356910992
1993-09-01,17.92,18.405714285714286,0.28518164637463317
1993-09-02,17.97,18.34714285714286,0.32993505854566213
1993-09-03,17.72,18.24285714285714,0.3999464249840846
1993-09-07,17.14,18.062857142857144,0.5663542556188529
1993-09-08,17.0,17.802857142857142,0.5784667747799362
1993-09-09,16.97,17.565714285714286,0.5201876950637873
1993-09-10,16.74,17.351428571428574,0.5048573584504158
1993-09-13,16.98,17.217142857142857,0.45050765016561817
1993-09-14,16.94,17.07,0.30989245446439256
1993-09-15,16.85,16.945714285714285,0.1251475319874945
1993-09-16,16.85,16.904285714285717,0.09431456990254468
1993-09-17,17.1,16.91857142857143,0.11625096006032358
1993-09-20,17.68,17.020000000000003,0.31256999216278236
1993-09-21,18.12,17.217142857142857,0.4908738563600095
1993-09-22,17.53,17.295714285714286,0.4906070098315228
1993-09-23,17.52,17.37857142857143,0.4690212707133089
1993-09-24,17.52,17.474285714285717,0.4075069382997813
1993-09-27,17.52,17.57,0.3012750681141838
1993-09-28,18.07,17.708571428571428,0.2705813846420333
1993-09-29,18.73,17.858571428571427,0.46980239006924307
1993-09-30,18.72,17.944285714285716,0.5695863160479219
1993-10-01,18.63,18.101428571428574,0.5876912049549463
1993-10-04,18.4,18.227142857142855,0.5342818945627537
1993-10-05,18.43,18.357142857142858,0.4350369442444439
1993-10-06,18.43,18.487142857142857,0.23156815308713782
1993-10-07,18.49,18.54714285714286,0.14291189427118287
1993-10-08,18.53,18.518571428571427,0.11810003830648018
1993-10-11,18.76,18.524285714285718,0.12985339719189862
1993-10-12,18.7,18.534285714285716,0.1415223354419435
1993-10-13,18.65,18.57,0.13329166015558186
1993-10-14,18.5,18.580000000000002,0.12328828006085073
1993-10-15,18.24,18.552857142857142,0.17279219559201825
1993-10-18,18.13,18.50142857142857,0.23646201748835255
1993-10-19,18.04,18.431428571428572,0.2924852458637994
1993-10-20,18.25,18.358571428571427,0.25854906506893277
1993-10-21,18.28,18.298571428571428,0.21035118028675165
1993-10-22,17.92,18.194285714285716,0.18671342951789366
1993-10-25,17.36,18.03142857142857,0.32302882077003137
1993-10-26,17.55,17.93285714285714,0.35269034037091485
1993-10-27,17.66,17.865714285714287,0.3536409263114107
1993-10-28,17.3,17.76,0.4003748243839856
1993-10-29,16.97,17.577142857142857,0.4304538026211617
1993-11-01,17.5,17.465714285714288,0.2991018300887964
1993-11-02,17.03,17.33857142857143,0.260475755202293
1993-11-03,17.47,17.354285714285716,0.2652581850998902
1993-11-04,17.38,17.330000000000002,0.2517935662414496
1993-11-05,17.09,17.248571428571427,0.2170582541966273
1993-11-08,16.69,17.16142857142857,0.29969031635156884
1993-11-09,16.71,17.124285714285715,0.34067859451766147
1993-11-10,16.54,16.987142857142857,0.35705808517820514
1993-11-11,16.91,16.97,0.3575378767822884
1993-11-12,16.72,16.86285714285714,0.28842759263141093
1993-11-15,16.78,16.777142857142856,0.17660825629388888
1993-11-16,16.69,16.720000000000002,0.11105554166288256
1993-11-17,17.08,16.775714285714287,0.17367183065366903
1993-11-18,16.67,16.77,0.17682382946695735
1993-11-19,16.55,16.771428571428572,0.1746833870606427
1993-11-22,16.67,16.73714285714286,0.16630436812616223
1993-11-23,16.39,16.69,0.2123676058176207
1993-11-24,15.73,16.540000000000003,0.41364235759982004
1993-11-26,15.53,16.374285714285715,0.5525654453812165
1993-11-29,15.3,16.12,0.5824374072242918
1993-11-30,15.36,15.932857142857143,0.5867058969574701
1993-12-01,15.45,15.775714285714287,0.5392543352594672
1993-12-02,14.93,15.527142857142858,0.45235363326135736
1993-12-03,15.03,15.332857142857142,0.2787301135353978
1993-12-06,14.57,15.167142857142855,0.3411116281485504
1993-12-07,14.53,15.024285714285712,0.37183585728509994
1993-12-08,14.61,14.925714285714283,0.3779707723660187
1993-12-09,14.65,14.824285714285713,0.3348062694997188
1993-12-10,15.04,14.765714285714283,0.22493385271303673
1993-12-13,14.5,14.704285714285716,0.23121830542370383
1993-12-14,14.47,14.624285714285715,0.19355078083806698
1993-12-15,14.39,14.59857142857143,0.2129498040589493
1993-12-16,14.21,14.552857142857144,0.2594040789802877
1993-12-17,13.98,14.462857142857144,0.33464978140083973
1993-12-20,14.2,14.39857142857143,0.3359279968219171
1993-12-21,14.32,14.295714285714284,0.18155413727892009
1993-12-22,14.61,14.31142857142857,0.20538001943260503
1993-12-23,14.48,14.312857142857142,0.20669738635259538
1993-12-27,14.09,14.27,0.21878452108835322
1993-12-28,14.11,14.255714285714287,0.22648452065524144
1993-12-29,14.45,14.322857142857142,0.19914101249698787
1993-12-30,14.19,14.321428571428571,0.2002022786636938
1994-01-03,14.52,14.35,0.21377558326707236
1994-01-04,14.66,14.357142857142858,0.2244782309972435
1994-01-05,15.3,14.474285714285713,0.42429773912869634
1994-01-06,15.36,14.655714285714284,0.4977568731449315
1994-01-07,15.33,14.829999999999998,0.48833048918508626
1994-01-10,14.65,14.858571428571429,0.4678115208593009
1994-01-11,14.95,14.967142857142857,0.3633049355452346
1994-01-12,14.36,14.944285714285714,0.3993685492077382
1994-01-13,14.56,14.930000000000001,0.4127953488122878
1994-01-14,14.81,14.860000000000001,0.37982452088792157
1994-01-17,15.15,14.83,0.33995097685952524
1994-01-18,14.92,14.771428571428572,0.2669224963331303
1994-01-19,15.25,14.857142857142858,0.31367256206361
1994-01-20,14.95,14.857142857142858,0.31367256206361
1994-01-21,14.85,14.927142857142856,0.22691512993085008
1994-01-24,15.09,15.002857142857142,0.16357610723508936
1994-01-25,15.26,15.067142857142857,0.1635761072350482
1994-01-26,15.5,15.117142857142856,0.23221500710511422
1994-01-27,15.48,15.197142857142856,0.24884495077218605
1994-01-28,15.37,15.214285714285714,0.2570899416473477
1994-01-31,15.24,15.255714285714285,0.22926383221715232
1994-02-01,15.91,15.407142857142857,0.2640526643015885
1994-02-02,16.06,15.545714285714284,0.31874007921214803
1994-02-03,15.97,15.647142857142857,0.32556178552063336
1994-02-04,15.63,15.665714285714287,0.31941911562940956
1994-02-07,15.31,15.641428571428573,0.34158593703760737
1994-02-08,15.12,15.605714285714285,0.38500463819217423
1994-02-09,14.64,15.52,0.5223025942889178
1994-02-10,14.59,15.331428571428571,0.5917045594849342
1994-02-11,14.71,15.138571428571428,0.5316147907228518
1994-02-14,14.15,14.87857142857143,0.501412291149067
1994-02-15,14.13,14.664285714285715,0.44399163441408235
1994-02-16,13.89,14.46142857142857,0.42373059725346657
1994-02-17,14.26,14.338571428571429,0.3105064986686638
1994-02-18,14.21,14.27714285714286,0.28217691175042986
1994-02-22,14.28,14.232857142857142,0.2470299769765189
1994-02-23,14.18,14.157142857142857,0.12983506020474164
1994-02-24,14.82,14.252857142857144,0.28176315619981596
1994-02-25,14.48,14.302857142857144,0.2873275880564516
1994-02-28,14.5,14.389999999999999,0.22752289262367217
1994-03-01,14.78,14.464285714285714,0.2605031761093613
1994-03-02,14.8,14.548571428571426,0.2599633673848957
1994-03-03,14.74,14.614285714285716,0.2379675848297388
1994-03-04,14.57,14.67,0.14798648587325558
1994-03-07,14.14,14.572857142857144,0.2322867685820251
1994-03-08,14.17,14.528571428571428,0.27799451861880004
1994-03-09,14.23,14.49,0.3004441157150876
1994-03-10,14.19,14.405714285714286,0.28803108298077373
1994-03-11,14.47,14.358571428571429,0.23483530196459337
1994-03-14,14.52,14.327142857142857,0.1846360641685843
1994-03-15,14.82,14.362857142857143,0.25150972716442715
1994-03-16,15.03,14.49,0.3321144381100498
1994-03-17,14.83,14.584285714285715,0.3195756114438415
1994-03-18,14.88,14.677142857142856,0.2927862864358973
1994-03-21,15.37,14.845714285714285,0.3050058547465084
1994-03-22,15.04,14.927142857142856,0.2608776396286235
1994-03-23,14.94,14.987142857142857,0.19041308478722993
1994-03-24,15.21,15.042857142857143,0.19041308478719815
1994-03-25,15.19,15.065714285714284,0.19806203934525218
1994-03-28,14.15,14.968571428571428,0.39838961547125695
1994-03-29,14.41,14.901428571428571,0.4518269791066978
1994-03-30,14.4,14.762857142857143,0.4325010322048249
1994-03-31,14.78,14.725714285714288,0.41556616572616023
1994-04-04,15.67,14.83,0.5486042896913478
1994-04-05,15.67,14.895714285714286,0.6240688301485435
1994-04-06,15.77,14.978571428571428,0.7031459917508839
1994-04-07,15.59,15.184285714285712,0.6268401482272609
1994-04-08,15.57,15.35,0.5345714794745726
1994-04-11,15.86,15.558571428571428,0.3576976643040044
1994-04-12,15.74,15.695714285714285,0.1022834530253833
1994-04-13,15.96,15.737142857142858,0.1413876804794471
1994-04-14,16.2,15.812857142857142,0.21967508474564934
1994-04-15,16.58,15.928571428571429,0.36112918147821504
1994-04-18,16.64,16.07857142857143,0.41159966680634386
1994-04-19,16.43,16.201428571428572,0.35955660525393424
1994-04-20,16.65,16.314285714285713,0.3585088163899565
1994-04-21,17.56,16.574285714285715,0.503317565190477
1994-04-22,17.84,16.84285714285714,0.6109750209223911
1994-04-25,17.66,17.05142857142857,0.6041089463401557
1994-04-26,16.82,17.085714285714285,0.5791907326282861
1994-04-27,16.7,17.094285714285714,0.5718932634351355
1994-04-28,16.57,17.114285714285714,0.5466826362364957
1994-04-29,16.92,17.152857142857144,0.5171948145438501
1994-05-02,17.18,17.09857142857143,0.48636161346080947
1994-05-03,16.93,16.96857142857143,0.3604824809172132
1994-05-04,16.85,16.852857142857143,0.19232908306106586
1994-05-05,17.28,16.91857142857143,0.24936108834694526
1994-05-06,17.74,17.06714285714286,0.37539820128018536
1994-05-09,17.72,17.231428571428573,0.3732036339339513
1994-05-10,17.62,17.33142857142857,0.36961369795344357
1994-05-11,17.84,17.425714285714285,0.4068520264532128
1994-05-12,18.27,17.617142857142856,0.4479104927597527
1994-05-13,18.2,17.81,0.3402450097607647
1994-05-16,17.99,17.91142857142857,0.2496950521096376
1994-05-17,17.61,17.892857142857142,0.2686828542927431
1994-05-18,18.02,17.935714285714287,0.26031116910788776
1994-05-19,18.49,18.06,0.2904020201956576
1994-05-20,18.93,18.215714285714284,0.4172871570380843
1994-05-23,18.69,18.275714285714283,0.45489402219518715
1994-05-24,18.4,18.304285714285715,0.4556262043556939
1994-05-25,17.83,18.28142857142857,0.47750841428673113
1994-05-26,17.76,18.302857142857142,0.4445864852393528
1994-05-27,18.02,18.302857142857142,0.4445864852393528
1994-05-31,18.3,18.275714285714287,0.43699188180359644
1994-06-01,18.29,18.184285714285714,0.3315045069008847
1994-06-02,18.25,18.12142857142857,0.25175573952012426
1994-06-03,18.11,18.080000000000002,0.22015146301364186
1994-06-06,18.1,18.118571428571432,0.19073791542670585
1994-06-07,17.78,18.12142857142857,0.18451996923908076
1994-06-08,18.28,18.15857142857143,0.1868536478494627
1994-06-09,18.67,18.21142857142857,0.2681683905956132
1994-06-10,18.48,18.23857142857143,0.2864395556622195
1994-06-13,18.82,18.32,0.3614323357610236
1994-06-14,18.94,18.43857142857143,0.4134581224839262
1994-06-15,19.75,18.67428571428572,0.6112789091422809
1994-06-16,19.83,18.967142857142857,0.6024315807824394
1994-06-17,20.72,19.315714285714286,0.8090500013979741
1994-06-20,20.68,19.602857142857143,0.8939186071397012
1994-06-21,20.08,19.83142857142857,0.7522949016494039
1994-06-22,19.59,19.94142857142857,0.6253380038408568
1994-06-23,19.38,20.004285714285714,0.5213718168721914
1994-06-24,19.28,19.937142857142856,0.5858530613761945
1994-06-27,18.96,19.812857142857144,0.6945673542025141
1994-06-28,19.14,19.587142857142858,0.6010744348170095
1994-06-29,18.82,19.321428571428573,0.42183838024506076
1994-06-30,19.37,19.220000000000002,0.26539279065850396
1994-07-01,19.52,19.21,0.25000000000035344
1994-07-05,19.62,19.244285714285716,0.29039382126474816
1994-07-06,19.3,19.247142857142858,0.29090171798045494
1994-07-07,19.15,19.274285714285718,0.26757286502073463
1994-07-08,19.48,19.322857142857142,0.2699823627399287
1994-07-11,20.17,19.51571428571429,0.32705030922173417
1994-07-12,20.4,19.662857142857145,0.4566075735142586
1994-07-13,20.14,19.75142857142857,0.4836123989116084
1994-07-14,20.18,19.83142857142857,0.5041305575420851
1994-07-15,19.89,19.915714285714284,0.44649961339509003
1994-07-18,19.38,19.948571428571427,0.3849860850918379
1994-07-19,19.49,19.95,0.38297084310260615
1994-07-20,19.15,19.804285714285715,0.46956920479873737
1994-07-21,19.32,19.650000000000002,0.4155317877933941
1994-07-22,19.59,19.571428571428573,0.35503185638438156
1994-07-25,19.42,19.462857142857143,0.23321765840222397
1994-07-26,19.26,19.37285714285714,0.14625483305050813
1994-07-27,19.46,19.384285714285713,0.1499841261447087
1994-07-28,19.87,19.43857142857143,0.23772733480697988
1994-07-29,20.3,19.602857142857143,0.36718361826737844
1994-08-01,20.65,19.792857142857144,0.5119802823584998
1994-08-02,20.22,19.882857142857144,0.5255699853719511
1994-08-03,20.06,19.974285714285713,0.48579341092205586
1994-08-04,20.14,20.099999999999998,0.3702701716315064
1994-08-05,19.37,20.087142857142858,0.3968086980613835
1994-08-08,19.41,20.021428571428572,0.47008611166571523
1994-08-09,19.29,19.877142857142854,0.5224211036356339
1994-08-10,18.96,19.635714285714283,0.4955420312768748
1994-08-11,18.67,19.414285714285715,0.5356260244754568
1994-08-12,18.05,19.127142857142854,0.6568285998066803
1994-08-15,18.24,18.85571428571429,0.5528669865005025
1994-08-16,17.64,18.608571428571427,0.6607931741838007
1994-08-17,18.08,18.41857142857143,0.5779685277313426
1994-08-18,17.73,18.195714285714285,0.4780814833919645
1994-08-19,17.56,17.995714285714286,0.3897373963268482
1994-08-22,16.87,17.73857142857143,0.4584549622170006
1994-08-23,17.09,17.60142857142857,0.4921188396936425
1994-08-24,17.54,17.50142857142857,0.4039566219056647
1994-08-25,17.49,17.48,0.3993327768505289
1994-08-26,17.14,17.345714285714287,0.31256237472823034
1994-08-29,17.62,17.330000000000002,0.29211869733697093
1994-08-30,17.4,17.307142857142857,0.276990630751889
1994-08-31,17.6,17.41142857142857,0.21559441639674382
1994-09-01,17.47,17.465714285714284,0.1624661136844474
1994-09-02,17.52,17.462857142857143,0.1611122057996635
1994-09-06,17.62,17.481428571428573,0.1718942088847264
1994-09-07,17.84,17.58142857142857,0.14099983113968845
1994-09-08,17.62,17.58142857142857,0.14099983113968845
1994-09-09,17.53,17.6,0.12013880860820102
1994-09-12,17.39,17.57,0.1439907404446675
1994-09-13,17.0,17.502857142857145,0.2606859084370035
1994-09-14,16.72,17.388571428571428,0.3934644656316372
1994-09-15,16.72,17.259999999999998,0.4484417464961612
1994-09-16,16.84,17.11714285714286,0.3881028336979291
1994-09-19,17.21,17.05857142857143,0.32544475063342
1994-09-20,17.24,17.017142857142858,0.268992830495003
1994-09-21,17.06,16.97,0.21656407827841417
1994-09-22,17.65,17.062857142857144,0.3372790281913556
1994-09-23,17.76,17.21142857142857,0.38654144113512806
1994-09-26,17.68,17.34857142857143,0.35187254185968697
1994-09-27,17.48,17.44,0.27172289806681477
1994-09-28,17.69,17.50857142857143,0.2644761218864616
1994-09-29,17.96,17.611428571428572,0.28204187463581454
1994-09-30,18.36,17.79714285714286,0.28639799148080936
1994-10-03,18.16,17.87,0.30686587732604864
1994-10-04,17.97,17.900000000000002,0.3045762083076748
1994-10-05,18.01,17.947142857142858,0.29004104799875224
1994-10-06,18.24,18.055714285714284,0.21976177578374106
1994-10-07,18.27,18.138571428571428,0.16014874038839502
1994-10-10,17.95,18.137142857142855,0.1620405592977069
1994-10-11,17.74,18.048571428571428,0.1873880618253807
1994-10-12,17.13,17.90142857142857,0.3852457471727619
1994-10-13,17.03,17.767142857142854,0.5031472377521129
1994-10-14,16.98,17.619999999999997,0.5668627111865788
1994-10-17,17.11,17.458571428571428,0.5198213979000682
1994-10-18,17.34,17.325714285714287,0.3771320344774371
1994-10-19,17.43,17.25142857142857,0.26953222265278765
1994-10-20,17.57,17.22714285714286,0.22156370684526283
1994-10-21,17.31,17.252857142857145,0.21883892750378986
1994-10-24,17.5,17.32,0.2110292238858279
1994-10-25,17.71,17.424285714285713,0.19475259030132464
1994-10-26,18.01,17.552857142857142,0.2436332137817527
1994-10-27,18.17,17.67142857142857,0.3144534184603731
1994-10-28,18.25,17.78857142857143,0.3590927722024787
1994-10-31,18.16,17.872857142857143,0.36836188210902643
1994-11-01,18.66,18.065714285714286,0.37783846384705266
1994-11-02,18.9,18.26571428571429,0.3984493754070488
1994-11-03,18.97,18.445714285714285,0.39007935700602975
1994-11-04,18.76,18.552857142857142,0.35155437159960296
1994-11-07,18.38,18.58285714285714,0.321077056468984
1994-11-08,18.46,18.61285714285714,0.2934117860461336
1994-11-09,18.16,18.61285714285714,0.2934117860461336
1994-11-10,18.18,18.544285714285714,0.3338591091496868
1994-11-11,18.07,18.425714285714285,0.3338591091497174
1994-11-14,17.48,18.212857142857143,0.397857356587573
1994-11-15,17.58,18.044285714285714,0.3768225551843235
1994-11-16,17.38,17.90142857142857,0.41586971403078676
1994-11-17,17.63,17.782857142857143,0.34179498171310113
1994-11-18,17.47,17.684285714285714,0.3132015933798949
1994-11-21,17.43,17.577142857142857,0.23350333942857204
1994-11-22,17.7,17.524285714285714,0.11530497862509022
1994-11-23,18.05,17.605714285714285,0.22648452065366123
1994-11-28,18.1,17.68,0.2923468259912098
1994-11-29,17.97,17.764285714285712,0.2760348494224805
1994-11-30,18.06,17.825714285714287,0.2887246175204803
1994-12-01,17.77,17.86857142857143,0.24626737308879254
1994-12-02,17.0,17.807142857142857,0.38719996064598855
1994-12-05,16.88,17.69,0.5246586191678655
1994-12-06,16.93,17.53,0.5657443474460501
1994-12-07,16.86,17.352857142857143,0.5514742147411137
1994-12-08,17.14,17.23428571428571,0.481451179348203
1994-12-09,17.12,17.099999999999998,0.31511902513266166
1994-12-12,16.92,16.978571428571428,0.1126097348435347
1994-12-13,16.98,16.975714285714286,0.11222850839166214
1994-12-14,16.96,16.987142857142857,0.10467637201259988
1994-12-15,16.6,16.94,0.18110770276436272
1994-12-16,16.84,16.937142857142856,0.18273061098530105
1994-12-19,16.91,16.904285714285717,0.15935883438274961
1994-12-20,16.98,16.884285714285717,0.1346423834799619
1994-12-21,17.07,16.905714285714286,0.15208080559084888
1994-12-22,17.15,16.93,0.17738846261031938
1994-12-23,17.41,16.994285714285716,0.2547454378312075
1994-12-27,17.63,17.14142857142857,0.2847471727366299
1994-12-28,17.74,17.27,0.32613902965943403
1994-12-29,17.69,17.38142857142857,0.3157229044296035
1994-12-30,17.77,17.494285714285713,0.28832025844373993
1995-01-03,17.45,17.548571428571428,0.2236387392979366
1995-01-04,17.56,17.607142857142858,0.1398468550151118
1995-01-05,17.76,17.657142857142855,0.1185628224090902
1995-01-06,17.69,17.665714285714284,0.11844227044867298
1995-01-09,17.4,17.617142857142856,0.1487407460122581
1995-01-10,17.42,17.57857142857143,0.1611860799865561
1995-01-11,17.7,17.568571428571428,0.1490445762675298
1995-01-12,17.72,17.607142857142858,0.14817942791635277
1995-01-13,17.52,17.60142857142857,0.15104398602646002
1995-01-16,17.89,17.62,0.17916472867300773
1995-01-17,18.47,17.731428571428573,0.3704244669493888
1995-01-18,18.72,17.919999999999998,0.490204039151475
1995-01-19,18.7,18.102857142857143,0.5109048928364252
1995-01-20,18.46,18.21142857142857,0.491407114703606
1995-01-23,18.16,18.274285714285714,0.44391655157502796
1995-01-24,18.53,18.41857142857143,0.29807317733730015
1995-01-25,18.82,18.551428571428573,0.22033524241012994
1995-01-26,18.23,18.517142857142858,0.2515759849246223
1995-01-27,17.95,18.407142857142855,0.3097156914399821
1995-01-30,18.2,18.335714285714285,0.2877995334063634
1995-01-31,18.48,18.33857142857143,0.28933421110306723
1995-02-01,18.48,18.384285714285713,0.28159410167043436
1995-02-02,18.54,18.38571428571429,0.2824805092313072
1995-02-03,18.78,18.38,0.2724579478262192
1995-02-06,18.58,18.43,0.27245794782620325
1995-02-07,18.43,18.49857142857143,0.17420568029757172
1995-02-08,18.36,18.521428571428572,0.13446543191939384
1995-02-09,18.28,18.49285714285714,0.16296362433826864
1995-02-10,18.47,18.49142857142857,0.16313885409247988
1995-02-13,18.29,18.455714285714286,0.1774689778399758
1995-02-14,18.44,18.407142857142855,0.10609968358802266
1995-02-15,18.46,18.390000000000004,0.08000000000211668
1995-02-16,18.63,18.41857142857143,0.12157694017076574
1995-02-17,18.94,18.50142857142857,0.2269675873656963
1995-02-21,18.86,18.584285714285716,0.23824757031753607
1995-02-22,18.84,18.63714285714286,0.24944700744668094
1995-02-23,18.59,18.68,0.20091457554631004
1995-02-24,18.7,18.717142857142857,0.17094972806088385
1995-02-27,18.64,18.74285714285714,0.1357343343597542
1995-02-28,18.52,18.72714285714286,0.15585402205511137
1995-03-01,18.31,18.63714285714286,0.19050059367564148
1995-03-02,18.4,18.571428571428573,0.17985443849937963
1995-03-03,18.63,18.541428571428572,0.14088157809995142
1995-03-06,18.56,18.537142857142857,0.1396082955658102
1995-03-07,18.59,18.52142857142857,0.12348124978285718
1995-03-08,18.3,18.472857142857144,0.13536546651245907
1995-03-09,17.98,18.395714285714284,0.22692562238667213
1995-03-10,17.92,18.34,0.2904594062291958
1995-03-13,18.19,18.310000000000002,0.29405214957048414
1995-03-14,17.9,18.205714285714286,0.2910817263741337
1995-03-15,18.12,18.142857142857142,0.2458125495661181
1995-03-16,18.18,18.084285714285716,0.15273693537899524
1995-03-17,18.27,18.080000000000002,0.1459451951946229
1995-03-20,18.58,18.165714285714284,0.22962702678246114
1995-03-21,18.44,18.240000000000002,0.22083176100152788
1995-03-22,18.91,18.342857142857145,0.33290210201222986
1995-03-23,18.85,18.478571428571428,0.3154588494789992
1995-03-24,18.68,18.55857142857143,0.2781743201326588
1995-03-27,19.08,18.687142857142856,0.28199966227657436
1995-03-28,18.95,18.784285714285716,0.2258950451622326
1995-03-29,19.21,18.874285714285715,0.25461455462881927
1995-03-30,19.17,18.97857142857143,0.1878322453179849
1995-03-31,19.18,19.017142857142858,0.19880595947819588
1995-04-03,19.05,19.045714285714286,0.18464895909663212
1995-04-04,19.11,19.107142857142858,0.08994707438653578
1995-04-05,19.57,19.177142857142858,0.19482592963297127
1995-04-06,19.74,19.29,0.25942243542181964
1995-04-07,19.67,19.35571428571429,0.2919964122417968
1995-04-10,19.61,19.41857142857143,0.29271308884489233
1995-04-11,19.84,19.512857142857143,0.30890744491507227
1995-04-12,19.5,19.577142857142857,0.23435829305562722
1995-04-13,19.16,19.584285714285716,0.21793402234477832
1995-04-17,19.8,19.617142857142856,0.23228676857985975
1995-04-18,20.14,19.674285714285713,0.30527895128121507
1995-04-19,20.4,19.778571428571432,0.4102206142809667
1995-04-20,20.52,19.908571428571427,0.48522944989736216
1995-04-21,20.46,19.997142857142858,0.5255382728123021
1995-04-24,20.13,20.087142857142858,0.4780067742098655
1995-04-25,20.31,20.25142857142857,0.2490266767121556
1995-04-26,20.18,20.305714285714284,0.15956786882674576
1995-04-27,20.48,20.354285714285712,0.15229982959686392
1995-04-28,20.36,20.34857142857143,0.15104398602487454
1995-05-01,20.53,20.349999999999998,0.15297058540777234
1995-05-02,20.18,20.31,0.15599145275731402
1995-05-03,19.88,20.274285714285718,0.2196859229944324
1995-05-04,20.3,20.27285714285714,0.21944735782677827
1995-05-05,20.33,20.294285714285714,0.21616792414365843
1995-05-08,20.32,20.271428571428572,0.2011987882194217
1995-05-09,19.67,20.172857142857143,0.29685654704560516
1995-05-10,19.76,20.062857142857144,0.28488092750690375
1995-05-11,19.4,19.951428571428572,0.3709639951725211
1995-05-12,19.55,19.904285714285717,0.4012836545744831
1995-05-15,19.91,19.84857142857143,0.36237313050829
1995-05-16,20.01,19.802857142857142,0.3075556473072438
1995-05-17,19.94,19.74857142857143,0.2229670058874138
1995-05-18,19.99,19.794285714285714,0.23656268674921715
1995-05-19,20.06,19.837142857142858,0.2557156158520078
1995-05-22,19.86,19.90285714285714,0.16908718517545698
1995-05-23,19.81,19.94,0.08755950357752763
1995-05-24,19.34,19.858571428571427,0.244501436357834
1995-05-25,19.12,19.731428571428573,0.35779084073575845
1995-05-26,18.7,19.554285714285715,0.5113334575030785
1995-05-30,18.78,19.381428571428568,0.5430294212850091
1995-05-31,18.88,19.21285714285714,0.47633021759141697
1995-06-01,18.89,19.074285714285715,0.3899511568929372
1995-06-02,19.14,18.978571428571428,0.22777390627814423
1995-06-05,19.25,18.965714285714284,0.20541479522053124
1995-06-06,19.16,18.97142857142857,0.21090507907873152
1995-06-07,19.08,19.025714285714287,0.17529566859684648
1995-06-08,18.94,19.048571428571428,0.145879924531076
1995-06-09,18.83,19.041428571428572,0.15635734408034851
1995-06-12,18.87,19.038571428571426,0.15973191827098207
1995-06-13,18.93,19.00857142857143,0.15720777879778508
1995-06-14,19.05,18.979999999999997,0.11972189997484356
1995-06-15,18.9,18.942857142857143,0.09159954252471138
1995-06-16,18.8,18.90285714285714,0.08240434570302708
1995-06-19,18.23,18.801428571428573,0.2646021271920776
1995-06-20,18.01,18.684285714285718,0.3978214483436163
1995-06-21,17.59,18.50142857142857,0.5595363727062735
1995-06-22,17.76,18.334285714285716,0.5843759390115324
1995-06-23,17.81,18.157142857142855,0.5150959226437485
1995-06-26,17.67,17.981428571428573,0.4205721726189101
1995-06-27,17.95,17.86,0.2194690562861353
1995-06-28,17.98,17.824285714285715,0.1620552521900211
1995-06-29,17.59,17.764285714285712,0.15956786882822716
1995-06-30,17.38,17.734285714285715,0.2096709440108188
1995-07-03,17.33,17.672857142857143,0.2582449925767601
1995-07-05,17.21,17.587142857142858,0.3011485948680261
1995-07-06,17.42,17.55142857142857,0.30449020627074785
1995-07-07,17.14,17.435714285714287,0.28076426309113794
1995-07-10,17.35,17.345714285714287,0.14570027944079644
1995-07-11,17.31,17.305714285714288,0.09812528435186096
1995-07-12,17.49,17.321428571428573,0.11866318882244563
1995-07-13,17.25,17.31,0.12151817422603046
1995-07-14,17.32,17.325714285714287,0.11326328367626297
1995-07-17,17.28,17.305714285714284,0.10596495377781023
1995-07-18,17.33,17.332857142857144,0.0767494377245393
1995-07-19,17.33,17.33,0.07637626158624565
1995-07-20,17.03,17.29,0.13747727085073025
1995-07-21,17.07,17.23,0.1268857754067694
1995-07-24,17.17,17.21857142857143,0.12837816162234042
1995-07-25,17.45,17.237142857142857,0.15261217576278713
1995-07-26,17.47,17.264285714285712,0.17652734848310278
1995-07-27,17.51,17.29,0.19933221850443103
1995-07-28,17.43,17.304285714285715,0.20614373164323965
1995-07-31,17.62,17.388571428571428,0.19565518746380567
1995-08-01,17.59,17.462857142857143,0.14727686916486746
1995-08-02,17.95,17.574285714285715,0.18017187561440073
1995-08-03,17.72,17.61285714285714,0.1780181906181903
1995-08-04,17.74,17.65142857142857,0.171019352846714
1995-08-07,17.65,17.67142857142857,0.15952309879169427
1995-08-08,17.86,17.732857142857142,0.13136644494548572
1995-08-09,17.77,17.75428571428571,0.12177262183692772
1995-08-10,17.91,17.8,0.10923979738992497
1995-08-11,17.86,17.787142857142857,0.09268482179374053
1995-08-14,17.48,17.752857142857142,0.14896468101850405
1995-08-15,17.4,17.704285714285714,0.2004043531522799
1995-08-16,17.59,17.695714285714285,0.20435729681708342
1995-08-17,17.65,17.665714285714284,0.19121167527740549
1995-08-18,17.87,17.68,0.20363365799187239
1995-08-21,18.26,17.73,0.2929163703183455
1995-08-22,18.54,17.827142857142857,0.4258213352149734
1995-08-23,18.79,18.014285714285712,0.5243045280136825
1995-08-24,19.6,18.328571428571426,0.7182253260975707
1995-08-25,19.91,18.66,0.8447484832778741
1995-08-28,17.84,18.687142857142856,0.8091912482168468
1995-08-29,17.87,18.687142857142856,0.8091912482168468
1995-08-30,17.74,18.61285714285714,0.8760463131920726
1995-08-31,17.89,18.52,0.9184770002565668
1995-09-01,18.08,18.41857142857143,0.9228836794063544
1995-09-05,18.49,18.259999999999998,0.7685050422738692
1995-09-06,18.27,18.025714285714283,0.2698676924512969
1995-09-07,18.27,18.087142857142855,0.2694880508004229
1995-09-08,18.44,18.16857142857143,0.2788923670187757
1995-09-11,18.49,18.275714285714283,0.22582125253305083
1995-09-12,18.76,18.4,0.21740898478902745
1995-09-13,18.53,18.464285714285715,0.16791437727470337
1995-09-14,18.87,18.518571428571427,0.22821251582955
1995-09-15,18.94,18.614285714285717,0.24636403571851725
1995-09-18,18.92,18.707142857142856,0.21553919100107183
1995-09-19,19.01,18.78857142857143,0.20521765449034604
1995-09-20,18.53,18.794285714285714,0.19586195332972775
1995-09-21,17.89,18.669999999999998,0.3955165398988987
1995-09-22,17.27,18.490000000000002,0.664855874106294
1995-09-25,17.38,18.277142857142856,0.7552861331028855
1995-09-26,17.47,18.06714285714286,0.7445516388119533
1995-09-27,17.64,17.884285714285713,0.6515585709888574
1995-09-28,17.72,17.7,0.4221374183847223
1995-09-29,17.54,17.55857142857143,0.2105095858027391
1995-10-02,17.67,17.527142857142856,0.16408476323038965
1995-10-03,17.56,17.568571428571428,0.11866318882241857
1995-10-04,17.32,17.56,0.1355236756704208
1995-10-05,16.86,17.472857142857144,0.299706205348483
1995-10-06,17.03,17.385714285714286,0.33014426860970625
1995-10-09,17.36,17.334285714285716,0.295626856181659
1995-10-10,17.29,17.298571428571428,0.28139110217200375
1995-10-11,17.28,17.24285714285714,0.22939880018092235
1995-10-12,17.08,17.174285714285713,0.18653481738242256
1995-10-13,17.38,17.18285714285714,0.19550910343117744
1995-10-16,17.6,17.288571428571426,0.1918704920380178
1995-10-17,17.59,17.36857142857143,0.18261330468567402
1995-10-18,17.57,17.398571428571426,0.19760470401337774
1995-10-19,17.34,17.405714285714286,0.1938949150850318
1995-10-20,17.44,17.428571428571427,0.18586989817667154
1995-10-23,17.48,17.485714285714288,0.1045398078683045
1995-10-24,17.61,17.51857142857143,0.10188695883926228
1995-10-25,17.58,17.515714285714285,0.09947481136348019
1995-10-26,17.61,17.518571428571427,0.10221359522186876
1995-10-27,17.54,17.514285714285712,0.10030904626436739
1995-10-30,17.67,17.56142857142857,0.08029706749419678
1995-10-31,17.67,17.594285714285714,0.06852180744680615
1995-11-01,17.74,17.63142857142857,0.06669047194425366
1995-11-02,17.94,17.678571428571427,0.1328443414230863
1995-11-03,17.93,17.728571428571428,0.1537778236551635
1995-11-06,17.68,17.73857142857143,0.14690456896042717
1995-11-07,17.62,17.75,0.13114877048792004
1995-11-08,17.82,17.771428571428572,0.1281182489529597
1995-11-09,17.83,17.794285714285714,0.12108635250260441
1995-11-10,17.83,17.807142857142857,0.11912378516044836
1995-11-13,17.78,17.784285714285712,0.10373960074334106
1995-11-14,17.89,17.77857142857143,0.09511897312368213
1995-11-15,17.92,17.812857142857144,0.09690446940647603
1995-11-16,18.16,17.889999999999997,0.12780193008630422
1995-11-17,18.56,17.995714285714286,0.27802021166752877
1995-11-20,18.14,18.04,0.2718455443821107
1995-11-21,17.89,18.048571428571428,0.2649797835962003
1995-11-22,17.93,18.07,0.24494897427912854
1995-11-27,18.37,18.138571428571428,0.25320798904193825
1995-11-28,18.28,18.19,0.23748684174151838
1995-11-29,18.27,18.205714285714286,0.23880655650322394
1995-11-30,18.27,18.164285714285715,0.1865348173816551
1995-12-01,18.43,18.205714285714286,0.2108599173912882
1995-12-04,18.61,18.30857142857143,0.20675497345394736
1995-12-05,18.66,18.412857142857142,0.1635761072327894
1995-12-06,18.76,18.46857142857143,0.20715763494150533
1995-12-07,18.69,18.527142857142856,0.2028722328397756
1995-12-08,18.97,18.627142857142854,0.226179448353212
1995-12-11,18.62,18.677142857142858,0.16428778466666485
1995-12-12,18.8,18.729999999999997,0.1267543556129479
1995-12-13,19.01,18.78714285714286,0.1514061079480548
1995-12-14,19.14,18.85571428571429,0.18840179960760628
1995-12-15,19.51,18.962857142857143,0.30318939546745705
1995-12-18,19.71,19.108571428571427,0.3844228822286958
1995-12-19,19.05,19.12,0.3807886552932762
1995-12-20,18.87,19.155714285714286,0.33505507720665073
1995-12-21,18.83,19.16,0.3298989744351775
1995-12-22,19.12,19.17571428571429,0.3241325419669374
1995-12-26,19.25,19.19142857142857,0.32477831267033686
1995-12-27,19.49,19.18857142857143,0.32158091627819757
1995-12-28,19.47,19.154285714285713,0.2644401093416449
1995-12-29,19.54,19.224285714285713,0.2952883981724754
1996-01-02,19.83,19.361428571428572,0.3247783126702568
1996-01-03,19.9,19.514285714285712,0.2819489991029903
1996-01-04,19.96,19.634285714285713,0.26437707558550144
1996-01-05,20.26,19.77857142857143,0.29367944948102676
1996-01-08,20.5,19.92285714285714,0.3671836182669712
1996-01-09,19.86,19.978571428571428,0.31253952131010615
1996-01-10,19.66,19.995714285714286,0.28669711909091566
1996-01-11,18.87,19.858571428571427,0.5166052190800885
1996-01-12,18.28,19.627142857142854,0.7870348210363464
1996-01-15,18.42,19.407142857142862,0.8873314729328123
1996-01-16,18.12,19.101428571428574,0.9128057217800238
1996-01-17,18.58,18.827142857142857,0.6817309900960136
1996-01-18,19.12,18.72142857142857,0.5368559264034126
1996-01-19,18.94,18.618571428571432,0.3701544079360642
1996-01-22,18.49,18.564285714285713,0.35467624405289283
1996-01-23,18.58,18.607142857142858,0.3319997131384691
1996-01-24,18.95,18.68285714285714,0.3424769717669636
1996-01-25,18.06,18.674285714285713,0.35925186814002963
1996-01-26,17.68,18.545714285714286,0.5225532554315778
1996-01-29,17.33,18.289999999999996,0.6230034777861555
1996-01-30,17.65,18.10571428571428,0.5885251946707725
1996-01-31,17.76,18.00142857142857,0.5735686117469723
1996-02-01,17.63,17.865714285714287,0.5241137644592775
1996-02-02,17.83,17.705714285714286,0.22157445271448084
1996-02-05,17.53,17.63,0.1631972222001321
1996-02-06,17.74,17.638571428571428,0.1677725217314278
1996-02-07,17.71,17.692857142857143,0.0984402163293201
1996-02-08,17.79,17.712857142857143,0.10242302568737897
1996-02-09,17.83,17.722857142857144,0.11086242010237082
1996-02-12,18.01,17.777142857142856,0.14545495129972658
1996-02-13,18.96,17.93857142857143,0.47273772049770807
1996-02-14,18.86,18.128571428571426,0.5431828596780106
1996-02-15,19.02,18.31142857142857,0.6027555770912411
1996-02-16,19.16,18.518571428571427,0.6107216652299164
1996-02-20,21.07,18.987142857142857,1.055141606384624
1996-02-21,21.63,19.53,1.3078481053496323
1996-02-22,22.14,20.12,1.433399223291654
1996-02-23,20.97,20.407142857142855,1.3618334979688878
1996-02-26,19.45,20.49142857142857,1.2649298870084837
1996-02-27,19.65,20.58142857142857,1.1609253287990873
1996-02-28,19.3,20.601428571428574,1.1332317881677734
1996-02-29,19.59,20.389999999999997,1.1687457664806207
1996-03-01,19.45,20.07857142857143,1.0694925365396835
1996-03-04,19.24,19.664285714285715,0.5937411653477427
1996-03-05,19.65,19.475714285714282,0.1640992730896516
1996-03-06,20.16,19.577142857142857,0.3047247001099407
1996-03-07,19.87,19.608571428571427,0.3242133336465776
1996-03-08,19.66,19.66,0.2942787793911181
1996-03-11,19.92,19.707142857142856,0.30733880792548074
1996-03-12,20.42,19.845714285714287,0.3817441177391513
1996-03-13,20.49,20.024285714285714,0.3414116353637081
1996-03-14,21.18,20.24285714285714,0.5099906628461216
1996-03-15,21.99,20.504285714285714,0.8294346898711048
1996-03-18,23.23,20.98428571428571,1.2610955176993666
1996-03-19,24.56,21.684285714285714,1.6903733033745005
1996-03-20,22.74,22.087142857142855,1.528067562704501
1996-03-21,22.44,22.375714285714285,1.3399111555476433
1996-03-22,22.85,22.71285714285714,1.0524212446494483
1996-03-25,23.23,23.005714285714287,0.8127085812849344
1996-03-26,22.38,23.06142857142857,0.741741836746363
1996-03-27,21.64,22.83428571428571,0.9066395304056728
1996-03-28,21.45,22.390000000000004,0.6439979296026049
1996-03-29,21.43,22.202857142857145,0.7120794498202464
1996-04-01,22.29,22.181428571428572,0.7059846214426018
1996-04-02,22.68,22.157142857142862,0.6816576434371711
1996-04-03,22.22,22.01285714285714,0.4991898197977312
1996-04-04,22.75,22.065714285714282,0.5603825224146193
1996-04-08,23.01,22.261428571428574,0.622693840540247
1996-04-09,23.23,22.515714285714285,0.5991064775377091
1996-04-10,24.08,22.89428571428572,0.6348978170494821
1996-04-11,25.15,23.302857142857142,0.9977593946050565
1996-04-12,24.29,23.532857142857143,1.0156560160093155
1996-04-15,25.13,23.948571428571427,0.9837755260794696
1996-04-16,24.48,24.19571428571428,0.8391634156073651
1996-04-17,24.67,24.43285714285714,0.6646481346213624
1996-04-18,23.47,24.467142857142857,0.594774867370543
1996-04-19,23.96,24.449999999999996,0.6093439094620611
1996-04-22,23.94,24.27714285714286,0.5460071515304235
1996-04-23,24.39,24.291428571428572,0.5477051692101378
1996-04-24,24.0,24.13,0.40808495847302784
1996-04-25,24.35,24.111428571428572,0.39214914558055236
1996-04-26,22.33,23.777142857142856,0.7073357120367338
1996-04-29,22.07,23.577142857142857,0.9610708313417413
1996-04-30,20.95,23.147142857142853,1.3541875089967048
1996-05-01,20.81,22.699999999999996,1.5511823447505104
1996-05-02,20.78,22.184285714285714,1.4947447624129953
1996-05-03,21.19,21.782857142857146,1.289014019650849
1996-05-06,21.06,21.312857142857144,0.6265438076117097
1996-05-07,21.07,21.132857142857144,0.438357323261097
1996-05-08,21.13,20.99857142857143,0.15731375987862703
1996-05-09,20.65,20.955714285714286,0.20606286604201327
1996-05-10,21.01,20.98428571428571,0.19611706902113418
1996-05-13,21.23,21.048571428571428,0.19169668501864037
1996-05-14,21.35,21.071428571428573,0.21896944774814867
1996-05-15,21.28,21.102857142857143,0.23243022506401909
1996-05-16,20.79,21.062857142857144,0.26132446534909254
1996-05-17,20.64,20.992857142857144,0.30269425089245205
1996-05-20,22.28,21.225714285714286,0.5337557850690741
1996-05-21,21.95,21.360000000000003,0.5861171668981892
1996-05-22,23.02,21.615714285714287,0.8507027906940187
1996-05-23,22.35,21.75857142857143,0.8820322853389584
1996-05-24,21.58,21.801428571428573,0.8619634286791139
1996-05-28,21.1,21.845714285714283,0.8075860561540962
1996-05-29,20.65,21.84714285714286,0.8051027736815752
1996-05-30,19.95,21.514285714285712,1.0428623613695578
1996-05-31,19.77,21.20285714285714,1.2041001382180045
1996-06-03,19.86,20.75142857142857,0.9809761901870454
1996-06-04,20.28,20.455714285714286,0.6866065623253678
1996-06-05,19.73,20.19142857142857,0.5167665034107597
1996-06-06,20.06,20.042857142857144,0.32648196916565286
1996-06-07,20.28,19.990000000000002,0.22642143596949524
1996-06-10,20.18,20.02285714285714,0.23612950441856034
1996-06-11,20.13,20.074285714285715,0.20959143930124793
1996-06-12,20.13,20.11285714285714,0.18723552776364094
1996-06-13,20.03,20.077142857142857,0.1733699594997337
1996-06-14,20.28,20.155714285714286,0.09812528434784448
1996-06-17,21.43,20.351428571428567,0.48378468252657203
1996-06-18,21.53,20.529999999999998,0.6538348415308451
1996-06-19,20.73,20.608571428571427,0.6376108680435595
1996-06-20,20.68,20.687142857142856,0.6016841443177877
1996-06-21,20.38,20.722857142857144,0.5696699127770553
1996-06-24,20.1,20.732857142857142,0.5559290807798674
1996-06-25,20.13,20.711428571428574,0.578717794537111
1996-06-26,20.63,20.59714285714286,0.48448303326685793
1996-06-27,20.98,20.518571428571427,0.3269775003176131
1996-06-28,20.92,20.545714285714286,0.35420602022208214
1996-07-01,21.48,20.66,0.5026927491019024
1996-07-02,21.08,20.759999999999998,0.5073131840059603
1996-07-03,21.38,20.942857142857143,0.4580652895858349
1996-07-05,21.65,21.16,0.3578174581163068
1996-07-08,21.33,21.259999999999998,0.27270252412861745
1996-07-09,21.52,21.337142857142858,0.2561714455657382
1996-07-10,21.56,21.428571428571423,0.1874769827126085
1996-07-11,21.96,21.497142857142855,0.27620730654684245
1996-07-12,21.9,21.61428571428571,0.2415130874878689
1996-07-15,22.43,21.764285714285712,0.3658258758314949
1996-07-16,22.28,21.854285714285716,0.4080791239794737
1996-07-17,21.65,21.9,0.35388321990821126
1996-07-18,21.68,21.92285714285714,0.32958126391388354
1996-07-19,20.95,21.83571428571429,0.4853472002197947
1996-07-22,21.05,21.705714285714286,0.56228276228356
1996-07-23,21.58,21.66,0.5568363014980304
1996-07-24,20.97,21.451428571428572,0.4897424007036935
1996-07-25,21.05,21.275714285714287,0.34097199996678923
1996-07-26,20.13,21.05857142857143,0.5066369038872537
1996-07-29,20.28,20.858571428571427,0.49666986256518353
1996-07-30,20.28,20.762857142857143,0.5388789067963863
1996-07-31,20.46,20.678571428571427,0.5325857856225928
1996-08-01,20.95,20.58857142857143,0.38864845174946966
1996-08-02,21.35,20.642857142857142,0.4690314234570027
1996-08-05,21.25,20.67142857142857,0.5028395559691351
1996-08-06,21.08,20.807142857142857,0.4586107385609166
1996-08-07,21.35,20.96,0.43112256571212426
1996-08-08,21.45,21.127142857142854,0.34091613268266063
1996-08-09,21.6,21.29,0.2199242293748297
1996-08-12,22.25,21.475714285714282,0.3774412600144528
1996-08-13,22.35,21.618571428571425,0.49337033323218654
1996-08-14,22.1,21.740000000000002,0.49213819197387926
1996-08-15,21.95,21.864285714285717,0.39865846463840965
1996-08-16,22.6,22.04285714285714,0.40970372570477587
1996-08-19,23.1,22.27857142857143,0.4803272693835396
1996-08-20,22.53,22.41142857142857,0.37936036391985967
1996-08-21,22.15,22.397142857142857,0.388231644154539
1996-08-22,22.48,22.41571428571429,0.3887097092874831
1996-08-23,22.23,22.434285714285714,0.37393658744189157
1996-08-26,21.55,22.37714285714286,0.47671494926871727
1996-08-27,21.35,22.19857142857143,0.5980086000330359
1996-08-28,21.75,22.005714285714287,0.46079124495569046
1996-08-29,22.2,21.958571428571425,0.4125703403221605
1996-08-30,22.25,21.972857142857144,0.42192867824202585
1996-09-03,23.35,22.09714285714286,0.6581973940415031
1996-09-04,23.25,22.24285714285714,0.7918483500790929
1996-09-05,23.45,22.514285714285712,0.8390045121616819
1996-09-06,23.85,22.87142857142857,0.7915476100946818
1996-09-09,23.75,23.157142857142855,0.6710865390216367
1996-09-10,24.15,23.435714285714287,0.6094494002190667
1996-09-11,24.75,23.792857142857144,0.5255382728110045
1996-09-12,24.95,24.02142857142857,0.6369570517020057
1996-09-13,24.5,24.199999999999996,0.5545268253191808
1996-09-16,23.3,24.178571428571427,0.5900968443508753
1996-09-17,23.4,24.114285714285717,0.6530149856068908
1996-09-18,23.85,24.12857142857143,0.6447590912215798
1996-09-19,23.45,24.02857142857143,0.6933356227058507
1996-09-20,23.6,23.864285714285717,0.6269730760518469
1996-09-23,23.83,23.704285714285714,0.408609721813656
1996-09-24,24.55,23.711428571428574,0.42494817611054464
1996-09-25,24.6,23.897142857142857,0.49368391661312494
1996-09-26,24.05,23.990000000000002,0.44313278671894824
1996-09-27,24.6,24.09714285714286,0.491654156417301
1996-09-30,24.2,24.204285714285714,0.40036887752896094
1996-10-01,24.35,24.311428571428568,0.29930077243381503
1996-10-02,24.05,24.342857142857145,0.24736708792600332
1996-10-03,24.85,24.385714285714283,0.30783421635745045
1996-10-04,24.75,24.407142857142855,0.329682386834617
1996-10-07,25.25,24.57857142857143,0.41418307431141765
1996-10-08,25.45,24.7,0.5299371031846442
1996-10-09,25.0,24.814285714285717,0.4888032031676279
1996-10-10,24.3,24.807142857142857,0.4970148986923566
1996-10-11,24.65,24.892857142857142,0.38343683902586473
1996-10-14,25.5,24.985714285714288,0.44507891220944934
1996-10-15,25.45,25.085714285714285,0.46162239773814673
1996-10-16,25.1,25.064285714285717,0.45617456975759
1996-10-17,25.4,25.057142857142853,0.4494705880500923
1996-10-18,25.8,25.17142857142857,0.5274602219244
1996-10-21,25.85,25.392857142857142,0.4137517083815614
1996-10-22,25.79,25.555714285714284,0.2730602584779396
1996-10-23,24.78,25.452857142857145,0.4024804047262939
1996-10-24,24.55,25.324285714285715,0.5277896406335664
1996-10-25,24.8,25.28142857142857,0.5602210448080621
1996-10-28,24.75,25.188571428571432,0.5903509851880766
1996-10-29,24.15,24.952857142857145,0.6333696731415734
1996-10-30,24.4,24.745714285714286,0.5175859716932275
1996-10-31,23.25,24.382857142857144,0.5526214583138924
1996-11-01,23.0,24.128571428571426,0.7227592630880135
1996-11-04,22.8,23.87857142857143,0.8450133839450541
1996-11-05,22.65,23.571428571428573,0.8450133839451104
1996-11-06,22.75,23.285714285714285,0.7069384023808167
1996-11-07,22.8,23.092857142857145,0.6092540325589757
1996-11-08,23.6,22.97857142857143,0.33770937068217827
1996-11-11,23.35,22.992857142857144,0.3528793129707931
1996-11-12,23.4,23.050000000000004,0.3851406669416313
1996-11-13,24.25,23.25714285714286,0.572588109251309
1996-11-14,24.35,23.5,0.6298147875887296
1996-11-15,24.15,23.699999999999996,0.571547606648277
1996-11-18,23.85,23.85,0.4112987559734732
1996-11-19,24.5,23.97857142857143,0.45812765947885253
1996-11-20,23.75,24.035714285714285,0.38591264740504755
1996-11-21,23.9,24.107142857142858,0.2805182279087298
1996-11-22,24.15,24.092857142857145,0.2745125550056416
1996-11-25,25.75,24.29285714285714,0.6894614875797351
1996-11-26,23.7,24.228571428571428,0.7250615737389652
1996-11-27,23.7,24.207142857142856,0.7401737247806688
1996-11-29,23.7,24.092857142857138,0.7491264754292558
1996-12-02,24.7,24.228571428571428,0.7625926953794918
1996-12-03,24.8,24.357142857142854,0.7737509135303
1996-12-04,25.0,24.478571428571428,0.802006412513481
1996-12-05,25.6,24.45714285714286,0.763450812335417
1996-12-06,25.6,24.728571428571428,0.786795792468411
1996-12-09,25.15,24.935714285714287,0.649816824005205
1996-12-10,24.25,25.014285714285716,0.4888032031675446
1996-12-11,23.4,24.828571428571426,0.7852054629496422
1996-12-12,23.75,24.678571428571427,0.8854646345540919
1996-12-13,24.45,24.6,0.8765462528194115
1996-12-16,25.7,24.61428571428571,0.8961558112815262
1996-12-17,25.7,24.628571428571426,0.9150852159112609
1996-12-18,26.05,24.757142857142856,1.0533393610428565
1996-12-19,26.55,25.085714285714285,1.215083771361804
1996-12-20,26.1,25.47142857142857,1.0003570791034604
1996-12-23,26.4,25.85,0.6952217871523627
1996-12-24,25.05,25.935714285714283,0.5047394424451752
1996-12-26,25.1,25.85,0.5944184833358767
1996-12-27,25.2,25.77857142857143,0.6434653207793206
1996-12-30,25.35,25.678571428571427,0.6486249191268669
1996-12-31,25.9,25.585714285714285,0.5406125273798096
1997-01-02,25.55,25.50714285714286,0.49111147022705937
1997-01-03,25.55,25.385714285714283,0.3023715784043227
1997-01-06,26.25,25.557142857142857,0.4035556254783653
1997-01-07,26.25,25.721428571428568,0.4201757002084429
1997-01-08,26.55,25.914285714285715,0.44973537192428537
1997-01-09,26.3,26.050000000000004,0.3905124837926755
1997-01-10,26.15,26.085714285714285,0.3859126474041552
1997-01-13,25.2,26.035714285714285,0.4784648068839556
1997-01-14,25.1,25.97142857142857,0.5750776345087992
1997-01-15,25.95,25.928571428571427,0.561884583978107
1997-01-16,25.45,25.814285714285717,0.5669467095120797
1997-01-17,25.4,25.65,0.4778423728923497
1997-01-20,25.1,25.47857142857143,0.41719014734978405
1997-01-21,24.8,25.285714285714285,0.36367829844532423
1997-01-22,24.4,25.17142857142857,0.4965356170969418
1997-01-23,23.85,24.99285714285714,0.7067699834614464
1997-01-24,23.85,24.692857142857147,0.6778818551356859
1997-01-27,23.85,24.464285714285715,0.649175300998923
1997-01-28,23.9,24.25,0.5244044240836923
1997-01-29,24.5,24.16428571428571,0.395510519995551
1997-01-30,24.8,24.164285714285715,0.395510519995551
1997-01-31,24.15,24.12857142857143,0.3817254061663681
1997-02-03,24.2,24.178571428571427,0.36154430670785087
1997-02-04,24.0,24.199999999999996,0.3427827300179622
1997-02-05,23.9,24.207142857142856,0.33469958100119346
1997-02-06,23.05,24.08571428571429,0.5497835071739716
1997-02-07,22.3,23.771428571428572,0.8305907249540356
1997-02-10,22.45,23.435714285714287,0.8204238161426531
1997-02-11,22.35,23.178571428571427,0.8410594226211829
1997-02-12,21.75,22.82857142857143,0.8548182764268278
1997-02-13,22.1,22.557142857142857,0.7102983947067253
1997-02-14,22.4,22.342857142857145,0.39309516598786326
1997-02-18,22.5,22.264285714285712,0.26095064302369764
1997-02-19,22.65,22.314285714285717,0.29960291180349174
1997-02-20,21.95,22.24285714285714,0.32071349029374024
1997-02-21,21.6,22.135714285714283,0.395510519996443
1997-02-24,21.0,22.02857142857143,0.577247161719836
1997-02-25,20.95,21.864285714285717,0.7033931367032809
1997-02-26,21.1,21.678571428571427,0.7099631110466627
1997-02-27,20.8,21.435714285714287,0.6718843437884885
1997-02-28,20.3,21.1,0.5377421934963754
1997-03-03,20.25,20.857142857142858,0.46942213716105113
1997-03-04,20.75,20.735714285714288,0.336296354566895
1997-03-05,20.5,20.664285714285715,0.32366943748471555
1997-03-06,21.0,20.671428571428574,0.3314829594122716
1997-03-07,21.35,20.707142857142856,0.3930951659885471
1997-03-10,20.5,20.664285714285715,0.3976119189549096
1997-03-11,20.15,20.642857142857142,0.4237025012005287
1997-03-12,20.6,20.692857142857143,0.38883219541369624
1997-03-13,20.65,20.678571428571427,0.38821937833401476
1997-03-14,21.3,20.792857142857144,0.4410485342040458
1997-03-17,20.9,20.77857142857143,0.4347960660440147
1997-03-18,22.0,20.87142857142857,0.6109126661921397
1997-03-19,22.0,21.085714285714285,0.7133922984082511
1997-03-20,22.0,21.349999999999998,0.6487166818672739
1997-03-21,21.7,21.50714285714286,0.564526771898358
1997-03-24,21.0,21.557142857142857,0.4859943170346389
1997-03-25,20.95,21.507142857142856,0.5326260190696476
1997-03-26,20.65,21.471428571428568,0.5858449331638889
1997-03-27,20.7,21.285714285714285,0.596318067892304
1997-03-31,20.35,21.05,0.5930148958216067
1997-04-01,20.3,20.807142857142857,0.4755948656053763
1997-04-02,19.55,20.5,0.49665548085819333
1997-04-03,19.45,20.27857142857143,0.5758017185173256
1997-04-04,19.15,20.021428571428572,0.6257376599243387
1997-04-07,19.25,19.821428571428573,0.6149912891369418
1997-04-08,19.35,19.62857142857143,0.4931676040803769
1997-04-09,19.25,19.47142857142857,0.38929117514755246
1997-04-10,19.55,19.36428571428571,0.15735915849445112
1997-04-11,19.5,19.357142857142858,0.1484042099267697
1997-04-14,19.9,19.421428571428574,0.2547173970915829
1997-04-15,19.6,19.485714285714288,0.2304240397514471
1997-04-16,19.35,19.5,0.2160246899472381
1997-04-17,19.5,19.521428571428572,0.20586634591666356
1997-04-18,19.9,19.614285714285717,0.2095914393019634
1997-04-21,20.35,19.728571428571428,0.3438230441874811
1997-04-22,19.6,19.74285714285714,0.3346995810034213
1997-04-23,19.65,19.70714285714286,0.32841611235932194
1997-04-24,19.85,19.74285714285714,0.32841611235930485
1997-04-25,19.8,19.807142857142857,0.2790289283518454
1997-04-28,19.85,19.857142857142858,0.2439750182371749
1997-04-29,20.4,19.928571428571427,0.31997023671108776
1997-04-30,20.2,19.907142857142855,0.2907297878164763
1997-05-01,19.9,19.95,0.25819888974714245
1997-05-02,19.6,19.942857142857143,0.26837252006083234
1997-05-05,19.6,19.907142857142855,0.2978094628961272
1997-05-06,19.7,19.892857142857142,0.3060890004402061
1997-05-07,19.6,19.857142857142858,0.32586880211289937
1997-05-08,20.35,19.849999999999998,0.312249899919956
1997-05-09,20.45,19.885714285714283,0.36823258695456135
1997-05-12,21.4,20.1,0.6812977811989446
1997-05-13,21.1,20.314285714285713,0.7318437251866721
1997-05-14,21.35,20.564285714285717,0.745941399460008
1997-05-15,21.3,20.792857142857144,0.6791100619120459
1997-05-16,22.1,21.150000000000002,0.5999999999996567
1997-05-19,21.5,21.314285714285713,0.4922010816337544
1997-05-20,21.2,21.421428571428574,0.32641632778878527
1997-05-21,21.6,21.45,0.3329164059231994
1997-05-22,21.6,21.521428571428572,0.29700889837469313
1997-05-23,21.25,21.507142857142856,0.3087995188736715
1997-05-27,20.75,21.428571428571427,0.420175700210179
1997-05-28,20.7,21.228571428571428,0.3784366336836988
1997-05-29,21.15,21.178571428571427,0.3592319850002234
1997-05-30,21.0,21.150000000000002,0.3651483716695514
1997-06-02,21.15,21.085714285714285,0.3078342163592576
1997-06-03,20.35,20.907142857142855,0.3220100560388625
1997-06-04,20.3,20.771428571428572,0.3522039452467018
1997-06-05,19.8,20.635714285714283,0.5096684262946596
1997-06-06,19.0,20.392857142857142,0.7976154939507699
1997-06-09,18.85,20.064285714285713,0.9007933011676649
1997-06-10,18.85,19.75714285714286,0.8950924400253584
1997-06-11,18.75,19.414285714285715,0.7139761233837569
1997-06-12,19.0,19.22142857142857,0.5908025211928928
1997-06-13,18.95,19.028571428571432,0.3522039452475592
1997-06-16,19.1,18.928571428571427,0.11852265204584432
1997-06-17,19.3,18.97142857142857,0.1845199692390115
1997-06-18,18.9,18.978571428571428,0.1799470821694443
1997-06-19,18.75,18.964285714285715,0.19518001459060155
1997-06-20,18.6,18.942857142857147,0.22808728488051666
1997-06-23,18.9,18.928571428571427,0.22704100741491698
1997-06-24,18.71,18.89428571428571,0.24096038006750775
1997-06-25,19.12,18.897142857142857,0.2439066956662901
1997-06-26,18.84,18.83142857142857,0.16717541400580782
1997-06-27,19.42,18.905714285714286,0.2801105224054855
1997-06-30,19.82,19.05857142857143,0.4318344038879606
1997-07-01,20.11,19.274285714285718,0.530467000006111
1997-07-02,20.39,19.487142857142857,0.6423839528329734
1997-07-03,19.48,19.59714285714286,0.5457934372916297
1997-07-07,19.53,19.655714285714286,0.506651002264235
1997-07-08,19.67,19.774285714285714,0.35976182597469347
1997-07-09,19.4,19.771428571428572,0.36310827455139943
1997-07-10,19.22,19.685714285714287,0.4166076148632065
1997-07-11,19.39,19.582857142857144,0.38182519061818937
1997-07-14,18.92,19.372857142857146,0.2428795507873975
1997-07-15,19.81,19.419999999999998,0.29382534494751933
1997-07-16,19.57,19.425714285714285,0.29669609270896186
1997-07-17,19.92,19.46142857142857,0.34251173076913344
1997-07-18,19.22,19.435714285714287,0.354441210116377
1997-07-21,19.25,19.44,0.35156791662520737
1997-07-22,19.25,19.419999999999998,0.35879427717499734
1997-07-23,19.68,19.52857142857143,0.2908280460703744
1997-07-24,19.71,19.514285714285712,0.27681866163381347
1997-07-25,19.71,19.534285714285716,0.2864063047991945
1997-07-28,19.67,19.49857142857143,0.24251656791744197
1997-07-29,20.08,19.62142857142857,0.2908853480572962
1997-07-30,20.43,19.79,0.3707200201410852
1997-07-31,20.19,19.924285714285713,0.3073465548235958
1997-08-01,20.27,20.00857142857143,0.310076795403364
1997-08-04,20.81,20.165714285714284,0.3994102795729215
1997-08-05,20.79,20.32,0.40261644278381914
1997-08-06,20.46,20.43285714285714,0.2830026080981155
1997-08-07,20.09,20.434285714285714,0.28094229198970777
1997-08-08,19.58,20.312857142857144,0.428202221919787
1997-08-11,19.73,20.247142857142855,0.48210352573252463
1997-08-12,19.91,20.195714285714285,0.4981919691195118
1997-08-13,20.19,20.107142857142858,0.41971078477579155
1997-08-14,20.02,19.997142857142858,0.29255850045842124
1997-08-15,20.08,19.942857142857143,0.21815241504621827
1997-08-18,19.94,19.92142857142857,0.2084409245989072
1997-08-19,20.04,19.987142857142857,0.1460267424953931
1997-08-20,20.07,20.035714285714285,0.09324826054800403
1997-08-21,19.83,20.024285714285718,0.113850361272589
1997-08-22,19.7,19.954285714285714,0.14210995072568136
1997-08-25,19.29,19.849999999999998,0.28343135559317584
1997-08-26,19.31,19.740000000000002,0.3255764119221298
1997-08-27,19.65,19.698571428571427,0.3141352453658365
1997-08-28,19.59,19.634285714285713,0.27639688510430255
1997-08-29,19.66,19.575714285714287,0.20214327780573485
1997-09-02,19.73,19.56142857142857,0.18388661102546905
1997-09-03,19.65,19.554285714285715,0.17849903294430908
1997-09-04,19.46,19.57857142857143,0.14496304947960584
1997-09-05,19.61,19.62142857142857,0.08375133261275894
1997-09-08,19.43,19.59,0.10878112581450192
1997-09-09,19.5,19.577142857142857,0.11397577019093741
1997-09-10,19.5,19.554285714285715,0.11058287131703412
1997-09-11,19.41,19.50857142857143,0.09007933011766966
1997-09-12,19.37,19.46857142857143,0.07819389819199796
1997-09-15,19.3,19.445714285714285,0.10113640011762999
1997-09-16,19.67,19.454285714285714,0.11844227044746661
1997-09-17,19.44,19.455714285714286,0.11816050423929181
1997-09-18,19.41,19.442857142857143,0.11743285822400466
1997-09-19,19.37,19.424285714285713,0.11716898663366605
1997-09-22,19.61,19.452857142857145,0.13597969036093613
1997-09-23,19.71,19.50142857142857,0.16004463663131807
1997-09-24,20.03,19.60571428571429,0.22962702678192012
1997-09-25,20.38,19.70714285714286,0.3741084640278071
1997-09-26,20.87,19.91142857142857,0.5520395085930535
1997-09-29,21.29,20.18,0.7038702531953552
1997-09-30,21.13,20.43142857142857,0.6802555542202542
1997-10-01,21.02,20.632857142857144,0.6005751211882681
1997-10-02,21.82,20.934285714285714,0.5896003489045011
1997-10-03,22.86,21.33857142857143,0.7991960245858972
1997-10-06,21.97,21.565714285714286,0.701304906177134
1997-10-07,21.88,21.71,0.6350852961081984
1997-10-08,22.19,21.83857142857143,0.6269350995494558
1997-10-09,22.01,21.964285714285715,0.5439012515411242
1997-10-10,22.01,22.10571428571429,0.35246073742753226
1997-10-13,21.34,22.03714285714286,0.45039665058318457
1997-10-14,20.75,21.735714285714288,0.5100280104347867
1997-10-15,20.65,21.547142857142855,0.6371476617368168
1997-10-16,20.98,21.41857142857143,0.6494723132773811
1997-10-17,21.41,21.307142857142857,0.5551190348535717
1997-10-20,20.69,21.118571428571425,0.4978094873683667
1997-10-21,20.68,20.928571428571427,0.32452162595736056
1997-10-22,21.44,20.942857142857143,0.3470693631781155
1997-10-23,21.18,21.004285714285714,0.34529490501348903
1997-10-24,20.99,21.052857142857142,0.30917709519006364
1997-10-27,21.03,21.060000000000002,0.30778780569252717
1997-10-28,20.4,20.915714285714284,0.35018362530006725
1997-10-29,20.82,20.934285714285714,0.33950243704814015
1997-10-30,21.26,21.017142857142858,0.3378714886711251
1997-10-31,21.1,20.96857142857143,0.28765885880210823
1997-11-03,20.91,20.93,0.2722743714216524
1997-11-04,20.64,20.88,0.2909180869816615
1997-11-05,20.44,20.795714285714286,0.3238238792332395
1997-11-06,20.46,20.804285714285715,0.31218889275831235
1997-11-07,20.8,20.801428571428573,0.31211261703757315
1997-11-10,20.46,20.687142857142856,0.2579867106207828
1997-11-11,20.54,20.607142857142858,0.18517687812004807
1997-11-12,20.53,20.552857142857142,0.12867456180989725
1997-11-13,20.76,20.57,0.14866068747258462
1997-11-14,21.01,20.65142857142857,0.2093186224732156
1997-11-17,20.29,20.627142857142854,0.24246747449973938
1997-11-18,20.01,20.514285714285712,0.32004463974328307
1997-11-19,19.82,20.422857142857143,0.4153598554550874
1997-11-20,19.17,20.22714285714286,0.6222195294725632
1997-11-21,19.76,20.117142857142856,0.6277928077986834
1997-11-24,19.41,19.924285714285713,0.6043138572755359
1997-11-25,19.35,19.687142857142856,0.3976059307788802
1997-11-26,19.13,19.521428571428572,0.34236571924536513
1997-12-01,18.76,19.342857142857145,0.36994208040895105
1997-12-02,18.67,19.178571428571427,0.3779959687366493
1997-12-03,18.81,19.12714285714286,0.40301837368044324
1997-12-04,18.49,18.945714285714285,0.3534523609043243
1997-12-05,18.72,18.84714285714286,0.2935253700405448
1997-12-08,18.86,18.777142857142856,0.1957646789493044
1997-12-09,18.79,18.728571428571428,0.12185080651332186
1997-12-10,18.15,18.64142857142857,0.24822225064372727
1997-12-11,18.18,18.571428571428573,0.3020722083343477
1997-12-12,18.21,18.485714285714284,0.3081588953158717
1997-12-15,18.18,18.44142857142857,0.3290100591897224
1997-12-16,18.19,18.365714285714287,0.3148998329029897
1997-12-17,18.22,18.274285714285714,0.2285357114960854
1997-12-18,18.51,18.234285714285715,0.12367391841329996
1997-12-19,18.46,18.27857142857143,0.14252819270142816
1997-12-22,18.29,18.294285714285714,0.13575187449540788
1997-12-23,18.39,18.32,0.13416407865162266
1997-12-24,18.36,18.345714285714287,0.11928357568837128
1997-12-26,18.19,18.345714285714287,0.11928357568837128
1997-12-29,17.64,18.262857142857143,0.29426259733600074
1997-12-30,17.6,18.132857142857144,0.3604494548813964
1997-12-31,17.65,18.017142857142858,0.3678638464490988
1998-01-02,17.41,17.891428571428573,0.4073257734477833
1998-01-05,16.95,17.685714285714287,0.4720472131356932
1998-01-06,16.64,17.44,0.5087894128884104
1998-01-07,16.91,17.25714285714286,0.4158410868643491
1998-01-08,17.01,17.167142857142856,0.38629497734832874
1998-01-09,16.65,17.03142857142857,0.3756074445238315
1998-01-12,16.53,16.87142857142857,0.2989107208656645
1998-01-13,16.44,16.732857142857142,0.22276402206069518
1998-01-14,16.54,16.674285714285716,0.20967094401172723
1998-01-15,16.35,16.632857142857144,0.24349635765520453
1998-01-16,16.48,16.571428571428573,0.2144316963087406
1998-01-20,16.43,16.48857142857143,0.09616454153445815
1998-01-21,16.05,16.402857142857144,0.16849473639082213
1998-01-22,15.93,16.31714285714286,0.23321765840397995
1998-01-23,15.65,16.204285714285714,0.33345949993399177
1998-01-26,16.96,16.264285714285712,0.42824670237634294
1998-01-27,17.06,16.365714285714287,0.5250668891638325
1998-01-28,17.35,16.490000000000002,0.6457295615562143
1998-01-29,17.93,16.704285714285714,0.8416621876359277
1998-01-30,17.21,16.87,0.8047566920095462
1998-02-02,17.07,17.032857142857143,0.6899930986547971
1998-02-03,16.43,17.144285714285715,0.45106751685601193
1998-02-04,16.42,17.06714285714286,0.5275324408898847
1998-02-05,16.63,17.005714285714287,0.5529272749913419
1998-02-06,16.72,16.915714285714284,0.5386358430603874
1998-02-09,16.59,16.724285714285717,0.30593338833166117
1998-02-10,16.48,16.62,0.2270095445883579
1998-02-11,16.17,16.49142857142857,0.17957622072126747
1998-02-12,15.97,16.425714285714285,0.2681328739564952
1998-02-13,16.03,16.37,0.30719157974725264
1998-02-17,15.64,16.228571428571428,0.3854619986223477
1998-02-18,16.24,16.16,0.3207283377995572
1998-02-19,16.12,16.092857142857145,0.258953939645954
1998-02-20,16.13,16.042857142857144,0.19847034083587078
1998-02-23,15.23,15.908571428571426,0.3546561043913068
1998-02-24,15.14,15.790000000000001,0.45519226707084526
1998-02-25,15.28,15.682857142857141,0.477029498939286
1998-02-26,15.41,15.65,0.4882622246305072
1998-02-27,15.44,15.535714285714286,0.4153254604480681
1998-03-02,15.32,15.421428571428569,0.32880736870617233
1998-03-03,15.28,15.299999999999999,0.10279429297334264
1998-03-04,15.33,15.314285714285715,0.09829498849444879
1998-03-05,15.34,15.342857142857143,0.06129553701824133
1998-03-06,14.9,15.28857142857143,0.1798544385019309
1998-03-09,14.58,15.17,0.31171568242217684
1998-03-10,14.54,15.04142857142857,0.3631541716437291
1998-03-11,14.3,14.895714285714288,0.4310397175395403
1998-03-12,14.4,14.77,0.4286023798363254
1998-03-13,14.19,14.607142857142858,0.3956730251843658
1998-03-16,13.41,14.331428571428571,0.4660625341258014
1998-03-17,13.67,14.155714285714284,0.44746907315488976
1998-03-18,14.36,14.124285714285714,0.4195575901233397
1998-03-19,14.43,14.108571428571429,0.40313060627521563
1998-03-20,14.31,14.110000000000001,0.403938939281921
1998-03-23,16.14,14.358571428571429,0.8740028331661309
1998-03-24,15.52,14.54857142857143,0.9704883405013371
1998-03-25,16.69,15.017142857142858,1.1108212320284052
1998-03-26,16.92,15.481428571428571,1.1328934720655726
1998-03-27,16.84,15.835714285714287,1.1113183933642257
1998-03-30,16.32,16.10571428571429,0.9272154935232534
1998-03-31,15.75,16.31142857142857,0.5422308417226274
1998-04-01,15.69,16.247142857142858,0.5904719661915407
1998-04-02,16.04,16.321428571428573,0.5111238783783827
1998-04-03,16.08,16.234285714285715,0.48934844922904347
1998-04-06,15.48,16.02857142857143,0.454475102781925
1998-04-07,15.39,15.821428571428571,0.33869497444657537
1998-04-08,15.71,15.734285714285715,0.2578667060640888
1998-04-09,15.61,15.714285714285712,0.261843282829664
1998-04-13,15.35,15.665714285714285,0.29635885583139876
1998-04-14,15.18,15.542857142857143,0.2935821455600378
1998-04-15,15.64,15.48,0.18726095873898496
1998-04-16,15.97,15.549999999999999,0.26337552404850406
1998-04-17,15.49,15.564285714285715,0.255855241812745
1998-04-20,15.52,15.537142857142857,0.2477710156407268
1998-04-21,15.57,15.531428571428572,0.24626737309026903
1998-04-22,15.07,15.491428571428571,0.2979613269908131
1998-04-23,13.09,15.192857142857145,0.9642391523156483
1998-04-24,13.23,14.848571428571429,1.1833346747147677
1998-04-27,15.43,14.771428571428572,1.1135892206654687
1998-04-28,15.9,14.83,1.1671760792619756
1998-04-29,15.43,14.817142857142857,1.1587739826465315
1998-04-30,15.56,14.815714285714288,1.157696810379672
1998-05-01,16.25,14.984285714285715,1.2803106021964175
1998-05-04,15.98,15.397142857142857,1.0037548552933677
1998-05-05,15.48,15.718571428571428,0.32462432500055177
1998-05-06,15.45,15.721428571428572,0.3217363605739898
1998-05-07,15.26,15.63,0.3520416642025045
1998-05-08,15.21,15.598571428571429,0.3814633478008466
1998-05-11,15.26,15.555714285714286,0.402776081004976
1998-05-12,15.21,15.407142857142857,0.2757845950344913
1998-05-13,15.01,15.268571428571429,0.15889499378159053
1998-05-14,15.15,15.221428571428573,0.13246742636914302
1998-05-15,14.51,15.087142857142856,0.26862081613014394
1998-05-18,14.15,14.928571428571429,0.4292019171853852
1998-05-19,13.01,14.614285714285716,0.8180842895223656
1998-05-20,13.36,14.342857142857143,0.8809221359037878
1998-05-21,14.21,14.2,0.7936203962442328
1998-05-22,14.81,14.171428571428573,0.7625926953814509
1998-05-26,14.9,14.135714285714286,0.7133922984095834
1998-05-27,14.98,14.202857142857143,0.7740308840901176
1998-05-28,14.88,14.307142857142859,0.8138737470836424
1998-05-29,15.21,14.62142857142857,0.6344926732298516
1998-06-01,14.99,14.854285714285714,0.31106575633337635
1998-06-02,14.81,14.940000000000001,0.13904435743554028
1998-06-03,14.94,14.95857142857143,0.12694205652820487
1998-06-04,15.24,15.007142857142856,0.16121562018547717
1998-06-05,15.13,15.028571428571428,0.1668760589447313
1998-06-08,14.49,14.972857142857142,0.2624699529313728
1998-06-09,13.76,14.765714285714285,0.5046073438129355
1998-06-10,13.54,14.558571428571428,0.6682671265163214
1998-06-11,12.67,14.252857142857142,0.9599255923552886
1998-06-12,12.66,13.927142857142856,1.0685771581213672
1998-06-15,11.69,13.42,1.1784170173026165
1998-06-16,12.38,13.027142857142858,0.9494860765306892
1998-06-17,12.55,12.75,0.7022819946445344
1998-06-18,11.8,12.47,0.6181693403391283
1998-06-19,11.8,12.221428571428572,0.4405083643356435
1998-06-22,13.54,12.345714285714285,0.6574662765221624
1998-06-23,14.65,12.629999999999999,1.0983927652113354
1998-06-24,14.54,13.037142857142857,1.2140114536220978
1998-06-25,13.9,13.254285714285714,1.2128184412476355
1998-06-26,14.21,13.491428571428571,1.2144467680317088
1998-06-29,14.29,13.847142857142858,0.9781225943231393
1998-06-30,14.3,14.204285714285716,0.3789836031150935
1998-07-01,14.47,14.337142857142856,0.2475018037482465
1998-07-02,14.58,14.327142857142858,0.23378867136505582
1998-07-06,13.87,14.231428571428571,0.2669224963339342
1998-07-07,13.83,14.221428571428572,0.2822781471925786
1998-07-08,14.01,14.192857142857141,0.2935253700426471
1998-07-09,14.01,14.152857142857144,0.2971371336471035
1998-07-10,13.96,14.104285714285712,0.2968645674884836
1998-07-13,14.06,14.045714285714284,0.24932289257802417
1998-07-14,14.87,14.087142857142856,0.3547165199498983
1998-07-15,14.9,14.234285714285715,0.4503649313946301
1998-07-16,14.54,14.335714285714285,0.4232752116098893
1998-07-17,14.02,14.337142857142856,0.42200767314347215
1998-07-20,13.44,14.255714285714285,0.535408166507962
1998-07-21,13.83,14.237142857142857,0.5494456080377692
1998-07-22,14.29,14.27,0.543936270778274
1998-07-23,13.97,14.141428571428571,0.48122858641449706
1998-07-24,13.93,14.002857142857142,0.3474533199228182
1998-07-27,14.37,13.978571428571428,0.3072690770576676
1998-07-28,14.2,14.004285714285714,0.31863548363317923
1998-07-29,14.13,14.102857142857143,0.19939193278238798
1998-07-30,14.25,14.16285714285714,0.16357610723660462
1998-07-31,14.27,14.16,0.16114175954173313
1998-08-03,13.93,14.154285714285715,0.16949504839408142
1998-08-04,13.69,14.12,0.23430749028050527
1998-08-05,13.8,14.03857142857143,0.23197906309806274
1998-08-06,13.87,13.991428571428571,0.22718777633461434
1998-08-07,13.85,13.951428571428574,0.22334044054434782
1998-08-10,13.11,13.788571428571428,0.34940084771303015
1998-08-11,12.87,13.588571428571427,0.42120575223513623
1998-08-12,12.76,13.421428571428573,0.4897083680273474
1998-08-13,13.44,13.385714285714286,0.47577505689520516
1998-08-14,13.4,13.328571428571427,0.44043268768643523
1998-08-17,13.26,13.241428571428571,0.37019943145470235
1998-08-18,13.13,13.138571428571428,0.2550443472210462
1998-08-19,13.21,13.152857142857142,0.25597618937236455
1998-08-20,13.62,13.260000000000002,0.27416540020292113
1998-08-21,13.44,13.357142857142858,0.1670044196786844
1998-08-24,13.78,13.405714285714286,0.23193800485682448
1998-08-25,13.9,13.477142857142855,0.2975855219241218
1998-08-26,13.67,13.535714285714286,0.28791533147252374
1998-08-27,13.35,13.567142857142857,0.24506558889168967
1998-08-28,13.54,13.614285714285714,0.1906005546430757
1998-08-31,13.29,13.567142857142857,0.22640040383981416
1998-09-01,13.62,13.592857142857142,0.2196750847475078
1998-09-02,13.72,13.584285714285713,0.21219936717684953
1998-09-03,14.7,13.698571428571428,0.4697314328946647
1998-09-04,14.59,13.83,0.5768882040756454
1998-09-08,14.34,13.971428571428572,0.5607265694755997
1998-09-09,14.37,14.09,0.5417256378169915
1998-09-10,14.71,14.292857142857143,0.4503966505855176
1998-09-11,14.39,14.402857142857144,0.3389058023383869
1998-09-14,14.46,14.508571428571429,0.15699560200552254
1998-09-15,14.72,14.51142857142857,0.16118607998958576
1998-09-16,14.6,14.512857142857143,0.16204055930105657
1998-09-17,15.07,14.617142857142856,0.24560905831267674
1998-09-18,15.53,14.782857142857143,0.39622023697921466
1998-09-21,15.58,14.907142857142857,0.4939539211220357
1998-09-22,15.73,15.098571428571429,0.5191476530964931
1998-09-23,15.8,15.290000000000001,0.49071376585670023
1998-09-24,15.99,15.471428571428573,0.47949378068490717
1998-09-25,15.8,15.642857142857142,0.2950544743912907
1998-09-28,15.74,15.73857142857143,0.15247169917323447
1998-09-29,16.01,15.807142857142859,0.15096514893051785
1998-09-30,16.19,15.894285714285715,0.17251638983882267
1998-10-01,15.52,15.864285714285716,0.21808692020162057
1998-10-02,15.71,15.851428571428572,0.22505025893952085
1998-10-05,15.24,15.744285714285713,0.3104221396148427
1998-10-06,15.6,15.715714285714286,0.3136270153591106
1998-10-07,15.03,15.614285714285716,0.4057444656797612
1998-10-08,14.57,15.40857142857143,0.5204942705885609
1998-10-09,14.64,15.187142857142858,0.4586834160853872
1998-10-12,14.47,15.037142857142856,0.5013885481258981
1998-10-13,14.27,14.831428571428571,0.4739700613424726
1998-10-14,14.09,14.667142857142858,0.5069094030086142
1998-10-15,14.08,14.45,0.33818141088493386
1998-10-16,14.16,14.325714285714286,0.23301338608913696
1998-10-19,13.39,14.157142857142858,0.3963884578608919
1998-10-20,13.45,13.987142857142857,0.40974440349081354
1998-10-21,14.14,13.94,0.3610170817771795
1998-10-22,14.0,13.901428571428571,0.33323808163114477
1998-10-23,14.06,13.897142857142857,0.3305911011991456
1998-10-26,14.39,13.941428571428572,0.3767151254142352
1998-10-27,14.19,13.945714285714285,0.37977436910637824
1998-10-28,14.35,14.082857142857142,0.3131407716326427
1998-10-29,14.31,14.205714285714288,0.14931590034806516
1998-10-30,14.48,14.254285714285714,0.17709292691524584
1998-11-02,14.45,14.31857142857143,0.14882076148544507
1998-11-03,14.24,14.344285714285714,0.10612212193217516
1998-11-04,14.09,14.301428571428572,0.13981280001885277
1998-11-05,13.93,14.264285714285716,0.19713423031885163
1998-11-06,13.93,14.204285714285714,0.2281707798194588
1998-11-09,13.39,14.072857142857142,0.37490951289436236
1998-11-10,13.54,13.93857142857143,0.373114306501187
1998-11-11,13.63,13.821428571428571,0.3089999229491088
1998-11-12,14.04,13.792857142857143,0.2707221383486865
1998-11-13,13.57,13.718571428571428,0.2457931767073933
1998-11-16,12.81,13.558571428571428,0.40085028674383577
1998-11-17,12.46,13.348571428571429,0.53607924076825
1998-11-18,12.33,13.19714285714286,0.6582227152407369
1998-11-19,12.21,13.007142857142856,0.7307237117125266
1998-11-20,12.2,12.802857142857144,0.7274547932293194
1998-11-23,12.51,12.584285714285715,0.4823503962513046
1998-11-24,11.48,12.285714285714286,0.4122643627138516
1998-11-25,10.86,12.007142857142856,0.6102380487912014
1998-11-30,11.37,11.851428571428572,0.6144761609558207
1998-12-01,11.27,11.7,0.6074537019412138
1998-12-02,11.31,11.571428571428571,0.5759464260818006
1998-12-03,11.25,11.435714285714285,0.5114638189524078
1998-12-04,11.2,11.248571428571427,0.19402994369376098
1998-12-07,11.61,11.267142857142858,0.22380901722820948
1998-12-08,11.33,11.334285714285715,0.13364843719277295
1998-12-09,11.2,11.31,0.14130345596919372
1998-12-10,10.82,11.245714285714286,0.23429732840436604
1998-12-11,10.86,11.18142857142857,0.2723618041927901
1998-12-14,11.3,11.188571428571427,0.27510171279574075
1998-12-15,11.64,11.251428571428571,0.32405907750975005
1998-12-16,12.55,11.385714285714286,0.5861699737255351
1998-12-17,11.05,11.345714285714285,0.5999960317347132
1998-12-18,10.95,11.31,0.6173059749174953
1998-12-21,10.86,11.315714285714288,0.6121780008821589
1998-12-22,10.99,11.334285714285715,0.5978533026008462
1998-12-23,11.12,11.30857142857143,0.6034188310920193
1998-12-24,11.03,11.221428571428573,0.5915073561530275
1998-12-28,11.59,11.084285714285713,0.23747681591570055
1998-12-29,11.82,11.194285714285714,0.36372412361216283
1998-12-30,11.75,11.308571428571428,0.3982222399403699
1998-12-31,12.14,11.491428571428571,0.44860630741191493
1999-01-04,12.42,11.695714285714287,0.5043430427437221
1999-01-05,12.04,11.827142857142857,0.44578448775823537
1999-01-06,12.84,12.085714285714285,0.43103971754032727
1999-01-07,12.99,12.285714285714286,0.484212664811515
1999-01-08,13.06,12.462857142857143,0.511491749225474
1999-01-11,13.43,12.702857142857143,0.5153870482711839
1999-01-12,12.91,12.812857142857142,0.4537148254785086
1999-01-13,12.33,12.799999999999999,0.46776062254304107
1999-01-14,12.23,12.827142857142858,0.4193134979053937
1999-01-15,12.21,12.737142857142857,0.4793994258712409
1999-01-19,12.13,12.614285714285716,0.5128306134554855
1999-01-20,11.82,12.437142857142858,0.5462818041320234
1999-01-21,12.45,12.297142857142857,0.333602272462936
1999-01-22,12.62,12.255714285714285,0.25310453327404503
1999-01-25,12.41,12.267142857142858,0.2587607830779383
1999-01-26,12.16,12.257142857142856,0.26177052837509546
1999-01-27,12.4,12.284285714285716,0.2658857613660413
1999-01-28,12.52,12.34,0.26901053263509234
1999-01-29,12.81,12.481428571428571,0.20194294338468843
1999-02-01,12.36,12.468571428571428,0.20707716528597317
1999-02-02,12.21,12.409999999999998,0.2149418526065464
1999-02-03,12.42,12.411428571428571,0.2149750816169626
1999-02-04,11.94,12.379999999999999,0.26751946970007145
1999-02-05,11.85,12.301428571428572,0.3333380952070184
1999-02-08,11.65,12.177142857142856,0.3947874654280788
1999-02-09,11.66,12.012857142857143,0.3196724514131524
1999-02-10,11.88,11.944285714285714,0.28206719902168265
1999-02-11,11.94,11.905714285714286,0.2570251053184216
1999-02-12,11.9,11.831428571428573,0.12469009202689671
1999-02-16,11.38,11.751428571428573,0.20020227866591928
1999-02-17,11.49,11.7,0.21625602111560208
1999-02-18,11.97,11.745714285714286,0.23677395288329348
1999-02-19,11.79,11.764285714285716,0.23401261667691353
1999-02-22,11.97,11.777142857142858,0.24370161302819626
1999-02-23,12.44,11.848571428571429,0.3496392698906575
1999-02-24,12.49,11.932857142857143,0.4267206067118285
1999-02-25,12.61,12.108571428571429,0.41418307431571344
1999-02-26,12.31,12.225714285714288,0.3138926113028834
1999-03-01,12.28,12.27,0.2929732638574644
1999-03-02,12.66,12.394285714285715,0.23401261667662265
1999-03-03,12.92,12.530000000000001,0.22211108332372595
1999-03-04,13.32,12.655714285714286,0.3654612219699696
1999-03-05,13.33,12.775714285714285,0.43354573549252884
1999-03-08,13.63,12.921428571428569,0.5293841885147694
1999-03-09,13.78,13.13142857142857,0.5379104191679096
1999-03-10,14.74,13.482857142857144,0.6750484991407493
1999-03-11,14.3,13.717142857142857,0.62457223456709
1999-03-12,14.51,13.944285714285714,0.5733776284121204
1999-03-15,14.48,14.11,0.5287721626575735
1999-03-16,14.6,14.291428571428572,0.4240451458463053
1999-03-17,15.11,14.502857142857142,0.4079507439940435
1999-03-18,15.11,14.692857142857145,0.3140973461501817
1999-03-19,15.26,14.767142857142856,0.3813884409084412
1999-03-22,15.39,14.922857142857142,0.381388440908399
1999-03-23,15.36,15.044285714285712,0.36289838535960633
1999-03-24,15.18,15.144285714285715,0.2646291205251647
1999-03-25,15.66,15.295714285714284,0.19552128127109614
1999-03-26,16.16,15.445714285714287,0.36156406269133046
1999-03-29,16.46,15.638571428571428,0.48991252863703644
1999-03-30,16.66,15.838571428571429,0.5859587178708304
1999-03-31,16.66,16.020000000000003,0.6195697431829915
1999-04-01,16.65,16.204285714285714,0.5812015468805733
1999-04-05,16.94,16.455714285714286,0.42355075031962763
1999-04-06,16.79,16.61714285714286,0.24917960629137345
1999-04-07,16.02,16.597142857142856,0.2936389101002481
1999-04-08,15.92,16.52,0.3905978323899601
1999-04-09,16.59,16.509999999999998,0.38729833462212415
1999-04-12,16.44,16.47857142857143,0.3819872847561332
1999-04-13,16.73,16.490000000000002,0.389101529168256
1999-04-14,16.51,16.428571428571427,0.33662187349513367
1999-04-15,16.85,16.437142857142856,0.3479326700070423
1999-04-16,17.34,16.625714285714285,0.43177375027856607
1999-04-19,17.82,16.897142857142857,0.5051638112448918
1999-04-20,17.79,17.068571428571428,0.5814186263343913
1999-04-21,18.05,17.298571428571428,0.6091094201497699
1999-04-22,18.02,17.482857142857146,0.603537192605399
1999-04-23,17.96,17.69,0.4409081537019021
1999-04-26,17.67,17.807142857142857,0.24669240535115528
1999-04-27,17.82,17.875714285714285,0.1379440880550994
1999-04-28,18.43,17.962857142857143,0.2466924053510895
1999-04-29,18.53,18.06857142857143,0.3105601697712712
1999-04-30,18.69,18.16,0.3885871845554395
1999-05-03,18.83,18.275714285714287,0.4548940221955771
1999-05-04,18.94,18.415714285714284,0.49091265831704484
1999-05-05,18.89,18.59,0.38777141032739865
1999-05-06,18.23,18.648571428571426,0.2629593486610424
1999-05-07,18.23,18.62,0.299054064232473
1999-05-10,18.57,18.625714285714285,0.29742546085116905
1999-05-11,17.84,18.504285714285714,0.4164875805622008
1999-05-12,17.44,18.305714285714284,0.5464081851167644
1999-05-13,18.11,18.187142857142856,0.4706277469414564
1999-05-14,18.04,18.065714285714286,0.3543471528919697
1999-05-17,17.76,17.998571428571427,0.36246510505386076
1999-05-18,17.09,17.835714285714285,0.4786389433550352
1999-05-19,16.77,17.57857142857143,0.5013790506012283
1999-05-20,17.04,17.464285714285715,0.5225851491346619
1999-05-21,17.22,17.43285714285714,0.5308394071575142
1999-05-24,16.77,17.24142857142857,0.48564145112265916
1999-05-25,17.25,17.12857142857143,0.33869497444634683
1999-05-26,17.32,17.065714285714286,0.22307376529489728
1999-05-27,17.18,17.07857142857143,0.2272611252470484
1999-05-28,16.85,17.09,0.21055482263359954
1999-06-01,16.31,16.985714285714284,0.36418205808294046
1999-06-02,16.61,16.898571428571426,0.3716821478744865
1999-06-03,16.81,16.904285714285713,0.3696781096614679
1999-06-04,17.36,16.919999999999998,0.38867295592520273
1999-06-07,17.91,17.004285714285714,0.528641565489184
1999-06-08,17.66,17.072857142857142,0.5835156177784897
1999-06-09,17.98,17.234285714285715,0.6625420022631079
1999-06-10,17.82,17.45,0.5472354764336137
1999-06-11,18.45,17.712857142857143,0.5176135716194181
1999-06-14,18.24,17.917142857142856,0.36012563945272336
1999-06-15,18.61,18.095714285714287,0.3475081362538475
1999-06-16,17.92,18.09714285714286,0.34663690348527576
1999-06-17,18.25,18.181428571428572,0.2896796259922062
1999-06-18,18.01,18.185714285714287,0.2864063048001373
1999-06-21,17.79,18.181428571428572,0.2929407546159881
1999-06-22,17.62,18.062857142857144,0.33154759767571107
1999-06-23,18.42,18.08857142857143,0.3538092033592014
1999-06-24,18.26,18.03857142857143,0.28609022885857294
1999-06-25,18.17,18.074285714285715,0.28442088196185894
1999-06-28,18.22,18.07,0.2815433655183357
1999-06-29,18.56,18.14857142857143,0.3338876343647052
1999-06-30,19.33,18.368571428571432,0.5159595775978408
1999-07-01,19.39,18.62142857142857,0.5216457473371039
1999-07-02,19.7,18.804285714285715,0.6482503925406676
1999-07-06,19.78,19.021428571428572,0.6888499732995534
1999-07-07,19.98,19.279999999999998,0.6548536732230986
1999-07-08,19.76,19.5,0.4727578661433368
1999-07-09,19.94,19.697142857142858,0.25131084906445594
1999-07-12,19.92,19.78142857142857,0.20169519672339106
1999-07-13,20.33,19.915714285714284,0.210385134366019
1999-07-14,19.89,19.942857142857143,0.189095591850893
1999-07-15,20.26,20.011428571428574,0.20643227876125902
1999-07-16,20.66,20.108571428571427,0.3186653715857379
1999-07-19,20.28,20.18285714285714,0.28241307132883003
1999-07-20,19.38,20.102857142857143,0.4121777240350758
1999-07-21,19.54,20.048571428571428,0.46225637083897947
1999-07-22,19.84,19.978571428571428,0.44945999345278087
1999-07-23,20.41,20.052857142857142,0.4746477390557624
1999-07-26,20.49,20.085714285714285,0.4987269507745039
1999-07-27,20.4,20.048571428571428,0.45674312880935286
1999-07-28,20.61,20.095714285714283,0.49962843336706925
1999-07-29,21.09,20.34,0.509313263130075
1999-07-30,20.52,20.48,0.3677861697601474
1999-08-02,20.46,20.568571428571428,0.24065387118107825
1999-08-03,20.21,20.54,0.27239676943781804
1999-08-04,20.49,20.54,0.27239676943781804
1999-08-05,20.67,20.57857142857143,0.26835477583683237
1999-08-06,20.89,20.618571428571432,0.29350914644651266
1999-08-09,21.26,20.642857142857142,0.3420387056907626
1999-08-10,21.31,20.755714285714287,0.416887560494849
1999-08-11,21.54,20.91,0.48370100957795986
1999-08-12,21.42,21.082857142857144,0.4009868778283221
1999-08-13,21.67,21.25142857142857,0.35568846722135095
1999-08-16,21.34,21.34714285714286,0.24655724728841724
1999-08-17,21.7,21.462857142857143,0.17632491653312685
1999-08-18,21.54,21.502857142857145,0.15283043825452872
1999-08-19,21.86,21.58142857142857,0.1766756511639213
1999-08-20,21.66,21.59857142857143,0.17780406551648822
1999-08-23,21.61,21.625714285714285,0.15956786882641646
1999-08-24,21.36,21.58142857142857,0.18604914865216668
1999-08-25,20.66,21.48428571428571,0.39420202700540724
1999-08-26,21.09,21.397142857142857,0.405820743913407
1999-08-27,21.31,21.36428571428571,0.40161578417089244
1999-08-30,21.93,21.374285714285715,0.41660761486303277
1999-08-31,22.15,21.444285714285712,0.5045082471362725
1999-09-01,21.79,21.470000000000002,0.5187484939736562
1999-09-02,21.54,21.495714285714286,0.516844823354652
1999-09-03,22.0,21.687142857142856,0.387759129946704
1999-09-07,22.58,21.9,0.4134408462321556
1999-09-08,22.64,22.09,0.4025750447636395
1999-09-09,23.24,22.277142857142852,0.5808245370650895
1999-09-10,23.55,22.47714285714286,0.7470099126005582
1999-09-13,24.18,22.81857142857143,0.9091833069925368
1999-09-14,23.86,23.15,0.7789522877982862
1999-09-15,24.1,23.449999999999996,0.6570895423502878
1999-09-16,24.52,23.72714285714286,0.6378274135870805
1999-09-17,24.72,24.024285714285714,0.5207000781907697
1999-09-20,24.32,24.178571428571427,0.39422618598153647
1999-09-21,24.48,24.31142857142857,0.29002462949466146
1999-09-22,24.26,24.322857142857142,0.28552374598802915
1999-09-23,24.76,24.451428571428576,0.24162150645202873
1999-09-24,24.81,24.55285714285714,0.21731039902172095
1999-09-27,24.63,24.56857142857143,0.2185122858028472
1999-09-28,24.52,24.54,0.20824664863051198
1999-09-29,24.69,24.592857142857145,0.18918371015929605
1999-09-30,24.54,24.601428571428567,0.1845199692357912
1999-10-01,24.51,24.63714285714286,0.12051476889974576
1999-10-04,23.71,24.487142857142857,0.35919884398894575
1999-10-05,23.37,24.281428571428574,0.5198855185328667
1999-10-06,23.24,24.082857142857144,0.6203148202241837
1999-10-07,22.46,23.78857142857143,0.8311724364095443
1999-10-08,20.81,23.234285714285715,1.2944607261049177
1999-10-11,21.58,22.81142857142857,1.2802269144103167
1999-10-12,22.93,22.585714285714285,1.049299085784523
1999-10-13,22.93,22.474285714285713,0.946376548435275
1999-10-14,22.46,22.34428571428571,0.861526883752502
1999-10-15,22.81,22.282857142857143,0.8001606981456191
1999-10-18,22.44,22.279999999999998,0.7994581498321696
1999-10-19,22.36,22.50142857142857,0.4720673882480161
1999-10-20,22.21,22.591428571428573,0.29333874453825415
1999-10-21,22.74,22.564285714285713,0.2641247901306726
1999-10-22,23.48,22.642857142857142,0.42429212757657425
1999-10-25,23.22,22.751428571428573,0.4649884791195401
1999-10-26,23.17,22.802857142857142,0.49168805441737795
1999-10-27,22.71,22.841428571428573,0.46852351671381326
1999-10-28,21.59,22.731428571428573,0.6540496558982163
1999-10-29,21.79,22.67142857142857,0.7252454428540667
1999-11-01,22.44,22.62857142857143,0.7293702436901319
1999-11-02,22.49,22.487142857142857,0.6253189662272336
1999-11-03,22.59,22.397142857142857,0.5420551720291207
1999-11-04,23.17,22.397142857142857,0.5420551720291207
1999-11-05,22.93,22.428571428571427,0.5689296550371183
1999-11-08,23.28,22.669999999999998,0.5092150822586083
1999-11-09,24.21,23.01571428571429,0.6213388003025869
1999-11-10,24.37,23.291428571428575,0.7401447734827087
1999-11-11,24.33,23.554285714285715,0.7347983202403154
1999-11-12,24.91,23.885714285714283,0.7504189306166966
1999-11-15,25.31,24.19142857142857,0.8407224784157643
1999-11-16,26.04,24.635714285714283,0.883663909391491
1999-11-17,26.57,25.10571428571429,0.9167307336913434
1999-11-18,25.71,25.319999999999997,0.844965482529105
1999-11-19,26.61,25.639999999999997,0.8493723172627108
1999-11-22,28.03,26.16857142857143,1.030281977120686
1999-11-23,26.91,26.454285714285714,0.8909892843129982
1999-11-24,27.22,26.72714285714286,0.7658266619732496
1999-11-26,27.22,26.895714285714288,0.7177245790880665
1999-11-29,25.84,26.791428571428572,0.8188493669246398
1999-11-30,24.87,26.671428571428574,1.0363948502925482
1999-12-01,25.01,26.442857142857143,1.2135033894427985
1999-12-02,25.88,26.135714285714283,0.9977450767074717
1999-12-03,25.71,25.964285714285715,0.9441902552420468
1999-12-06,26.67,25.885714285714283,0.8393421460251247
1999-12-07,26.36,25.762857142857143,0.6539550006353637
1999-12-08,26.69,25.884285714285713,0.7434571752477721
1999-12-09,26.0,26.045714285714286,0.5942181738166732
1999-12-10,25.21,26.074285714285715,0.538295369440126
1999-12-13,25.37,26.001428571428573,0.5999563476174036
1999-12-14,25.87,26.024285714285718,0.5899677150155714
1999-12-15,26.28,25.96857142857143,0.5346471911891268
1999-12-16,26.74,26.02285714285714,0.5967052395076919
1999-12-17,26.76,26.032857142857146,0.6101834228513557
1999-12-20,26.55,26.111428571428572,0.6399330322096621
1999-12-21,26.34,26.27285714285714,0.5023847889707665
1999-12-22,25.51,26.292857142857144,0.46158113355710617
1999-12-23,25.86,26.291428571428572,0.4631208831176512
1999-12-27,26.36,26.302857142857142,0.4637784774967399
1999-12-28,26.81,26.312857142857144,0.4753845561113565
1999-12-29,26.41,26.26285714285714,0.4374057721641738
1999-12-30,25.76,26.150000000000002,0.4526219909211459
2000-01-04,25.56,26.03857142857143,0.49232200070658555
2000-01-05,24.65,25.91571428571428,0.7067969331857055
2000-01-06,24.79,25.762857142857143,0.8264323784734764
2000-01-07,24.79,25.53857142857143,0.8500672242318201
2000-01-10,24.71,25.23857142857143,0.680157544774198
2000-01-11,25.69,25.135714285714283,0.5054983396882485
2000-01-12,26.3,25.212857142857143,0.6399665169804815
2000-01-13,26.63,25.365714285714287,0.8348224789903059
2000-01-14,28.01,25.845714285714287,1.2280588631769265
2000-01-18,28.98,26.444285714285712,1.5942590456888088
2000-01-19,29.11,27.06142857142857,1.680936530344365
2000-01-20,29.67,27.77,1.566003405700328
2000-01-21,29.71,28.344285714285714,1.4049182318175872
2000-01-24,29.25,28.76571428571429,1.0985423242157548
2000-01-25,30.28,29.287142857142857,0.7152322300170257
2000-01-26,27.66,29.237142857142857,0.8234422522892182
2000-01-27,27.22,28.985714285714288,1.1275764148946321
2000-01-28,27.27,28.722857142857144,1.2957071979638257
2000-01-31,27.65,28.434285714285718,1.274373795801989
2000-02-01,28.28,28.23,1.143707421793229
2000-02-02,27.52,27.982857142857142,1.0711787010215053
2000-02-03,28.26,27.694285714285716,0.42848014900765047
2000-02-04,28.67,27.83857142857143,0.5637206332744062
2000-02-07,28.4,28.00714285714286,0.5228675512869194
2000-02-08,28.05,28.118571428571425,0.41066728509329126
2000-02-09,28.71,28.27,0.40447496832095553
2000-02-10,29.49,28.442857142857143,0.6138326125163687
2000-02-11,29.51,28.72714285714286,0.5747670335494774
2000-02-14,30.3,29.018571428571427,0.779239556049573
2000-02-15,30.17,29.232857142857142,0.8685373583531909
2000-02-16,30.01,29.462857142857143,0.8232195795706111
2000-02-17,29.37,29.65142857142857,0.5522206253351176
2000-02-18,29.51,29.76571428571429,0.3812198465799381
2000-02-22,29.63,29.785714285714285,0.36777969595908855
2000-02-23,30.19,29.882857142857144,0.3725906728859966
2000-02-24,30.23,29.872857142857146,0.36026445312896027
2000-02-25,30.34,29.89714285714286,0.38827457147612543
2000-02-28,30.11,29.91142857142857,0.39490203727689377
2000-02-29,30.57,30.08285714285714,0.380907437822175
2000-03-01,31.71,30.397142857142857,0.6453090806129317
2000-03-02,31.51,30.665714285714284,0.6637734840236298
2000-03-03,31.46,30.84714285714286,0.6852910400124855
2000-03-06,32.19,31.127142857142854,0.7843620398268403
2000-03-07,33.9,31.63571428571429,1.2213361145725958
2000-03-08,31.22,31.794285714285714,1.0503151454488526
2000-03-09,31.61,31.942857142857143,0.9128291969774216
2000-03-10,31.76,31.95,0.9108969938091974
2000-03-13,32.11,32.035714285714285,0.8905963758960519
2000-03-14,31.93,32.10285714285714,0.8570436450502793
2000-03-15,30.47,31.857142857142858,1.0522311895148335
2000-03-16,31.1,31.457142857142856,0.566148222218566
2000-03-17,30.86,31.405714285714282,0.6062138550814267
2000-03-20,29.33,31.080000000000002,0.9771727926340356
2000-03-21,28.01,30.54428571428571,1.4538896925464841
2000-03-22,27.28,29.854285714285712,1.7104663802872868
2000-03-23,27.47,29.217142857142854,1.63751553972937
2000-03-24,27.86,28.844285714285714,1.6014457753625935
2000-03-27,27.59,28.342857142857145,1.2982515714819687
2000-03-28,27.1,27.805714285714288,0.7418188714865893
2000-03-29,26.36,27.381428571428575,0.548981741389878
2000-03-30,26.67,27.19,0.526434548003731
2000-03-31,26.86,27.130000000000003,0.5382688299835946
2000-04-03,26.28,26.960000000000004,0.5976342248108661
2000-04-04,25.46,26.617142857142856,0.6782505506982777
2000-04-05,25.76,26.35571428571429,0.5873629526059789
2000-04-06,25.51,26.12857142857143,0.5582839352693093
2000-04-07,24.97,25.930000000000003,0.693157028865432
2000-04-10,23.91,25.535714285714285,0.9422819313211035
2000-04-11,24.17,25.15142857142857,0.8568435985522939
2000-04-12,25.49,25.03857142857143,0.7253603373818699
2000-04-13,25.29,25.014285714285716,0.7116145291478847
2000-04-14,25.48,24.974285714285713,0.6693244639891597
2000-04-17,26.06,25.052857142857142,0.767739415116174
2000-04-18,25.92,25.18857142857143,0.8319340633207444
2000-04-19,27.38,25.684285714285714,0.9661065700847127
2000-04-20,27.29,26.13,0.865524888915481
2000-04-24,27.41,26.404285714285717,0.9306781961347607
2000-04-25,26.41,26.564285714285717,0.7933233292678393
2000-04-26,24.69,26.451428571428572,1.0020217657547932
2000-04-27,25.53,26.375714285714285,1.055143862905588
2000-04-28,25.71,26.345714285714287,1.073092992907574
2000-05-01,25.84,26.125714285714288,0.9794872322261593
2000-05-02,26.86,26.064285714285713,0.9049467229773323
2000-05-03,26.6,25.948571428571427,0.7411573960456432
2000-05-04,27.08,26.044285714285714,0.8464604173226792
2000-05-05,27.37,26.427142857142858,0.7298793116142924
2000-05-08,28.05,26.787142857142857,0.8284466244257733
2000-05-09,28.46,27.18,0.8827797007173109
2000-05-10,28.1,27.502857142857142,0.7067464016101792
2000-05-11,29.25,27.844285714285714,0.896304582583552
2000-05-12,29.64,28.278571428571432,0.928824141435042
2000-05-15,29.95,28.68857142857143,0.9448708654515174
2000-05-16,29.76,29.03,0.8113774296413417
2000-05-17,29.38,29.220000000000002,0.690338081424365
2000-05-18,30.28,29.48,0.6990708118623881
2000-05-19,30.02,29.754285714285714,0.36349494002865806
2000-05-22,28.62,29.664285714285715,0.5428890968019724
2000-05-23,28.61,29.517142857142858,0.6742579695648676
2000-05-24,29.89,29.50857142857143,0.6681923019452433
2000-05-25,30.43,29.604285714285712,0.7528359082561155
2000-05-26,29.76,29.658571428571427,0.7476502874866322
2000-05-30,30.36,29.669999999999998,0.7592540198540635
2000-05-31,29.03,29.528571428571432,0.7752296126818665
2000-06-01,30.19,29.752857142857145,0.6911033276737113
2000-06-02,30.34,30.0,0.4961182654681626
2000-06-05,29.87,29.997142857142858,0.4969142879024663
2000-06-06,29.78,29.904285714285717,0.4620554491541757
2000-06-07,29.29,29.837142857142858,0.51735591506717
2000-06-08,29.78,29.754285714285714,0.4632802299110531
2000-06-09,30.22,29.924285714285713,0.36003968034981393
2000-06-12,31.76,30.148571428571426,0.7879176896808799
2000-06-13,32.73,30.490000000000002,1.2606876430468477
2000-06-14,32.72,30.897142857142853,1.4699287316696887
2000-06-15,32.7,31.314285714285713,1.5137355244866006
2000-06-16,32.35,31.75142857142857,1.2507121780722912
2000-06-19,31.57,32.00714285714286,0.9196324317471258
2000-06-20,33.07,32.41428571428572,0.5552434043664655
2000-06-21,33.64,32.682857142857145,0.6349728153138813
2000-06-22,34.72,32.96714285714286,1.0000952335590687
2000-06-23,34.76,33.25857142857143,1.194423550941893
2000-06-26,31.56,33.09571428571429,1.350763452555244
2000-06-27,32.01,33.04714285714285,1.387656469082873
2000-06-28,31.86,33.08857142857143,1.3397067909476859
2000-06-29,32.73,33.04,1.3466377884681557
2000-06-30,32.44,32.86857142857143,1.333846924892331
2000-07-05,30.76,32.30285714285714,1.2551854349807072
2000-07-06,30.19,31.650000000000002,0.9033271832494426
2000-07-07,30.26,31.464285714285715,1.0471048521642814
2000-07-10,29.51,31.107142857142858,1.2387589795925977
2000-07-11,29.61,30.785714285714285,1.3011899315983007
2000-07-12,30.34,30.444285714285716,0.9798785153066334
2000-07-13,31.41,30.29714285714286,0.6530879033648299
2000-07-14,31.31,30.375714285714285,0.7447115133344459
2000-07-17,30.71,30.45,0.7490215840220895
2000-07-18,31.94,30.69,0.9261929244660155
2000-07-19,31.1,30.917142857142856,0.7704482306995108
2000-07-20,30.94,31.107142857142858,0.5165176436366593
2000-07-21,28.56,30.852857142857143,1.083785253723274
2000-07-24,27.97,30.361428571428572,1.4920615332637148
2000-07-25,27.89,29.872857142857146,1.678031726812169
2000-07-26,27.81,29.458571428571425,1.7910837368416908
2000-07-27,28.21,28.925714285714285,1.4526855262214167
2000-07-28,28.22,28.514285714285712,1.0990428736374576
2000-07-31,27.5,28.02285714285714,0.341941236942775
2000-08-01,27.85,27.92142857142857,0.24862478901439614
2000-08-02,28.27,27.964285714285715,0.28200810525006087
2000-08-03,28.92,28.111428571428576,0.45341035760013104
2000-08-04,29.94,28.41571428571429,0.7998095011271739
2000-08-07,28.93,28.518571428571427,0.8150956706908646
2000-08-08,29.26,28.66714285714286,0.8458075881596726
2000-08-09,30.38,29.07857142857143,0.8830898136914138
2000-08-10,31.09,29.541428571428575,0.9760366893951459
2000-08-11,31.02,29.934285714285714,0.931412138328841
2000-08-14,31.92,30.362857142857145,1.0672193508622225
2000-08-15,31.43,30.575714285714287,1.1162863602556614
2000-08-16,31.91,31.001428571428573,0.9380729994933517
2000-08-17,31.88,31.375714285714285,0.5828909887443157
2000-08-18,31.97,31.602857142857143,0.4161615986463048
2000-08-21,32.42,31.792857142857144,0.44556010764109066
2000-08-22,31.24,31.824285714285715,0.3856966486232784
2000-08-23,31.23,31.725714285714282,0.44131837120071243
2000-08-24,33.41,32.00857142857143,0.7480959958754632
2000-08-25,34.01,32.308571428571426,1.0586064514468239
2000-08-28,32.92,32.457142857142856,1.061409664638335
2000-08-29,32.73,32.565714285714286,1.041967004320387
2000-08-30,33.25,32.68428571428571,1.0694836315214813
2000-08-31,33.09,32.94857142857143,0.861441206570728
2000-09-01,33.42,33.26142857142857,0.41554897711095506
2000-09-05,33.92,33.33428571428572,0.4848662063829885
2000-09-06,34.97,33.471428571428575,0.7635318934909757
2000-09-07,35.18,33.794285714285714,0.9472215007195838
2000-09-08,33.62,33.92142857142857,0.833455229178195
2000-09-11,35.14,34.19142857142857,0.8842780213509873
2000-09-12,34.25,34.357142857142854,0.7404663909910013
2000-09-13,33.87,34.42142857142857,0.660793174181126
2000-09-14,34.37,34.48571428571428,0.6247894883547892
2000-09-15,35.87,34.614285714285714,0.8070699503504073
2000-09-18,36.75,34.83857142857143,1.1399770256651103
2000-09-19,36.96,35.315714285714286,1.2395678970613557
2000-09-20,37.22,35.612857142857145,1.425747924022201
2000-09-21,33.84,35.55428571428571,1.4976743876507526
2000-09-22,32.66,35.38142857142857,1.7696085119909468
2000-09-25,31.5,34.971428571428575,2.2969140788699325
2000-09-26,31.78,34.387142857142855,2.537812143596772
2000-09-27,31.23,33.598571428571425,2.5388476951256007
2000-09-28,30.26,32.64142857142857,2.3133124055586336
2000-09-29,30.87,31.73428571428571,1.1918313239545741
2000-10-02,32.05,31.47857142857143,0.7885308823238436
2000-10-03,31.86,31.36428571428571,0.6310007169246326
2000-10-04,30.91,31.28,0.6489992295816039
2000-10-05,30.66,31.12,0.6432210610131528
2000-10-06,30.86,31.06714285714286,0.647860949217789
2000-10-09,31.98,31.312857142857144,0.6161091430809835
2000-10-10,33.29,31.65857142857143,0.9268122530363839
2000-10-11,33.2,31.822857142857142,1.094512285383097
2000-10-12,36.06,32.42285714285715,1.9416377475869142
2000-10-13,34.96,33.001428571428576,2.0176259033109663
2000-10-16,33.18,33.361428571428576,1.735285073326946
2000-10-17,33.36,33.71857142857143,1.3489060823662076
2000-10-18,33.51,33.93714285714286,1.1257399682819085
2000-10-19,33.06,33.90428571428571,1.1508526859501997
2000-10-20,34.31,34.06285714285714,1.1135036938364058
2000-10-23,34.9,33.89714285714286,0.8123364304199103
2000-10-24,34.53,33.83571428571428,0.730726970050241
2000-10-25,33.62,33.89857142857143,0.6822372161092534
2000-10-26,33.75,33.95428571428572,0.6458807202253183
2000-10-27,32.78,33.85,0.7754998388116521
2000-10-30,32.86,33.82142857142857,0.8122690147838082
2000-10-31,32.7,33.59142857142857,0.8762881674300513
2000-11-01,33.14,33.339999999999996,0.665357047003362
2000-11-02,32.59,33.06285714285714,0.4591555395733754
2000-11-03,32.62,32.92,0.40983736611467675
2000-11-06,33.02,32.815714285714286,0.20525245778248388
2000-11-07,33.44,32.910000000000004,0.31064449133559774
2000-11-08,32.92,32.91857142857143,0.309861720306713
2000-11-09,33.87,33.08571428571428,0.45423404917033083
2000-11-10,34.05,33.215714285714284,0.5840335932909206
2000-11-13,34.3,33.46,0.6341661191388789
2000-11-14,34.72,33.76,0.6664583007687606
2000-11-15,35.54,34.12,0.8542638156117148
2000-11-16,34.84,34.32,0.8321257917707505
2000-11-17,35.62,34.705714285714286,0.6883762813741957
2000-11-20,35.98,35.00714285714285,0.7225582856677062
2000-11-21,35.54,35.220000000000006,0.6032136161122251
2000-11-22,36.06,35.471428571428575,0.516379336383703
2000-11-24,36.06,35.66285714285714,0.4330401938852973
2000-11-27,36.24,35.76285714285714,0.47839015756338943
2000-11-28,34.02,35.645714285714284,0.7597117247734922
2000-11-29,34.58,35.49714285714286,0.8605756655791065
2000-11-30,33.61,35.15857142857143,1.0777511860555502
2000-12-01,32.06,34.66142857142857,1.5649752774546486
2000-12-04,31.28,33.97857142857143,1.8667657286630976
2000-12-05,29.25,33.00571428571429,2.3205879796779
2000-12-06,30.24,32.14857142857143,2.014798820158341
2000-12-07,29.36,31.482857142857142,2.062690106678113
2000-12-08,28.31,30.587142857142858,1.8433096528223203
2000-12-11,29.75,30.035714285714285,1.2794120673546936
2000-12-12,29.81,29.714285714285715,0.917548493591957
2000-12-13,28.75,29.352857142857143,0.6602200210446315
2000-12-14,28.06,29.18285714285714,0.8240087840479643
2000-12-15,28.86,28.985714285714284,0.6817344825954378
2000-12-18,29.52,29.00857142857143,0.6988425805420793
2000-12-19,29.34,29.155714285714286,0.6325308198759731
2000-12-20,25.83,28.595714285714283,1.348614809632365
2000-12-21,26.06,28.06,1.5198135850594525
2000-12-22,26.16,27.689999999999998,1.6347578821744007
2000-12-26,27.0,27.538571428571426,1.643841320113444
2000-12-27,26.55,27.208571428571428,1.5642935420541662
2000-12-28,25.82,26.68,1.2457795417588304
2000-12-29,26.72,26.305714285714284,0.45774290975045273
2001-01-02,27.29,26.514285714285712,0.5315341676945845
2001-01-03,27.93,26.78142857142857,0.7063386480382078
2001-01-04,27.95,27.037142857142857,0.7654130537528452
2001-01-05,28.02,27.18285714285714,0.8496217645842353
2001-01-08,27.44,27.31,0.8045288476274365
2001-01-09,27.72,27.58142857142857,0.46831003161613094
2001-01-10,29.42,27.967142857142857,0.696747545998613
2001-01-11,29.42,28.271428571428572,0.8079692356223578
2001-01-12,30.07,28.57714285714286,1.0312567460086317
2001-01-16,30.19,28.89714285714286,1.1454360783219584
2001-01-17,29.77,29.147142857142857,1.112590285259976
2001-01-18,30.42,29.572857142857146,0.9004020266089287
2001-01-19,32.12,30.201428571428576,0.9267762867660281
2001-01-22,32.21,30.599999999999998,1.1154371340409426
2001-01-23,31.66,30.919999999999998,1.0391984090301278
2001-01-24,31.46,31.118571428571432,0.9808742456154439
2001-01-25,31.61,31.321428571428573,0.9003597164716792
2001-01-26,29.79,31.324285714285715,0.8946294790354545
2001-01-29,29.07,31.131428571428568,1.2114650713268624
2001-01-30,29.12,30.702857142857145,1.3284541678913648
2001-01-31,28.62,30.19,1.342534915746163
2001-02-01,29.88,29.935714285714287,1.1759373161126299
2001-02-02,31.27,29.90857142857143,1.13641876922428
2001-02-05,30.55,29.757142857142856,0.9223830420102661
2001-02-06,30.27,29.825714285714287,0.9428477632998492
2001-02-07,31.27,30.140000000000004,1.013015300969125
2001-02-08,31.57,30.490000000000002,1.0250365847117378
2001-02-09,30.93,30.82,0.6108191221609273
2001-02-12,30.52,30.91142857142857,0.48070880206043853
2001-02-13,30.12,30.747142857142855,0.5315610433944546
2001-02-14,29.55,30.604285714285716,0.7008056588142351
2001-02-15,28.96,30.417142857142856,0.9392854426928254
2001-02-16,29.22,30.124285714285712,0.9485929429561119
2001-02-20,28.6,29.7,0.8536392680738395
2001-02-21,28.64,29.372857142857146,0.734137005507039
2001-02-22,28.52,29.087142857142858,0.5878977883285165
2001-02-23,28.83,28.90285714285714,0.3731270688674232
2001-02-26,28.27,28.72,0.3117156824166632
2001-02-27,28.26,28.62,0.33341665624936057
2001-02-28,27.35,28.352857142857147,0.48654271089154755
2001-03-01,27.78,28.235714285714284,0.5150034673926762
2001-03-02,27.89,28.12857142857143,0.4944838578884182
2001-03-05,28.61,28.141428571428573,0.5073601144278203
2001-03-06,28.4,28.080000000000002,0.43027123228409103
2001-03-07,28.95,28.177142857142858,0.542454738070432
2001-03-08,28.31,28.184285714285718,0.5440544440523896
2001-03-09,27.97,28.272857142857138,0.4224813323549059
2001-03-12,27.91,28.291428571428575,0.39943412353668006
2001-03-13,27.45,28.228571428571428,0.4960654718672343
2001-03-14,26.49,27.92571428571429,0.786508256849989
2001-03-15,26.56,27.662857142857142,0.9007536527015397
2001-03-16,26.68,27.338571428571424,0.75732926725811
2001-03-19,26.17,27.032857142857146,0.7313164906673146
2001-03-20,25.99,26.749999999999996,0.6901932096629685
2001-03-21,26.43,26.538571428571426,0.46584792122808816
2001-03-22,26.19,26.358571428571427,0.24701069959126457
2001-03-23,27.31,26.475714285714282,0.43931223303419936
2001-03-26,27.4,26.595714285714283,0.5633784146499321
2001-03-27,27.62,26.73,0.6855897704396855
2001-03-28,26.43,26.767142857142858,0.6566255728003162
2001-03-29,26.47,26.83571428571429,0.582862394932765
2001-03-30,26.37,26.827142857142857,0.5902178774447039
2001-04-02,25.7,26.75714285714286,0.697655939215035
2001-04-03,26.65,26.662857142857142,0.653700091419629
2001-04-04,27.16,26.62857142857143,0.6136619202616221
2001-04-05,27.24,26.57428571428571,0.5211799798791301
2001-04-06,27.07,26.66571428571428,0.5471397488394772
2001-04-09,27.45,26.805714285714288,0.610433101516264
2001-04-10,28.47,27.10571428571429,0.8352416245774079
2001-04-11,28.42,27.494285714285713,0.6928409423717924
2001-04-12,28.75,27.794285714285714,0.7204363756964068
2001-04-16,28.81,28.029999999999998,0.7477298977558383
2001-04-17,27.89,28.122857142857146,0.6695449769719837
2001-04-18,27.83,28.231428571428573,0.5138880737854004
2001-04-19,27.92,28.298571428571428,0.41619020376768723
2001-04-20,27.0,28.08857142857143,0.6308044750255267
2001-04-23,26.97,27.881428571428575,0.7335400141634656
2001-04-24,25.24,27.38,1.1321955072622178
2001-04-25,25.93,26.96857142857143,1.0459354436957942
2001-04-26,28.47,27.05142857142857,1.148991276023931
2001-04-27,28.35,27.125714285714285,1.222195526403218
2001-04-30,28.48,27.205714285714286,1.2987796469866202
2001-05-01,28.37,27.40142857142857,1.364189974201674
2001-05-02,27.89,27.532857142857143,1.3600087534725138
2001-05-03,28.66,28.021428571428572,0.9521979586088705
2001-05-04,28.41,28.375714285714285,0.23747681590654646
2001-05-07,27.79,28.278571428571432,0.3179323078563206
2001-05-08,27.35,28.13571428571429,0.46917861356470014
2001-05-09,28.39,28.12285714285714,0.4593007107060345
2001-05-10,28.5,28.14142857142857,0.4733718964819036
2001-05-11,28.59,28.24142857142857,0.4851951006679549
2001-05-14,28.83,28.26571428571429,0.513090542457957
2001-05-15,28.9,28.33571428571429,0.5666820726178414
2001-05-16,28.77,28.475714285714282,0.5292087534799069
2001-05-17,29.02,28.714285714285715,0.2276588927021618
2001-05-18,29.9,28.93,0.4629614814766894
2001-05-21,29.96,29.138571428571428,0.5563999931512099
2001-05-22,29.75,29.304285714285715,0.5382334420053407
2001-05-23,28.85,29.307142857142853,0.5353414575653128
2001-05-24,27.97,29.17428571428572,0.732367329118123
2001-05-25,28.08,29.075714285714287,0.8350819748741054
2001-05-29,28.76,29.038571428571426,0.8437106251822117
2001-05-30,28.71,28.868571428571432,0.7566026824201707
2001-05-31,28.39,28.64428571428572,0.5944705527551942
2001-06-01,27.88,28.37714285714286,0.4046279890488284
2001-06-04,28.14,28.275714285714287,0.3518928408286875
2001-06-05,27.84,28.257142857142856,0.3734842382061031
2001-06-06,27.56,28.18285714285714,0.456972438470576
2001-06-07,27.91,28.06142857142857,0.3853755126006961
2001-06-08,28.43,28.021428571428572,0.31493007538011547
2001-06-11,28.94,28.099999999999998,0.4582211984016242
2001-06-12,29.13,28.27857142857143,0.5843922361840515
2001-06-13,28.81,28.374285714285715,0.6121235480629097
2001-06-14,29.12,28.557142857142857,0.6170822280606684
2001-06-15,28.52,28.694285714285716,0.4397293539891474
2001-06-18,27.55,28.642857142857142,0.5531640590171211
2001-06-19,27.49,28.50857142857143,0.7063386480379928
2001-06-20,26.52,28.162857142857142,0.9937423255158994
2001-06-21,26.85,27.837142857142858,0.9975589253381614
2001-06-22,27.02,27.58142857142857,0.934013357709103
2001-06-25,27.11,27.294285714285714,0.6470666411532794
2001-06-26,26.97,27.072857142857146,0.35864161710823755
2001-06-27,25.67,26.804285714285715,0.5783844495029559
2001-06-28,25.75,26.555714285714284,0.6077240915307689
2001-06-29,26.37,26.534285714285716,0.6118239709482651
2001-07-02,26.02,26.415714285714284,0.6208020925331995
2001-07-03,26.28,26.310000000000002,0.5608624311406974
2001-07-05,27.07,26.304285714285715,0.5514785321542078
2001-07-06,28.1,26.465714285714284,0.8586589765987348
2001-07-09,27.63,26.745714285714286,0.8753448300109213
2001-07-10,27.22,26.955714285714286,0.766177898028124
2001-07-11,27.07,27.055714285714288,0.7213611472487981
2001-07-12,26.85,27.174285714285713,0.5763927232597038
2001-07-13,26.57,27.215714285714284,0.5077354016546352
2001-07-16,26.02,27.065714285714286,0.6828581390694795
2001-07-17,25.33,26.669999999999998,0.779380095544934
2001-07-18,24.65,26.244285714285716,0.9604488038205441
2001-07-19,24.65,25.87714285714286,1.0149665722848462
2001-07-20,25.67,25.677142857142854,0.8680382918909949
2001-07-23,25.88,25.538571428571426,0.7132187268850619
2001-07-24,26.18,25.482857142857142,0.629542539883065
2001-07-25,26.71,25.58142857142857,0.7667339514978692
2001-07-26,26.74,25.782857142857146,0.8681726841604372
2001-07-27,26.98,26.115714285714287,0.805871311951858
2001-07-30,26.6,26.39428571428571,0.4898250416494969
2001-07-31,26.7,26.541428571428575,0.37790777408331505
2001-08-01,26.83,26.677142857142858,0.24958060058577974
2001-08-02,27.86,26.91714285714286,0.4325395660384062
2001-08-03,27.51,27.03142857142857,0.47252613936071114
2001-08-06,27.7,27.16857142857143,0.5115476051933978
2001-08-07,28.17,27.33857142857143,0.6238436922651811
2001-08-08,27.62,27.484285714285715,0.5354392944987318
2001-08-09,27.72,27.63,0.4106904754978962
2001-08-10,28.12,27.814285714285713,0.24979038831229858
2001-08-13,27.85,27.812857142857144,0.2495138129545418
2001-08-14,28.1,27.897142857142857,0.22896246312825516
2001-08-15,27.51,27.87,0.2647010892773626
2001-08-16,27.47,27.77,0.264701089277416
2001-08-17,26.65,27.631428571428568,0.5029721188882897
2001-08-20,27.2,27.557142857142853,0.5256016960162776
2001-08-21,27.93,27.529999999999998,0.49574859219640643
2001-08-22,27.17,27.43285714285714,0.4891732578428169
2001-08-23,25.63,27.080000000000002,0.7493775194552105
2001-08-24,28.34,27.19857142857143,0.8825800921422167
2001-08-27,26.69,27.087142857142858,0.8917906010878627
2001-08-28,27.16,27.16,0.8707085237503353
2001-08-29,27.07,27.141428571428573,0.8710994694708784
2001-08-30,26.65,26.958571428571428,0.8101939802988523
2001-08-31,26.65,26.884285714285713,0.8114155766889555
2001-09-04,26.94,27.071428571428573,0.5965296464097979
2001-09-05,27.03,26.884285714285713,0.21693755958832037
2001-09-06,27.54,27.005714285714284,0.30859126920048924
2001-09-07,27.99,27.124285714285715,0.4861363712238938
2001-09-10,27.66,27.208571428571428,0.5247675222220725
2001-09-11,27.65,27.351428571428574,0.4817132124467009
2001-09-12,27.64,27.49285714285714,0.37495396542580917
2001-09-13,28.58,27.72714285714286,0.4717949514232606
2001-09-14,29.59,28.092857142857138,0.7509486064450194
2001-09-17,28.84,28.27857142857143,0.7521841213285562
2001-09-18,27.81,28.252857142857142,0.7666314691699498
2001-09-19,26.73,28.12,0.9460796301921776
2001-09-20,26.6,27.97,1.1032074449824043
2001-09-21,25.46,27.65857142857143,1.4614311315895008
2001-09-24,21.46,26.64142857142857,2.681600446073058
2001-09-25,21.63,25.50428571428571,2.901567720749216
2001-09-26,22.4,24.584285714285716,2.680154579763519
2001-09-27,22.8,23.868571428571432,2.3199168704316246
2001-09-28,23.44,23.398571428571426,1.9468643898279225
2001-10-01,23.12,22.90142857142857,1.3441283243724063
2001-10-02,22.7,22.507142857142856,0.7355432071082775
2001-10-03,22.17,22.60857142857143,0.6043296167767891
2001-10-04,22.7,22.76142857142857,0.42396653057390654
2001-10-05,22.32,22.75,0.43623388222289533
2001-10-08,22.25,22.67142857142857,0.47365347992693785
2001-10-09,22.55,22.544285714285714,0.3309006468632984
2001-10-10,22.51,22.457142857142856,0.21351926421241132
2001-10-11,23.49,22.57,0.44575778175967135
2001-10-12,22.49,22.615714285714287,0.4131124601863223
2001-10-15,22.37,22.56857142857143,0.42065142225710117
2001-10-16,22.01,22.524285714285718,0.46514718612630435
2001-10-17,21.89,22.472857142857144,0.5174847593792531
2001-10-18,21.33,22.298571428571428,0.6701101544126843
2001-10-19,21.99,22.224285714285713,0.6715866075406529
2001-10-22,21.78,21.98,0.38379682124719855
2001-10-23,21.28,21.807142857142853,0.3882745714782774
2001-10-24,22.0,21.75428571428571,0.3176401078181849
2001-10-25,21.75,21.717142857142854,0.29730535849526046
2001-10-26,22.07,21.742857142857144,0.3215438946551293
2001-10-29,22.1,21.852857142857143,0.28657252053065824
2001-10-30,21.83,21.830000000000002,0.28011902232115105
2001-10-31,21.2,21.747142857142855,0.36903993847548267
2001-11-01,20.47,21.631428571428568,0.5966972591248935
2001-11-02,20.24,21.380000000000003,0.7631076813484042
2001-11-05,20.0,21.13,0.8966604708582094
2001-11-06,19.93,20.824285714285715,0.8875219648521266
2001-11-07,20.11,20.54,0.7121797525904625
2001-11-08,21.21,20.451428571428572,0.5436122567732643
2001-11-09,22.23,20.59857142857143,0.8390953178160099
2001-11-12,21.26,20.71142857142857,0.871424668219073
2001-11-13,21.56,20.900000000000002,0.8949115412521987
2001-11-14,19.63,20.84714285714286,0.9651030046184412
2001-11-15,17.5,20.5,1.5867787075287128
2001-11-16,18.09,20.211428571428574,1.8339522764730967
2001-11-19,17.74,19.715714285714284,1.9820431978378448
2001-11-20,18.71,19.212857142857143,1.6578471409805267
2001-11-21,18.38,18.801428571428573,1.402894966030799
2001-11-26,18.69,18.391428571428573,0.7111827840867152
2001-11-27,19.57,18.382857142857144,0.6939191664193974
2001-11-28,19.37,18.650000000000002,0.6563281699477628
2001-11-29,18.55,18.715714285714284,0.612477404831286
2001-11-30,19.46,18.96142857142857,0.4882085814975496
2001-12-03,20.27,19.184285714285714,0.6747309869585628
2001-12-04,19.71,19.374285714285715,0.5927859968786028
2001-12-05,19.62,19.50714285714286,0.5126634466430143
2001-12-06,18.69,19.381428571428575,0.595830752575263
2001-12-07,19.08,19.34,0.6067399223171845
2001-12-10,18.32,19.307142857142857,0.6604976478817176
2001-12-11,18.04,19.104285714285712,0.8074415797827709
2001-12-12,18.38,18.834285714285716,0.6541115384719702
2001-12-13,18.2,18.618571428571432,0.5592980294213498
2001-12-14,19.31,18.57428571428571,0.47229429888813507
2001-12-17,19.28,18.65857142857143,0.5436429150167661
2001-12-18,19.38,18.701428571428572,0.592070619983727
2001-12-19,19.37,18.851428571428567,0.612002956731317
2001-12-20,18.67,18.94142857142857,0.5107324339102124
2001-12-21,19.3,19.072857142857146,0.45781052433367103
2001-12-26,21.32,19.518571428571427,0.8321343755954882
2001-12-27,21.07,19.770000000000003,1.0062802790475451
2001-12-28,20.42,19.93285714285714,1.0060105083233997
2001-12-31,19.96,20.01571428571429,0.976334251897633
2002-01-02,21.13,20.267142857142858,1.0084264026311895
2002-01-03,20.65,20.55,0.723095198896013
2002-01-04,21.47,20.860000000000003,0.5398147830503668
2002-01-07,21.42,20.874285714285715,0.5551233239214649
2002-01-08,20.82,20.83857142857143,0.5484350028769799
2002-01-09,20.32,20.824285714285715,0.5622827622839146
2002-01-10,20.48,20.898571428571426,0.4527482218415191
2002-01-11,19.67,20.69,0.6299735444178803
2002-01-14,18.88,20.437142857142856,0.9316779537606537
2002-01-15,18.99,20.08285714285714,0.9448935440163275
2002-01-16,18.96,19.731428571428573,0.8129458483693557
2002-01-17,18.2,19.357142857142858,0.8311581134320536
2002-01-18,18.02,19.028571428571432,0.8416338984664473
2002-01-22,18.36,18.725714285714286,0.5698496042192759
2002-01-23,19.1,18.64428571428571,0.4378682123983052
2002-01-24,19.57,18.742857142857144,0.5603187868146414
2002-01-25,19.8,18.858571428571427,0.6887773847293069
2002-01-28,20.05,19.014285714285712,0.8252243562180255
2002-01-29,19.3,19.17142857142857,0.7451717603218244
2002-01-30,19.11,19.32714285714286,0.553766325138389
2002-01-31,19.71,19.520000000000003,0.36304269721354004
2002-02-01,20.4,19.705714285714286,0.43729689162925084
2002-02-04,20.02,19.770000000000003,0.4469899327725589
2002-02-05,20.06,19.807142857142853,0.4604966263254813
2002-02-06,19.77,19.767142857142858,0.44787328139831406
2002-02-07,19.75,19.83142857142857,0.39930892683187064
2002-02-08,20.25,19.994285714285716,0.2663867578575627
2002-02-11,21.29,20.22,0.5271305973537922
2002-02-12,20.76,20.271428571428572,0.5638979982060924
2002-02-13,21.19,20.43857142857143,0.6445781196882142
2002-02-14,21.19,20.599999999999998,0.6747592163133442
2002-02-15,21.47,20.842857142857145,0.6307327560255152
2002-02-19,20.77,20.98857142857143,0.4181876999394479
2002-02-20,20.31,20.997142857142858,0.40077900334660865
2002-02-21,20.81,20.928571428571427,0.382989493825434
2002-02-22,20.92,20.951428571428572,0.3759622574771607
2002-02-25,20.24,20.815714285714282,0.44128060395661134
2002-02-26,21.37,20.84142857142857,0.47097164003156183
2002-02-27,21.4,20.83142857142857,0.45590308076098274
2002-02-28,21.78,20.975714285714286,0.576970742841382
2002-03-01,22.37,21.27,0.6942621983081168
2002-03-04,22.55,21.518571428571427,0.8048069866209147
2002-03-05,23.18,21.841428571428573,0.9625214901741592
2002-03-06,23.32,22.28142857142857,0.7984449171443394
2002-03-07,23.62,22.602857142857143,0.8228955844190693
2002-03-08,23.87,22.955714285714286,0.7472361773636678
2002-03-11,24.36,23.32428571428571,0.7058058548644698
2002-03-12,24.55,23.635714285714283,0.6954340884854202
2002-03-13,24.14,23.862857142857145,0.5189962840484085
2002-03-14,24.48,24.048571428571428,0.4635525346493256
2002-03-15,24.47,24.212857142857143,0.3528793129706319
2002-03-18,25.03,24.414285714285715,0.3604098196414711
2002-03-19,25.02,24.57857142857143,0.3319351629153889
2002-03-20,24.92,24.65857142857143,0.33790672141826855
2002-03-21,25.74,24.82857142857143,0.5228903190086133
2002-03-22,25.56,25.031428571428574,0.48533248299099774
2002-03-25,25.69,25.204285714285714,0.4714819594573894
2002-03-26,25.75,25.38714285714286,0.3782289556018076
2002-03-27,25.79,25.495714285714286,0.3675530411977303
2002-03-28,26.21,25.665714285714284,0.38561021523509453
2002-04-01,26.82,25.937142857142856,0.43831930087797527
2002-04-02,27.75,26.224285714285713,0.7982450990100161
2002-04-03,27.55,26.50857142857143,0.8730870245165423
2002-04-04,26.64,26.64428571428571,0.7949812815993843
2002-04-05,26.21,26.71,0.7246378405784121
2002-04-08,26.16,26.762857142857143,0.6566509546087683
2002-04-09,25.45,26.654285714285713,0.8085554432196125
2002-04-10,26.15,26.55857142857143,0.8251551080731044
2002-04-11,24.93,26.155714285714286,0.8348624066835973
2002-04-12,23.51,25.57857142857143,1.0728533383984638
2002-04-15,24.53,25.277142857142856,1.0200443501088559
2002-04-16,24.92,25.092857142857145,0.9365310866111417
2002-04-17,25.94,25.06142857142857,0.8976344573634621
2002-04-18,25.86,25.12,0.9396098481099641
2002-04-19,26.43,25.16,0.9950879358119831
2002-04-22,26.28,25.352857142857143,1.0710075363206586
2002-04-23,26.28,25.74857142857143,0.7359444854828994
2002-04-24,26.28,25.99857142857143,0.5179584465758751
2002-04-25,26.36,26.204285714285714,0.21632207028763412
2002-04-26,27.12,26.37285714285714,0.37650649775985506
2002-04-29,27.45,26.6,0.4807286136669968
2002-04-30,27.32,26.72714285714286,0.5420551720276925
2002-05-01,26.58,26.77,0.5118267936175462
2002-05-02,26.31,26.774285714285714,0.5071441985208833
2002-05-03,26.75,26.84142857142857,0.4596893360873409
2002-05-06,26.11,26.805714285714284,0.5102567047673633
2002-05-07,26.79,26.75857142857143,0.4912714311312778
2002-05-08,27.76,26.802857142857142,0.5714226190149929
2002-05-09,27.78,26.868571428571425,0.660339018266941
2002-05-10,27.92,27.060000000000002,0.7507773749020059
2002-05-13,28.62,27.390000000000004,0.8651396804358612
2002-05-14,29.17,27.735714285714288,1.0338416568442597
2002-05-15,28.17,28.03,0.7474846709673543
2002-05-16,28.0,28.202857142857145,0.5174525513077899
2002-05-17,28.19,28.264285714285716,0.48030744122178815
2002-05-20,28.24,28.330000000000002,0.43204937989127373
2002-05-21,27.35,28.24857142857143,0.5576566617361793
2002-05-22,27.01,28.018571428571427,0.6942244730960309
2002-05-23,26.6,27.65142857142857,0.6626569894841652
2002-05-24,26.69,27.44,0.7044146506128217
2002-05-28,25.08,27.02285714285714,1.0812911153748404
2002-05-29,25.64,26.65857142857143,1.051687985595443
2002-05-30,24.78,26.164285714285715,0.9961736318334335
2002-05-31,25.37,25.881428571428575,0.877409607336277
2002-06-03,25.1,25.60857142857143,0.7566247103943956
2002-06-04,25.32,25.42571428571429,0.6192968362805263
2002-06-05,25.02,25.187142857142856,0.27956599016278955
2002-06-06,24.89,25.16,0.3001666203936819
2002-06-07,24.72,25.02857142857143,0.25261489606292703
2002-06-10,24.24,24.951428571428572,0.38757487755645775
2002-06-11,24.21,24.785714285714285,0.4249649845503709
2002-06-12,24.79,24.74142857142857,0.40230289465313207
2002-06-13,25.54,24.77285714285714,0.4595546498395355
2002-06-14,25.9,24.898571428571426,0.6279444925412718
2002-06-17,25.98,25.054285714285715,0.7489516482571903
2002-06-18,25.36,25.145714285714288,0.7403570567146225
2002-06-19,25.57,25.335714285714285,0.6318981231921459
2002-06-20,25.62,25.537142857142857,0.3927133936120293
2002-06-21,25.51,25.639999999999997,0.2212841310738456
2002-06-24,26.31,25.75,0.3286335345006832
2002-06-25,26.06,25.77285714285714,0.34591493586653427
2002-06-26,26.67,25.87142857142857,0.48509203839340215
2002-06-27,26.77,26.072857142857142,0.5281639355876827
2002-06-28,26.79,26.247142857142855,0.5358082457267315
2002-07-01,26.79,26.41428571428571,0.4879158787743469
2002-07-02,26.83,26.602857142857143,0.29848027772143726
2002-07-03,26.82,26.675714285714285,0.27651745832781705
2002-07-08,26.14,26.687142857142856,0.24689500370665815
2002-07-09,26.16,26.614285714285717,0.3178499196582524
2002-07-10,26.73,26.608571428571427,0.31493007538045625
2002-07-11,27.01,26.640000000000004,0.3455430508607858
2002-07-12,27.48,26.738571428571426,0.47107779157209256
2002-07-15,27.23,26.795714285714286,0.5069140999814902
2002-07-16,27.68,26.91857142857143,0.6079317004228847
2002-07-17,27.88,27.167142857142856,0.5920505126438557
2002-07-18,27.5,27.358571428571427,0.3964605306697563
2002-07-19,27.83,27.51571428571429,0.31553431629516365
2002-07-22,26.61,27.458571428571425,0.43571506635137813
2002-07-23,26.61,27.334285714285716,0.5401498910116553
2002-07-24,26.78,27.270000000000003,0.5799425258862709
2002-07-25,26.67,27.125714285714285,0.5865394883779124
2002-07-26,26.55,26.935714285714287,0.5121802138180205
2002-07-29,26.54,26.798571428571428,0.4619678405608156
2002-07-30,27.43,26.74142857142857,0.3142413388556183
2002-07-31,27.02,26.800000000000004,0.32372828112189583
2002-08-01,26.51,26.785714285714285,0.33550246610128726
2002-08-02,26.87,26.798571428571428,0.3369682760227681
2002-08-05,26.55,26.78142857142857,0.34748758113889594
2002-08-06,27.18,26.87142857142857,0.3589535054094581
2002-08-07,26.58,26.87714285714286,0.3530681844279662
2002-08-08,26.67,26.768571428571427,0.2590642501628333
2002-08-09,26.87,26.747142857142858,0.24032715796449988
2002-08-12,27.84,26.937142857142856,0.4531267036071819
2002-08-13,28.35,27.148571428571426,0.6965014613856395
2002-08-14,28.19,27.382857142857144,0.736290574109022
2002-08-15,28.99,27.641428571428573,0.9422035974488389
2002-08-16,29.24,28.02142857142857,0.978475490603674
2002-08-19,29.86,28.47714285714286,0.986977106888253
2002-08-20,30.12,28.94142857142857,0.8613831623490966
2002-08-21,30.37,29.302857142857142,0.8529500627359701
2002-08-22,30.11,29.554285714285715,0.7816831656278608
2002-08-23,29.99,29.81142857142857,0.5052863403176899
2002-08-26,29.23,29.845714285714283,0.4447792389780813
2002-08-27,28.84,29.78857142857143,0.5490424565049437
2002-08-28,28.31,29.56714285714286,0.7795878031720115
2002-08-29,28.83,29.382857142857144,0.7795878031720413
2002-08-30,28.97,29.182857142857138,0.6535215958084266
2002-09-03,27.76,28.84714285714286,0.6998265091111807
2002-09-04,28.28,28.602857142857143,0.5060208917177259
2002-09-05,29.06,28.57857142857143,0.4739700613385664
2002-09-06,29.51,28.674285714285713,0.5892044677016176
2002-09-09,29.8,28.88714285714286,0.6952628827918718
2002-09-10,29.62,29.0,0.7466592261517698
2002-09-11,29.77,29.114285714285717,0.8005801467848819
2002-09-12,28.95,29.284285714285716,0.5531984918870095
2002-09-13,29.83,29.505714285714284,0.36105665034636814
2002-09-16,29.14,29.517142857142858,0.3455292696544068
2002-09-17,29.08,29.455714285714286,0.3831821648067908
2002-09-18,29.57,29.42285714285714,0.3577575662203827
2002-09-19,29.49,29.404285714285713,0.3490872451971922
2002-09-20,29.65,29.38714285714286,0.33059110119290896
2002-09-23,30.85,29.658571428571427,0.5900403537428751
2002-09-24,30.79,29.795714285714286,0.7312057882424541
2002-09-25,30.69,30.017142857142854,0.7342278094622846
2002-09-26,30.31,30.192857142857143,0.6090898752957071
2002-09-27,30.53,30.330000000000002,0.5507570547260953
2002-09-30,30.59,30.487142857142857,0.41011032197161973
2002-10-01,30.71,30.638571428571428,0.1814229470365759
2002-10-02,30.59,30.601428571428574,0.1557164700498277
2002-10-03,29.73,30.45,0.343705300119931
2002-10-04,29.65,30.301428571428573,0.43525580874338216
2002-10-07,29.65,30.20714285714286,0.499790432269103
2002-10-08,29.56,30.06857142857143,0.5289747495973524
2002-10-09,29.31,29.885714285714283,0.5398103723462347
2002-10-10,28.96,29.635714285714283,0.498058133915419
2002-10-11,29.36,29.46,0.27006172133566403
2002-10-14,30.06,29.50714285714286,0.3437884177628913
2002-10-15,29.73,29.518571428571427,0.3505913371886403
2002-10-16,29.28,29.465714285714284,0.3553335120128015
2002-10-17,29.61,29.47285714285714,0.3580369760065591
2002-10-18,29.56,29.50857142857143,0.3514934125201421
2002-10-21,28.31,29.415714285714284,0.5502380437223203
2002-10-22,27.93,29.21142857142857,0.7883194904638194
2002-10-23,28.19,28.944285714285716,0.769455589855252
2002-10-24,27.87,28.678571428571427,0.7740462641504571
2002-10-25,27.09,28.365714285714287,0.9193812619145818
2002-10-28,27.25,28.028571428571432,0.8136835701787191
2002-10-29,26.81,27.63571428571429,0.5819180109143473
2002-10-30,26.85,27.427142857142858,0.5612401234663031
2002-10-31,27.18,27.32,0.519262297236529
2002-11-01,27.04,27.155714285714286,0.35364092630799
2002-11-04,26.89,27.015714285714285,0.17008401284858593
2002-11-05,26.06,26.868571428571425,0.3936762024546306
2002-11-06,25.72,26.65,0.5430162674035401
2002-11-07,25.36,26.442857142857143,0.7196460770328282
2002-11-08,25.83,26.297142857142855,0.7266983391950053
2002-11-11,26.02,26.131428571428568,0.6155872148168497
2002-11-12,26.19,26.009999999999998,0.47406047434026094
2002-11-13,25.28,25.78,0.350380745283051
2002-11-14,25.4,25.685714285714287,0.3512765834690698
2002-11-15,25.5,25.654285714285717,0.35748459840070124
2002-11-18,26.71,25.84714285714286,0.5056914172914463
2002-11-19,26.41,25.930000000000003,0.548148398396882
2002-11-20,27.0,26.07,0.6834227583750994
2002-11-21,27.07,26.195714285714285,0.7828762597585699
2002-11-22,27.73,26.545714285714286,0.8500364137848117
2002-11-25,27.01,26.775714285714287,0.6913719968970518
2002-11-26,26.6,26.93285714285714,0.42789072926228955
2002-11-27,26.87,26.955714285714286,0.4181649253106202
2002-12-02,27.27,27.078571428571426,0.352251263133367
2002-12-03,27.34,27.127142857142854,0.36289182436170125
2002-12-04,26.8,27.08857142857143,0.3837285747057631
2002-12-05,27.27,27.022857142857145,0.2812895474807471
2002-12-06,27.03,27.025714285714287,0.28123875638565765
2002-12-09,27.29,27.124285714285715,0.22179999570181858
2002-12-10,27.73,27.247142857142855,0.2862815796644989
2002-12-11,27.49,27.278571428571432,0.30091131425333423
2002-12-12,28.2,27.40142857142857,0.4624005684601866
2002-12-13,28.39,27.62857142857143,0.5061761409946606
2002-12-16,30.15,28.039999999999996,1.0473299384615409
2002-12-17,30.04,28.470000000000002,1.1738114556141797
2002-12-18,30.41,28.915714285714284,1.2414756964030902
2002-12-19,30.57,29.321428571428573,1.2534010873267254
2002-12-20,30.57,29.76142857142857,1.0227158056102577
2002-12-23,32.09,30.31714285714286,1.0876689797549102
2002-12-24,32.13,30.851428571428567,0.8824667807032505
2002-12-26,32.61,31.202857142857145,1.0334846279396337
2002-12-27,32.68,31.580000000000002,1.020016339736909
2002-12-30,31.41,31.722857142857144,0.8906685557419141
2002-12-31,31.21,31.814285714285717,0.778371315477897
2003-01-02,31.97,32.01428571428572,0.5524447828444695
2003-01-03,33.26,32.181428571428576,0.7282039222482558
2003-01-06,32.29,32.20428571428571,0.7288314195285653
2003-01-07,31.2,32.002857142857145,0.7902681883516807
2003-01-08,30.66,31.714285714285715,0.8668882500600353
2003-01-09,31.95,31.791428571428572,0.8592909590923465
2003-01-10,31.59,31.845714285714283,0.8278658736527212
2003-01-13,32.08,31.86142857142857,0.8316535450802176
2003-01-14,32.42,31.74142857142857,0.6331252791071652
2003-01-15,33.23,31.875714285714285,0.8360394157925668
2003-01-16,33.58,32.215714285714284,0.9859489023737595
2003-01-17,33.88,32.675714285714285,0.8851526637207292
2003-01-21,34.62,33.05714285714286,1.0751854767994078
2003-01-22,34.32,33.44714285714286,0.9410758787261883
2003-01-23,33.9,33.70714285714286,0.7276151520688651
2003-01-24,34.98,34.07285714285714,0.606044945682059
2003-01-27,32.43,33.95857142857143,0.8267290683030772
2003-01-28,32.7,33.832857142857144,0.9513974683871598
2003-01-29,33.54,33.784285714285716,0.9572505269912042
2003-01-30,33.78,33.66428571428571,0.8849455189021366
2003-01-31,33.51,33.54857142857143,0.8365490336559581
2003-02-03,32.84,33.39714285714286,0.8579960039846417
2003-02-04,33.61,33.20142857142857,0.5305163701943055
2003-02-05,33.91,33.41285714285714,0.46237482218103637
2003-02-06,34.36,33.65,0.46151923036468556
2003-02-07,35.05,33.86571428571428,0.6952423352747316
2003-02-10,34.46,33.96285714285714,0.7280044479169137
2003-02-11,35.43,34.23714285714286,0.8756657331349348
2003-02-12,35.83,34.66428571428571,0.8071319004710844
2003-02-13,36.63,35.09571428571429,0.9450195261252289
2003-02-14,36.61,35.48142857142857,0.9313149945338378
2003-02-18,36.88,35.84142857142857,0.9124404742466586
2003-02-19,37.02,36.12285714285714,0.9312664188366903
2003-02-20,36.45,36.40714285714286,0.5744189610840108
2003-02-21,36.76,36.597142857142856,0.3865968738269622
2003-02-24,37.29,36.80571428571428,0.28395170614763143
2003-02-25,36.06,36.72428571428572,0.4005353560226276
2003-02-26,37.96,36.917142857142856,0.6077475979818353
2003-02-27,36.83,36.910000000000004,0.6085501896547918
2003-02-28,36.76,36.87285714285714,0.6086519061439819
2003-03-03,36.1,36.82285714285714,0.6612794236826429
2003-03-04,36.95,36.85,0.6621681558805376
2003-03-05,36.86,36.78857142857142,0.6338882280890437
2003-03-06,37.21,36.95285714285715,0.5580834550967101
2003-03-07,37.76,36.92428571428571,0.5000285706078366
2003-03-10,37.18,36.97428571428571,0.5064864967835795
2003-03-11,36.81,36.98142857142857,0.5033033734337721
2003-03-12,37.87,37.23428571428571,0.4252394283507044
2003-03-13,36.05,37.105714285714285,0.6179227875908665
2003-03-14,35.41,36.89857142857142,0.8949567693711066
2003-03-17,34.92,36.57142857142857,1.1455919659183114
2003-03-18,31.55,35.684285714285714,2.088347489784946
2003-03-19,30.01,34.660000000000004,2.8514148534828743
2003-03-20,28.62,33.49,3.4414192808582698
2003-03-21,27.18,31.962857142857143,3.5441675763880833
2003-03-24,29.51,31.02857142857143,3.1243208785875307
2003-03-25,33.42,30.744285714285716,2.724107542803512
2003-03-26,28.71,29.857142857142858,2.0703116857583983
2003-03-27,30.31,29.68,1.9509314014928052
2003-03-28,30.21,29.708571428571428,1.958021353061544
2003-03-31,31.14,30.06857142857143,1.956181898250996
2003-04-01,29.48,30.397142857142857,1.538762644525674
2003-04-02,28.55,30.26,1.6683325008314547
2003-04-03,29.05,29.635714285714283,0.9530977064774582
2003-04-04,28.41,29.592857142857145,1.0068881812401873
2003-04-07,27.76,29.22857142857143,1.1546345536049067
2003-04-08,27.97,28.90857142857143,1.1476850405832073
2003-04-09,28.93,28.592857142857138,0.6091719594565044
2003-04-10,27.2,28.267142857142858,0.6629407787941195
2003-04-11,28.28,28.228571428571428,0.6514964459191666
2003-04-14,28.41,28.13714285714286,0.5547285908636015
2003-04-15,29.46,28.28714285714286,0.7488149367644068
2003-04-16,29.16,28.487142857142857,0.7711833825501145
2003-04-17,30.1,28.791428571428572,0.935778260261751
2003-04-21,30.76,29.052857142857142,1.1994264502341547
2003-04-22,29.92,29.44142857142857,0.9031136615685141
2003-04-23,28.04,29.407142857142855,0.9574743562386172
2003-04-24,27.52,29.28,1.1514049389032406
2003-04-25,25.92,28.774285714285714,1.7039841269094798
2003-04-28,25.25,28.215714285714284,2.1412290640563403
2003-04-29,25.32,27.532857142857146,2.2015048965472803
2003-04-30,26.09,26.865714285714287,1.7142331341136863
2003-05-01,26.05,26.312857142857144,1.06682885671598
2003-05-02,25.74,25.984285714285715,0.7547815830380525
2003-05-05,26.43,25.82857142857143,0.4259666877184702
2003-05-06,25.65,25.79,0.42852460061420933
2003-05-07,26.24,25.931428571428572,0.38137595499168814
2003-05-08,26.94,26.162857142857142,0.43610833079480343
2003-05-09,27.65,26.38571428571429,0.7070798432709064
2003-05-12,27.34,26.57,0.7702813338848333
2003-05-13,28.51,26.965714285714284,0.9607784542199188
2003-05-14,29.21,27.36285714285714,1.2372242357477894
2003-05-15,28.57,27.78,1.039999999998942
2003-05-16,29.07,28.184285714285714,0.8792014775311451
2003-05-19,28.84,28.455714285714286,0.707574663734901
2003-05-20,29.29,28.689999999999998,0.6666583332794528
2003-05-21,29.51,29.0,0.37501111094322914
2003-05-22,29.09,29.082857142857144,0.3065242940692753
2003-05-23,29.74,29.158571428571427,0.3956609900471966
2003-05-27,29.24,29.254285714285714,0.29871151873682544
2003-05-28,28.46,29.16714285714286,0.4240956765337856
2003-05-29,29.15,29.21142857142857,0.3997260966942866
2003-05-30,29.56,29.25,0.42103048187056125
2003-06-02,30.72,29.42285714285714,0.7009211626052766
2003-06-03,30.78,29.66428571428571,0.8436795825979477
2003-06-04,29.81,29.674285714285713,0.8451401687053527
2003-06-05,30.84,29.90285714285714,0.92106305042299
2003-06-06,31.26,30.30285714285714,0.7884735101369972
2003-06-09,31.36,30.618571428571432,0.6856731138413089
2003-06-10,31.72,30.927142857142858,0.6119562698327642
2003-06-11,32.17,31.134285714285713,0.7581085485771056
2003-06-12,31.41,31.224285714285717,0.7463434674636527
2003-06-13,30.63,31.341428571428573,0.5162502161852905
2003-06-16,31.14,31.384285714285713,0.4787782069242878
2003-06-17,31.08,31.35857142857143,0.49123750438189845
2003-06-18,30.28,31.204285714285714,0.6383013171110264
2003-06-19,29.86,30.93857142857143,0.7628330654287597
2003-06-20,30.63,30.718571428571426,0.5371973123333255
2003-06-23,30.22,30.548571428571424,0.4654183985528681
2003-06-24,30.05,30.465714285714284,0.498927421000108
2003-06-25,31.65,30.53857142857143,0.6330199726008003
2003-06-26,28.97,30.237142857142857,0.8098912331425147
2003-06-27,29.18,30.080000000000002,0.9017020941885362
2003-06-30,30.15,30.12142857142857,0.896556906008538
2003-07-01,30.41,30.09,0.8794505860653322
2003-07-02,30.29,30.1,0.8815705681702332
2003-07-03,30.39,30.148571428571426,0.887701687342993
2003-07-07,30.08,29.924285714285713,0.5953110431468537
2003-07-08,30.32,30.117142857142856,0.4304925197040343
2003-07-09,30.87,30.358571428571427,0.25576216630212667
2003-07-10,31.04,30.485714285714288,0.3416068472564376
2003-07-11,31.33,30.617142857142856,0.4630231918464712
2003-07-14,31.2,30.747142857142855,0.4831740295735416
2003-07-15,31.6,30.919999999999998,0.5464125425571978
2003-07-16,31.2,31.080000000000002,0.4051748593678873
2003-07-17,31.44,31.240000000000002,0.24419937209259984
2003-07-18,31.96,31.395714285714284,0.3081048059112767
2003-07-21,31.67,31.485714285714288,0.27736000329104143
2003-07-22,30.2,31.32428571428571,0.5639106649925217
2003-07-23,30.13,31.17142857142857,0.7251764973977409
2003-07-24,30.72,31.045714285714286,0.7146994040100835
2003-07-25,30.31,30.91857142857143,0.7603821094542603
2003-07-28,29.98,30.71,0.7930531718179661
2003-07-29,30.21,30.46,0.5807466458481905
2003-07-30,30.69,30.32,0.2814249455845855
2003-07-31,30.56,30.37142857142857,0.2886421412606988
2003-08-01,32.23,30.67142857142857,0.7377765825176985
2003-08-04,31.8,30.825714285714287,0.8534802700858102
2003-08-05,32.34,31.115714285714287,0.9839521862158858
2003-08-06,31.77,31.37142857142857,0.8650130744934909
2003-08-07,32.41,31.685714285714287,0.7667867400776442
2003-08-08,32.23,31.905714285714286,0.6446926177842591
2003-08-11,31.91,32.098571428571425,0.2653569025128096
2003-08-12,31.91,32.05285714285714,0.2665029259140078
2003-08-13,30.85,31.917142857142856,0.5291727596170809
2003-08-14,30.85,31.704285714285714,0.6222233560056215
2003-08-15,31.01,31.595714285714283,0.6730739717338572
2003-08-18,30.81,31.367142857142856,0.6200460812344628
2003-08-19,30.76,31.157142857142855,0.5199587895730425
2003-08-20,30.96,31.021428571428572,0.401099678855649
2003-08-21,31.78,31.002857142857145,0.3532569549034151
2003-08-22,31.64,31.115714285714287,0.41676760681747954
2003-08-25,31.43,31.198571428571427,0.41277227665877003
2003-08-26,32.01,31.34142857142857,0.5003808073637819
2003-08-27,31.18,31.39428571428571,0.45210091582776435
2003-08-28,31.41,31.487142857142857,0.3568246201158958
2003-08-29,31.76,31.601428571428574,0.2796085699294103
2003-09-02,29.57,31.285714285714285,0.8027215611648879
2003-09-03,29.43,30.970000000000002,1.0397595875956915
2003-09-04,28.87,30.604285714285716,1.2746745616401403
2003-09-05,28.93,30.164285714285715,1.2396754567597867
2003-09-08,28.85,29.831428571428575,1.234293705881375
2003-09-09,29.22,29.51857142857143,1.027755297908239
2003-09-10,29.41,29.18285714285714,0.29903814057973926
2003-09-11,28.86,29.08142857142857,0.2642239309977208
2003-09-12,28.26,28.914285714285715,0.35976182597131395
2003-09-15,28.15,28.811428571428568,0.46272484881617654
2003-09-16,27.6,28.621428571428574,0.6436207105472378
2003-09-17,27.0,28.357142857142858,0.873054299297349
2003-09-18,27.26,28.077142857142857,0.8644596440484195
2003-09-19,26.93,27.722857142857144,0.7239409341848327
2003-09-22,26.97,27.452857142857145,0.5639064427619859
2003-09-23,27.0,27.27285714285714,0.4536413519384249
2003-09-24,28.19,27.278571428571432,0.46659863449471284
2003-09-25,28.29,27.377142857142854,0.59971421765301
2003-09-26,28.21,27.55,0.6455230437389315
2003-09-29,28.35,27.705714285714286,0.6935862633875035
2003-09-30,29.19,28.02857142857143,0.791421265221924
2003-10-01,29.43,28.38,0.7891979050473293
2003-10-02,29.83,28.784285714285716,0.6820277888470224
2003-10-03,30.37,29.095714285714283,0.8439363550802541
2003-10-06,30.4,29.397142857142857,0.8840572056460125
2003-10-07,30.48,29.72142857142857,0.7870287705742993
2003-10-08,29.6,29.900000000000002,0.5207686626491275
2003-10-09,30.97,30.154285714285717,0.5500562741749234
2003-10-10,32.01,30.52285714285714,0.7940972712380219
2003-10-13,31.91,30.819999999999997,0.8765082239567324
2003-10-14,31.68,31.00714285714286,0.9038383757735011
2003-10-15,31.74,31.198571428571427,0.895682766968663
2003-10-16,31.51,31.345714285714283,0.8408895516607525
2003-10-17,30.61,31.49,0.5148786264712749
2003-10-20,30.37,31.404285714285713,0.6484817433247754
2003-10-21,30.19,31.14428571428571,0.7254391116826704
2003-10-22,30.0,30.87142857142857,0.7482742048951014
2003-10-23,30.31,30.675714285714285,0.6773442537531429
2003-10-24,29.99,30.42571428571429,0.524844648214248
2003-10-27,29.95,30.20285714285714,0.2434963576478492
2003-10-28,29.57,30.054285714285715,0.2695587222837309
2003-10-29,28.95,29.851428571428574,0.45965307828659124
2003-10-30,28.67,29.634285714285713,0.6081079164857837
2003-10-31,29.24,29.525714285714287,0.5997181877843764
2003-11-03,28.81,29.31142857142857,0.5375384814551873
2003-11-04,28.86,29.15,0.4645069070145669
2003-11-05,30.29,29.19857142857143,0.5682848045172237
2003-11-06,30.25,29.295714285714286,0.6878918796531708
2003-11-07,30.73,29.55,0.8489405161714609
2003-11-10,31.01,29.884285714285713,0.9036197050894527
2003-11-11,31.21,30.165714285714284,0.9735819969366765
2003-11-12,31.37,30.53142857142857,0.8527686003315841
2003-11-13,31.89,30.964285714285715,0.5921389798228589
2003-11-14,32.31,31.252857142857142,0.6924765768752155
2003-11-17,31.75,31.467142857142854,0.5472876844226972
2003-11-18,33.16,31.814285714285713,0.7389149058532306
2003-11-19,32.84,32.07571428571429,0.7306129194669482
2003-11-20,32.87,32.31285714285714,0.6696445396779713
2003-11-21,32.26,32.44,0.5309111664519256
2003-11-24,29.99,32.16857142857143,1.0704738603586
2003-11-25,30.02,31.841428571428573,1.336829938964242
2003-11-26,30.33,31.638571428571424,1.4554887904221494
2003-12-01,29.89,31.171428571428574,1.4098395720948775
2003-12-02,30.74,30.87142857142857,1.2040131307609365
2003-12-03,30.61,30.548571428571428,0.8208010025039645
2003-12-04,31.24,30.40285714285714,0.4903642960640725
2003-12-05,30.68,30.50142857142857,0.4620760605263249
2003-12-08,32.08,30.795714285714286,0.6994011043450405
2003-12-09,31.72,30.994285714285716,0.7412120061712022
2003-12-10,31.92,31.284285714285712,0.6251894950804295
2003-12-11,32.01,31.465714285714284,0.6251894950803876
2003-12-12,33.06,31.815714285714282,0.7413019434922836
2003-12-15,33.17,32.09142857142857,0.8433747401824049
2003-12-16,32.94,32.41428571428572,0.6145420284720958
2003-12-17,33.36,32.597142857142856,0.6849018003970462
2003-12-18,33.72,32.88285714285714,0.6750978764991761
2003-12-19,32.81,33.01,0.5322280213058909
2003-12-22,31.71,32.96714285714286,0.6293836743357248
2003-12-23,32.03,32.82,0.7181921748366309
2003-12-24,32.99,32.794285714285714,0.7067026046542834
2003-12-29,32.51,32.73285714285714,0.7106033653549194
2003-12-30,33.01,32.68285714285714,0.6702913367984735
2003-12-31,32.51,32.510000000000005,0.49003401242157524
2004-01-05,33.71,32.638571428571424,0.6677182182958927
2004-01-06,33.54,32.9,0.598191719543064
2004-01-07,33.57,33.12,0.5000333322187942
2004-01-08,34.27,33.30285714285714,0.6546936760961285
2004-01-09,34.38,33.57,0.6587614641606274
2004-01-12,34.92,33.84285714285715,0.7736862905511487
2004-01-13,34.26,34.09285714285714,0.5085179212050774
2004-01-14,34.62,34.222857142857144,0.510643851283229
2004-01-15,33.61,34.23285714285714,0.4955035918336347
2004-01-16,35.16,34.46,0.5053381705975066
2004-01-20,36.21,34.73714285714286,0.8186312618348068
2004-01-21,35.53,34.901428571428575,0.8498123042042995
2004-01-22,35.12,34.93,0.8538930456031336
2004-01-23,34.94,35.027142857142856,0.8020746907363729
2004-01-26,34.41,34.997142857142855,0.8234827317678588
2004-01-27,33.99,35.051428571428566,0.7232203115535756
2004-01-28,33.63,34.832857142857144,0.8955950402869342
2004-01-29,32.86,34.354285714285716,0.931394244179884
2004-01-30,33.16,34.01571428571428,0.8608688855403501
2004-02-02,34.02,33.85857142857143,0.7134757312227913
2004-02-03,34.2,33.75285714285714,0.566148222217564
2004-02-04,33.06,33.56,0.5340099874187773
2004-02-05,33.26,33.455714285714286,0.506618105438663
2004-02-06,32.49,33.292857142857144,0.613262159428463
2004-02-09,32.91,33.3,0.6076457301172435
2004-02-10,34.03,33.424285714285716,0.6608796446844658
2004-02-11,33.93,33.41142857142857,0.6481108076895352
2004-02-12,34.03,33.387142857142855,0.6160279832822876
2004-02-13,34.51,33.59428571428571,0.7223078093340107
2004-02-17,35.13,33.86142857142857,0.9016175939446618
2004-02-18,35.42,34.28,0.8366002629668468
2004-02-19,35.81,34.69428571428572,0.7596020261237847
2004-02-20,35.8,34.94714285714286,0.795376520598819
2004-02-23,35.75,35.207142857142856,0.6991116812449704
2004-02-24,35.85,35.46714285714286,0.4978190529899297
2004-02-25,37.28,35.862857142857145,0.6783734046868214
2004-02-26,35.45,35.90857142857143,0.629799665801376
2004-02-27,36.08,36.002857142857145,0.5927819803151637
2004-03-01,36.85,36.151428571428575,0.6626066850277681
2004-03-02,36.6,36.26571428571428,0.6608796446840797
2004-03-03,35.8,36.27285714285715,0.6546173000461107
2004-03-04,36.81,36.410000000000004,0.6518179704967451
2004-03-05,37.31,36.41428571428572,0.6585554176309438
2004-03-08,36.53,36.56857142857143,0.5031708977840008
2004-03-09,36.29,36.598571428571425,0.47463770644224273
2004-03-10,36.21,36.50714285714286,0.4797469571065115
2004-03-11,36.95,36.55714285714286,0.5084195867453206
2004-03-12,36.21,36.61571428571428,0.42311768034953
2004-03-15,37.44,36.705714285714286,0.5258598400946315
2004-03-16,37.36,36.712857142857146,0.5356838086529419
2004-03-17,38.21,36.95285714285715,0.7666532089888388
2004-03-18,37.81,37.17,0.7628673978237449
2004-03-19,38.09,37.43857142857143,0.6966210967065337
2004-03-22,37.12,37.462857142857146,0.6795026192145748
2004-03-23,37.81,37.691428571428574,0.39905841557752114
2004-03-24,37.06,37.63714285714286,0.46013455588495
2004-03-25,35.67,37.395714285714284,0.8808302360600331
2004-03-26,35.61,37.02428571428572,1.0177730123940387
2004-03-29,35.41,36.68142857142857,1.1091202004487195
2004-03-30,36.15,36.40428571428571,0.9257043650239539
2004-03-31,35.75,36.20857142857143,0.8934283886860468
2004-04-01,34.47,35.73142857142857,0.780350958891931
2004-04-02,34.39,35.35,0.6670332325524218
2004-04-05,34.29,35.152857142857144,0.754844670237864
2004-04-06,35.09,35.07857142857143,0.7274482472155654
2004-04-07,36.28,35.20285714285715,0.8564016636601277
2004-04-08,37.14,35.34428571428571,1.089034084907924
2004-04-12,37.79,35.635714285714286,1.4340136812775481
2004-04-13,37.09,36.01,1.4209034684532753
2004-04-14,36.62,36.32857142857143,1.234982166825407
2004-04-15,37.74,36.82142857142857,0.9387123906589796
2004-04-16,37.7,37.19428571428572,0.5899112120403596
2004-04-19,37.46,37.36285714285714,0.4327706970049347
2004-04-20,37.61,37.43,0.4288744960113423
2004-04-21,36.61,37.261428571428574,0.49116964385362527
2004-04-22,37.7,37.348571428571425,0.5094581622108756
2004-04-23,37.22,37.434285714285714,0.4065241748746968
2004-04-26,37.02,37.33142857142857,0.407366688676534
2004-04-27,37.49,37.30142857142857,0.38268475151655734
2004-04-28,37.23,37.26857142857143,0.3766266308206242
2004-04-29,37.5,37.25285714285714,0.36201815265649495
2004-04-30,37.31,37.35285714285715,0.2259582767964157
2004-05-03,38.26,37.432857142857145,0.40082058686249167
2004-05-04,38.86,37.66714285714285,0.6546173000459284
2004-05-05,39.69,38.048571428571435,0.9332636028349655
2004-05-06,39.41,38.32285714285714,1.0198646035230903
2004-05-07,39.98,38.715714285714284,1.0576839027283467
2004-05-10,38.9,38.91571428571428,0.9117904938950053
2004-05-11,40.3,39.34285714285714,0.7128514170936784
2004-05-12,40.3,39.63428571428572,0.6052508334763748
2004-05-13,40.94,39.93142857142857,0.6689899992098879
2004-05-14,41.42,40.17857142857143,0.8578350379741657
2004-05-17,41.53,40.48142857142857,0.9136817201353107
2004-05-18,40.32,40.529999999999994,0.89134729482684
2004-05-19,41.61,40.917142857142856,0.6092813877994885
2004-05-20,40.92,41.005714285714284,0.5464386864875913
2004-05-21,39.83,40.93857142857143,0.6638631528480421
2004-05-24,42.03,41.09428571428572,0.7816405214399619
2004-05-25,41.45,41.098571428571425,0.7838033037967174
2004-05-26,40.6,40.965714285714284,0.7772785245695124
2004-05-27,39.25,40.81285714285714,0.9990114161103916
2004-05-28,39.9,40.56857142857143,0.9805003581723355
2004-06-01,42.33,40.769999999999996,1.1876727944437206
2004-06-02,39.96,40.78857142857142,1.1714297328660837
2004-06-03,39.29,40.39714285714286,1.1449558111643254
2004-06-04,38.44,39.96714285714285,1.2445308926870229
2004-06-07,38.72,39.69857142857143,1.2873154051654196
2004-06-08,37.18,39.402857142857144,1.6058716665783435
2004-06-09,37.6,39.074285714285715,1.7185445115243823
2004-06-10,38.45,38.519999999999996,0.9451454914432051
2004-06-14,37.58,38.18,0.7483982896796775
2004-06-15,37.18,37.878571428571426,0.6445264041990812
2004-06-16,37.33,37.720000000000006,0.6194352266343398
2004-06-17,38.51,37.69,0.5656854249452962
2004-06-18,38.68,37.90428571428571,0.621633792054519
2004-06-21,37.69,37.917142857142856,0.6151887050756464
2004-06-22,38.11,37.86857142857143,0.5784297298518342
2004-06-23,37.56,37.86571428571428,0.5801395562771241
2004-06-24,37.81,37.955714285714286,0.49926135916712516
2004-06-25,37.34,37.95714285714286,0.4971825380943854
2004-06-28,36.25,37.63428571428572,0.7485732460871483
2004-06-29,35.6,37.19428571428572,0.9175848215601174
2004-06-30,36.92,37.08428571428571,0.8941076956520367
2004-07-01,38.56,37.14857142857143,0.9910672458062071
2004-07-02,38.37,37.26428571428572,1.0895084081475315
2004-07-06,39.56,37.51428571428572,1.3938658130384958
2004-07-07,39.18,37.777142857142856,1.5230311255911133
2004-07-08,40.27,38.35142857142858,1.6068232486419893
2004-07-09,39.9,38.965714285714284,1.1311919545729594
2004-07-12,39.3,39.30571428571428,0.682540771498091
2004-07-13,39.55,39.44714285714286,0.5998253714088454
2004-07-14,40.98,39.82,0.6291528696021004
2004-07-15,40.7,39.98285714285714,0.6947592937022701
2004-07-16,41.1,40.25714285714286,0.703910843918204
2004-07-19,41.55,40.44,0.8573408501456528
2004-07-20,40.86,40.57714285714285,0.8330008860653124
2004-07-21,40.63,40.76714285714286,0.6167580369849837
2004-07-22,41.51,41.04714285714285,0.3660470955840662
2004-07-23,41.82,41.167142857142856,0.4647477554389203
2004-07-26,41.45,41.27428571428572,0.4237474539828295
2004-07-27,41.83,41.378571428571426,0.4618235078208603
2004-07-28,42.81,41.55857142857143,0.7155983177565067
2004-07-29,42.69,41.82,0.7512434137226255
2004-07-30,43.72,42.26142857142857,0.8382606708988927
2004-08-02,43.83,42.59285714285714,0.9436580292591953
2004-08-03,44.13,42.92285714285715,1.0284407985807025
2004-08-04,42.73,43.10571428571428,0.8144498581394624
2004-08-05,44.39,43.47142857142857,0.7148060009837633
2004-08-06,43.95,43.63428571428572,0.6672794802454733
2004-08-09,44.86,43.94428571428572,0.6594911458263113
2004-08-10,44.51,44.057142857142864,0.6819265426118312
2004-08-11,44.72,44.184285714285714,0.714699404008384
2004-08-12,45.52,44.382857142857134,0.8727297077857626
2004-08-13,46.61,44.93714285714286,0.8801082184510569
2004-08-16,46.02,45.17,0.9256709278470727
2004-08-17,46.75,45.57,0.9155326318567537
2004-08-18,47.36,45.92714285714285,1.0674223513609762
2004-08-19,48.66,46.519999999999996,1.2803775484836972
2004-08-20,47.6,46.93142857142857,1.0470343606469492
2004-08-23,46.0,47.0,0.9504560308931054
2004-08-24,45.68,46.86714285714286,1.0713653949602022
2004-08-25,43.83,46.55428571428571,1.565693213273177
2004-08-26,43.06,46.027142857142856,2.0385837754476257
2004-08-27,43.11,45.42,2.20180986160504
2004-08-30,42.32,44.51428571428572,1.9346822059681694
2004-08-31,42.23,43.747142857142855,1.529419435445525
2004-09-01,43.89,43.44571428571429,1.1792491557865532
2004-09-02,44.04,43.21142857142858,0.7439406018240753
2004-09-03,43.94,43.22714285714285,0.7601691541044592
2004-09-07,43.18,43.24428571428571,0.7571185979906423
2004-09-08,42.77,43.19571428571429,0.7777929703697855
2004-09-09,44.53,43.51142857142857,0.8109136528482358
2004-09-10,42.84,43.598571428571425,0.6709552536314607
2004-09-13,43.86,43.59428571428572,0.6688761007017248
2004-09-14,44.62,43.67714285714286,0.7626426486359817
2004-09-15,43.83,43.66142857142857,0.7574392950652767
2004-09-16,44.03,43.78285714285715,0.735203243680612
2004-09-17,45.63,44.191428571428574,0.8622340859895662
2004-09-20,46.33,44.44857142857143,1.187201591576693
2004-09-21,47.11,45.05857142857143,1.3132457065259462
2004-09-22,48.41,45.708571428571425,1.6924186693532492
2004-09-23,48.37,46.24428571428571,1.8741652109911877
2004-09-24,48.86,46.962857142857146,1.7546957408198893
2004-09-27,49.56,47.75285714285714,1.4287840317969804
2004-09-28,49.76,48.34285714285714,1.2472598537799968
2004-09-29,49.53,48.800000000000004,0.9335237900882708
2004-09-30,49.56,49.14999999999999,0.5905929224043115
2004-10-01,50.16,49.4,0.5955109850601987
2004-10-04,49.85,49.611428571428576,0.3992671858646741
2004-10-05,51.08,49.92857142857143,0.5544495339598196
2004-10-06,51.98,50.27428571428571,0.9201785540983385
2004-10-07,52.56,50.674285714285716,1.2193147958679351
2004-10-08,53.4,51.22714285714286,1.4663414141498456
2004-10-11,53.65,51.811428571428564,1.505660747216332
2004-10-12,53.49,52.287142857142854,1.4205833811680486
2004-10-13,53.86,52.86,1.0283806039887717
2004-10-14,54.69,53.37571428571429,0.8816812943209668
2004-10-15,54.89,53.79142857142857,0.795768571282609
2004-10-18,53.59,53.938571428571436,0.601676229967427
2004-10-19,53.28,53.92142857142857,0.6209784905355556
2004-10-20,54.93,54.104285714285716,0.7098323074891825
2004-10-21,54.51,54.25,0.6660580555228132
2004-10-22,55.83,54.53142857142857,0.8613638134035401
2004-10-25,55.52,54.65,0.940336819084944
2004-10-26,56.37,54.861428571428576,1.1469732425131163
2004-10-27,52.52,54.708571428571425,1.3901729936861815
2004-10-28,50.95,54.37571428571429,1.953883800218269
2004-10-29,51.78,53.925714285714285,2.1571188898054356
2004-11-01,50.1,53.29571428571428,2.5637008220062465
2004-11-02,49.6,52.40571428571429,2.6180899980880987
2004-11-03,50.9,51.74571428571428,2.2599989464796257
2004-11-04,48.8,50.66428571428571,1.2749098941059125
2004-11-05,49.65,50.25428571428571,1.0133090535908533
2004-11-08,49.1,49.99,1.0424490395189487
2004-11-09,47.4,49.36428571428571,1.1017842671878262
2004-11-10,48.7,49.16428571428572,1.072658024763392
2004-11-11,47.5,48.864285714285714,1.2147408110742521
2004-11-12,47.3,48.35000000000001,0.9403013701259895
2004-11-15,46.95,48.08571428571429,1.0467068539421192
2004-11-16,46.1,47.57857142857143,1.0221941852579521
2004-11-17,46.85,47.25714285714286,0.7918483500759808
2004-11-18,46.3,47.1,0.8645808232862084
2004-11-19,48.9,47.128571428571426,0.9272976611505089
2004-11-22,48.48,47.26857142857143,1.0575510794796263
2004-11-23,48.74,47.47428571428572,1.19571257893475
2004-11-24,49.14,47.787142857142854,1.3161144110035916
2004-11-29,49.71,48.30285714285714,1.250476099805435
2004-11-30,49.16,48.63285714285714,1.09876770801866
2004-12-01,45.56,48.527142857142856,1.3641690301613112
2004-12-02,43.31,47.728571428571435,2.372807258440615
2004-12-03,42.56,46.88285714285714,3.0255617345408887
2004-12-06,42.96,46.05714285714286,3.2169173354084624
2004-12-07,41.51,44.96714285714285,3.2900644081109185
2004-12-08,41.96,43.86000000000001,2.6744158240622453
2004-12-09,42.41,42.895714285714284,1.3177361539485863
2004-12-10,40.71,42.202857142857134,0.8885515232773571
2004-12-13,41.06,41.881428571428565,0.8260635280507691
2004-12-14,41.76,41.76714285714286,0.7699721701801207
2004-12-15,44.21,41.94571428571429,1.1459036774921185
2004-12-16,44.16,42.324285714285715,1.3897584579426931
2004-12-17,46.31,42.94571428571429,2.0264324739362025
2004-12-20,45.57,43.39714285714285,2.2290484837373388
2004-12-21,45.76,44.11857142857143,2.022007489033809
2004-12-22,44.05,44.54571428571428,1.5222664806431656
2004-12-23,42.19,44.607142857142854,1.3944259785009372
2004-12-27,41.26,44.185714285714276,1.8916029987173384
2004-12-28,41.78,43.84571428571429,2.0994670525532078
2004-12-29,43.69,43.471428571428575,1.7989573699902395
2004-12-30,43.36,43.15571428571428,1.5453247462663569
2005-01-03,42.16,42.64142857142857,1.0556108590332636
2005-01-04,43.96,42.628571428571426,1.0359605618501835
2005-01-05,43.41,42.80285714285714,1.0523737340817292
2005-01-06,45.51,43.410000000000004,1.2256154916318263
2005-01-07,45.32,43.91571428571428,1.17002645472504
2005-01-10,45.31,44.14714285714285,1.273573898988588
2005-01-11,45.66,44.47571428571429,1.3320017159985391
2005-01-12,46.46,45.089999999999996,1.0471230427514615
2005-01-13,48.11,45.682857142857145,1.4119692428843813
2005-01-14,48.41,46.39714285714285,1.3330380625416316
2005-01-18,48.46,46.81857142857143,1.4655536902624366
2005-01-19,47.61,47.145714285714284,1.3240450287242618
2005-01-20,47.01,47.388571428571424,1.0609968358616617
2005-01-21,48.31,47.76714285714285,0.7759019329257701
2005-01-24,48.61,48.074285714285715,0.5706095320701795
2005-01-25,49.43,48.262857142857136,0.7682602485602807
2005-01-26,48.8,48.31857142857143,0.7944060374739375
2005-01-27,48.8,48.367142857142845,0.8146310879888491
2005-01-28,47.15,48.30142857142857,0.8999708989971346
2005-01-31,48.25,48.478571428571435,0.7041408138351047
2005-02-01,47.1,48.30571428571428,0.8791825207293374
2005-02-02,46.65,48.02571428571429,1.0596989689322183
2005-02-03,46.4,47.59285714285714,1.0080627342505033
2005-02-04,46.45,47.25714285714285,0.9271050692979477
2005-02-07,45.35,46.76428571428572,0.8863381059671361
2005-02-08,45.4,46.51428571428572,0.9990471650975377
2005-02-09,45.45,46.114285714285714,0.7057586259405196
2005-02-10,47.05,46.107142857142854,0.6942793454496694
2005-02-11,47.15,46.17857142857143,0.7798809432910215
2005-02-14,47.5,46.33571428571429,0.9285805860323076
2005-02-15,47.3,46.457142857142856,0.9989279968302697
2005-02-16,48.35,46.885714285714286,1.084632920126781
2005-02-17,47.5,47.185714285714276,0.8754590632478116
2005-02-18,48.45,47.61428571428571,0.5625198409147173
2005-02-22,51.0,48.17857142857143,1.3425278218253323
2005-02-23,51.73,48.832857142857144,1.7968649947945137
2005-02-24,52.05,49.48285714285714,2.0407654959641617
2005-02-25,52.2,50.18285714285714,2.0073341715281194
2005-02-28,51.75,50.66857142857143,1.898310025358064
2005-03-01,51.67,51.26428571428572,1.2974572201383734
2005-03-02,53.0,51.91428571428571,0.6103784930318531
2005-03-03,53.6,52.285714285714285,0.7388472359623148
2005-03-04,53.7,52.56714285714286,0.8575491100714743
2005-03-07,53.9,52.83142857142857,0.9515325983423659
2005-03-08,54.55,53.167142857142856,1.0953190446247532
2005-03-09,54.75,53.59571428571429,1.0335836870273687
2005-03-10,53.52,53.86,0.6080296045373436
2005-03-11,54.4,54.06,0.49836399013220734
2005-03-14,54.9,54.24571428571429,0.5389451778759352
2005-03-15,55.05,54.43857142857143,0.5524921891225519
2005-03-16,56.5,54.81,0.896771988854356
2005-03-17,56.4,55.074285714285715,1.0643285386049859
2005-03-18,56.8,55.36714285714286,1.229454001925618
2005-03-21,56.7,55.82142857142857,0.9991067439007935
2005-03-22,55.95,56.04285714285714,0.7791173271834981
2005-03-23,49.43,55.26142857142857,2.6391755566921677
2005-03-24,49.7,54.49714285714286,3.381009288587898
2005-03-28,54.06,54.14857142857142,3.2638547178208586
2005-03-29,54.26,53.84285714285715,3.1146359567132427
2005-03-30,53.96,53.43714285714286,2.8379142240122492
2005-03-31,55.31,53.23857142857143,2.6111263761784613
2005-04-01,57.26,53.425714285714285,2.871781428211845
2005-04-04,56.86,54.487142857142864,2.4974968420769423
2005-04-05,55.83,55.362857142857145,1.3505148929886879
2005-04-06,55.88,55.62285714285714,1.2274732079292934
2005-04-07,54.16,55.60857142857143,1.2464139035815411
2005-04-08,53.46,55.537142857142854,1.3652925728639893
2005-04-11,53.71,55.308571428571426,1.5332582797346086
2005-04-12,51.54,54.49142857142857,1.8177497863314758
2005-04-13,50.21,53.54142857142857,2.090784769500403
2005-04-14,51.11,52.86714285714286,1.9882967106339424
2005-04-15,50.61,52.114285714285714,1.6212017882081298
2005-04-18,50.52,51.59428571428571,1.427922233441286
2005-04-19,52.33,51.432857142857145,1.2323245552685662
2005-04-20,52.45,51.252857142857145,0.8882701219324477
2005-04-21,52.49,51.38857142857143,1.0044306608099025
2005-04-22,54.16,51.952857142857134,1.2984697953814037
2005-04-25,53.16,52.24571428571429,1.3078335411750843
2005-04-26,54.33,52.777142857142856,1.2880439211653802
2005-04-27,51.37,52.89857142857143,1.0595978572277114
2005-04-28,51.92,52.839999999999996,1.1065562193854448
2005-04-29,49.2,52.37571428571429,1.7764839537944637
2005-05-02,50.94,52.15428571428571,1.8547403874278188
2005-05-03,49.6,51.50285714285714,1.8335458751240787
2005-05-04,50.22,51.082857142857144,1.724149203573914
2005-05-05,51.12,50.62428571428571,0.9850187332005572
2005-05-06,51.3,50.614285714285714,0.9765049435389618
2005-05-09,52.04,50.631428571428565,1.0039161414389872
2005-05-10,51.76,50.997142857142855,0.8500532196189711
2005-05-11,50.39,50.91857142857143,0.8810680747678122
2005-05-12,48.83,50.80857142857143,1.095177741605627
2005-05-13,48.65,50.58428571428571,1.3636575467308625
2005-05-16,48.64,50.230000000000004,1.5150357531515504
2005-05-17,48.97,49.89714285714285,1.4966152287249106
2005-05-18,46.99,49.175714285714285,1.508618099925486
2005-05-19,47.0,48.49571428571429,1.1884143096676425
2005-05-20,47.25,48.04714285714285,0.9155092259783132
2005-05-23,48.68,48.02571428571429,0.895672133887641
2005-05-24,49.14,48.09571428571429,0.9687596389659847
2005-05-25,50.37,48.34285714285714,1.296118748231838
2005-05-26,50.89,48.61714285714286,1.6149067494806184
2005-05-27,51.65,49.28285714285715,1.784000320305848
2005-05-31,52.08,50.00857142857143,1.7331034646096068
2005-06-01,54.4,51.029999999999994,1.9319075202143698
2005-06-02,53.46,51.712857142857146,1.803327611995287
2005-06-03,55.08,52.56142857142857,1.7883645095566347
2005-06-06,54.46,53.145714285714284,1.6125534321140105
2005-06-07,53.84,53.56714285714286,1.2749210993304254
2005-06-08,52.51,53.690000000000005,1.0869682608034545
2005-06-09,54.36,54.01571428571429,0.8369758487690353
2005-06-10,53.55,53.894285714285715,0.8335837718885766
2005-06-13,55.47,54.18142857142857,0.9904784798478395
2005-06-14,55.03,54.17428571428571,0.9830709900219012
2005-06-15,55.53,54.32714285714286,1.109905615890171
2005-06-16,56.48,54.70428571428571,1.3412165763798003
2005-06-17,58.4,55.54571428571428,1.5642128706655989
2005-06-20,59.19,56.23571428571429,1.9673489534792459
2005-06-21,58.9,57.0,1.7804119373506275
2005-06-22,58.27,57.39999999999999,1.691705254073712
2005-06-23,59.23,58.0,1.4366163950966813
2005-06-24,59.63,58.58571428571428,1.0438527537073752
2005-06-27,59.78,59.057142857142864,0.5736350258230569
2005-06-28,58.32,59.04571428571428,0.5894872671136462
2005-06-29,57.23,58.76571428571429,0.8955604789306343
2005-06-30,56.63,58.441428571428574,1.1985606447074468
2005-07-01,59.11,58.56142857142857,1.2203883066637127
2005-07-05,59.71,58.63,1.276414248325063
2005-07-06,61.24,58.86000000000001,1.592545132796522
2005-07-07,60.76,59.0,1.7245095921238642
2005-07-08,59.71,59.19857142857143,1.713149424999123
2005-07-11,59.23,59.48428571428571,1.4811916052362804
2005-07-12,60.49,60.035714285714285,0.8061814754894879
2005-07-13,60.0,60.16285714285715,0.6988970903151427
2005-07-14,57.83,59.894285714285715,1.1301158811182814
2005-07-15,58.36,59.48285714285714,1.081753426703304
2005-07-18,57.12,58.962857142857146,1.2301993644057727
2005-07-19,57.61,58.66285714285714,1.2729455904257567
2005-07-20,56.73,58.30571428571428,1.428505712772087
2005-07-21,57.31,57.85142857142857,1.0816257604681099
2005-07-22,57.75,57.529999999999994,0.5307541803829157
2005-07-25,58.16,57.57714285714285,0.574680035194439
2005-07-26,59.05,57.67571428571428,0.7604791722476728
2005-07-27,59.12,57.96142857142858,0.882768912215918
2005-07-28,59.91,58.29,1.1249740737726255
2005-07-29,60.71,58.85857142857143,1.2078414433918223
2005-08-01,61.51,59.458571428571425,1.3456897682507718
2005-08-02,61.87,60.04714285714285,1.3745388837173655
2005-08-03,60.76,60.41857142857143,1.1043312994936985
2005-08-04,61.6,60.78285714285715,0.9925676179406019
2005-08-05,62.44,61.25714285714286,0.8482867888775927
2005-08-08,63.92,61.82999999999999,1.1027541279271769
2005-08-09,63.13,62.175714285714285,1.0720207887080944
2005-08-10,64.8,62.645714285714284,1.401949323176712
2005-08-11,65.67,63.18857142857143,1.7452070418839536
2005-08-12,66.71,64.03857142857143,1.8128929787427162
2005-08-15,66.21,64.69714285714285,1.6047815457305912
2005-08-16,66.11,65.22142857142856,1.3184135488183961
2005-08-17,63.29,65.13142857142857,1.4381287444828879
2005-08-18,63.47,65.17999999999999,1.3630480549098916
2005-08-19,65.51,65.28142857142858,1.3564589755590053
2005-08-22,65.46,65.25142857142858,1.348733091599145
2005-08-23,65.81,65.12285714285714,1.2236109714764143
2005-08-24,67.1,65.24999999999999,1.3902877399997593
2005-08-25,67.29,65.41857142857143,1.5716491187203938
2005-08-26,66.05,65.81285714285714,1.264920475570476
2005-08-29,67.41,66.37571428571428,0.8606558960596176
2005-08-30,69.91,67.00428571428571,1.4955696478005178
2005-08-31,68.63,67.45714285714286,1.428457376397367
2005-09-01,69.5,67.98428571428572,1.3998792464907324
2005-09-02,66.91,67.95714285714286,1.4215568259895082
2005-09-06,65.83,67.74857142857142,1.6278864474243426
2005-09-07,64.38,67.50999999999999,1.9984910974683463
2005-09-08,64.8,67.13714285714285,2.2481378537619494
2005-09-09,64.21,66.32285714285715,2.1040731473780574
2005-09-12,63.29,65.55999999999999,2.0962029163848306
2005-09-13,63.18,64.65714285714286,1.3415875457273558
2005-09-14,65.2,64.41285714285713,0.9661558584673349
2005-09-15,64.64,64.24285714285713,0.7573795676656611
2005-09-16,62.91,64.03285714285714,0.902842073408979
2005-09-19,67.21,64.37714285714286,1.50370336486869
2005-09-20,66.24,64.66714285714285,1.6543046302049134
2005-09-21,66.96,65.19142857142857,1.725151477129244
2005-09-22,67.07,65.74714285714285,1.5905105499547607
2005-09-23,64.67,65.67142857142856,1.63294650423946
2005-09-26,65.98,65.86285714285714,1.5691793426875704
2005-09-27,64.94,66.15285714285714,1.026120757765574
2005-09-28,66.36,66.03142857142858,0.9255345945494806
2005-09-29,66.83,66.11571428571429,0.9733251793493748
2005-09-30,66.21,66.00857142857143,0.9036855753198708
2005-10-03,65.36,65.76428571428572,0.7933233292646151
2005-10-04,63.74,65.63142857142857,1.0450586677508598
2005-10-05,62.56,65.14285714285714,1.5380801267112352
2005-10-06,61.81,64.69571428571429,1.9942154442508984
2005-10-07,61.81,64.04571428571428,2.1000544210620213
2005-10-10,60.71,63.17142857142857,2.020127294431678
2005-10-11,63.84,62.83285714285715,1.57570845744088
2005-10-12,64.13,62.65714285714286,1.2895181824428517
2005-10-13,63.05,62.558571428571426,1.2172979445098304
2005-10-14,62.61,62.565714285714286,1.217454409039127
2005-10-17,64.26,62.91571428571428,1.3124513596404819
2005-10-18,62.94,63.07714285714285,1.2200234189763424
2005-10-19,62.11,63.277142857142856,0.8147333773597717
2005-10-20,61.04,62.877142857142864,1.1218097623263603
2005-10-21,61.05,62.43714285714285,1.1521243319121701
2005-10-24,60.63,62.09142857142857,1.2921484508527676
2005-10-25,62.83,62.12285714285714,1.309423719116186
2005-10-26,60.85,61.635714285714286,0.9728969993900458
2005-10-27,61.03,61.362857142857145,0.7983047514477548
2005-10-28,61.3,61.24714285714286,0.7275235227702691
2005-10-31,59.8,61.06999999999999,0.9135462039000857
2005-11-01,59.85,60.89857142857143,1.0238559236408928
2005-11-02,59.75,60.77285714285714,1.112515382448293
2005-11-03,61.7,60.61142857142857,0.8032730662988888
2005-11-04,60.6,60.57571428571429,0.7964265428078339
2005-11-07,59.4,60.34285714285714,0.8757989549647871
2005-11-08,59.7,60.11428571428571,0.7888357907419716
2005-11-09,59.65,60.09285714285715,0.8007437019321995
2005-11-10,57.8,59.800000000000004,1.1863810517677753
2005-11-11,57.45,59.471428571428575,1.4837613079741743
2005-11-14,57.6,58.88571428571429,1.247903002943545
2005-11-15,57.05,58.378571428571426,1.1528432760098974
2005-11-16,57.85,58.15714285714286,1.0698241956122612
2005-11-17,56.2,57.65714285714285,1.0461949194664495
2005-11-18,56.3,57.17857142857143,0.6872997543827223
2005-11-21,57.75,57.17142857142857,0.6799859942488157
2005-11-22,58.3,57.292857142857144,0.802822402226922
2005-11-23,58.35,57.4,0.8953584012339773
2005-11-28,57.36,57.44428571428572,0.8827392431642361
2005-11-29,56.46,57.24571428571428,0.9312689755143252
2005-11-30,57.33,57.40714285714286,0.809808913376528
2005-12-01,58.46,57.715714285714284,0.7246805535927539
2005-12-02,59.31,57.93857142857143,0.9437412881935469
2005-12-05,59.91,58.16857142857142,1.2061982779410199
2005-12-06,59.96,58.39857142857143,1.3865716542517923
2005-12-07,59.21,58.66285714285714,1.3308107088728833
2005-12-08,60.66,59.26285714285715,1.0986615233322592
2005-12-09,59.41,59.559999999999995,0.6964194138546291
2005-12-12,61.36,59.97428571428571,0.789363818583596
2005-12-13,61.36,60.26714285714286,0.8772250620664348
2005-12-14,60.86,60.40285714285715,0.8862037817854312
2005-12-15,60.01,60.410000000000004,0.8822320178541423
2005-12-16,58.01,60.23857142857143,1.209978354782131
2005-12-19,57.31,59.76,1.6114175953676007
2005-12-20,57.81,59.53142857142858,1.7745556117071233
2005-12-21,58.56,59.13142857142857,1.6007438746953115
2005-12-22,58.08,58.66285714285714,1.2894664825102646
2005-12-23,58.08,58.26571428571428,0.8548461292861242
2005-12-27,58.16,58.00142857142857,0.379536057629798
2005-12-28,59.81,58.25857142857143,0.7823347231468025
2005-12-29,60.26,58.68,0.960468635611588
2005-12-30,61.06,59.144285714285715,1.2202166084028616
2006-01-03,63.11,59.794285714285714,1.886865629756274
2006-01-04,63.41,60.55571428571428,2.138448480734469
2006-01-05,62.81,61.23142857142857,1.9661419800482263
2006-01-06,64.21,62.09571428571428,1.7031133955462066
2006-01-09,63.56,62.631428571428565,1.4326133296792483
2006-01-10,63.41,63.08142857142857,0.9898893637041847
2006-01-11,63.91,63.488571428571426,0.4689146536148089
2006-01-12,63.96,63.61,0.4645786621521522
2006-01-13,63.86,63.674285714285716,0.46342410894952135
2006-01-17,66.36,64.18142857142857,0.9961831921763817
2006-01-18,65.76,64.40285714285714,1.16204868351155
2006-01-19,66.86,64.87428571428572,1.4067439608622339
2006-01-20,68.16,65.55285714285715,1.6981432437177608
2006-01-23,68.06,66.14571428571429,1.7525491637675636
2006-01-24,66.83,66.55571428571429,1.4687166409564492
2006-01-25,65.6,66.80428571428571,1.0129800449280353
2006-01-26,65.8,66.7242857142857,1.074179642683539
2006-01-27,67.81,67.01714285714286,1.046561262508947
2006-01-30,68.36,67.23142857142857,1.1567833068649753
2006-01-31,67.86,67.18857142857142,1.1216717964901624
2006-02-01,66.61,66.98142857142857,1.0664493826282286
2006-02-02,64.71,66.67857142857143,1.3734558428922259
2006-02-03,65.41,66.65142857142857,1.399945577171291
2006-02-06,65.11,66.55285714285715,1.4912043710317877
2006-02-07,63.01,65.86714285714285,1.8718147547725645
2006-02-08,62.51,65.03142857142858,1.8792412349247178
2006-02-09,62.66,64.28857142857143,1.578463689490937
2006-02-10,62.01,63.631428571428565,1.3981705734189354
2006-02-13,61.26,63.138571428571424,1.5539887233743375
2006-02-14,59.61,62.309999999999995,1.682012683263791
2006-02-15,57.61,61.23857142857143,1.9659300476808563
2006-02-16,58.61,60.61,2.008108562800688
2006-02-17,59.76,60.21714285714286,1.8360801932878315
2006-02-21,61.21,60.01,1.5782374134859176
2006-02-22,59.03,59.58428571428572,1.33146356994421
2006-02-23,58.03,59.12285714285714,1.207900579318143
2006-02-24,61.46,59.387142857142855,1.499452280951437
2006-02-27,61.01,59.87285714285714,1.3732044553466356
2006-02-28,61.37,60.26714285714285,1.3461390998644556
2006-03-01,62.01,60.58857142857143,1.4679739844564892
2006-03-02,63.36,60.895714285714284,1.80573029679279
2006-03-03,63.61,61.550000000000004,1.8463387193741585
2006-03-06,62.46,62.18285714285714,1.0073019124625708
2006-03-07,61.51,62.190000000000005,1.0014822348201085
2006-03-08,60.06,62.05428571428571,1.2270134085475595
2006-03-09,60.51,61.931428571428576,1.3443886909575427
2006-03-10,59.91,61.631428571428565,1.543496340253032
2006-03-13,61.81,61.410000000000004,1.3536986370656974
2006-03-14,63.01,61.324285714285715,1.2016357898390382
2006-03-15,62.11,61.27428571428572,1.152791642675329
2006-03-16,63.46,61.552857142857135,1.4231504287497834
2006-03-17,62.81,61.94571428571428,1.318052314878097
2006-03-20,60.31,61.91714285714285,1.355983213828282
2006-03-21,60.41,61.98857142857143,1.2409193980168738
2006-03-22,60.03,61.73428571428571,1.4486068841322948
2006-03-23,62.13,61.60857142857143,1.3545777764213125
2006-03-24,63.9,61.864285714285714,1.609905350661594
2006-03-27,63.75,61.90571428571429,1.6607413720250073
2006-03-28,65.65,62.31142857142858,2.1831966514817864
2006-03-29,66.0,63.12428571428571,2.3654728712787416
2006-03-30,66.7,64.02285714285715,2.3572279926892388
2006-03-31,66.25,64.91142857142857,1.6747878330428438
2006-04-03,66.07,65.47428571428571,1.1703113138916106
2006-04-04,65.75,65.73857142857143,0.9422035974468531
2006-04-05,66.76,66.16857142857143,0.43225874085073024
2006-04-06,67.22,66.39285714285714,0.5172914808739357
2006-04-07,67.02,66.53857142857143,0.5316461408135243
2006-04-10,68.29,66.76571428571428,0.854026875898084
2006-04-11,69.03,67.16285714285713,1.1642696463956363
2006-04-12,68.53,67.51428571428572,1.1506064653432595
2006-04-13,69.53,68.05428571428571,1.0686885599134175
2006-04-17,70.3,68.56,1.185355080413184
2006-04-18,71.28,69.14,1.3951344021257577
2006-04-19,72.07,69.86142857142856,1.4216003724825563
2006-04-20,71.96,70.38571428571429,1.4222149057334001
2006-04-21,73.73,71.05714285714285,1.747700530082975
2006-04-24,70.19,71.29428571428572,1.4316989574478032
2006-04-25,67.43,70.99428571428571,1.9785757263135153
2006-04-26,71.71,71.19571428571429,1.967857186067397
2006-04-27,70.76,71.12142857142858,1.9739505952217058
2006-04-28,71.8,71.08285714285715,1.9548718140888361
2006-05-01,73.75,71.33857142857143,2.1914867751618967
2006-05-02,74.62,71.46571428571428,2.371756431723923
2006-05-03,72.26,71.76142857142858,2.3145440772881267
2006-05-04,69.98,72.12571428571428,1.6137932244943525
2006-05-05,70.09,71.89428571428572,1.789896245994123
2006-05-08,69.75,71.75,1.9316659476546671
2006-05-09,70.71,71.59428571428572,1.9705063405354715
2006-05-10,72.15,71.36571428571429,1.7603679269091668
2006-05-11,73.0,71.13428571428572,1.3101508455481188
2006-05-12,71.87,71.07857142857144,1.261697646972586
2006-05-15,69.25,70.97428571428573,1.3911608718706023
2006-05-16,69.4,70.87571428571428,1.4855061667404024
2006-05-17,68.65,70.71857142857144,1.671031902461109
2006-05-18,69.63,70.56428571428572,1.7210641779890334
2006-05-19,68.44,70.03428571428572,1.7226032348619968
2006-05-22,69.23,69.49571428571429,1.1273251104969508
2006-05-23,70.78,69.34,0.7602192666121868
2006-05-24,69.47,69.37142857142858,0.7604259457979189
2006-05-25,70.92,69.58857142857143,0.9606148824456181
2006-05-26,71.35,69.97428571428571,1.0580620199640103
2006-05-30,71.85,70.29142857142857,1.2525098611891456
2006-05-31,71.42,70.71714285714286,0.9991615532630037
2006-06-01,70.11,70.84285714285714,0.8201974210633368
2006-06-02,72.73,71.12142857142858,1.084011509337473
2006-06-05,72.5,71.55428571428571,0.9048177927574198
2006-06-06,72.43,71.77,0.9083868485738045
2006-06-07,70.9,71.70571428571428,0.9576508957289256
2006-06-08,70.25,71.47714285714287,1.098115268472444
2006-06-09,71.62,71.50571428571429,1.0989822131213367
2006-06-12,70.28,71.53,1.0643307756497344
2006-06-13,68.48,70.92285714285714,1.4188576894291696
2006-06-14,69.12,70.44000000000001,1.3668577102226547
2006-06-15,69.78,70.06142857142858,1.0553108321134843
2006-06-16,69.75,69.89714285714287,0.9905337666390981
2006-06-19,69.21,69.74857142857142,1.0066516870510425
2006-06-20,69.3,69.41714285714286,0.5788124130656502
2006-06-21,70.07,69.38714285714285,0.5300224613343076
2006-06-22,70.62,69.69285714285715,0.5367095516685304
2006-06-23,70.5,69.89,0.544609952163112
2006-06-26,71.63,70.1542857142857,0.8471689548669485
2006-06-27,72.05,70.48285714285714,1.0786367056855992
2006-06-28,72.15,70.90285714285714,1.072780099951668
2006-06-29,73.5,71.50285714285714,1.1945112568964515
2006-06-30,73.94,72.05571428571429,1.3107358892712846
2006-07-05,75.2,72.71,1.5883324588999728
2006-07-06,75.0,73.35285714285715,1.449364392708884
2006-07-07,73.76,73.65714285714286,1.2351344634704342
2006-07-10,73.5,73.86428571428573,1.024269774729212
2006-07-11,74.05,74.13571428571429,0.6921911379264004
2006-07-12,74.99,74.34857142857143,0.6932154203729897
2006-07-13,76.7,74.74285714285715,1.0921952555224639
2006-07-14,76.8,74.97142857142856,1.3425402361603913
2006-07-17,75.7,75.07142857142857,1.3707957369266477
2006-07-18,73.87,75.08714285714287,1.353781300476236
2006-07-19,72.79,74.9857142857143,1.5100867209393023
2006-07-20,74.0,74.97857142857143,1.5153594575907048
2006-07-21,73.52,74.76857142857143,1.6122699171384385
2006-07-24,74.29,74.42428571428572,1.3702415497849956
2006-07-25,73.46,73.94714285714285,0.9089868771618305
2006-07-26,73.82,73.67857142857143,0.4824046908038435
2006-07-27,74.5,73.76857142857143,0.574120445298333
2006-07-28,73.3,73.84142857142857,0.4476765413884927
2006-07-31,74.56,73.92142857142858,0.524227322551551
2006-08-01,74.93,74.12285714285714,0.608405409946718
2006-08-02,76.16,74.39,0.9868637190591703
2006-08-03,75.59,74.69428571428571,0.9806776083014623
2006-08-04,74.78,74.83142857142857,0.9020057015948372
2006-08-07,77.05,75.19571428571429,1.2086474140227572
2006-08-08,76.29,75.62285714285714,0.9211897069473935
2006-08-09,76.28,75.86857142857143,0.8135401766618394
2006-08-10,74.17,75.76,0.9910264039513204
2006-08-11,74.38,75.50571428571429,1.0942707943758303
2006-08-14,73.33,75.18285714285715,1.3651338674964462
2006-08-15,72.95,74.92142857142858,1.6086477610225738
2006-08-16,71.64,74.14857142857143,1.7118355506228597
2006-08-17,70.12,73.26714285714286,1.9911279406873352
2006-08-18,70.93,72.50285714285715,1.6372508898106555
2006-08-21,72.45,72.25714285714285,1.4653977194556362
2006-08-22,72.55,71.99571428571429,1.1536298820493556
2006-08-23,71.45,71.72714285714285,0.9998118870663208
2006-08-24,72.02,71.5942857142857,0.8626095513559695
2006-08-25,72.13,71.66428571428571,0.8864885248874976
2006-08-28,70.47,71.71428571428571,0.7894271581916509
2006-08-29,69.74,71.54428571428572,1.0661122070826103
2006-08-30,70.2,71.22285714285714,1.0865191252431456
2006-08-31,70.38,70.91285714285713,0.9451228189248595
2006-09-01,69.24,70.59714285714286,1.0932934080958367
2006-09-05,68.7,70.12285714285714,1.0932934080958367
2006-09-06,67.75,69.49714285714286,1.0027414802359607
2006-09-07,67.37,69.05428571428571,1.171777241952252
2006-09-08,66.3,68.56285714285714,1.5090694073454007
2006-09-11,65.42,67.88,1.7125517023811703
2006-09-12,63.81,66.94142857142857,1.903745681293306
2006-09-13,64.09,66.20571428571428,1.862067463356395
2006-09-14,63.27,65.42999999999999,1.7789791079891666
2006-09-15,63.3,64.79428571428572,1.5976113121648698
2006-09-18,63.84,64.29,1.140935288843576
2006-09-19,61.77,63.642857142857146,1.094618872569675
2006-09-20,60.0,62.868571428571435,1.4778749222141607
2006-09-21,61.62,62.55571428571428,1.4771691072533968
2006-09-22,59.79,61.941428571428574,1.6199735447560601
2006-09-25,60.74,61.58,1.5550884219217975
2006-09-26,60.63,61.19857142857143,1.380548545220164
2006-09-27,62.96,61.07285714285714,1.1143266170737511
2006-09-28,62.46,61.17142857142857,1.21246894903588
2006-09-29,62.9,61.58571428571429,1.2406162063361028
2006-10-02,60.96,61.49142857142857,1.2624635779734399
2006-10-03,58.64,61.32714285714285,1.5604349210564201
2006-10-04,59.53,61.15428571428572,1.6973298357784754
2006-10-05,60.02,61.06714285714286,1.7437575738002378
2006-10-06,59.68,60.598571428571425,1.5836921899081817
2006-10-09,59.93,60.237142857142864,1.361135730258265
2006-10-10,58.5,59.60857142857143,0.8443227773643143
2006-10-11,57.56,59.12285714285714,0.9125187538816499
2006-10-12,58.23,59.064285714285724,0.960570267128065
2006-10-13,58.69,58.94428571428572,0.9450371622801312
2006-10-16,59.91,58.92857142857143,0.9248680729575406
2006-10-17,58.91,58.81857142857143,0.8644155746569644
2006-10-18,57.66,58.49428571428571,0.8014748310191395
2006-10-19,58.55,58.50142857142857,0.8017569991646715
2006-10-20,57.35,58.47142857142857,0.8455851735393305
2006-10-23,56.74,58.25857142857142,1.0733503399991118
2006-10-24,57.55,58.09571428571429,1.0834183116832106
2006-10-25,59.09,57.978571428571435,0.8797429278163513
2006-10-26,60.27,58.17285714285715,1.208479958261236
2006-10-27,60.75,58.614285714285714,1.5153201767581994
2006-10-30,58.41,58.59428571428571,1.517232756728677
2006-10-31,58.72,58.790000000000006,1.4148851543483172
2006-11-01,58.64,59.06142857142857,1.1042105561785829
2006-11-02,57.87,59.107142857142854,1.0357077175466727
2006-11-03,59.13,59.11285714285714,1.0357077175466727
2006-11-06,60.11,59.089999999999996,1.007290093929546
2006-11-07,58.94,58.83142857142857,0.6936240233076911
2006-11-08,59.93,59.048571428571435,0.7730767226109443
2006-11-09,61.18,59.4,1.0921233141585196
2006-11-10,59.66,59.54571428571428,1.0406545559200508
2006-11-13,58.59,59.64857142857143,0.8688196700368083
2006-11-14,58.28,59.527142857142856,1.0024921327300902
2006-11-15,58.79,59.33857142857143,0.9987229941494628
2006-11-16,56.23,58.951428571428565,1.5513373646769653
2006-11-17,55.9,58.37571428571429,1.8472218522483506
2006-11-20,56.42,57.69571428571429,1.4830920081900398
2006-11-21,58.01,57.46,1.228060801967312
2006-11-22,57.28,57.27285714285714,1.1224335805972703
2006-11-27,60.3,57.56142857142857,1.5877387334538224
2006-11-28,60.97,57.872857142857136,2.023015194254788
2006-11-29,62.45,58.761428571428574,2.4926520586936207
2006-11-30,62.97,59.771428571428565,2.571105006096835
2006-12-01,63.43,60.77285714285715,2.4081992877498877
2006-12-04,62.39,61.39857142857142,2.122800262006816
2006-12-05,62.4,62.13,1.1055164705520775
2006-12-06,62.2,62.401428571428575,0.760842265109007
2006-12-07,62.54,62.62571428571429,0.42649177962826973
2006-12-08,62.06,62.57,0.4758851401986796
2006-12-11,61.26,62.32571428571429,0.6451319540144389
2006-12-12,61.06,61.987142857142864,0.5884078598379343
2006-12-13,61.34,61.83714285714286,0.6022655639492082
2006-12-14,62.48,61.848571428571425,0.6153434967909122
2006-12-15,63.4,62.019999999999996,0.8514301693789004
2006-12-18,62.19,61.970000000000006,0.8256916292793064
2006-12-19,62.87,62.08571428571429,0.8943127182873376
2006-12-20,63.08,62.34571428571428,0.8786705325417229
2006-12-21,62.05,62.48714285714285,0.6984199855285711
2006-12-22,61.81,62.55428571428571,0.5827766050759305
2006-12-26,61.07,62.35285714285714,0.8115153374104501
2006-12-27,60.31,61.91142857142857,0.9716039757584022
2006-12-28,60.39,61.65428571428571,1.1134309908673359
2006-12-29,60.85,61.36571428571428,1.002028894172794
2007-01-02,60.77,61.035714285714285,0.6681032141496976
2007-01-03,58.31,60.50142857142857,1.0863306521080698
2007-01-04,55.65,59.621428571428574,1.9783783643115944
2007-01-05,56.29,58.93857142857143,2.2068033334160577
2007-01-08,56.08,58.33428571428572,2.3435859783866495
2007-01-09,55.65,57.65714285714286,2.335385152286252
2007-01-10,53.95,56.67142857142857,2.2162763709375732
2007-01-11,51.91,55.40571428571429,2.005408164129478
2007-01-12,52.96,54.64142857142857,1.7120984061601714
2007-01-16,51.23,54.01,2.0582111974548605
2007-01-17,52.3,53.440000000000005,1.8649754243229477
2007-01-18,50.51,52.644285714285715,1.734549481783991
2007-01-19,51.98,52.12,1.12062482570894
2007-01-22,51.11,51.714285714285715,0.821966283629534
2007-01-23,53.61,51.957142857142856,1.0951668713879454
2007-01-24,54.24,52.14,1.3643069058421307
2007-01-25,53.49,52.462857142857146,1.3803829696328307
2007-01-26,55.38,52.90285714285715,1.7588226581586814
2007-01-29,54.01,53.402857142857144,1.4324072312669043
2007-01-30,57.03,54.12428571428571,1.8165522025962164
2007-01-31,58.17,55.13285714285714,1.8239400052777022
2007-02-01,57.35,55.667142857142856,1.8510781928880717
2007-02-02,59.01,56.348571428571425,2.099463650326656
2007-02-05,58.69,57.09142857142858,1.8209194433150928
2007-02-06,58.91,57.59571428571428,1.7555897123447102
2007-02-07,57.75,58.129999999999995,0.7811103208437905
2007-02-08,59.76,58.519999999999996,0.8208735184720602
2007-02-09,59.86,58.76142857142857,0.9405747989268719
2007-02-12,57.76,58.81999999999999,0.8460496439307668
2007-02-13,58.98,58.815714285714286,0.8450021132659661
2007-02-14,58.0,58.71714285714285,0.9005315890364528
2007-02-15,57.92,58.57571428571429,0.9419811948356219
2007-02-16,59.38,58.80857142857143,0.9045704057965831
2007-02-20,58.32,58.60285714285715,0.8110428325223347
2007-02-21,59.4,58.537142857142854,0.7037450837146346
2007-02-22,60.28,58.89714285714286,0.8658274324901702
2007-02-23,60.28,59.082857142857144,1.0134053859072671
2007-02-26,61.41,59.57,1.2071868123846388
2007-02-27,61.46,60.075714285714284,1.1404071954455421
2007-02-28,61.78,60.41857142857143,1.2517245246897137
2007-03-01,61.97,60.94,0.9574793296265365
2007-03-02,61.58,61.25142857142857,0.6903725702182161
2007-03-05,60.05,61.21857142857142,0.7474273336204925
2007-03-06,60.66,61.27285714285715,0.6785208001129358
2007-03-07,61.85,61.33571428571428,0.7128547571261128
2007-03-08,61.63,61.36,0.7206478566739506
2007-03-09,60.06,61.11428571428571,0.837354109536295
2007-03-12,58.94,60.68142857142857,1.0716564836938292
2007-03-13,58.03,60.174285714285716,1.3731333650052417
2007-03-14,58.15,59.902857142857144,1.574777384114713
2007-03-15,57.52,59.45428571428572,1.759534570492223
2007-03-16,57.06,58.77,1.5964126450666345
2007-03-19,56.65,58.05857142857143,1.159244417300725
2007-03-20,56.41,57.537142857142854,0.9011051415821162
2007-03-21,56.98,57.25714285714286,0.6665261756693266
2007-03-22,60.21,57.56857142857143,1.297991121840287
2007-03-23,61.07,57.98571428571429,1.8624612491961237
2007-03-26,61.77,58.59285714285714,2.3214989000325765
2007-03-27,62.98,59.43857142857143,2.714985749325948
2007-03-28,64.11,60.50428571428571,2.8960539655579596
2007-03-29,66.1,61.88857142857143,2.9285344945398477
2007-03-30,65.94,63.16857142857143,2.3205274441478094
2007-04-02,66.03,64.0,2.117577231963199
2007-04-03,64.59,64.50285714285714,1.678190635630953
2007-04-04,64.4,64.87857142857142,1.1868646169817558
2007-04-05,64.26,65.06142857142858,0.9124952706963746
2007-04-09,61.51,64.69000000000001,1.6195472618386182
2007-04-10,61.92,64.09285714285714,1.7760603807827335
2007-04-11,61.98,63.527142857142856,1.719415736867064
2007-04-12,63.87,63.21857142857142,1.3493878682733327
2007-04-13,63.63,63.08142857142857,1.2303038726441726
2007-04-16,63.63,62.97142857142857,1.122459035203474
2007-04-17,63.14,62.81142857142857,0.978799069800971
2007-04-18,63.14,63.044285714285714,0.7940373027074128
2007-04-19,61.81,63.028571428571425,0.8206385434789455
2007-04-20,63.56,63.25428571428572,0.691251453108197
2007-04-23,65.33,63.462857142857146,1.0401877119953364
2007-04-24,64.1,63.53000000000001,1.0675829397891985
2007-04-25,65.33,63.77285714285715,1.2685649935469416
2007-04-26,65.08,64.05,1.3182058513988908
2007-04-27,66.45,64.52285714285713,1.5161762681779725
2007-04-30,65.78,65.09,0.9799659858020251
2007-05-01,64.43,65.21428571428571,0.7904188160446991
2007-05-02,63.78,64.99285714285715,0.9529902812652765
2007-05-03,63.23,64.86857142857143,1.1292686212957521
2007-05-04,61.89,64.37714285714286,1.5609795459430977
2007-05-07,61.48,63.862857142857145,1.855978756034862
2007-05-08,62.26,63.26428571428572,1.5294754780939763
2007-05-09,61.54,62.65857142857143,1.1627471575439348
2007-05-10,61.85,62.29,0.8828740944563965
2007-05-11,62.35,62.08571428571429,0.6011338492860273
2007-05-14,62.55,61.988571428571426,0.4099361158072667
2007-05-15,63.16,62.17,0.59727157418453
2007-05-16,62.57,62.325714285714284,0.5251303692964656
2007-05-17,64.83,62.69285714285714,1.0784358161334233
2007-05-18,64.93,63.17714285714286,1.2255708096717173
2007-05-21,66.25,63.80571428571428,1.5235688053899998
2007-05-22,64.91,64.17142857142856,1.4196059144623803
2007-05-23,65.1,64.53571428571429,1.2513973142415078
2007-05-24,63.62,64.60142857142857,1.1769795887680348
2007-05-25,64.59,64.89,0.7748333154055113
2007-05-29,63.19,64.65571428571428,1.0086601202044516
2007-05-30,63.47,64.44714285714285,1.0901485263574981
2007-05-31,64.02,64.12857142857142,0.7474719297136828
2007-06-01,65.09,64.1542857142857,0.7811712817456777
2007-06-04,66.17,64.30714285714286,1.0540827653396556
2007-06-05,65.63,64.59428571428572,1.1080893036021642
2007-06-06,65.97,64.79142857142857,1.2239067035698634
2007-06-07,66.93,65.32571428571428,1.2246340561262488
2007-06-08,64.78,65.51285714285714,0.9667249571893791
2007-06-11,65.93,65.78571428571429,0.7108177718357738
2007-06-12,65.36,65.82428571428572,0.6730987332907231
2007-06-13,66.17,65.82428571428571,0.6730987332907231
2007-06-14,67.62,66.10857142857142,0.9433526836289619
2007-06-15,68.04,66.4042857142857,1.185929412496485
2007-06-18,69.06,66.70857142857143,1.5581445009080421
2007-06-19,69.15,67.33285714285715,1.5318802638760083
2007-06-20,68.5,67.7,1.445141284902281
2007-06-21,68.35,68.12714285714286,1.0165581518959725
2007-06-22,68.85,68.51,0.5577335086422063
2007-06-25,68.83,68.68285714285715,0.4015683538985896
2007-06-26,67.78,68.64571428571428,0.4760552188814376
2007-06-27,68.98,68.63428571428571,0.4652904878577694
2007-06-28,69.61,68.7,0.57078892770943
2007-06-29,70.47,68.98142857142857,0.8653790801588827
2007-07-02,71.11,69.37571428571428,1.1208011590335385
2007-07-03,71.41,69.74142857142857,1.320535605619923
2007-07-05,71.81,70.16714285714286,1.451582059749355
2007-07-06,72.8,70.88428571428571,1.308687091996255
2007-07-09,72.14,71.33571428571429,1.06457905832507
2007-07-10,72.8,71.79142857142857,0.8672067913960037
2007-07-11,72.58,72.09285714285714,0.6772423073412412
2007-07-12,72.55,72.29857142857144,0.5320848482244526
2007-07-13,73.89,72.65285714285714,0.653598099894915
2007-07-16,74.11,72.98142857142857,0.7326078662627507
2007-07-17,74.03,73.15714285714286,0.8236850993267523
2007-07-18,75.03,73.57000000000001,0.9443339804658394
2007-07-19,75.9,74.01285714285714,1.2120054219569094
2007-07-20,75.53,74.4342857142857,1.1415757697547073
2007-07-23,74.65,74.73428571428573,0.7837060916511093
2007-07-24,73.38,74.66142857142857,0.8915609639148468
2007-07-25,75.74,74.89428571428572,0.9353227097768961
2007-07-26,74.96,75.02714285714286,0.8546678552823738
2007-07-27,77.03,75.31285714285715,1.1418364489655772
2007-07-30,76.82,75.44428571428571,1.2667919737501294
2007-07-31,78.2,75.82571428571428,1.643003927188784
2007-08-01,76.49,76.08857142857143,1.569080713574085
2007-08-02,76.84,76.58285714285714,1.023893130582012
2007-08-03,75.41,76.53571428571429,1.0754666761106357
2007-08-06,72.03,76.11714285714285,1.9804015946737514
2007-08-07,72.25,75.4342857142857,2.3940680660243836
2007-08-08,72.23,74.77857142857142,2.5731590737930317
2007-08-09,71.62,73.83857142857143,2.30261031998687
2007-08-10,71.49,73.12428571428572,2.110543825200265
2007-08-13,71.6,72.37571428571428,1.3736066533367244
2007-08-14,72.4,71.94571428571429,0.3697231911726488
2007-08-15,73.36,72.13571428571429,0.653270162151587
2007-08-16,70.99,71.95571428571428,0.7781785815335414
2007-08-17,71.9,71.90857142857143,0.7687311747569925
2007-08-20,71.12,71.83714285714287,0.8214360248082532
2007-08-21,69.49,71.55142857142856,1.2155715880646119
2007-08-22,69.3,71.22285714285714,1.4819212111938034
2007-08-23,69.86,70.86,1.4563996704186741
2007-08-24,71.17,70.54714285714286,0.990584243188208
2007-08-27,71.98,70.68857142857142,1.12579495722352
2007-08-28,71.79,70.67285714285714,1.1066724038844704
2007-08-29,73.52,71.01571428571428,1.5509014275868345
2007-08-30,73.37,71.57000000000001,1.6070677231101198
2007-08-31,73.98,72.23857142857143,1.4732212842532055
2007-09-04,75.07,72.98285714285714,1.384674622255911
2007-09-05,75.74,73.63571428571429,1.4626329813357135
2007-09-06,76.34,74.25857142857144,1.5648155223678624
2007-09-07,76.7,74.96000000000001,1.3610412680477935
2007-09-10,77.53,75.53285714285714,1.4915731548222155
2007-09-11,78.16,76.21714285714286,1.431487737583863
2007-09-12,79.85,77.05571428571429,1.6106609113728396
2007-09-13,80.05,77.76714285714286,1.6854842458038424
2007-09-14,79.14,78.25285714285714,1.4815050262665126
2007-09-17,80.55,78.85428571428572,1.429158926813609
2007-09-18,81.51,79.54142857142857,1.3760865836531029
2007-09-19,81.99,80.17857142857143,1.3209646547290284
2007-09-20,83.85,80.99142857142859,1.5942232023914802
2007-09-21,83.38,81.49571428571429,1.7258607238392505
2007-09-24,82.51,81.84714285714286,1.630222012340498
2007-09-25,81.2,82.14142857142858,1.1853048633340293
2007-09-26,80.31,82.10714285714286,1.241164967353718
2007-09-27,82.86,82.3,1.237793736181037
2007-09-28,81.64,82.25,1.2592855117072055
2007-10-01,80.31,81.74428571428572,1.2198477656758104
2007-10-02,80.0,81.26142857142858,1.1301243083734909
2007-10-03,79.97,80.89857142857144,1.0685103114663883
2007-10-04,81.48,80.93857142857142,1.0867601478906617
2007-10-05,81.2,81.0657142857143,1.0524868509507797
2007-10-08,78.97,80.50999999999999,0.9710132165230148
2007-10-09,80.23,80.30857142857143,0.834134852632746
2007-10-10,81.3,80.45,0.9144761706367013
2007-10-11,83.05,80.88571428571429,1.3067881381811406
2007-10-12,83.73,81.42285714285715,1.606131110106782
2007-10-15,86.19,82.09571428571428,2.416304734801527
2007-10-16,87.58,83.00714285714285,3.1222679485996814
2007-10-17,87.19,84.18142857142857,2.8878044057224534
2007-10-18,89.48,85.50285714285714,2.894660108346552
2007-10-19,88.58,86.54285714285713,2.3981917791368366
2007-10-22,87.6,87.19285714285715,1.8469769380042296
2007-10-23,86.45,87.58142857142857,1.1526408601019738
2007-10-24,88.3,87.88285714285713,0.9929537465827932
2007-10-25,92.09,88.52714285714285,1.8537503813043807
2007-10-26,91.73,89.17571428571429,2.0874294969549423
2007-10-29,93.45,89.74285714285715,2.6479407992223196
2007-10-30,90.33,89.99285714285715,2.6020678590022976
2007-10-31,94.16,90.92999999999999,2.7723696242256306
2007-11-01,93.53,91.94142857142857,2.0674011751576513
2007-11-02,95.81,93.01428571428572,1.793208085552497
2007-11-05,94.06,93.2957142857143,1.77849990293998
2007-11-06,96.65,93.99857142857142,2.0132927305891832
2007-11-07,96.46,94.42857142857143,2.1902619978083115
2007-11-08,95.51,95.16857142857144,1.246427275205662
2007-11-09,96.36,95.48285714285716,1.2269435505295858
2007-11-12,94.4,95.60714285714286,1.0233232510727719
2007-11-13,91.18,94.94571428571429,1.9484682628732237
2007-11-14,94.02,94.93999999999998,1.9515549355993784
2007-11-15,93.37,94.47142857142856,1.8643714630879054
2007-11-16,94.81,94.23571428571428,1.6646606975869906
2007-11-19,95.75,94.27,1.6974294290668566
2007-11-20,99.16,94.66999999999999,2.439658446038899
2007-11-21,98.57,95.26571428571428,2.8391480948970527
2007-11-23,98.24,96.27428571428572,2.3592856061580045
2007-11-26,97.66,96.79428571428572,2.17343704105373
2007-11-27,94.39,96.94000000000001,1.9256687150171603
2007-11-28,90.71,96.35428571428572,3.0034361274087957
2007-11-29,90.98,95.67285714285713,3.637561977871004
2007-11-30,88.6,94.16428571428571,4.109455994584203
2007-12-03,89.29,92.83857142857141,3.944859222546425
2007-12-04,88.31,91.41999999999999,3.430685062781938
2007-12-05,87.45,89.96142857142857,2.329123072254709
2007-12-06,90.25,89.37,1.3273658124250638
2007-12-07,88.23,89.01571428571431,1.2380610801127896
2007-12-10,87.72,88.55,0.9573400649689505
2007-12-11,90.12,88.76714285714286,1.1277812182268574
2007-12-12,94.41,89.49857142857142,2.430873838569675
2007-12-13,92.35,90.07571428571428,2.5768576286031295
2007-12-14,91.31,90.62714285714286,2.3216999108811294
2007-12-17,90.69,90.68999999999998,2.3157360241029865
2007-12-18,89.93,90.93285714285715,2.093201011891948
2007-12-19,91.11,91.41714285714286,1.546832400806732
2007-12-20,90.88,91.5257142857143,1.4651263556739031
2007-12-21,93.19,91.35142857142856,1.0891652548516222
2007-12-24,94.0,91.58714285714287,1.4575403286080522
2007-12-26,95.89,92.24142857142856,2.1674749408107825
2007-12-27,96.63,93.09,2.58198244249035
2007-12-28,96.03,93.96142857142857,2.3573320270401936
2007-12-31,95.95,94.65285714285713,2.0744213191921674
2008-01-02,99.64,95.9042857142857,2.061309107846378
2008-01-03,99.17,96.75857142857144,1.9867429675332517
2008-01-04,97.9,97.3157142857143,1.5918108885031332
2008-01-07,95.08,97.20000000000002,1.7356650982630726
2008-01-08,96.43,97.17142857142858,1.748212692735882
2008-01-09,95.64,97.11571428571429,1.7962076452228812
2008-01-10,93.92,96.82571428571428,2.1456611812579163
2008-01-11,92.74,95.84,2.2209082226261674
2008-01-14,94.23,95.13428571428571,1.7132606062000808
2008-01-15,91.87,94.27285714285713,1.6033061080734403
2008-01-16,90.8,93.66142857142857,2.0089750999890628
2008-01-17,90.11,92.75857142857141,1.9772660297430984
2008-01-18,90.55,92.03142857142858,1.649822501273804
2008-01-22,89.64,91.41999999999999,1.6261816216713665
2008-01-23,87.65,90.69285714285715,2.0263326009120117
2008-01-24,89.98,90.08571428571429,1.294383471550678
2008-01-25,90.37,89.87142857142858,1.051053892866247
2008-01-28,90.99,89.89857142857143,1.0810554807113077
2008-01-29,91.66,90.12,1.2732373436749094
2008-01-30,92.34,90.37571428571428,1.528210905413121
2008-01-31,91.67,90.66571428571429,1.5576569706101129
2008-02-01,89.03,90.86285714285715,1.1450431474485414
2008-02-04,90.07,90.87571428571428,1.1339291151083013
2008-02-05,88.32,90.58285714285715,1.493895514926948
2008-02-06,87.16,90.03571428571429,1.9512804099078733
2008-02-07,88.07,89.52285714285713,1.9248178639857776
2008-02-08,91.77,89.44142857142856,1.793343512095745
2008-02-11,93.56,89.71142857142857,2.2650344263114266
2008-02-12,92.82,90.25285714285714,2.514264069169912
2008-02-13,93.28,90.71142857142857,2.7564253939434016
2008-02-14,95.42,91.72571428571428,3.023176349155043
2008-02-15,95.57,92.92714285714285,2.53858040569641
2008-02-19,99.99,94.63000000000001,2.728259518446771
2008-02-20,100.86,95.92857142857143,3.2529393301612304
2008-02-21,98.57,96.64428571428572,3.1955951826575517
2008-02-22,99.03,97.53142857142858,2.7936918737953076
2008-02-25,99.4,98.40571428571427,2.1171746671978453
2008-02-26,100.83,99.17857142857143,1.8108969101093078
2008-02-27,99.59,99.75285714285714,0.8674620891925692
2008-02-28,102.6,100.12571428571427,1.3899503245647986
2008-02-29,101.78,100.25714285714287,1.5093234056533533
2008-03-03,102.42,100.80714285714285,1.4934491876814586
2008-03-04,99.72,100.9057142857143,1.374649738936376
2008-03-05,104.45,101.62714285714287,1.7315476149540776
2008-03-06,105.51,102.2957142857143,2.2098933393774143
2008-03-07,105.12,103.08571428571429,2.0651380675614437
2008-03-10,107.9,103.84285714285714,2.7238864041757287
2008-03-11,108.73,104.83571428571429,3.0888447524532867
2008-03-12,109.86,105.89857142857144,3.384914713703137
2008-03-13,110.21,107.39714285714285,2.360774691251498
2008-03-14,110.03,108.1942857142857,2.130640413449698
2008-03-17,105.74,108.22714285714285,2.0836003638382805
2008-03-18,109.57,108.86285714285714,1.6004344648210584
2008-03-19,103.25,108.19857142857143,2.6725919290165057
2008-03-20,102.57,107.31857142857142,3.3870854165556707
2008-03-24,101.7,106.15285714285713,3.7512518545396074
2008-03-25,101.78,104.94857142857143,3.5809841690579804
2008-03-26,105.83,104.34857142857142,2.8687013819921736
2008-03-27,107.56,104.60857142857142,3.0897865545013263
2008-03-28,105.59,104.03999999999999,2.2863799625892254
2008-03-31,101.54,103.79571428571428,2.468919177445476
2008-04-01,100.92,103.56000000000002,2.675562246207223
2008-04-02,104.83,104.00714285714285,2.5724677794263324
2008-04-03,103.92,104.31285714285715,2.383930328159786
2008-04-04,106.09,104.35000000000001,2.4133517494685455
2008-04-07,108.91,104.54285714285716,2.7439248913773238
2008-04-08,108.54,104.96428571428571,3.1308191534205374
2008-04-09,110.89,106.3,3.4086067534986375
2008-04-10,110.07,107.60714285714286,2.6776775651399545
2008-04-11,110.14,108.36571428571429,2.506477323142054
2008-04-14,111.71,109.47857142857143,1.8459543924605906
2008-04-15,113.77,110.57571428571428,1.7773187403386548
2008-04-16,114.8,111.41714285714285,2.2010278983967897
2008-04-17,114.8,112.31142857142858,2.106920569388314
2008-04-18,116.56,113.12142857142858,2.5189907275954138
2008-04-21,117.48,114.17999999999999,2.579205303964287
2008-04-22,119.17,115.47,2.4780234058615505
2008-04-23,119.28,116.55142857142856,2.19983657401607
2008-04-24,117.1,117.02714285714285,1.8264785269807244
2008-04-25,119.64,117.71857142857142,1.7576729746207789
2008-04-28,118.78,118.28714285714287,1.2166992820147442
2008-04-29,115.67,118.16,1.451171940191111
2008-04-30,113.7,117.62,2.236939874023874
2008-05-01,112.6,116.68142857142857,2.788514709610136
2008-05-02,116.36,116.26428571428572,2.54255683084823
2008-05-05,119.94,116.67,2.8996494040943084
2008-05-06,121.82,116.98142857142857,3.353368597750444
2008-05-07,123.56,117.66428571428571,4.168316435296126
2008-05-08,123.77,118.82142857142857,4.622028517766376
2008-05-09,125.94,120.56999999999998,4.676562127603087
2008-05-12,124.02,122.20142857142858,3.1877914432585723
2008-05-13,125.83,123.55428571428571,2.129349330529628
2008-05-14,124.21,124.16428571428571,1.412265994100866
2008-05-15,124.25,124.51142857142858,0.9691134878740731
2008-05-16,126.5,124.93142857142857,1.1142625150203598
2008-05-19,127.15,125.41428571428571,1.2510376645384576
2008-05-20,128.93,125.84142857142858,1.8347245803424945
2008-05-21,132.99,127.12285714285716,3.068315033182867
2008-05-22,130.04,127.72428571428573,3.183121409051312
2008-05-23,131.58,128.77714285714288,3.0427603382766613
2008-05-27,128.81,129.42857142857142,2.312498133847181
2008-05-28,131.0,130.07142857142858,1.9615421532678596
2008-05-29,126.7,130.00714285714287,2.077207374382627
2008-05-30,127.35,129.78142857142856,2.2888237777761233
2008-06-02,127.75,129.03285714285715,1.88598086138826
2008-06-03,124.33,128.21714285714285,2.50952661064248
2008-06-04,122.3,126.89142857142858,2.863200007982866
2008-06-05,127.93,126.76571428571428,2.7831208929474642
2008-06-06,138.51,127.83857142857143,5.138360401825318
2008-06-09,134.44,128.9442857142857,5.658927628514152
2008-06-10,131.38,129.52,5.674674733703443
2008-06-11,136.43,130.76000000000002,6.151742300627713
2008-06-12,136.91,132.55714285714285,5.786955775090761
2008-06-13,134.84,134.34857142857143,3.6164228577025663
2008-06-16,134.52,135.29,2.276634943653912
2008-06-17,133.99,134.6442857142857,1.802839030925368
2008-06-18,136.54,134.9442857142857,1.9331912919905083
2008-06-19,131.88,135.0157142857143,1.7829456632479326
2008-06-20,134.78,134.78,1.6703193307466762
2008-06-23,135.98,134.64714285714285,1.5010742185259047
2008-06-24,136.49,134.88285714285715,1.6577767670959764
2008-06-25,133.92,134.79714285714286,1.6947636441472247
2008-06-26,138.91,135.5,2.2375358470125386
2008-06-27,139.69,135.95000000000002,2.741544576815447
2008-06-30,139.96,137.1042857142857,2.425041973127122
2008-07-01,141.06,138.00142857142856,2.57863936066694
2008-07-02,143.74,139.10999999999999,3.1659332484013896
2008-07-03,145.31,140.36999999999998,3.6651784858767287
2008-07-07,141.38,141.43571428571428,2.311874110924375
2008-07-08,136.06,141.02857142857144,2.984048863381431
2008-07-09,135.88,140.4842857142857,3.5606547017033554
2008-07-10,141.47,140.70000000000002,3.569327667782875
2008-07-11,144.96,141.25714285714284,3.9218563388856507
2008-07-14,145.16,141.46,4.104172673430513
2008-07-15,138.68,140.51285714285714,3.822994961570154
2008-07-16,134.63,139.54857142857142,4.378715293216475
2008-07-17,129.43,138.60142857142858,5.758684538941839
2008-07-18,128.94,137.60999999999999,6.807241242480941
2008-07-21,131.43,136.1757142857143,6.915246096230317
2008-07-22,127.25,133.6457142857143,6.385167335689944
2008-07-23,123.73,130.5842857142857,4.911862705542057
2008-07-24,124.62,128.57571428571427,3.7980251760743666
2008-07-25,122.59,126.85571428571428,3.291797164381167
2008-07-28,124.72,126.18285714285715,3.1564944389078833
2008-07-29,122.21,125.22142857142856,3.201356111459661
2008-07-30,126.74,124.55142857142856,1.9196130562468514
2008-07-31,124.17,124.11142857142856,1.5065128450763376
2008-08-01,125.03,124.29714285714286,1.5315755970643032
2008-08-04,121.45,123.84428571428573,1.8547583593092636
2008-08-05,118.71,123.28999999999999,2.6856966818063515
2008-08-06,118.57,122.41142857142857,3.1120220038392823
2008-08-07,119.84,122.07285714285715,3.2628551622042132
2008-08-08,115.42,120.4557142857143,3.3677284982750586
2008-08-11,114.44,119.06571428571428,3.580450889403066
2008-08-12,113.1,117.36142857142856,3.0714460686099403
2008-08-13,115.96,116.57714285714285,2.501484321262526
2008-08-14,115.05,116.05428571428571,2.359871868999168
2008-08-15,113.46,115.32428571428571,2.239239879533579
2008-08-18,112.92,114.33571428571429,1.1995256999164692
2008-08-19,114.39,114.18857142857142,1.1036972497228537
2008-08-20,115.48,114.33714285714287,1.2082316870211611
2008-08-21,121.23,115.49857142857142,2.7476500782267155
2008-08-22,114.48,115.28714285714285,2.763124525397913
2008-08-25,114.85,115.25857142857144,2.76701661584806
2008-08-26,116.31,115.66571428571429,2.6661011305075384
2008-08-27,118.17,116.4157142857143,2.4981183394894755
2008-08-28,115.58,116.58571428571429,2.374734070324578
2008-08-29,115.55,116.5957142857143,2.3694433744574575
2008-09-02,109.63,114.93857142857142,2.6301864862361493
2008-09-03,109.38,114.21000000000001,3.3783378556125676
2008-09-04,107.99,113.22999999999999,4.083197276644637
2008-09-05,106.47,111.82428571428571,4.516893686088554
2008-09-08,106.35,110.13571428571427,3.9190724121182674
2008-09-09,103.23,108.37142857142858,3.8387169235364773
2008-09-10,102.66,106.52999999999999,2.7618532425403894
2008-09-11,100.95,105.28999999999999,3.069478783115687
2008-09-12,101.19,104.12,2.7996964121127843
2008-09-15,95.52,102.33857142857143,3.7371666119817584
2008-09-16,91.49,100.19857142857143,5.03924739278703
2008-09-17,97.39,98.91857142857143,4.300063676161552
2008-09-18,97.5,98.1,3.866022934920275
2008-09-19,104.05,98.29857142857144,4.163525863861528
2008-09-22,122.61,101.39285714285714,10.173519080248838
2008-09-23,107.85,102.3442857142857,10.4588078625032
2008-09-24,106.84,103.96142857142857,10.096653618190107
2008-09-25,111.54,106.82571428571428,8.718980936521545
2008-09-26,106.77,108.1657142857143,7.68683909276713
2008-09-29,96.29,107.99285714285715,7.974866172932821
2008-09-30,100.7,107.5142857142857,8.342934849605355
2008-10-01,98.23,104.03142857142858,5.642586370838998
2008-10-02,93.84,102.03,6.484293844873428
2008-10-03,93.91,100.18285714285715,6.722984739646542
2008-10-06,88.15,96.84142857142858,5.899718718072655
2008-10-07,90.18,94.47142857142858,4.384059870984488
2008-10-08,88.94,93.42142857142858,4.741516735431436
2008-10-09,86.5,91.39285714285714,4.103143974586511
2008-10-10,77.44,88.42285714285715,5.5857578246989155
2008-10-13,81.17,86.61285714285714,5.590616287690015
2008-10-14,78.69,84.43857142857144,5.227502362732612
2008-10-15,74.38,82.47142857142856,6.113827029968606
2008-10-16,69.81,79.56142857142858,6.656904757646321
2008-10-17,71.9,77.12714285714286,5.703010065703606
2008-10-20,74.08,75.35285714285715,3.969549572623618
2008-10-21,71.29,74.47428571428573,4.108758357227597
2008-10-22,66.92,72.43857142857142,3.753156132160368
2008-10-23,67.17,70.79285714285714,3.006546824766834
2008-10-24,63.34,69.21571428571428,3.6400954984844387
2008-10-27,61.92,68.08857142857143,4.536571497548804
2008-10-28,62.8,66.78857142857143,4.566086685449439
2008-10-29,67.45,65.84142857142857,3.3188322673853974
2008-10-30,65.79,65.05571428571429,2.312364281729701
2008-10-31,68.1,65.22428571428573,2.505838895743168
2008-11-03,63.93,64.76142857142857,2.382753509220997
2008-11-04,70.41,65.77142857142857,3.0770734395480077
2008-11-05,65.41,66.27,2.5938195773782993
2008-11-06,60.72,65.97285714285714,3.122791028793746
2008-11-07,61.06,65.06,3.5268493966509844
2008-11-10,62.19,64.54571428571428,3.6625258003304078
2008-11-11,59.38,63.300000000000004,3.7343808054335383
2008-11-12,55.95,62.160000000000004,4.622445240345227
2008-11-13,58.31,60.43142857142857,3.001285438891848
2008-11-14,57.18,59.25571428571429,2.2418657196075897
2008-11-17,55.14,58.45857142857143,2.598162354249103
2008-11-18,54.42,57.51,2.7002098683848264
2008-11-19,53.64,56.28857142857142,2.0967469134439924
2008-11-20,48.86,54.785714285714285,3.0603586780121566
2008-11-21,49.22,53.82428571428572,3.636526993082482
2008-11-24,53.63,53.15571428571429,3.0586808547832227
2008-11-25,50.02,52.13285714285714,2.65980396699566
2008-11-26,54.2,51.99857142857143,2.501708939712274
2008-11-28,55.21,52.111428571428576,2.6429808207848056
2008-12-01,49.34,51.497142857142855,2.726870699082087
2008-12-02,47.05,51.23857142857143,3.081381879239065
2008-12-03,46.79,50.89142857142857,3.4602766198243207
2008-12-04,43.8,49.48714285714285,4.099299591740703
2008-12-05,41.01,48.2,5.176974663512935
2008-12-08,43.69,46.698571428571434,4.643391104825111
2008-12-09,42.0,44.81142857142857,3.0019295382085036
2008-12-10,43.1,43.92,2.2703891002764944
2008-12-11,47.77,44.02285714285715,2.445388273774018
2008-12-12,46.27,43.94857142857143,2.3534898099847257
2008-12-15,44.61,44.064285714285724,2.3648527589294512
2008-12-16,43.84,44.46857142857142,1.963529378195123
2008-12-17,40.17,43.965714285714284,2.557152434137674
2008-12-18,36.73,43.212857142857146,3.736266917148464
2008-12-19,33.17,41.794285714285714,5.331009463952338
2008-12-22,31.1,39.41285714285714,5.908724380905838
2008-12-23,30.28,37.128571428571426,5.906791087584528
2008-12-24,32.94,35.46142857142857,5.0242393406731605
2008-12-26,37.58,34.567142857142855,3.6548493552416956
2008-12-29,39.89,34.527142857142856,3.5841582660615448
2008-12-30,38.95,34.84428571428572,3.8961983913487725
2008-12-31,44.6,36.47714285714286,5.2406956099527
2009-01-02,46.17,38.63,5.73561388751491
2009-01-05,48.61,41.24857142857143,5.4660022825066985
2009-01-06,48.56,43.480000000000004,4.6338033334746775
2009-01-07,42.75,44.21857142857143,3.888814851901377
2009-01-08,41.68,44.47428571428571,3.6052593856868387
2009-01-09,40.69,44.722857142857144,3.197862381265279
2009-01-12,37.65,43.730000000000004,4.172684986910434
2009-01-13,37.77,42.53000000000001,4.545250268135694
2009-01-14,37.43,40.93285714285714,3.982112983016837
2009-01-15,35.41,39.05428571428571,2.669855533809992
2009-01-16,35.38,38.00142857142857,2.4100928652304643
2009-01-20,38.57,37.55714285714286,1.837613618122956
2009-01-21,42.56,37.824285714285715,2.414372638612855
2009-01-22,42.33,38.49285714285714,2.9472400325577515
2009-01-23,45.12,39.542857142857144,3.825274344345918
2009-01-26,46.5,40.83857142857143,4.471798402473924
2009-01-27,41.67,41.73285714285714,3.777246414542998
2009-01-28,42.04,42.684285714285714,2.5496591742327936
2009-01-29,41.58,43.114285714285714,1.9149574159102045
2009-01-30,41.73,42.99571428571429,1.9796031348268128
2009-02-02,41.35,42.855714285714285,2.067243391108748
2009-02-03,40.87,42.24857142857143,1.909480108747348
2009-02-04,40.27,41.35857142857143,0.6016762299623294
2009-02-05,41.15,41.284285714285716,0.5887800138840417
2009-02-06,40.24,41.027142857142856,0.5967331699996518
2009-02-09,39.58,40.74142857142857,0.7476279950850843
2009-02-10,37.54,40.142857142857146,1.2985596416200536
2009-02-11,35.93,39.36857142857143,1.9240532613127244
2009-02-12,34.03,38.39142857142857,2.6386324019021727
2009-02-13,37.63,38.01428571428572,2.510955045014202
2009-02-17,34.96,37.13,2.3040399302067116
2009-02-18,34.67,36.33428571428571,1.9916061955321671
2009-02-19,39.6,36.33714285714286,1.99704543668324
2009-02-20,39.35,36.59571428571429,2.276384978736125
2009-02-23,37.66,36.84285714285714,2.2859550468409027
2009-02-24,38.86,37.53285714285715,2.007383988223841
2009-02-25,41.64,38.105714285714285,2.5409831243206367
2009-02-26,43.18,39.279999999999994,2.7367803468042133
2009-02-27,44.15,40.63428571428572,2.4002073323116235
2009-03-02,40.07,40.701428571428565,2.3728704738568296
2009-03-03,41.57,41.01857142857143,2.309656746294038
2009-03-04,45.28,42.107142857142854,2.2580206249820907
2009-03-05,43.54,42.77571428571429,1.7782093722101446
2009-03-06,45.43,43.31714285714286,1.9440311578893508
2009-03-09,47.01,43.864285714285714,2.38741043212433
2009-03-10,45.68,44.082857142857144,2.4859318459774133
2009-03-11,42.46,44.42428571428571,1.9490925849608731
2009-03-12,46.91,45.18714285714286,1.6709250360737629
2009-03-13,46.22,45.32142857142857,1.7167743840417502
2009-03-16,47.33,45.86285714285714,1.657947669915484
2009-03-17,48.97,46.36857142857143,2.0070494809633823
2009-03-18,48.12,46.527142857142856,2.1075081200740975
2009-03-19,51.46,47.35285714285714,2.753553548207303
2009-03-20,51.55,48.651428571428575,2.135582891320851
2009-03-23,53.05,49.528571428571425,2.5263110693332607
2009-03-24,53.36,50.548571428571435,2.4063764499836435
2009-03-25,52.24,51.24999999999999,1.9917161779032866
2009-03-26,53.87,51.949999999999996,1.9164898469132987
2009-03-27,52.41,52.56285714285714,0.9083999538633729
2009-03-30,48.49,52.13857142857143,1.7824555026805182
2009-03-31,49.64,51.86571428571428,2.0181745641586537
2009-04-01,48.46,51.209999999999994,2.2958222927718754
2009-04-02,52.61,51.10285714285715,2.194004818327763
2009-04-03,52.52,51.142857142857146,2.2205833639336263
2009-04-06,51.1,50.74714285714286,1.8732477526599087
2009-04-07,49.13,50.278571428571425,1.7966397206180453
2009-04-08,49.37,50.40428571428571,1.6774669111739449
2009-04-09,52.24,50.77571428571429,1.7655674927390437
2009-04-13,50.22,51.027142857142856,1.4836409525821157
2009-04-14,49.51,50.58428571428572,1.3922746034517821
2009-04-15,49.26,50.118571428571435,1.1632630624107119
2009-04-16,49.97,49.957142857142856,1.079779518935226
2009-04-17,50.36,50.13285714285714,1.0212364121553865
2009-04-20,45.82,49.62571428571429,1.9354573718073411
2009-04-21,46.65,48.82714285714285,1.827217504708144
2009-04-22,47.41,48.425714285714285,1.7782281175606338
2009-04-23,48.46,48.27571428571429,1.7146705917123604
2009-04-24,50.65,48.47428571428571,1.916288575541249
2009-04-27,49.29,48.37714285714286,1.843689365424248
2009-04-28,49.01,48.18428571428571,1.6635089133364662
2009-04-29,50.19,48.808571428571426,1.4322759111645809
2009-04-30,50.35,49.33714285714286,1.1596941304406883
2009-05-01,52.18,50.01857142857143,1.237395498228357
2009-05-04,54.45,50.87428571428571,1.8827980697400517
2009-05-05,53.81,51.325714285714284,2.176050375814767
2009-05-06,56.29,52.32571428571429,2.642951993147758
2009-05-07,56.67,53.42000000000001,2.627032546427355
2009-05-08,58.58,54.618571428571435,2.8149744141589768
2009-05-11,57.79,55.68142857142857,2.290345160094828
2009-05-12,58.81,56.628571428571426,1.9460423819562414
2009-05-13,58.0,57.135714285714286,1.7347800738857189
2009-05-14,58.58,57.81714285714286,0.9858957734870376
2009-05-15,56.52,57.85,0.9286908348076868
2009-05-18,58.99,58.18142857142857,0.8478488185029178
2009-05-19,59.52,58.315714285714286,0.9848664400572786
2009-05-20,61.45,58.83857142857143,1.4974136432652367
2009-05-21,60.49,59.07857142857143,1.621557158732585
2009-05-22,61.15,59.52857142857143,1.7071753334197808
2009-05-26,62.48,60.08571428571428,1.9632019521056114
2009-05-27,63.41,61.07,1.5641717723200428
2009-05-28,65.09,61.941428571428574,1.8796314228337112
2009-05-29,66.31,62.91142857142857,2.1537906782470757
2009-06-01,68.59,63.93142857142857,2.905755372653403
2009-06-02,68.58,65.08714285714287,2.9176629590902174
2009-06-03,66.14,65.8,2.349709201863781
2009-06-04,68.8,66.70285714285714,2.0574394627417827
2009-06-05,68.43,67.42,1.5241609713730253
2009-06-08,68.05,67.84285714285714,1.1295089535637155
2009-06-09,70.02,68.37285714285714,1.1603693993066533
2009-06-10,71.38,68.77142857142857,1.6310776455167415
2009-06-11,72.69,69.35857142857142,2.193470830830549
2009-06-12,72.13,70.21428571428571,1.8736671453112417
2009-06-15,70.54,70.46285714285715,1.7671607574998265
2009-06-16,70.47,70.75428571428571,1.5280800278188351
2009-06-17,71.07,71.18571428571428,0.9568848266216978
2009-06-18,71.42,71.38571428571429,0.807235140104077
2009-06-19,69.6,71.13142857142857,1.0524483925769859
2009-06-22,67.09,70.33142857142857,1.6365556164409754
2009-06-23,68.81,69.85714285714286,1.5041688101785649
2009-06-24,68.14,69.51428571428572,1.5934538707114836
2009-06-25,69.7,69.4042857142857,1.542237088804897
2009-06-26,69.16,69.13142857142857,1.3561517684380955
2009-06-29,71.47,69.13857142857144,1.3702728264976167
2009-06-30,69.82,69.17,1.3850631754509073
2009-07-01,69.32,69.48857142857143,1.0405195588604406
2009-07-02,66.68,69.18428571428572,1.4874794916520298
2009-07-06,64.06,68.60142857142857,2.4517098018262784
2009-07-07,62.88,67.62714285714286,3.1871759405750564
2009-07-08,60.15,66.34,4.141444997420178
2009-07-09,60.36,64.75285714285714,3.9732384536437877
2009-07-10,59.93,63.339999999999996,3.6131841912625795
2009-07-13,59.69,61.964285714285715,2.6659761010591123
2009-07-14,59.62,60.955714285714286,1.7692640385439793
2009-07-15,61.49,60.58857142857143,1.1893335468673114
2009-07-16,62.07,60.472857142857144,0.9431633701786927
2009-07-17,63.56,60.96,1.4777460314015525
2009-07-20,63.93,61.470000000000006,1.8139551629858577
2009-07-21,64.81,62.16714285714285,2.04631957658464
2009-07-22,64.58,62.86571428571428,1.888304858354439
2009-07-23,66.1,63.79142857142857,1.5979927885853267
2009-07-24,66.96,64.57285714285715,1.6222588602049874
2009-07-27,68.34,65.46857142857142,1.7369170827563318
2009-07-28,67.24,65.99428571428571,1.6156511292412128
2009-07-29,63.42,65.92142857142856,1.7315929907758676
2009-07-30,66.9,66.22,1.687641352101559
2009-07-31,69.26,66.88857142857142,1.8489585228007401
2009-08-03,71.59,67.67285714285715,2.5062502820309835
2009-08-04,71.4,68.30714285714285,2.8359285033618917
2009-08-05,71.97,68.82571428571428,3.1566852717291707
2009-08-06,71.96,69.5,3.2638065710644257
2009-08-07,70.97,70.57857142857144,1.8693085046894637
2009-08-10,70.59,71.10571428571428,0.956466712133097
2009-08-11,69.46,71.13428571428571,0.8930258888102697
2009-08-12,70.08,70.91857142857143,0.9454351479809338
2009-08-13,70.57,70.8,0.9268584933293565
2009-08-14,67.51,70.16285714285713,1.4004727093070515
2009-08-17,66.72,69.41428571428571,1.65675241705528
2009-08-18,69.22,69.16428571428571,1.50825348380784
2009-08-19,72.54,69.44285714285715,1.9351374997263335
2009-08-20,72.4,69.86285714285715,2.2352532614554277
2009-08-21,73.12,70.29714285714286,2.5566821878195647
2009-08-24,73.68,70.74142857142857,2.863776228287462
2009-08-25,71.6,71.32571428571428,2.4870521851016147
2009-08-26,71.38,71.99142857142859,1.4606326091929602
2009-08-27,72.49,72.45857142857143,0.8000922565791255
2009-08-28,72.72,72.48428571428572,0.8060160697853146
2009-08-31,69.97,72.13714285714285,1.24959612522635
2009-09-01,68.11,71.42142857142856,1.8723908830791145
2009-09-02,68.03,70.61428571428571,1.9525782710949136
2009-09-03,67.9,70.08571428571427,2.1336733359987314
2009-09-04,67.95,69.5957142857143,2.180243542531867
2009-09-08,71.08,69.39428571428572,1.9175927369365706
2009-09-09,71.27,69.18714285714286,1.5395098168509447
2009-09-10,71.95,69.47,1.8565649283888048
2009-09-11,69.34,69.64571428571428,1.762203706939672
2009-09-14,68.86,69.76428571428572,1.6603499344270587
2009-09-15,70.81,70.17999999999999,1.4690586555081542
2009-09-16,72.5,70.83,1.316611813199645
2009-09-17,72.48,71.03,1.4594976304617804
2009-09-18,71.95,71.12714285714286,1.5001968124818519
2009-09-21,69.74,70.81142857142858,1.5304076643292837
2009-09-22,71.5,71.12,1.396149466684553
2009-09-23,68.74,71.10285714285715,1.4288773481935766
2009-09-24,65.74,70.37857142857142,2.4917358646208423
2009-09-25,65.91,69.43714285714286,2.78436536327051
2009-09-28,66.69,68.61,2.582466521239581
2009-09-29,66.56,67.84,2.1951233830143795
2009-09-30,70.46,67.94285714285714,2.312709192595049
2009-10-01,70.67,67.82428571428571,2.112556564469946
2009-10-02,69.8,67.97571428571429,2.224176680201406
2009-10-05,70.26,68.62142857142858,2.1206400650992623
2009-10-06,70.71,69.30714285714285,1.8574867813384646
2009-10-07,69.6,69.72285714285714,1.4564879480610788
2009-10-08,71.69,70.45571428571428,0.6873343956319118
2009-10-09,71.75,70.64,0.843800924383315
2009-10-12,73.24,71.00714285714285,1.2966330023747377
2009-10-13,74.1,71.62142857142857,1.6101079526037647
2009-10-14,75.2,72.32714285714285,1.958789713789493
2009-10-15,77.55,73.30428571428571,2.6140827399719173
2009-10-16,78.54,74.58142857142856,2.685575224361622
2009-10-19,79.47,75.69285714285715,2.891503151681024
2009-10-20,78.87,76.71000000000001,2.499026477115494
2009-10-21,81.03,77.82285714285715,2.42978541086414
2009-10-22,80.82,78.78285714285714,2.0039603645901605
2009-10-23,80.11,79.48428571428572,1.2633006654869867
2009-10-26,78.61,79.63571428571429,1.0358548344659841
2009-10-27,79.45,79.76571428571428,0.9267839939381286
2009-10-28,77.39,79.46857142857142,1.2969249344914184
2009-10-29,79.84,79.60714285714286,1.273927186373612
2009-10-30,77.04,79.03714285714285,1.41590623848533
2009-11-02,78.08,78.64571428571428,1.2037283351126364
2009-11-03,79.58,78.57000000000001,1.109233969904961
2009-11-04,80.3,78.81142857142858,1.2887775677124351
2009-11-05,79.64,78.83857142857143,1.306348965261114
2009-11-06,77.4,78.84,1.3045050146797048
2009-11-09,79.44,78.78285714285714,1.2614504123620138
2009-11-10,79.01,79.06428571428572,1.0005974405755955
2009-11-11,79.16,79.21857142857142,0.9019317892014705
2009-11-12,77.25,78.88571428571427,1.1438219142068133
2009-11-13,76.34,78.32000000000001,1.2968037631002982
2009-11-16,78.91,78.21571428571428,1.1985944148959036
2009-11-17,79.08,78.4557142857143,1.176022351581672
2009-11-18,79.55,78.47142857142856,1.1919931287716101
2009-11-19,77.47,78.25142857142858,1.2178591677086659
2009-11-20,76.83,77.91857142857143,1.2462266857887507
2009-11-23,76.49,77.80999999999999,1.3434904788117095
2009-11-24,74.88,77.60142857142857,1.6807382164905933
2009-11-25,77.25,77.36428571428571,1.5793865596341203
2009-11-27,75.95,76.91714285714285,1.4505023760228997
2009-11-30,77.19,76.58,0.9101831317510883
2009-12-01,78.39,76.71142857142857,1.1055681581756325
2009-12-02,76.62,76.68142857142857,1.1046632755604104
2009-12-03,76.42,76.67142857142858,1.1069993762593184
2009-12-04,75.41,76.74714285714286,0.9742127468789281
2009-12-07,73.89,76.26714285714286,1.4137504999756179
2009-12-08,72.59,75.78714285714285,1.9916552101659655
2009-12-09,70.67,74.85571428571428,2.643998595199926
2009-12-10,70.54,73.73428571428572,2.558494721136953
2009-12-11,69.86,72.76857142857143,2.5635225021516552
2009-12-14,69.48,71.77714285714286,2.2372283022035515
2009-12-15,70.62,71.09285714285714,1.5755815252938061
2009-12-16,72.64,70.91428571428573,1.2410460257723026
2009-12-17,72.58,70.91285714285713,1.2387993419088468
2009-12-18,73.3,71.28857142857143,1.519818284874098
2009-12-21,72.71,71.59857142857143,1.5623959012910322
2009-12-22,73.48,72.11571428571429,1.4883755926351514
2009-12-23,76.03,73.05142857142857,1.6092071398791008
2009-12-24,76.83,73.93857142857142,1.7508990887649651
2009-12-28,78.67,74.8,2.3769588413188387
2009-12-29,78.87,75.69857142857143,2.5782450657449503
2009-12-30,79.35,76.56285714285715,2.653140995659255
2009-12-31,79.39,77.51714285714286,2.198808118697006
2010-01-04,81.52,78.66571428571429,1.8027003554166747
2010-01-05,81.74,79.48142857142857,1.7002394789279545
2010-01-06,83.12,80.38,1.7273293451619722
2010-01-07,82.6,80.94142857142857,1.717550858743935
2010-01-08,82.74,81.49428571428572,1.554797491021377
2010-01-11,82.54,81.95,1.2613616980567106
2010-01-12,80.79,82.14999999999999,0.8224151425270927
2010-01-13,79.66,81.88428571428572,1.249477986235213
2010-01-14,79.35,81.54285714285713,1.5786567527009376
2010-01-15,77.96,80.80571428571429,1.8929153629836712
2010-01-19,78.98,80.28857142857143,1.8138580298281122
2010-01-20,77.42,79.52857142857142,1.7280280531206176
2010-01-21,75.84,78.57142857142857,1.6350578845120602
2010-01-22,74.25,77.63714285714286,1.9867453643705326
2010-01-25,74.9,76.95714285714287,1.9935789783321152
2010-01-26,74.67,76.28857142857143,1.8358688095026827
2010-01-27,73.64,75.67142857142858,1.9051546618856787
2010-01-28,73.62,74.9057142857143,1.350010581965538
2010-01-29,72.85,74.25285714285714,0.987922302704399
2010-02-01,74.41,74.04857142857144,0.7152488744284834
2010-02-02,77.21,74.47142857142856,1.4007073043185203
2010-02-03,76.96,74.76571428571428,1.6918910242936975
2010-02-04,73.13,74.5457142857143,1.802894498138724
2010-02-05,71.15,74.18999999999998,2.210859561344921
2010-02-08,71.87,73.93999999999998,2.378634061807368
2010-02-09,73.71,74.06285714285715,2.3347570486414018
2010-02-10,74.48,74.07285714285715,2.336640853058234
2010-02-11,75.23,73.78999999999999,1.9873181258478831
2010-02-12,74.11,73.38285714285715,1.4485477127732613
2010-02-16,76.98,73.93285714285715,1.9726354139021025
2010-02-17,77.27,74.80714285714285,1.888091755233529
2010-02-18,78.97,75.82142857142857,1.9532232213373417
2010-02-19,79.77,76.68714285714285,2.1900282668299855
2010-02-22,80.04,77.48142857142857,2.2631572973109013
2010-02-23,78.61,77.96428571428571,2.0536135399386266
2010-02-24,79.75,78.77,1.2310564568657179
2010-02-25,77.99,78.91428571428571,1.0288805752302024
2010-02-26,79.72,79.26428571428572,0.7571406109519857
2010-03-01,78.71,79.22714285714285,0.7800152623600687
2010-03-02,79.62,79.2057142857143,0.7645228826438577
2010-03-03,80.91,79.33,0.9667298829856847
2010-03-04,80.21,79.55857142857143,0.9572256538412618
2010-03-05,81.5,79.80857142857143,1.2105567392892131
2010-03-08,81.85,80.36,1.1198511805850146
2010-03-09,81.5,80.61428571428571,1.1519383250647248
2010-03-10,82.07,81.0942857142857,0.8983105836808223
2010-03-11,82.1,81.44857142857143,0.6832624818023756
2010-03-12,81.26,81.49857142857142,0.6492413154639917
2010-03-15,79.79,81.43857142857142,0.791905477759436
2010-03-16,81.75,81.4742857142857,0.8007258611741127
2010-03-17,82.93,81.62857142857142,0.9711063891452683
2010-03-18,82.16,81.72285714285715,0.9884282858061229
2010-03-19,80.58,81.51,1.0591191308462244
2010-03-22,81.26,81.39,1.0282671507562848
2010-03-23,81.68,81.45,1.0316653204040815
2010-03-24,80.29,81.52142857142857,0.9074034121448326
2010-03-25,80.25,81.30714285714285,1.015147186133573
2010-03-26,79.75,80.85285714285715,0.8688635160454362
2010-03-29,81.92,80.81857142857143,0.8115300070681171
2010-03-30,82.14,81.04142857142857,0.9392448841340665
2010-03-31,83.45,81.35428571428572,1.3141138603965639
2010-04-01,84.53,81.76142857142858,1.787926439306759
2010-04-05,86.36,82.62857142857145,2.341590830832529
2010-04-06,86.54,83.52714285714286,2.479514161319109
2010-04-07,85.64,84.36857142857143,1.9204724121179049
2010-04-08,85.17,84.83285714285715,1.5951563589553113
2010-04-09,84.6,85.18428571428572,1.0958536572403483
2010-04-12,84.07,85.27285714285713,0.9473069598510836
2010-04-13,83.8,85.16857142857144,1.074374679696411
2010-04-14,85.62,85.06285714285715,0.9688259954788625
2010-04-15,85.25,84.87857142857142,0.7356500203036241
2010-04-16,82.97,84.49714285714286,0.9391079860780245
2010-04-19,81.52,83.97571428571428,1.4023178092311572
2010-04-20,82.98,83.74428571428572,1.415731343895032
2010-04-21,82.78,83.56000000000002,1.4498160802868174
2010-04-22,82.89,83.42999999999999,1.4654237157417003
2010-04-23,84.34,83.24714285714286,1.2029645919624259
2010-04-26,84.2,83.09714285714287,0.9505912946767947
2010-04-27,82.43,83.02,0.9839546059946815
2010-04-28,83.22,83.26285714285714,0.728713804943563
2010-04-29,85.17,83.57571428571428,1.00483592595349
2010-04-30,86.07,84.0457142857143,1.297444374435202
2010-05-03,86.19,84.51714285714286,1.40277955366558
2010-05-04,82.73,84.28714285714285,1.5598580521473193
2010-05-05,80.0,83.68714285714285,2.2528109425446066
2010-05-06,77.18,82.93714285714285,3.348530594581533
2010-05-07,75.1,81.77714285714285,4.457157967006369
2010-05-10,76.89,80.5942857142857,4.505111382798383
2010-05-11,76.37,79.20857142857143,4.00407887272945
2010-05-12,75.65,77.70285714285716,2.71565654606412
2010-05-13,74.38,76.51,1.8283690364156553
2010-05-14,71.61,75.31142857142858,1.9075064750534596
2010-05-17,70.08,74.29714285714286,2.533322681679833
2010-05-18,69.38,73.48,3.0920866740745643
2010-05-19,69.91,72.48285714285714,2.9303794651056796
2010-05-20,68.28,71.32714285714285,2.7302973848122725
2010-05-21,68.03,70.23857142857143,2.1838912409663607
2010-05-24,68.23,69.36,1.297176420790589
2010-05-25,64.78,68.38428571428571,1.7956322669420388
2010-05-26,71.52,68.59,2.081938199528239
2010-05-27,74.56,69.33,3.0873505361914697
2010-05-28,74.0,69.91428571428571,3.565416558844675
2010-06-01,72.7,70.5457142857143,3.61873761203415
2010-06-02,72.88,71.23857142857142,3.5197368678690317
2010-06-03,74.62,72.15142857142857,3.4370696267368155
2010-06-04,71.43,73.10142857142857,1.3382629110294466
2010-06-07,71.55,73.10571428571428,1.3323895469236071
2010-06-08,71.88,72.72285714285714,1.2256252048837895
2010-06-09,74.38,72.77714285714286,1.2979049051631035
2010-06-10,75.48,73.17428571428572,1.6483714907198541
2010-06-11,73.89,73.31857142857143,1.66246231607529
2010-06-14,74.99,73.37142857142858,1.7157644415936288
2010-06-15,76.84,74.14428571428572,1.9036706397776961
2010-06-16,77.67,75.01857142857143,1.9189183461100179
2010-06-17,76.82,75.72428571428573,1.414317940947309
2010-06-18,77.18,76.12428571428572,1.3658801453344613
2010-06-21,77.84,76.46142857142857,1.467803671830137
2010-06-22,77.15,76.92714285714285,0.9372248802614087
2010-06-23,75.9,77.05714285714285,0.6396018106455285
2010-06-24,75.96,76.93142857142857,0.7638156097546193
2010-06-25,78.45,77.04285714285716,0.9286318661599486
2010-06-28,78.26,77.24857142857142,1.0254824648451601
2010-06-29,75.93,77.07000000000001,1.1416654501168775
2010-06-30,75.59,76.74857142857142,1.203791628856414
2010-07-01,72.95,76.14857142857144,1.84583701493513
2010-07-02,72.06,75.60000000000001,2.4149120066764778
2010-07-06,71.96,75.02857142857144,2.763605305702022
2010-07-07,74.05,74.4,2.3205890056886984
2010-07-08,75.46,74.0,1.703662720921158
2010-07-09,76.08,74.02142857142857,1.7326802799047398
2010-07-12,74.93,73.92714285714285,1.6490372371519095
2010-07-13,77.16,74.52857142857144,1.9697921089218757
2010-07-14,77.02,75.23714285714286,1.8202263072249873
2010-07-15,76.67,75.91,1.1564024674208029
2010-07-16,75.96,76.18285714285715,0.8211113258956589
2010-07-19,76.53,76.33571428571427,0.7615522994202395
2010-07-20,77.32,76.51285714285713,0.8330208938041097
2010-07-21,76.27,76.7042857142857,0.4933848106893922
2010-07-22,79.01,76.96857142857142,1.0066682434503718
2010-07-23,78.68,77.2057142857143,1.1981215456228989
2010-07-26,78.93,77.52857142857144,1.3272456262393943
2010-07-27,77.46,77.74285714285713,1.1396156411327933
2010-07-28,77.06,77.81857142857143,1.0604626124346257
2010-07-29,78.3,77.95857142857143,1.0482911264076566
2010-07-30,78.85,78.32714285714285,0.7730828822629353
2010-08-02,81.25,78.64714285714285,1.3506753160973588
2010-08-03,82.52,79.19571428571429,1.993212291274121
2010-08-04,82.49,79.70428571428572,2.3383958685574044
2010-08-05,82.0,80.35285714285715,2.239700235042266
2010-08-06,80.67,80.86857142857141,1.7075072334758377
2010-08-09,81.46,81.32000000000001,1.2792706255225241
2010-08-10,80.24,81.51857142857143,0.8764212946441813
2010-08-11,78.09,81.06714285714285,1.5740151871933121
2010-08-12,75.68,80.09,2.418401676036841
2010-08-13,75.39,79.07571428571428,2.714791932742933
2010-08-16,75.17,78.10000000000001,2.715989690700354
2010-08-17,75.76,77.39857142857143,2.571843881803744
2010-08-18,75.39,76.53142857142858,1.9131947850923177
2010-08-19,74.45,75.70428571428572,1.1366303583040924
2010-08-20,73.45,75.04142857142858,0.8232137950561004
2010-08-23,72.71,74.61714285714287,1.1426389672654247
2010-08-24,71.24,74.02428571428572,1.642212502921382
2010-08-25,72.07,73.58142857142857,1.6987684614754164
2010-08-26,73.36,73.23857142857143,1.402074992895685
2010-08-27,75.17,73.20714285714284,1.3472034526552696
2010-08-30,74.69,73.24142857142856,1.3865836742524524
2010-08-31,71.93,73.02428571428571,1.4652628563108776
2010-09-01,73.97,73.20428571428572,1.4972625815415168
2010-09-02,74.99,73.74000000000001,1.3399129324907493
2010-09-03,74.52,74.09,1.1353560381319736
2010-09-07,73.98,74.17857142857143,1.092282450820473
2010-09-08,74.65,74.10428571428572,1.0294959469329192
2010-09-09,74.25,74.04142857142857,1.0008068173746958
2010-09-10,76.4,74.67999999999999,0.842614977311471
2010-09-13,77.17,75.13714285714286,1.1897578785255343
2010-09-14,76.78,75.39285714285714,1.3362099920472836
2010-09-15,75.92,75.59285714285716,1.2876815637081003
2010-09-16,74.58,75.67857142857143,1.1777015548817606
2010-09-17,73.63,75.53285714285714,1.373070941180291
2010-09-20,74.81,75.61285714285715,1.3002527226839748
2010-09-21,72.96,75.12142857142858,1.5743509622605552
2010-09-22,72.98,74.52285714285713,1.4578833319279647
2010-09-23,73.4,74.03999999999999,1.1020133090497302
2010-09-24,74.63,73.85571428571428,0.8023477455263653
2010-09-27,76.51,74.13142857142859,1.281346018465372
2010-09-28,76.15,74.49142857142859,1.4587143719855493
2010-09-29,77.85,74.92571428571429,1.9418793057461041
2010-09-30,79.95,75.92428571428572,2.4841085399163503
2010-10-01,81.57,77.15142857142858,2.877756235745393
2010-10-04,81.43,78.29857142857144,2.7297828275716887
2010-10-05,82.83,79.47,2.651414716710954
2010-10-06,83.21,80.42714285714285,2.6138459166871817
2010-10-07,81.34,81.16857142857144,1.8112834176460844
2010-10-08,82.66,81.85571428571428,1.1247793434362494
2010-10-11,82.18,82.17428571428572,0.7476375490532383
2010-10-12,81.67,82.18857142857144,0.7350153869410161
2010-10-13,83.03,82.41714285714286,0.7080893137048393
2010-10-14,82.71,82.39999999999999,0.6978060857615395
2010-10-15,81.23,82.11714285714285,0.7158145543245731
2010-10-18,83.06,82.36285714285714,0.6996121374373366
2010-10-19,79.57,81.92142857142858,1.243951078502139
2010-10-20,81.93,81.88571428571429,1.2388685313977326
2010-10-21,80.03,81.65142857142858,1.427216738634982
2010-10-22,81.15,81.38285714285715,1.2953598507168986
2010-10-25,82.0,81.28142857142858,1.1982825010710465
2010-10-26,82.6,81.47714285714287,1.2963501878412353
2010-10-27,81.9,81.31142857142858,1.122815339094735
2010-10-28,82.2,81.68714285714286,0.8498179076618273
2010-10-29,81.45,81.61857142857143,0.8463141373271793
2010-11-01,82.94,82.03428571428572,0.6205335645670244
2010-11-02,83.91,82.42857142857143,0.8122484958681606
2010-11-03,84.45,82.77857142857144,1.0803923449563078
2010-11-04,86.49,83.3342857142857,1.7599512980253993
2010-11-05,86.85,84.04142857142857,2.0569915618949906
2010-11-08,87.07,84.73714285714286,2.151764502956484
2010-11-09,87.04,85.53571428571429,1.7230966034309305
2010-11-10,87.77,86.22571428571429,1.456935792941947
2010-11-11,87.77,86.77714285714286,1.1276629857884946
2010-11-12,84.89,86.84,0.9787577160157137
2010-11-15,84.88,86.61,1.2313001258805953
2010-11-16,82.33,85.96428571428571,2.0181993388716504
2010-11-17,80.43,85.01571428571428,2.815018396284773
2010-11-18,81.88,84.27857142857144,2.8716222393809407
2010-11-19,81.65,83.40428571428572,2.5444701946419523
2010-11-22,81.24,82.47142857142856,1.7501945470070963
2010-11-23,80.79,81.88571428571429,1.469431376900881
2010-11-24,83.21,81.64714285714285,0.9438346303860587
2010-11-26,83.87,81.86714285714287,1.2570430155127525
2010-11-29,85.73,82.62428571428572,1.74758745267709
2010-11-30,84.12,82.94428571428571,1.7930779602184528
2010-12-01,86.75,83.67285714285715,2.174984400599222
2010-12-02,87.98,84.63571428571429,2.3988320570828523
2010-12-03,89.18,85.83428571428571,2.2483835463332458
2010-12-06,89.33,86.70857142857143,2.247735368255798
2010-12-07,88.69,87.39714285714285,1.9520733787909785
2010-12-08,88.3,87.7642857142857,1.8237219921786252
2010-12-09,88.35,88.36857142857141,0.862350055976047
2010-12-10,87.81,88.52,0.576425768560869
2010-12-13,88.62,88.61142857142859,0.5249580482050983
2010-12-14,88.33,88.49,0.4665833258854288
2010-12-15,88.66,88.39428571428572,0.3069667268986071
2010-12-16,87.71,88.25428571428571,0.3671901025664904
2010-12-17,88.02,88.21428571428571,0.37651282150294413
2010-12-20,88.68,88.26142857142858,0.4150272509629231
2010-12-21,89.3,88.4742857142857,0.5149711041306515
2010-12-22,89.83,88.64714285714285,0.7301532780986345
2010-12-23,90.84,89.00571428571429,1.0806457505074283
2010-12-27,90.99,89.33857142857141,1.2941590393156026
2010-12-28,91.48,89.87714285714286,1.2879015786097052
2010-12-29,91.13,90.32142857142857,1.0560212840544612
2010-12-30,89.85,90.48857142857142,0.8188900734384997
2010-12-31,91.38,90.78571428571429,0.6815877821360848
2011-01-03,91.59,91.03714285714285,0.5885494679174065
2011-01-04,89.39,90.83,0.8614135669518069
2011-01-05,90.3,90.73142857142855,0.8793449943241168
2011-01-06,88.37,90.28714285714285,1.1742900590791938
2011-01-07,88.07,89.85000000000001,1.3626811806122885
2011-01-10,89.24,89.76285714285714,1.3820481695121951
2011-01-11,91.11,89.72428571428573,1.3322644525106213
2011-01-12,91.85,89.76142857142857,1.3950917361864832
2011-01-13,91.39,90.04714285714284,1.5066819426094746
2011-01-14,91.53,90.22285714285715,1.6093136661898881
2011-01-18,91.38,90.65285714285714,1.4230801603748122
2011-01-19,90.85,91.04999999999998,0.8577684225139692
2011-01-20,88.56,90.95285714285714,1.1009498063880396
2011-01-21,88.22,90.53999999999999,1.5012883356177338
2011-01-24,86.74,89.81000000000002,1.9372144950920842
2011-01-25,85.08,88.90857142857142,2.473367667582418
2011-01-26,86.15,88.14,2.356133838868408
2011-01-27,84.45,87.14999999999999,2.219834828688911
2011-01-28,88.15,86.76428571428572,1.6245292358368724
2011-01-31,90.99,87.11142857142856,2.2219768118444883
2011-02-01,89.54,87.3,2.381987965263554
2011-02-02,89.78,87.73428571428572,2.5350795986364036
2011-02-03,89.42,88.35428571428572,2.29729447497619
2011-02-04,87.87,88.6,2.1062763351455915
2011-02-07,86.3,88.86428571428573,1.5382333713570204
2011-02-08,85.85,88.53571428571429,1.915592659750388
2011-02-09,85.59,87.76428571428572,1.84864686678911
2011-02-10,85.44,87.17857142857143,1.8417693356411258
2011-02-11,84.39,86.40857142857143,1.6936688831373048
2011-02-14,83.66,85.58571428571429,1.3513802467926734
2011-02-15,83.13,84.90857142857143,1.1944514580788916
2011-02-16,83.8,84.55142857142857,1.0770550677843451
2011-02-17,85.05,84.43714285714285,0.9514149863139318
2011-02-18,85.03,84.35714285714286,0.8571992044925704
2011-02-22,92.65,85.38714285714286,3.28078605563513
2011-02-23,96.04,87.05142857142857,5.126426398480844
2011-02-24,95.83,88.79,5.803513303737765
2011-02-25,96.52,90.70285714285716,5.8336486989578535
2011-02-28,97.1,92.60285714285715,5.357125206319797
2011-03-01,99.63,94.6857142857143,4.728632138870538
2011-03-02,102.27,97.14857142857143,3.0547418252687595
2011-03-03,101.92,98.47285714285714,2.776146695725902
2011-03-04,104.34,99.65857142857143,3.2889989792814283
2011-03-07,105.37,101.02142857142857,3.4123766330396434
2011-03-08,105.06,102.24142857142856,3.041224690654886
2011-03-09,104.39,103.28285714285714,2.0850396821624932
2011-03-10,102.73,103.72571428571428,1.3948579036699698
2011-03-11,101.14,103.56428571428572,1.635959016835027
2011-03-14,101.2,103.46142857142857,1.7734282108530601
2011-03-15,97.23,102.44571428571429,2.878291490583121
2011-03-16,97.99,101.39142857142858,2.978497543905037
2011-03-17,101.47,100.87857142857145,2.5144676611656887
2011-03-18,101.06,100.40285714285713,2.0022463575171363
2011-03-21,102.36,100.35000000000001,1.9343043538526885
2011-03-22,104.53,100.8342857142857,2.5051869999587484
2011-03-23,105.21,101.40714285714286,3.0103084796840776
2011-03-24,105.04,102.52285714285713,2.627011700809844
2011-03-25,104.89,103.50857142857141,1.8102617542912172
2011-03-28,103.54,103.80428571428571,1.57561477041946
2011-03-29,104.34,104.27285714285715,1.0094836020755729
2011-03-30,103.8,104.47857142857143,0.630170045080477
2011-03-31,106.19,104.71571428571428,0.9051124634160939
2011-04-01,107.55,105.05,1.4096098751082744
2011-04-04,108.14,105.49285714285715,1.830170431825089
2011-04-05,107.82,105.91142857142857,1.9967843196126331
2011-04-06,108.38,106.60285714285713,1.8729007295798727
2011-04-07,109.82,107.38571428571427,1.9142436029494017
2011-04-08,112.27,108.59571428571428,1.9466283427420745
2011-04-11,109.5,109.06857142857143,1.6432328762897321
2011-04-12,105.75,108.81142857142856,2.0184683018861773
2011-04-13,106.6,108.59142857142857,2.1812108913137687
2011-04-14,107.73,108.57857142857144,2.18677409724594
2011-04-15,109.17,108.69142857142857,2.1951873767522736
2011-04-18,106.7,108.24571428571429,2.2440503347221425
2011-04-19,107.18,107.51857142857143,1.3816828938116987
2011-04-20,110.84,107.71000000000001,1.7465966907114983
2011-04-21,111.72,108.56285714285715,2.059552656006144
2011-04-25,111.68,109.28857142857143,2.145836500230038
2011-04-26,111.72,109.85857142857142,2.1922623669898194
2011-04-27,112.31,110.30714285714285,2.343890741807215
2011-04-28,112.38,111.11857142857141,1.8092026657399374
2011-04-29,113.39,112.00571428571428,0.7934283656608578
2011-05-02,113.03,112.31857142857143,0.6809657008404615
2011-05-03,110.6,112.15857142857142,0.9307958704182795
2011-05-04,108.79,111.74571428571429,1.5876277601404076
2011-05-05,99.89,110.05571428571429,4.7554875569984985
2011-05-06,96.87,107.85000000000001,6.713332505793066
2011-05-09,100.32,106.12714285714287,6.901875866472396
2011-05-10,103.39,104.69857142857143,6.1410162800943455
2011-05-11,97.88,102.53428571428572,5.331725352838134
2011-05-12,98.53,100.81000000000002,4.097360939271456
2011-05-13,99.21,99.44142857142856,2.1015425173859836
2011-05-16,96.91,99.01571428571428,2.289001653871926
2011-05-17,96.4,98.94857142857143,2.367962757107346
2011-05-18,99.52,98.8342857142857,2.3093206587136503
2011-05-19,97.99,98.06285714285714,1.1394693836123055
2011-05-20,99.15,98.24428571428571,1.204738659666348
2011-05-23,97.06,98.03428571428572,1.2728296186428711
2011-05-24,99.13,98.02285714285713,1.2608160622614446
2011-05-25,100.78,98.57571428571428,1.5144730342360586
2011-05-26,100.18,99.11571428571428,1.2623108061917527
2011-05-27,100.58,99.26714285714286,1.3772401664889307
2011-05-31,102.7,99.94000000000001,1.7495237447184515
2011-06-01,100.3,100.10428571428572,1.7166620434520596
2011-06-02,100.41,100.58285714285714,1.0727024173512283
2011-06-03,100.28,100.74714285714286,0.8846979576054507
2011-06-06,99.07,100.50285714285714,1.0870558753767579
2011-06-07,99.18,100.36,1.196731660259407
2011-06-08,100.77,100.38714285714286,1.2046813449446818
2011-06-09,101.95,100.27999999999999,0.9764220398989986
2011-06-10,99.3,100.13714285714286,1.0438345061315628
2011-06-13,97.2,99.67857142857143,1.506534971066996
2011-06-14,99.37,99.54857142857142,1.4850973994032974
2011-06-15,94.83,98.94285714285715,2.334550022921691
2011-06-16,94.95,98.33857142857143,2.7698160502785236
2011-06-17,93.02,97.23142857142857,3.157696568552253
2011-06-20,93.23,95.9857142857143,2.6680258440952853
2011-06-21,93.7,95.18571428571428,2.3263050612706224
2011-06-22,94.96,94.86571428571429,2.1504639587989294
2011-06-23,90.7,93.62714285714287,1.5315103034329063
2011-06-24,90.89,93.06428571428572,1.7272604237420757
2011-06-27,90.65,92.45,1.7093858546263911
2011-06-28,92.9,92.43285714285715,1.7033077064505797
2011-06-29,94.85,92.66428571428571,1.9252606502563403
2011-06-30,95.3,92.89285714285714,2.1505171028198795
2011-07-01,94.81,92.87142857142858,2.127106239090551
2011-07-05,96.92,93.76,2.3557164515275235
2011-07-06,96.67,94.58571428571427,2.1891768402970717
2011-07-07,98.7,95.73571428571428,1.867929844710534
2011-07-08,96.2,96.20714285714287,1.3876564690834472
2011-07-11,95.16,96.25142857142858,1.3412982339433837
2011-07-12,97.41,96.55285714285715,1.3288806603764882
2011-07-13,98.04,97.01428571428572,1.1746752337395163
2011-07-14,95.75,96.84714285714287,1.2697206291895373
2011-07-15,97.24,96.92857142857143,1.2747343327323772
2011-07-18,95.94,96.53428571428572,1.0408947616165314
2011-07-19,97.49,96.71857142857142,1.0851025845727895
2011-07-20,98.11,97.14,0.9423728915168444
2011-07-21,98.96,97.36142857142856,1.1708035498665925
2011-07-22,99.53,97.57428571428571,1.423011561710331
2011-07-25,98.97,98.0342857142857,1.2442247538507045
2011-07-26,99.61,98.37285714285714,1.3126400152073665
2011-07-27,97.4,98.58142857142856,0.9184484846998836
2011-07-28,97.48,98.58,0.9204346799202471
2011-07-29,95.68,98.23285714285714,1.4392557600568558
2011-08-01,94.98,97.66428571428573,1.8356729659976538
2011-08-02,93.78,96.84285714285714,2.125313422264135
2011-08-03,91.87,95.82857142857144,2.585371853147243
2011-08-04,86.75,93.99142857142859,3.7550074503758797
2011-08-05,86.89,92.49,4.235414186750798
2011-08-08,81.27,90.17428571428572,5.339834133325107
2011-08-09,79.32,87.83714285714287,6.060114724671846
2011-08-10,83.05,86.13285714285713,5.352789659873648
2011-08-11,85.48,84.94714285714285,4.163735159226981
2011-08-12,85.19,83.99285714285715,2.8803513343888683
2011-08-15,87.88,84.1542857142857,3.0850221886971747
2011-08-16,86.65,84.12,3.0506939101334503
2011-08-17,87.58,85.02142857142857,3.000041269556149
2011-08-18,82.38,85.45857142857142,2.126604716217918
2011-08-19,82.33,85.35571428571428,2.2747663406940344
2011-08-22,84.42,85.2042857142857,2.3002525741219055
2011-08-23,85.35,85.22714285714287,2.300881818531691
2011-08-24,84.99,84.81428571428572,1.9828334704207866
2011-08-25,85.15,84.60000000000001,1.8262529945197266
2011-08-26,85.37,84.28428571428572,1.3556038893253535
2011-08-29,87.27,84.98285714285714,1.4661822793169055
2011-08-30,88.9,85.92142857142856,1.5831448509345232
2011-08-31,88.81,86.54857142857144,1.749975510030768
2011-09-01,88.93,87.05999999999999,1.8609227101969408
2011-09-02,86.45,87.26857142857145,1.6613692001000573
2011-09-06,85.99,87.38857142857144,1.5059042529461049
2011-09-07,89.34,87.95571428571428,1.3594344061982935
2011-09-08,89.05,88.21000000000001,1.3761661721344722
2011-09-09,87.24,87.97285714285715,1.3804674846530365
2011-09-12,88.19,87.88428571428571,1.3370098122635463
2011-09-13,90.21,88.06714285714285,1.5709308735643486
2011-09-14,88.91,88.41857142857143,1.4164324736375347
2011-09-15,89.4,88.90571428571427,0.952345475526665
2011-09-16,87.96,88.70857142857143,0.9895694109266616
2011-09-19,85.7,88.22999999999999,1.483644162187793
2011-09-20,86.92,88.1842857142857,1.523623500548106
2011-09-21,85.77,87.83857142857143,1.7757949259532653
2011-09-22,80.29,86.42142857142856,3.0610424617071326
2011-09-23,79.58,85.08857142857143,3.7504774299245534
2011-09-26,79.97,83.74142857142859,3.6355716128791746
2011-09-27,84.18,83.20142857142856,3.15328098214743
2011-09-28,80.94,82.52142857142857,3.03571753501085
2011-09-29,81.87,81.8,2.3354942374847325
2011-09-30,78.93,80.82285714285715,1.7568695102884189
2011-10-03,77.34,80.40142857142857,2.203129808334346
2011-10-04,75.4,79.80428571428571,2.914508861669831
2011-10-05,79.41,79.7242857142857,2.9168867944125982
2011-10-06,82.32,79.45857142857143,2.4979820427105097
2011-10-07,82.7,79.71000000000001,2.748005337207945
2011-10-10,85.14,80.17714285714285,3.3813444775977417
2011-10-11,85.54,81.12142857142858,3.8635925793280026
2011-10-12,85.3,82.25857142857141,3.7343827181618234
2011-10-13,83.96,83.48142857142857,2.200790983345083
2011-10-14,86.8,84.53714285714285,1.6173817760554994
2011-10-17,86.38,85.11714285714285,1.4036347374525233
2011-10-18,88.34,85.92285714285713,1.4036347374526812
2011-10-19,86.11,86.06142857142856,1.3606913508854275
2011-10-20,86.07,86.13714285714286,1.3414508847453104
2011-10-21,87.19,86.40714285714286,1.3350619746603996
2011-10-24,91.12,87.42999999999999,1.8070786738068625
2011-10-25,92.98,88.31285714285715,2.724663369333031
2011-10-26,90.2,88.85857142857142,2.654665255553451
2011-10-27,93.96,89.66142857142857,3.2538972969414854
2011-10-28,93.32,90.69142857142857,3.078779133419126
2011-10-31,93.19,91.70857142857142,2.3984886114059987
2011-11-01,92.19,92.42285714285715,1.3391130682361672
2011-11-02,92.51,92.62142857142858,1.2106118091189013
2011-11-03,94.07,92.77714285714285,1.3287552356200705
2011-11-04,94.26,93.35714285714286,0.7953974747601076
2011-11-07,95.52,93.58000000000001,1.137453295743495
2011-11-08,96.8,94.07714285714285,1.649926405284538
2011-11-09,95.74,94.44142857142857,1.7020911508237446
2011-11-10,97.78,95.24,1.779316348113881
2011-11-11,98.99,96.16571428571429,1.8077044111508938
2011-11-14,98.14,96.74714285714286,1.670635750103323
2011-11-15,99.37,97.47714285714287,1.5115854180926622
2011-11-16,102.59,98.48714285714286,2.1939136589340973
2011-11-17,98.82,98.77571428571427,2.0640159652392525
2011-11-18,97.67,99.05142857142857,1.6850264940691744
2011-11-21,96.73,98.90142857142858,1.8552127332774977
2011-11-22,97.76,98.72571428571429,1.903057689989757
2011-11-23,96.16,98.44285714285715,2.1373481566786374
2011-11-25,96.91,98.09142857142857,2.161599936554986
2011-11-28,98.21,97.46571428571428,0.9193631336030711
2011-11-29,99.79,97.60428571428572,1.1906000887907473
2011-11-30,100.36,97.98857142857142,1.5843550588113493
2011-12-01,100.2,98.48428571428572,1.6657016253706216
2011-12-02,100.97,98.94285714285714,1.8632204582902014
2011-12-05,100.94,99.62571428571428,1.5171119178984818
2011-12-06,101.25,100.24571428571429,1.0313560190819693
2011-12-07,100.45,100.5657142857143,0.5103873412387614
2011-12-08,98.35,100.36,0.963881043836892
2011-12-09,99.4,100.22285714285715,1.0299144670918858
2011-12-12,97.77,99.87571428571428,1.3866489238795827
2011-12-13,100.24,99.77142857142859,1.3163007327540044
2011-12-14,94.92,98.91142857142857,2.136566003126257
2011-12-15,93.84,97.85285714285715,2.5753945606173003
2011-12-16,93.55,96.86714285714285,2.7314203526474317
2011-12-19,93.86,96.22571428571429,2.8497944788050407
2011-12-20,97.16,95.90571428571427,2.543225361247834
2011-12-21,98.54,96.01571428571428,2.6516401034254717
2011-12-22,99.42,95.89857142857143,2.4438932639772206
2011-12-23,99.72,96.58428571428571,2.7745861982335147
2011-12-27,101.29,97.64857142857143,2.9685486272555646
2011-12-28,99.44,98.49000000000001,2.3919517832376425
2011-12-29,99.68,99.32142857142857,1.2562434553256272
2011-12-30,98.83,99.56000000000002,0.8794126827989487
2012-01-03,102.96,100.19142857142856,1.4357858309588725
2012-01-04,103.22,100.73428571428572,1.774033606811559
2012-01-05,101.81,101.03285714285714,1.7505971770205215
2012-01-06,101.56,101.07142857142857,1.760155566718289
2012-01-09,101.31,101.33857142857143,1.6064809218857374
2012-01-10,102.24,101.70428571428572,1.4497224693358792
2012-01-11,100.89,101.99857142857142,0.856882500142139
2012-01-12,99.03,101.43714285714286,1.2966072945161233
2012-01-13,98.69,100.78999999999999,1.3858691616941936
2012-01-17,100.7,100.63142857142857,1.3112008309367318
2012-01-18,100.61,100.49571428571429,1.2466469313442616
2012-01-19,100.32,100.3542857142857,1.1939131339548947
2012-01-20,98.15,99.77000000000001,1.1154819586175158
2012-01-23,99.47,99.56714285714284,1.0011112872827324
2012-01-24,98.84,99.53999999999999,1.0204900783452375
2012-01-25,99.23,99.61714285714287,0.9643947028360549
2012-01-26,99.76,99.48285714285714,0.8467529014957793
2012-01-27,99.47,99.32000000000001,0.6887186169505755
2012-01-30,98.75,99.0957142857143,0.5505711320342426
2012-01-31,98.46,99.14,0.46811679454410765
2012-02-01,97.63,98.87714285714287,0.7073828356634765
2012-02-02,96.36,98.52285714285713,1.1873179058384107
2012-02-03,97.8,98.31857142857143,1.168238397066961
2012-02-06,96.89,97.90857142857143,1.078199557463637
2012-02-07,98.55,97.77714285714285,0.8969896745174554
2012-02-08,98.8,97.78428571428572,0.9061798412910989
2012-02-09,99.88,97.98714285714286,1.195431780930078
2012-02-10,98.68,98.13714285714285,1.2089487759445003
2012-02-13,100.39,98.71285714285715,1.180843120906087
2012-02-14,100.82,99.14428571428572,1.3335523629624715
2012-02-15,101.82,99.84857142857142,1.2433614193181035
2012-02-16,102.33,100.38857142857144,1.3967632652131488
2012-02-17,103.27,101.02714285714285,1.561534654175804
2012-02-21,105.88,101.88428571428571,2.299339449660192
2012-02-22,105.99,102.92857142857143,2.261175421261326
2012-02-23,107.44,103.93571428571428,2.499525669288259
2012-02-24,109.39,105.15999999999998,2.799857139213128
2012-02-27,108.49,106.11285714285714,2.601696333073253
2012-02-28,106.59,106.72142857142856,1.9974185721536033
2012-02-29,107.08,107.26571428571428,1.296184878055047
2012-03-01,108.76,107.67714285714285,1.2388397029185259
2012-03-02,106.68,107.77571428571427,1.1021321327766065
2012-03-05,106.7,107.67,1.172916592659844
2012-03-06,104.71,107.00142857142858,1.3496101729947376
2012-03-07,106.16,106.66857142857144,1.2003670073707147
2012-03-08,106.65,106.67714285714285,1.1999265850571799
2012-03-09,107.4,106.72285714285714,1.2236926940727404
2012-03-12,106.34,106.37714285714286,0.831118007782424
2012-03-13,106.7,106.38000000000001,0.8323661053505342
2012-03-14,105.49,106.20714285714287,0.8791608553199128
2012-03-15,105.19,106.27571428571427,0.7525259052672457
2012-03-16,107.03,106.39999999999999,0.8005414834159159
2012-03-19,108.09,106.60571428571428,1.0281513692537643
2012-03-20,105.68,106.36000000000001,1.0120935398155695
2012-03-21,106.87,106.4357142857143,1.030013869533644
2012-03-22,104.98,106.18999999999998,1.1541374845902697
2012-03-23,106.43,106.32428571428571,1.1130716829708824
2012-03-26,107.07,106.59285714285716,1.0163777887808014
2012-03-27,107.32,106.63428571428572,1.0427345002916086
2012-03-28,105.4,106.25,0.9031795687106544
2012-03-29,102.79,105.83714285714287,1.5993719005263864
2012-03-30,103.03,105.28857142857143,1.8282362043921945
2012-04-02,105.25,105.32714285714285,1.8234830616688618
2012-04-03,104.02,104.98285714285714,1.8079981036659885
2012-04-04,101.53,104.19142857142856,1.9491316748020695
2012-04-05,103.29,103.61571428571429,1.3843874354496464
2012-04-09,102.45,103.19428571428571,1.1854093124728635
2012-04-10,101.12,102.95571428571428,1.4243110280988411
2012-04-11,102.66,102.90285714285713,1.4279555815427871
2012-04-12,103.69,102.67999999999999,1.079907403438824
2012-04-13,102.84,102.51142857142858,0.915449408241409
2012-04-16,102.92,102.71000000000001,0.8119934318301653
2012-04-17,104.23,102.8442857142857,0.9835116868127609
2012-04-18,102.65,102.87285714285714,0.9729973327434481
2012-04-19,102.38,103.05285714285715,0.661304626874732
2012-04-20,103.58,103.18428571428572,0.6616357795374018
2012-04-23,102.68,103.03999999999999,0.6428322746529201
2012-04-24,103.1,103.07714285714285,0.636833685399311
2012-04-25,103.72,103.19142857142857,0.674596881391481
2012-04-26,104.56,103.23857142857142,0.764775099217492
2012-04-27,104.86,103.55428571428571,0.9214274640094245
2012-04-30,104.89,103.91285714285713,0.8755324910358957
2012-05-01,106.17,104.28285714285714,1.1989539091195165
2012-05-02,105.25,104.65,1.003958830498515
2012-05-03,102.56,104.57285714285715,1.1526449913972032
2012-05-04,98.49,103.82571428571428,2.592867506210883
2012-05-07,97.86,102.86857142857143,3.390562532341249
2012-05-08,97.13,101.76428571428572,3.86015482048284
2012-05-09,96.8,100.60857142857142,3.977626715230525
2012-05-10,97.1,99.31285714285714,3.280181470009141
2012-05-11,96.03,97.99571428571427,2.157968621511672
2012-05-14,94.75,96.88,1.2199180300331784
2012-05-15,93.97,96.23428571428572,1.4075138500544313
2012-05-16,92.78,95.50857142857141,1.7072924819863662
2012-05-17,92.53,94.85142857142857,1.8578251493920495
2012-05-18,91.51,94.0957142857143,2.003312732640847
2012-05-21,92.57,93.44857142857143,1.5518851823013318
2012-05-22,91.44,92.79285714285716,1.2118128882748642
2012-05-23,89.4,92.02857142857144,1.4377694364463514
2012-05-24,90.36,91.51285714285714,1.2620316198582053
2012-05-25,90.64,91.20714285714287,1.1589034225746098
2012-05-29,90.75,90.95285714285714,1.005380761795442
2012-05-30,87.79,90.42142857142856,1.5155354232235285
2012-05-31,86.52,89.55714285714286,1.7868474499859226
2012-06-01,83.17,88.37571428571428,2.7879792989592844
2012-06-04,83.95,87.59714285714287,3.1867314199432903
2012-06-05,84.31,86.73285714285714,3.132478860187269
2012-06-06,85.05,85.9342857142857,2.645019578646743
2012-06-07,84.78,85.08142857142857,1.5825341341373913
2012-06-08,84.08,84.55142857142857,1.0588268440636388
2012-06-11,82.58,83.98857142857142,0.8679752026274757
2012-06-12,83.35,84.01428571428572,0.8419591665220505
2012-06-13,82.56,83.8157142857143,1.0073208218290848
2012-06-14,83.83,83.74714285714286,0.9841360726642251
2012-06-15,84.03,83.60142857142857,0.8210852284483313
2012-06-18,83.26,83.38428571428572,0.6380401539795442
2012-06-19,83.99,83.37142857142855,0.6223993512014203
2012-06-20,81.06,83.1542857142857,1.057557833606974
2012-06-21,77.91,82.37714285714286,2.2340972396440257
2012-06-22,79.33,81.91571428571429,2.5069360924090094
2012-06-25,78.76,81.19142857142856,2.5926269083129476
2012-06-26,79.34,80.52142857142857,2.329459369118666
2012-06-27,80.27,80.0942857142857,1.9935132901711066
2012-06-28,77.72,79.19857142857143,1.203403902426023
2012-06-29,85.04,79.76714285714286,2.4860793382721997
2012-07-02,83.72,80.59714285714287,2.7214378202556087
2012-07-03,87.74,81.79857142857144,3.7360425968808935
2012-07-05,87.11,82.99142857142859,3.9320496291004514
2012-07-06,84.37,83.71000000000001,3.5990554316368906
2012-07-09,85.93,84.51857142857143,3.3225864853117493
2012-07-10,83.92,85.4042857142857,1.5750011337850647
2012-07-11,85.88,85.52428571428571,1.574620135595975
2012-07-12,86.02,85.85285714285715,1.3608295789161087
2012-07-13,87.15,85.76857142857143,1.2371126137274004
2012-07-16,88.41,85.9542857142857,1.5340019246264989
2012-07-17,89.07,86.62571428571427,1.7397783109996385
2012-07-18,89.88,87.18999999999998,2.083202662567846
2012-07-19,92.78,88.4557142857143,2.4282837364605636
2012-07-20,91.56,89.26714285714286,2.372507213094996
2012-07-23,87.77,89.51714285714284,2.042577736469587
2012-07-24,88.28,89.67857142857143,1.8608907237427383
2012-07-25,88.8,89.73428571428572,1.822012231415059
2012-07-26,89.4,89.78142857142856,1.806160094153288
2012-07-27,90.13,89.81714285714284,1.810899539691445
2012-07-30,89.8,89.39142857142858,1.2668389607121764
2012-07-31,88.08,88.89428571428572,0.905204528320736
2012-08-01,88.99,89.06857142857143,0.7581650781403036
2012-08-02,87.22,88.91714285714285,1.0069543896593744
2012-08-03,91.4,89.28857142857143,1.3704552597749893
2012-08-06,92.3,89.70285714285716,1.7852984277671844
2012-08-07,93.68,90.21000000000001,2.343736333293008
2012-08-08,93.39,90.72285714285714,2.6160320734887423
2012-08-09,93.39,91.48142857142857,2.488730791463655
2012-08-10,92.94,92.0457142857143,2.267670296014654
2012-08-13,92.76,92.83714285714287,0.7844470299874486
2012-08-14,93.4,93.12285714285714,0.47821593050587796
2012-08-15,94.35,93.41571428571429,0.516489985150889
2012-08-16,95.66,93.69857142857143,1.0006236150756194
2012-08-17,96.0,94.07142857142857,1.3061192974024853
2012-08-20,96.03,94.44857142857143,1.4498095112970288
2012-08-21,96.55,94.96428571428571,1.4657291375836912
2012-08-22,96.89,95.55428571428571,1.24518883631978
2012-08-23,95.87,95.90714285714286,0.8052062734836715
2012-08-24,95.78,96.11142857142856,0.44525006350141527
2012-08-27,95.54,96.09428571428573,0.4672920979026838
2012-08-28,96.3,96.13714285714286,0.4709463623289594
2012-08-29,95.5,96.06142857142858,0.5299505817036085
2012-08-30,94.61,95.78428571428572,0.7089160068457837
2012-08-31,96.47,95.7242857142857,0.6107060706773324
2012-09-04,95.34,95.64857142857143,0.622372572538211
2012-09-05,95.37,95.59,0.6272160712228187
2012-09-06,95.58,95.59571428571428,0.626866736046901
2012-09-07,96.41,95.61142857142856,0.6484707284947278
2012-09-10,96.52,95.75714285714285,0.728873886798943
2012-09-11,97.03,96.10285714285715,0.6652246308760742
2012-09-12,97.02,96.18142857142857,0.743671714567691
2012-09-13,98.3,96.60428571428572,0.9871652536915194
2012-09-14,98.94,97.11428571428571,1.1516923365621818
2012-09-17,96.51,97.24714285714286,0.9870784211625154
2012-09-18,95.25,97.08142857142857,1.2207569860739758
2012-09-19,91.97,96.43142857142857,2.3020094741438655
2012-09-20,92.14,95.73285714285716,2.7820119475283795
2012-09-21,92.64,95.10714285714286,2.9327445296497205
2012-09-24,91.68,94.16142857142857,2.795719517234709
2012-09-25,91.07,93.03714285714287,2.0318441072556275
2012-09-26,89.92,92.09571428571428,1.6442917131986434
2012-09-27,91.89,91.61571428571428,0.8852656313748447
2012-09-28,92.18,91.6457142857143,0.9026600900081476
2012-10-01,92.44,91.68857142857144,0.9365260019771208
2012-10-02,91.88,91.58,0.8476831168926955
2012-10-03,88.19,91.08142857142857,1.5304403350165736
2012-10-04,91.69,91.16999999999999,1.5475141356375597
2012-10-05,89.87,91.16285714285713,1.5543456746131268
2012-10-08,89.43,90.81142857142858,1.6383673638856209
2012-10-09,92.42,90.84571428571428,1.6739061815883878
2012-10-10,91.24,90.67428571428572,1.5394680590255
2012-10-11,92.19,90.71857142857142,1.583755332233742
2012-10-12,91.83,91.23857142857142,1.1545912490483556
2012-10-15,91.84,91.26,1.165704365036336
2012-10-16,92.07,91.57428571428571,1.0153629423807755
2012-10-17,92.04,91.94714285714285,0.3722774183171594
2012-10-18,92.0,91.88714285714286,0.31239474417611823
2012-10-19,90.0,91.71000000000001,0.7646785817136764
2012-10-22,88.3,91.15428571428572,1.4574161741794855
2012-10-23,86.65,90.41428571428571,2.18872761471735
2012-10-24,85.39,89.49285714285713,2.7691979241026585
2012-10-25,85.59,88.56714285714285,2.846130204831479
2012-10-26,85.84,87.68142857142857,2.532715463498448
2012-10-29,85.52,86.75571428571428,1.7564628959240893
2012-10-30,85.65,86.13428571428571,1.041230956492246
2012-10-31,86.23,85.83857142857143,0.44938582425722334
2012-11-01,87.05,85.89571428571428,0.5770573958376959
2012-11-02,84.9,85.8257142857143,0.6707423037880892
2012-11-05,85.64,85.83285714285715,0.6680747035470868
2012-11-06,88.62,86.23,1.2477980605834742
2012-11-07,84.5,86.08428571428571,1.3953596566564466
2012-11-08,85.07,86.00142857142858,1.4418902936920739
2012-11-09,86.08,85.98,1.4390390312041994
2012-11-12,85.56,85.76714285714284,1.3625553723988064
2012-11-13,85.38,85.83571428571427,1.3231510009913103
2012-11-14,86.32,85.93285714285715,1.3313240813263982
2012-11-15,85.45,85.48,0.6070969170258286
2012-11-16,86.62,85.78285714285714,0.5639951029806746
2012-11-19,89.05,86.35142857142857,1.2787810416083134
2012-11-20,86.46,86.4057142857143,1.2733925441215996
2012-11-21,87.08,86.62285714285713,1.234135517755833
2012-11-23,87.01,86.85571428571428,1.1078636670448039
2012-11-26,87.28,86.99285714285715,1.0897662484159485
2012-11-27,86.81,87.18714285714285,0.8674044478711345
2012-11-28,86.1,87.11285714285714,0.943039664870966
2012-11-29,87.64,86.91142857142857,0.5127191749652364
2012-11-30,88.54,87.20857142857142,0.7536229952992268
2012-12-03,88.69,87.43857142857144,0.9323344995460774
2012-12-04,88.04,87.58571428571429,0.9346988310456791
2012-12-05,87.36,87.59714285714286,0.9308188919011405
2012-12-06,85.47,87.4057142857143,1.2143016805657412
2012-12-07,85.45,87.31285714285715,1.348254603621535
2012-12-10,85.14,86.9557142857143,1.5614187687563739
2012-12-11,85.36,86.50142857142858,1.484356522440035
2012-12-12,86.35,86.16714285714285,1.1306887913360861
2012-12-13,85.39,85.78857142857143,0.7920317453928944
2012-12-14,86.32,85.64,0.48689492363595366
2012-12-17,86.71,85.81714285714285,0.6216567725465361
2012-12-18,87.46,86.1042857142857,0.8471296072174965
2012-12-19,89.09,86.66857142857143,1.2949572524644692
2012-12-20,89.76,87.29714285714284,1.588518327305883
2012-12-21,88.2,87.56142857142858,1.5582835489871187
2012-12-24,88.29,87.97571428571429,1.237185746533215
2012-12-26,90.71,88.60285714285715,1.3641568126576722
2012-12-27,90.91,89.20285714285714,1.3156457766133258
2012-12-28,90.66,89.66,1.1553065971118273
2012-12-31,91.83,90.05142857142857,1.3735529181813444
2013-01-02,93.14,90.53428571428572,1.7861584209579189
2013-01-03,92.97,91.21571428571428,1.6520477913060039
2013-01-04,93.12,91.9057142857143,1.162566946355871
2013-01-07,93.2,92.26142857142857,1.115727394592879
2013-01-08,93.21,92.59,0.9820726381811762
2013-01-09,93.08,92.93571428571428,0.49419487191402306
2013-01-10,93.81,93.21857142857142,0.27297304942411565
2013-01-11,93.6,93.28428571428572,0.3044589267748101
2013-01-14,94.27,93.47,0.4448969918205933
2013-01-15,93.26,93.49,0.4294182110689825
2013-01-16,94.28,93.64428571428572,0.49661712760062815
2013-01-17,95.49,93.97,0.8119113252060276
2013-01-18,95.61,94.33142857142857,0.9072197192772667
2013-01-22,96.09,94.65714285714286,1.0813835934526033
2013-01-23,95.06,94.86571428571428,0.9795042477838538
2013-01-24,95.35,95.02,0.9547774609813948
2013-01-25,95.15,95.28999999999999,0.5595533933398542
2013-01-28,95.95,95.52857142857144,0.3863689329891177
2013-01-29,97.62,95.83285714285715,0.8775100053686414
2013-01-30,97.98,96.17142857142858,1.1816856402526403
2013-01-31,97.65,96.39428571428572,1.3044904131857893
2013-02-01,97.46,96.73714285714287,1.2071138345335466
2013-02-04,96.21,96.86,1.0794134209522472
2013-02-05,96.68,97.07857142857144,0.7921159126328496
2013-02-06,96.44,97.14857142857143,0.690951724589249
2013-02-07,95.84,96.89428571428572,0.8064295204337905
2013-02-08,95.71,96.57000000000001,0.7516204716023553
2013-02-11,97.01,96.47857142857143,0.6269350995485936
2013-02-12,97.48,96.48142857142857,0.6321768890476839
2013-02-13,97.03,96.59857142857143,0.649241315469605
2013-02-14,97.3,96.68714285714285,0.7023226771617037
2013-02-15,95.95,96.61714285714287,0.7536071984278228
2013-02-19,96.69,96.73857142857142,0.6715263353332259
2013-02-20,94.92,96.62571428571428,0.9005342329752503
2013-02-21,92.79,96.02285714285713,1.677634388910582
2013-02-22,93.12,95.39999999999999,1.8472682533941995
2013-02-25,92.74,94.78714285714285,1.9263066066581984
2013-02-26,92.63,94.12,1.70720043736259
2013-02-27,92.84,93.67571428571429,1.548922820788518
2013-02-28,92.03,93.01,0.9050966799173261
2013-03-01,90.71,92.40857142857143,0.8190528792726479
2013-03-04,90.13,92.02857142857144,1.1590718782908636
2013-03-05,90.88,91.70857142857143,1.1159365061289486
2013-03-06,90.47,91.38428571428571,1.0958992828230811
2013-03-07,91.53,91.22714285714287,0.9576484094840519
2013-03-08,92.01,91.10857142857142,0.7545070923309951
2013-03-11,92.07,91.11428571428571,0.7627550315088452
2013-03-12,92.44,91.36142857142856,0.8810302410877768
2013-03-13,92.47,91.69571428571427,0.7732584118039564
2013-03-14,93.03,92.00285714285714,0.8207864985412335
2013-03-15,93.49,92.43428571428572,0.6584288658813515
2013-03-18,93.71,92.74571428571427,0.6747803875527963
2013-03-19,92.44,92.80714285714285,0.6134252001571416
2013-03-20,93.21,92.97,0.5308797729531016
2013-03-21,92.46,92.97285714285714,0.527595624370168
2013-03-22,93.41,93.10714285714285,0.49701489869143595
2013-03-25,94.55,93.32428571428571,0.7334815867441795
2013-03-26,95.99,93.68142857142857,1.2525763924987798
2013-03-27,96.53,94.08428571428571,1.652834506161968
2013-03-28,97.24,94.77,1.8418559480402725
2013-04-01,97.1,95.32571428571428,1.8791918222363795
2013-04-02,97.23,96.00714285714285,1.4917407536796978
2013-04-03,95.02,96.23714285714286,1.096262047226365
2013-04-04,93.26,96.05285714285712,1.471390660629895
2013-04-05,92.76,95.59142857142857,1.9295286865914185
2013-04-08,93.36,95.13857142857144,2.0412939407099278
2013-04-09,94.18,94.70142857142856,1.8333251082061077
2013-04-10,94.59,94.34285714285716,1.5014294775940586
2013-04-11,93.44,93.80142857142857,0.811714822076508
2013-04-12,91.23,93.26,1.0823277384096446
2013-04-15,88.75,92.61571428571428,2.019198332200021
2013-04-16,88.73,92.03999999999999,2.490675945735205
2013-04-17,86.65,91.08142857142857,3.1117649256295064
2013-04-18,87.83,90.17428571428572,2.9807373648297295
2013-04-19,88.04,89.23857142857142,2.3179188120044754
2013-04-22,88.81,88.57714285714287,1.3967666744498248
2013-04-23,89.21,88.28857142857143,0.864646913896474
2013-04-24,91.07,88.62,1.368709854813336
2013-04-25,93.27,89.26857142857143,2.232565255271216
2013-04-26,92.63,90.12285714285714,2.207553051726568
2013-04-29,94.09,91.01714285714286,2.3847621424761622
2013-04-30,93.22,91.75714285714285,2.0927869320249335
2013-05-01,90.74,92.03285714285713,1.7366319345755818
2013-05-02,93.7,92.67428571428572,1.2926827033057913
2013-05-03,95.25,93.27142857142857,1.389885229930329
2013-05-06,95.8,93.63285714285713,1.686709956153723
2013-05-07,95.28,94.01142857142858,1.7211471811107077
2013-05-08,96.24,94.31857142857143,1.9180756725718844
2013-05-09,96.09,94.72857142857141,1.9505762274378156
2013-05-10,95.81,95.45285714285716,0.8580154288756145
2013-05-13,94.76,95.60428571428572,0.5266515971304738
2013-05-14,93.96,95.42,0.816965931561076
2013-05-15,93.95,95.1557142857143,0.9602231883404052
2013-05-16,94.85,95.0942857142857,0.9646909201534942
2013-05-17,95.72,95.02000000000001,0.8778762251392108
2013-05-20,96.29,95.04857142857144,0.9207140086434548
2013-05-21,95.55,95.01142857142857,0.8895959489447749
2013-05-22,93.98,94.89999999999999,0.9714250700206575
2013-05-23,94.12,94.92285714285713,0.9472013915680508
2013-05-24,93.84,94.90714285714286,0.9667421973765543
2013-05-28,94.65,94.87857142857142,0.9716554356932562
2013-05-29,93.13,94.50857142857141,1.0844265546263814
2013-05-30,93.57,94.12,0.7859601346958645
2013-05-31,91.93,93.60285714285715,0.8742180179193495
2013-06-03,93.41,93.52142857142859,0.859659400990858
2013-06-04,93.36,93.41285714285713,0.8184683721367159
2013-06-05,93.66,93.38714285714286,0.805537383482678
2013-06-06,94.71,93.39571428571428,0.8213780522752868
2013-06-07,96.11,93.82142857142857,1.295896453828529
2013-06-10,95.82,94.14285714285714,1.4879484118034085
2013-06-11,95.5,94.65285714285714,1.1838033942291335
2013-06-12,95.98,95.02000000000001,1.1314739649374916
2013-06-13,96.66,95.49142857142859,1.0049615012754327
2013-06-14,97.83,96.08714285714284,0.973853416171437
2013-06-17,97.86,96.53714285714285,0.959109209729988
2013-06-18,98.46,96.87285714285714,1.172272924502779
2013-06-19,98.24,97.21857142857142,1.166853726499681
2013-06-20,94.89,97.13142857142857,1.3282121890143055
2013-06-21,93.81,96.82142857142857,1.8082351300958523
2013-06-24,95.07,96.5942857142857,1.9278040801458536
2013-06-25,95.25,96.22571428571429,1.8985859399634557
2013-06-26,95.47,95.88428571428572,1.7659733590176765
2013-06-27,97.0,95.67571428571429,1.4729772247934212
2013-06-28,96.36,95.40714285714284,1.0332588298785448
2013-07-01,97.94,95.84285714285714,1.3677684292996153
2013-07-02,99.65,96.67714285714285,1.669048773859606
2013-07-03,101.92,97.6557142857143,2.4123215453363356
2013-07-05,103.09,98.77571428571427,2.8832554352260926
2013-07-08,103.03,99.85571428571428,2.8543934390271164
2013-07-09,103.46,100.77857142857142,2.821332005580634
2013-07-10,106.41,102.21428571428571,2.754383519306685
2013-07-11,104.77,103.19000000000001,2.125942928051755
2013-07-12,105.85,104.07571428571428,1.6416643703150928
2013-07-15,106.2,104.68714285714285,1.4954900455003917
2013-07-16,105.88,105.08571428571429,1.3649768879956479
2013-07-17,106.39,105.56571428571428,1.083310622472792
2013-07-18,107.94,106.2057142857143,0.9466934939193292
2013-07-19,108.0,106.43285714285715,1.168613341896199
2013-07-22,106.61,106.69571428571427,0.9107296917468315
2013-07-23,107.13,106.87857142857145,0.8382407882275585
2013-07-24,105.41,106.76571428571428,0.9851371671477838
2013-07-25,105.47,106.70714285714287,1.0561993859389687
2013-07-26,104.76,106.47428571428573,1.29128949946526
2013-07-29,104.61,105.99857142857142,1.2746035798297752
2013-07-30,103.14,105.30428571428571,1.3253409264898741
2013-07-31,105.1,105.08857142857141,1.1937535838890916
2013-08-01,107.93,105.20285714285716,1.435568578249609
2013-08-02,106.94,105.42142857142856,1.5814279261840483
2013-08-05,106.61,105.58428571428571,1.6446971062870792
2013-08-06,105.32,105.66428571428571,1.6111989029174645
2013-08-07,104.41,105.63571428571427,1.6346136867047327
2013-08-08,103.45,105.67999999999999,1.5581399166957188
2013-08-09,106.04,105.81428571428572,1.540225710113878
2013-08-12,106.19,105.5657142857143,1.2560633893620792
2013-08-13,106.78,105.54285714285716,1.2280297809327176
2013-08-14,106.89,105.58285714285715,1.272343170240507
2013-08-15,107.43,105.88428571428571,1.4387478021167592
2013-08-16,107.58,106.33714285714287,1.3956087594753914
2013-08-19,107.14,106.86428571428571,0.58454703668392
2013-08-20,104.9,106.70142857142856,0.9168320197187894
2013-08-21,103.93,106.37857142857145,1.3983970415139264
2013-08-22,104.93,106.11428571428571,1.4821927128736665
2013-08-23,106.48,106.05571428571429,1.4542679388942699
2013-08-26,105.88,105.83428571428571,1.322142921458345
2013-08-27,109.11,106.05285714285715,1.7241782031423023
2013-08-28,110.17,106.4857142857143,2.319991789804983
2013-08-29,108.51,107.00142857142859,2.3099670168745563
2013-08-30,107.98,107.58,1.8795566853208103
2013-09-03,108.67,108.11428571428573,1.492412556264573
2013-09-04,107.29,108.23,1.3710458295285413
2013-09-05,108.5,108.60428571428572,0.8989226355826734
2013-09-06,110.62,108.82000000000001,1.1782755761426824
2013-09-09,109.62,108.74142857142856,1.0881395218668615
2013-09-10,107.48,108.5942857142857,1.1895637455651136
2013-09-11,107.65,108.54714285714286,1.224005913462621
2013-09-12,108.72,108.55428571428571,1.224987852223943
2013-09-13,108.31,108.70000000000002,1.1042493679725087
2013-09-16,106.54,108.42,1.3779816157461249
2013-09-17,105.36,107.66857142857144,1.4120957069955051
2013-09-18,108.23,107.47000000000001,1.1687029847944628
2013-09-19,106.26,107.2957142857143,1.2547623565557602
2013-09-20,104.7,106.87428571428573,1.5713885276285533
2013-09-23,103.62,106.14571428571428,1.7456408292551244
2013-09-24,103.22,105.41857142857143,1.753952000212128
2013-09-25,102.68,104.86714285714287,1.9395765369939808
2013-09-26,103.1,104.5442857142857,2.029859249167032
2013-09-27,102.86,103.77714285714285,1.2815838415247731
2013-09-30,102.36,103.22,0.7665507158695796
2013-10-01,102.09,102.84714285714286,0.5226443751321326
2013-10-02,104.15,102.92285714285713,0.6706890557657372
2013-10-03,103.29,102.93285714285716,0.6763557812699403
2013-10-04,103.83,103.09714285714286,0.7412537641437599
2013-10-07,103.07,103.09285714285714,0.741321214358049
2013-10-08,103.54,103.19000000000001,0.7502221893102712
2013-10-09,101.63,103.08571428571429,0.9170215763158027
2013-10-10,103.08,103.22714285714287,0.8076862898782644
2013-10-11,102.17,102.94428571428571,0.7767422812160338
2013-10-14,102.46,102.82571428571428,0.7785211866708134
2013-10-15,101.15,102.44285714285715,0.8573158555576167
2013-10-16,102.34,102.33857142857143,0.8114889313566
2013-10-17,100.72,101.93571428571428,0.8156154556091247
2013-10-18,100.87,101.82714285714285,0.9083999538696386
2013-10-21,99.28,101.28428571428572,1.1406556176581168
2013-10-22,97.63,100.63571428571429,1.7044731066896397
2013-10-23,96.9,99.84142857142857,1.9850560745347001
2013-10-24,96.65,99.19857142857143,2.206909064516923
2013-10-25,97.4,98.49285714285715,1.784317930243836
2013-10-28,98.74,98.21,1.5079566748857343
2013-10-29,98.29,97.84142857142857,0.9681154988154286
2013-10-30,96.81,97.48857142857142,0.7901777979542974
2013-10-31,96.29,97.29714285714286,0.9042808244802687
2013-11-01,94.56,96.96285714285715,1.3819275702881961
2013-11-04,94.58,96.66714285714286,1.6546068443961466
2013-11-05,93.4,96.09571428571428,2.0115405136595856
2013-11-06,94.74,95.52428571428572,1.6752000591254017
2013-11-07,94.25,94.94714285714285,1.1888890372341374
2013-11-08,94.56,94.62571428571428,0.8599584707570891
2013-11-11,95.13,94.46,0.5368736660813175
2013-11-12,93.12,94.25428571428571,0.7324355976876885
2013-11-13,93.91,94.15857142857143,0.7265312237239483
2013-11-14,93.76,94.21000000000001,0.6747839160290813
2013-11-15,93.8,94.07571428571428,0.6445892010369281
2013-11-18,93.03,93.90142857142857,0.7464902002342535
2013-11-19,93.35,93.72857142857143,0.7076587824503254
2013-11-20,93.34,93.47285714285715,0.34974820874721674
2013-11-21,95.35,93.79142857142858,0.7552798283058728
2013-11-22,94.53,93.88,0.8061430807647069
2013-11-25,93.86,93.89428571428572,0.804546604053107
2013-11-26,93.41,93.83857142857143,0.8253974511585858
2013-11-27,92.05,93.69857142857143,1.0404875230930914
2013-11-29,92.55,93.58428571428571,1.125608829964178
2013-12-02,93.61,93.62285714285714,1.120456964600562
2013-12-03,95.83,93.69142857142856,1.2508720767444883
2013-12-04,96.97,94.03999999999999,1.7598958302500565
2013-12-05,97.14,94.50857142857141,2.1065012743993137
2013-12-06,97.48,95.09,2.305074113052575
2013-12-09,97.1,95.81142857142858,1.9593998109232915
2013-12-10,98.32,96.63571428571427,1.5239953755706463
2013-12-11,97.25,97.15571428571427,0.7376733048991602
2013-12-12,97.21,97.35285714285715,0.4543021859835883
2013-12-13,96.27,97.25285714285714,0.6047510310225032
2013-12-16,97.18,97.25857142857141,0.6036949718579666
2013-12-17,96.99,97.18857142857142,0.6021469524791354
2013-12-18,97.59,97.25857142857141,0.6183965440663924
2013-12-19,98.4,97.27,0.6415865750873482
2013-12-20,99.11,97.53571428571429,0.9452311382730373
2013-12-23,98.62,97.73714285714286,1.0121217694475104
2013-12-24,98.87,98.10857142857142,0.8476915431807243
2013-12-26,99.18,98.39428571428572,0.8191226432965565
2013-12-27,99.94,98.8157142857143,0.730270660847447
2013-12-30,98.9,99.00285714285714,0.49317725973851156
2013-12-31,98.17,98.97000000000001,0.5449770637369705
2014-01-02,95.14,98.40285714285714,1.537299735311788
2014-01-03,93.66,97.69428571428571,2.3492116205430005
2014-01-06,93.12,96.87285714285714,2.8264035704152266
2014-01-07,93.31,96.03428571428572,2.897699415874682
2014-01-08,91.9,94.88571428571429,2.676539165556926
2014-01-09,91.36,93.80857142857143,2.279535249207371
2014-01-10,92.39,92.98285714285714,1.2513554555713624
2014-01-13,91.45,92.4557142857143,0.9261543633539139
2014-01-14,92.15,92.24000000000001,0.7598245411480611
2014-01-15,93.78,92.33428571428571,0.9127770290489663
2014-01-16,93.54,92.36714285714285,0.9568300839341175
2014-01-17,93.96,92.66142857142857,1.0958927649996513
2014-01-21,94.51,93.11142857142856,1.1189195468748798
2014-01-22,96.35,93.67714285714285,1.5937138417927064
2014-01-23,97.23,94.50285714285714,1.7382722675658535
2014-01-24,96.66,95.14714285714285,1.5460240865486834
2014-01-27,95.82,95.43857142857144,1.4335437276364822
2014-01-28,97.49,96.00285714285714,1.3357359305599585
2014-01-29,97.34,96.48571428571428,1.0557597129210172
2014-01-30,98.25,97.02,0.8061017305518029
2014-01-31,97.55,97.19142857142857,0.766494804752734
2014-02-03,96.44,97.07857142857142,0.8164032616990868
2014-02-04,97.24,97.16142857142857,0.7960198609621861
2014-02-05,97.4,97.38714285714285,0.5327198852954171
2014-02-06,97.84,97.43714285714286,0.5597235712288471
2014-02-07,99.98,97.81428571428572,1.1061021222114582
2014-02-10,100.12,98.08142857142857,1.4123081412047211
2014-02-11,99.96,98.42571428571429,1.5483631910593496
2014-02-12,100.38,98.98857142857143,1.4167501375966018
2014-02-13,100.27,99.42142857142858,1.2460661910107673
2014-02-14,100.31,99.83714285714287,0.8953344679632486
2014-02-18,102.54,100.50857142857141,0.9102092904273902
2014-02-19,103.46,101.00571428571428,1.3947742606223874
2014-02-20,103.2,101.44571428571429,1.5463705586829746
2014-02-21,102.53,101.81285714285715,1.4359864702903073
2014-02-24,103.17,102.21142857142856,1.3570240549504093
2014-02-25,102.2,102.48714285714286,1.0604985350564944
2014-02-26,102.93,102.86142857142856,0.4515686943469438
2014-02-27,102.68,102.88142857142859,0.4378518992926816
2014-02-28,102.88,102.79857142857144,0.35765106698316046
2014-03-03,105.34,103.10428571428572,1.033680433255469
2014-03-04,103.64,103.26285714285714,1.0158857266069943
2014-03-05,101.75,103.06000000000002,1.1679183761433412
2014-03-06,101.82,103.00571428571428,1.2221273411945237
2014-03-07,102.82,102.99,1.2239689538546126
2014-03-10,101.39,102.80571428571429,1.3671607701468322
2014-03-11,100.29,102.43571428571428,1.6623162268639053
2014-03-12,98.29,101.42857142857143,1.7431525901023415
2014-03-13,98.57,100.7042857142857,1.724353571079495
2014-03-14,99.23,100.3442857142857,1.7326844023348609
2014-03-17,98.43,99.86000000000001,1.7252149624512927
2014-03-18,100.08,99.46857142857142,1.1599199479762976
2014-03-19,100.71,99.37142857142858,0.9879006119274549
2014-03-20,99.68,99.28428571428572,0.9177845996896915
2014-03-21,99.97,99.52428571428571,0.8298967233503469
2014-03-24,100.05,99.7357142857143,0.7286027070777583
2014-03-25,99.66,99.79714285714286,0.6962689682799521
2014-03-26,100.61,100.10857142857142,0.4126107354963858
2014-03-27,101.25,100.2757142857143,0.595534973583591
2014-03-28,101.73,100.42142857142858,0.8068132491766424
2014-03-31,101.57,100.69142857142857,0.8331552190600835
2014-04-01,99.69,100.65142857142857,0.8790227257473923
2014-04-02,99.6,100.58714285714287,0.9443642356226813
2014-04-03,100.29,100.67714285714285,0.868230274479784
2014-04-04,101.16,100.75571428571428,0.8858490680855456
2014-04-07,100.43,100.63857142857141,0.8635282001071937
2014-04-08,102.57,100.75857142857144,1.073350340001068
2014-04-09,103.55,101.04142857142857,1.4992267848396095
2014-04-10,103.37,101.56714285714284,1.58888550338182
2014-04-11,103.68,102.15,1.4924141516348524
2014-04-14,104.05,102.68714285714285,1.384108790109119
2014-04-15,103.7,103.05,1.2427523217977359
2014-04-16,103.71,103.51857142857143,0.4656332094200446
2014-04-17,104.33,103.77,0.32067636853057824
2014-04-21,104.35,103.88428571428572,0.36823258695545924
2014-04-22,101.69,103.64428571428572,0.90928281524277
2014-04-23,101.47,103.32857142857142,1.2240156394894401
2014-04-24,102.2,103.06428571428572,1.2418783776047722
2014-04-25,100.85,102.65714285714284,1.448685775518859
2014-04-28,101.13,102.28857142857143,1.4642908246136352
2014-04-29,101.56,101.89285714285714,1.1641980685678233
2014-04-30,100.07,101.28142857142856,0.6831892995702631
2014-05-01,99.69,100.99571428571429,0.8750972735043889
2014-05-02,100.09,100.79857142857144,0.9053623320971844
2014-05-05,99.74,100.44714285714284,0.7314532175902821
2014-05-06,99.81,100.29857142857144,0.7415395824770674
2014-05-07,101.06,100.28857142857143,0.728821619040119
2014-05-08,100.52,100.14,0.49490739874504364
2014-05-09,100.32,100.17571428571429,0.4980246694972408
2014-05-12,100.89,100.34714285714286,0.5093693579873726
2014-05-13,102.01,100.62142857142855,0.7883617733716646
2014-05-14,102.63,101.0342857142857,0.9826300955911557
2014-05-15,101.74,101.30999999999999,0.8426545357774731
2014-05-16,102.31,101.48857142857142,0.9105571292972438
2014-05-19,102.95,101.83571428571427,0.9424057360969624
2014-05-20,102.8,102.19000000000001,0.7167751855824022
2014-05-21,104.31,102.67857142857143,0.8382606709020584
2014-05-22,104.03,102.96714285714286,0.9140152129609986
2014-05-23,105.01,103.30714285714286,1.173523388287428
2014-05-27,104.78,103.74142857142859,1.0532557234823097
2014-05-28,103.37,103.89285714285714,0.8741226894384768
2014-05-29,104.26,104.08000000000001,0.7730028029277024
2014-05-30,103.4,104.16571428571429,0.6268667360473713
2014-06-02,103.07,103.98857142857143,0.7436268905719234
2014-06-03,103.34,103.89,0.7819633409996547
2014-06-04,103.27,103.64142857142858,0.6279975735474843
2014-06-05,103.17,103.41142857142857,0.3919791053718349
2014-06-06,103.32,103.4042857142857,0.39331315525382654
2014-06-09,105.09,103.52285714285713,0.6998979517455898
2014-06-10,105.02,103.75428571428571,0.8935483039148975
2014-06-11,105.04,104.03571428571429,0.9505236651951208
2014-06-12,107.2,104.58714285714287,1.4617992826848996
2014-06-13,107.49,105.18999999999998,1.6817054835298917
2014-06-16,107.52,105.81142857142856,1.6131793511724088
2014-06-17,106.95,106.33,1.2124905497920142
2014-06-18,106.64,106.55142857142857,1.0829039442086472
2014-06-19,107.08,106.8457142857143,0.8528356063335865
2014-06-20,107.95,107.26142857142857,0.4307136934394501
2014-06-23,106.83,107.20857142857143,0.4611373104071777
2014-06-24,106.64,107.08714285714287,0.4859257242889189
2014-06-25,107.04,107.01857142857145,0.44696862572537266
2014-06-26,106.49,106.95285714285714,0.4904322680306265
2014-06-27,106.46,106.92714285714285,0.5137351550416386
2014-06-30,106.07,106.78285714285714,0.5984901638224946
2014-07-01,106.06,106.51285714285714,0.3649527040483256
2014-07-02,105.18,106.27714285714286,0.5896528437920961
2014-07-03,104.76,106.00857142857144,0.7907049296139687
2014-07-07,104.19,105.60142857142856,0.8976158898525071
2014-07-08,104.06,105.25428571428573,0.964120620788648
2014-07-09,102.93,104.75,1.1361924719582057
2014-07-10,103.61,104.39857142857144,1.0358801180873614
2014-07-11,101.48,103.74428571428572,1.2382360725764023
2014-07-14,101.73,103.25142857142858,1.257980240590044
2014-07-15,100.56,102.65142857142857,1.4108558699295946
2014-07-16,101.88,102.32142857142857,1.252243700608907
2014-07-17,103.84,102.28999999999999,1.2031347943325925
2014-07-18,103.83,102.41857142857144,1.3248575844399508
2014-07-21,105.34,102.66571428571429,1.6940666765987813
2014-07-22,104.59,103.11,1.7385051049682607
2014-07-23,103.81,103.40714285714286,1.6381871513529693
2014-07-24,102.76,103.72142857142858,1.134539973902145
2014-07-25,105.23,104.20000000000002,0.9133090021095991
2014-07-28,105.68,104.46285714285715,1.0473731313107435
2014-07-29,104.91,104.61714285714285,1.017737921172109
2014-07-30,104.29,104.46714285714287,0.9696857615700427
2014-07-31,98.23,103.55857142857144,2.5413279243435913
2014-08-01,97.86,102.70857142857143,3.31921390578877
2014-08-04,98.26,102.0657142857143,3.719260039052875
2014-08-05,97.34,100.93857142857142,3.7952576924868886
2014-08-06,96.93,99.68857142857144,3.3929801481461364
2014-08-07,97.34,98.60714285714288,2.5540798361685817
2014-08-08,97.61,97.65285714285713,0.4940888680415502
2014-08-11,98.09,97.63285714285713,0.46903142345608284
2014-08-12,97.36,97.56142857142856,0.4667414905987654
2014-08-13,97.57,97.46285714285715,0.3538226620627606
2014-08-14,95.54,97.2057142857143,0.8134874951469796
2014-08-15,97.3,97.25857142857141,0.8045584414527689
2014-08-18,96.44,97.13,0.8594184079937874
2014-08-19,94.35,96.66428571428571,1.3172807489016827
2014-08-20,96.4,96.42285714285715,1.1576227693807646
2014-08-21,93.97,95.93857142857144,1.3866678113541662
2014-08-22,93.61,95.37285714285713,1.4176002526059293
2014-08-25,95.39,95.35142857142857,1.4157851599185267
2014-08-26,95.78,95.13428571428572,1.1607017581732162
2014-08-27,95.82,95.04571428571428,1.0640936228044169
2014-08-28,96.44,95.3442857142857,1.1276650971926343
2014-08-29,97.86,95.55285714285715,1.4456568782120425
2014-09-02,92.92,95.40285714285713,1.6737454434655628
2014-09-03,95.5,95.67285714285715,1.4772351909976393
2014-09-04,94.51,95.54714285714284,1.5413707566714063
2014-09-05,93.32,95.19571428571429,1.7462517682433687
2014-09-08,92.64,94.74142857142859,1.957621248448903
2014-09-09,92.73,94.21142857142857,1.9230221750442131
2014-09-10,91.71,93.33285714285714,1.2734430269369423
2014-09-11,92.89,93.32857142857142,1.275113440330492
2014-09-12,92.18,92.85428571428572,0.8930258888141215
2014-09-15,92.86,92.61857142857143,0.525148505070596
2014-09-16,94.91,92.84571428571428,1.0043382090173836
2014-09-17,94.33,93.08714285714287,1.1405366322573338
2014-09-18,93.07,93.13571428571427,1.1299831435729533
2014-09-19,92.43,93.23857142857143,1.0043642860261215
2014-09-22,91.46,93.0342857142857,1.2112095489326535
2014-09-23,91.55,92.94428571428571,1.305039681935232
2014-09-24,93.6,93.04999999999998,1.3268634694887584
2014-09-25,93.59,92.86142857142856,1.0913665527117662
2014-09-26,95.55,93.03571428571429,1.4145418238516836
2014-09-29,94.53,93.24428571428572,1.523853198777931
2014-09-30,91.17,93.0642857142857,1.7002730873085248
2014-10-01,90.74,92.96142857142857,1.830304424327096
2014-10-02,91.02,92.88571428571427,1.9077461146840975
2014-10-03,89.76,92.33714285714284,2.1981182428433264
2014-10-06,90.33,91.87142857142858,2.233498217082551
2014-10-07,88.89,90.91999999999999,1.7772450590721263
2014-10-08,87.29,89.88571428571429,1.390933225604702
2014-10-09,85.76,89.11285714285715,1.9493222265322603
2014-10-10,85.87,88.41714285714286,2.1322735462847504
2014-10-13,85.73,87.66142857142859,1.9886212021672895
2014-10-14,81.72,86.51285714285714,2.7504467169628484
2014-10-15,81.82,85.29714285714286,2.661338725062622
2014-10-16,82.33,84.36,2.3181889482942917
2014-10-17,82.8,83.71857142857142,1.966921694520274
2014-10-20,82.76,83.28999999999999,1.7643884681838222
2014-10-21,83.25,82.91571428571429,1.356648531524831
2014-10-22,80.52,82.17142857142858,0.9114535748136562
2014-10-23,82.81,82.32714285714285,0.9145803096777065
2014-10-24,81.27,82.24857142857142,0.9862289891504009
2014-10-27,81.26,82.09571428571428,1.0522176128324683
2014-10-28,81.36,81.89,1.0321498599167782
2014-10-29,82.25,81.81714285714285,0.9770314612044715
2014-10-30,81.06,81.50428571428571,0.770559475157289
2014-10-31,80.53,81.50571428571428,0.7684368797032108
2014-11-03,78.77,80.92857142857143,1.0796824930074902
2014-11-04,77.15,80.34,1.7668427585174964
2014-11-05,78.71,79.97571428571429,1.8079441099641782
2014-11-06,77.87,79.47714285714287,1.8434452734438733
2014-11-07,78.71,78.97142857142856,1.3843943148682485
2014-11-10,77.43,78.45285714285716,1.1277368825139098
2014-11-11,77.85,78.07000000000001,0.6650313275765596
2014-11-12,77.16,77.84,0.6609841147799934
2014-11-13,74.13,77.40857142857143,1.560260967180048
2014-11-14,75.91,77.00857142857141,1.529623358555565
2014-11-17,75.64,76.68999999999998,1.5523637889761537
2014-11-18,74.55,76.09571428571428,1.4425655056482178
2014-11-19,74.55,75.6842857142857,1.4088985904194649
2014-11-20,75.63,75.36714285714285,1.0423165591673282
2014-11-21,76.52,75.27571428571427,0.8731906462809147
2014-11-24,75.74,75.50571428571428,0.7196493855245785
2014-11-25,74.04,75.23857142857143,0.8748986335788717
2014-11-26,73.7,74.96142857142857,1.021525469924628
2014-11-28,65.94,73.73142857142857,3.5797505898741386
2014-12-01,68.98,72.93571428571428,3.9657191745531106
2014-12-02,66.99,71.70142857142858,4.3164353679515965
2014-12-03,67.3,70.38428571428571,3.995822223032933
2014-12-04,66.73,69.09714285714286,3.3880314554096502
2014-12-05,65.89,67.93285714285715,2.74583147264687
2014-12-08,63.13,66.42285714285715,1.7834583845749676
2014-12-09,63.74,66.10857142857142,2.0557839426930116
2014-12-10,60.99,64.96714285714286,2.387193011923581
2014-12-11,60.01,63.96999999999999,2.8199704490152437
2014-12-12,57.81,62.61428571428572,3.2068772824583207
2014-12-15,55.96,61.07571428571429,3.475494483486723
2014-12-16,55.97,59.65857142857142,3.196542030439319
2014-12-17,56.43,58.701428571428565,2.979577311023283
2014-12-18,54.18,57.33571428571428,2.4244302227008183
2014-12-19,56.91,56.752857142857145,1.8127576992453982
2014-12-22,55.25,56.07285714285714,1.1639976272197436
2014-12-23,56.78,55.925714285714285,0.9539541767879772
2014-12-24,55.7,55.888571428571424,0.9574519756608824
2014-12-26,54.59,55.691428571428574,1.0729931433596618
2014-12-29,53.46,55.26714285714286,1.2962473308900337
2014-12-30,54.14,55.261428571428574,1.3019143414078147
2014-12-31,53.45,54.76714285714286,1.2263185323721337
2015-01-02,52.72,54.40571428571428,1.4181191433529017
2015-01-05,50.05,53.44428571428572,1.7762775415862233
2015-01-06,47.98,52.34142857142858,2.421675924994003
2015-01-07,48.69,51.49857142857143,2.532820750144374
2015-01-08,48.8,50.832857142857144,2.543748639869485
2015-01-09,48.35,50.005714285714284,2.2083995497665216
2015-01-12,46.06,48.949999999999996,2.048007161440931
2015-01-13,45.92,47.978571428571435,1.5015706062965972
2015-01-14,48.49,47.75571428571429,1.2350014459133791
2015-01-15,46.37,47.52571428571428,1.3323520198286138
2015-01-16,48.49,47.497142857142855,1.3050889405847466
2015-01-20,46.79,47.21,1.186381051761774
2015-01-21,47.85,47.13857142857143,1.1194705381088124
2015-01-22,45.93,47.120000000000005,1.1412128051533639
2015-01-23,45.26,47.02571428571429,1.276164267668763
2015-01-26,44.8,46.498571428571424,1.331420651920378
2015-01-27,45.84,46.42285714285715,1.354815046234324
2015-01-28,44.08,45.792857142857144,1.2550393657183383
2015-01-29,44.12,45.41142857142857,1.3061703381870589
2015-01-30,47.79,45.402857142857144,1.287565070007162
2015-02-02,49.25,45.87714285714286,1.9534133739438562
2015-02-03,53.04,46.988571428571426,3.295797468346661
2015-02-04,48.45,47.510000000000005,3.178479720450144
2015-02-05,50.48,48.17285714285714,3.255066380711286
2015-02-06,51.66,49.25571428571429,2.908990988540302
2015-02-09,52.99,50.52285714285714,2.1253683154152494
2015-02-10,50.06,50.84714285714285,1.784784901000073
2015-02-11,48.8,50.78285714285714,1.8584824838662914
2015-02-12,51.17,50.51571428571429,1.595795069782611
2015-02-13,52.66,51.117142857142845,1.4763774843078838
2015-02-17,53.56,51.55714285714286,1.6972793355361702
2015-02-18,52.13,51.62428571428571,1.711265196107709
2015-02-19,51.12,51.357142857142854,1.6052073000616978
2015-02-20,49.95,51.34142857142858,1.6204878747963016
2015-02-23,49.56,51.45,1.4368948001324182
2015-02-24,48.48,51.065714285714286,1.830153519446573
2015-02-25,50.25,50.72142857142857,1.702482780831649
2015-02-26,47.65,49.877142857142864,1.515318605498794
2015-02-27,49.84,49.55,1.1513759883925312
2015-03-02,49.59,49.33142857142858,0.9270280213462184
2015-03-03,50.43,49.4,0.9956237575745285
2015-03-04,51.53,49.68142857142857,1.2848142352215282
2015-03-05,50.76,50.00714285714286,1.2166718851731784
2015-03-06,49.61,49.91571428571429,1.2194241419930898
2015-03-09,49.95,50.24428571428571,0.7110990822257981
2015-03-10,48.42,50.041428571428575,0.9925124444365123
2015-03-11,48.06,49.82285714285714,1.2448790340848843
2015-03-12,47.12,49.35,1.563649577104835
2015-03-13,44.88,48.4,1.9824647958151584
2015-03-16,43.93,47.424285714285716,2.285029957077439
2015-03-17,43.39,46.535714285714285,2.493303412090273
2015-03-18,44.63,45.77571428571429,2.0506328872019117
2015-03-19,44.02,45.14714285714286,1.7585573091322293
2015-03-20,46.0,44.85285714285715,1.3032998412372112
2015-03-23,47.4,44.892857142857146,1.386142300115308
2015-03-24,47.03,45.199999999999996,1.6039118845223168
2015-03-25,48.75,45.88857142857143,1.9623916409218136
2015-03-26,51.41,47.034285714285716,2.5219229246895147
2015-03-27,48.83,47.63428571428572,2.348211071874661
2015-03-30,48.66,48.29714285714285,1.731951830403173
2015-03-31,47.72,48.54285714285714,1.4509504274223137
2015-04-01,50.12,48.93142857142857,1.4580743987742708
2015-04-02,49.13,49.23142857142857,1.1937256604266617
2015-04-06,52.08,49.70714285714286,1.5731254907044494
2015-04-07,53.95,50.07,2.199575716658508
2015-04-08,50.44,50.300000000000004,2.131423624399244
2015-04-09,50.79,50.60428571428571,2.0066627115875497
2015-04-10,51.63,51.16285714285714,1.5657342716772502
2015-04-13,51.95,51.424285714285716,1.514528057870247
2015-04-14,53.3,52.019999999999996,1.2605025452762415
2015-04-15,56.25,52.615714285714276,2.038723923947695
2015-04-16,56.69,53.00714285714285,2.5392040372602476
2015-04-17,55.71,53.76,2.4301234536504293
2015-04-20,56.37,54.557142857142864,2.197579837648529
2015-04-21,55.58,55.12142857142857,1.7900319230943045
2015-04-22,56.17,55.72428571428571,1.134516888993376
2015-04-23,56.59,56.194285714285705,0.4180852043280696
2015-04-24,55.98,56.15571428571429,0.42449409663507726
2015-04-27,55.56,55.99428571428571,0.4016987736409468
2015-04-28,57.05,56.18571428571429,0.5393470478996245
2015-04-29,58.55,56.497142857142855,1.0505826047992226
2015-04-30,59.62,57.074285714285715,1.483339218816233
2015-05-01,59.1,57.49285714285714,1.5948428792539655
2015-05-04,58.92,57.82571428571429,1.617980810994154
2015-05-05,60.38,58.45428571428572,1.6360099545577955
2015-05-06,60.93,59.221428571428575,1.2709501507526566
2015-05-07,58.99,59.49857142857143,0.8653213000758555
2015-05-08,59.41,59.621428571428574,0.7632262349384665
2015-05-11,59.23,59.56571428571429,0.7774500443196413
2015-05-12,60.72,59.79714285714285,0.8531454406144773
2015-05-13,60.5,60.02285714285714,0.7890017804213267
2015-05-14,59.89,59.952857142857134,0.7736216621674078
2015-05-15,59.73,59.78142857142857,0.6429211608212471
2015-05-18,59.44,59.84571428571429,0.5688250212025235
2015-05-19,57.3,59.544285714285714,1.1251793507759573
2015-05-20,58.96,59.505714285714284,1.1422471586362517
2015-05-21,60.18,59.42857142857143,1.0619860101236156
2015-05-22,58.88,59.19714285714286,0.9613309226489339
2015-05-26,57.29,58.82571428571429,1.1355154063591637
2015-05-27,57.51,58.50857142857143,1.1507740666023987
2015-05-28,57.69,58.25857142857143,1.1038331481846355
2015-05-29,60.25,58.68,1.2325042258144177
2015-06-01,60.24,58.862857142857145,1.3684262772156464
2015-06-02,61.3,59.02285714285714,1.594842879254149
2015-06-03,59.67,59.135714285714286,1.6109195835751084
2015-06-04,58.0,59.23714285714285,1.49340454761631
2015-06-05,59.11,59.465714285714284,1.2941516802185846
2015-06-08,58.15,59.53142857142857,1.1969882841385662
2015-06-09,60.15,59.51714285714286,1.1875424804364576
2015-06-10,61.36,59.67714285714286,1.3635702437014006
2015-06-11,60.74,59.597142857142856,1.2653815535934358
2015-06-12,59.96,59.63857142857143,1.2728894763614378
2015-06-15,59.53,59.857142857142854,1.057823461724417
2015-06-16,60.01,59.98571428571428,1.0052670813003395
2015-06-17,59.89,60.23428571428572,0.6151112946013818
2015-06-18,60.41,60.271428571428565,0.6170204905013944
2015-06-19,59.62,60.02285714285714,0.4264471161133026
2015-06-22,60.01,59.91857142857143,0.2889307051268954
2015-06-23,61.05,60.074285714285715,0.5179400590281955
2015-06-24,60.01,60.142857142857146,0.4626991205683517
2015-06-25,59.59,60.08285714285715,0.5078291801134558
2015-06-26,59.41,60.01428571428571,0.5671524528256136
2015-06-29,58.34,59.71857142857142,0.8128638379407219
2015-06-30,59.48,59.69857142857143,0.8174029722430142
2015-07-01,56.94,59.26,1.3022544554159203
2015-07-02,56.93,58.67142857142857,1.289385235566951
2015-07-06,52.48,57.59571428571429,2.5303811118904553
2015-07-07,52.33,56.55857142857143,3.017667026975863
2015-07-08,51.61,55.44428571428572,3.222425882997351
2015-07-09,52.76,54.64714285714285,3.0734438571152647
2015-07-10,52.74,53.684285714285714,2.2534185669948963
2015-07-13,52.19,53.00571428571429,1.773761137078621
2015-07-14,53.05,52.451428571428565,0.4705822128271559
2015-07-15,51.4,52.29714285714285,0.614646627072912
2015-07-16,50.9,52.09285714285714,0.8088616339267819
2015-07-17,50.88,51.988571428571426,0.9208045136523153
2015-07-20,50.11,51.61,1.0815112882665912
2015-07-21,50.59,51.30285714285714,1.0100447891909357
2015-07-22,49.27,50.885714285714286,1.172502411401803
2015-07-23,48.11,50.18000000000001,1.1389176148054916
2015-07-24,47.98,49.69142857142857,1.2558851934107451
2015-07-27,47.17,49.15857142857143,1.4360179730867424
2015-07-28,47.97,48.74285714285715,1.2657371275943778
2015-07-29,48.77,48.55142857142857,1.1171157590097553
2015-07-30,48.53,48.25714285714285,0.6740601922954342
2015-07-31,47.11,47.94857142857143,0.6257909281017018
2015-08-03,45.25,47.54,1.1858470952501814
2015-08-04,45.75,47.221428571428575,1.3377522014038326
2015-08-05,45.13,46.93,1.5553349049791194
2015-08-06,44.69,46.46142857142856,1.678962264523493
2015-08-07,43.87,45.76142857142857,1.5742450949667683
2015-08-10,44.94,45.24857142857143,1.0031687889018162
2015-08-11,43.11,44.67714285714286,0.9000872973417903
2015-08-12,43.22,44.387142857142855,1.005596245767956
2015-08-13,42.27,43.89,1.0772031686944092
2015-08-14,42.45,43.50714285714286,1.0386002484926233
2015-08-17,41.93,43.112857142857145,1.0386002484925523
2015-08-18,42.58,42.92857142857143,0.9954132905611949
2015-08-19,40.75,42.33,0.8304015092981786
2015-08-20,41.0,42.028571428571425,0.8814652303743293
2015-08-21,40.45,41.63285714285714,0.879217725879992
2015-08-24,38.22,41.05428571428571,1.5020303718876016
2015-08-25,39.15,40.582857142857144,1.5088153662728945
2015-08-26,38.5,40.09285714285714,1.5546673200938188
2015-08-27,42.47,40.07714285714286,1.5256224334680666
2015-08-28,45.29,40.72571428571428,2.5080460996705574
2015-08-31,49.2,41.89714285714286,4.079917132675823
2015-09-01,45.38,42.60142857142857,4.211854019988402
2015-09-02,46.3,43.75571428571429,3.9071338904718687
2015-09-03,46.75,44.84142857142857,3.442283295385969
2015-09-04,46.02,45.91571428571428,2.0080077783899704
2015-09-08,45.92,46.40857142857143,1.3303687279700003
2015-09-09,44.13,46.24285714285714,1.5474572076485054
2015-09-10,45.85,45.76428571428572,0.8340834718866917
2015-09-11,44.75,45.674285714285716,0.91274050971485
2015-09-14,44.07,45.355714285714285,1.0384581060757352
2015-09-15,44.58,45.04571428571428,0.8617203170060176
2015-09-16,47.12,45.20285714285715,1.1281210674551942
2015-09-17,46.93,45.347142857142856,1.2883414956846526
2015-09-18,44.71,45.43,1.2134935791531234
2015-09-21,46.67,45.54714285714285,1.2974682306334309
2015-09-22,46.17,45.75,1.2626031310930528
2015-09-23,44.53,45.815714285714286,1.1691001830786687
2015-09-24,44.94,45.86714285714286,1.1122157207588679
2015-09-25,45.55,45.642857142857146,0.9661731088007737
2015-09-28,44.4,45.28142857142858,0.8731633785801055
2015-09-29,45.24,45.357142857142854,0.8376099785518583
2015-09-30,45.06,45.12714285714286,0.6060724457545376
2015-10-01,44.75,44.92428571428571,0.4021963509790968
2015-10-02,45.54,45.06857142857143,0.41802825146952904
2015-10-05,46.28,45.260000000000005,0.611419114284515
2015-10-06,48.53,45.68571428571429,1.3894346229340424
2015-10-07,47.86,46.18,1.468979237422872
2015-10-08,49.46,46.78285714285715,1.8383934497735226
2015-10-09,49.67,47.441428571428574,1.9411974703846053
2015-10-12,47.09,47.77571428571429,1.5656186971105066
2015-10-13,46.7,47.941428571428574,1.3337594557094765
2015-10-14,46.63,47.99142857142858,1.2659308639736706
2015-10-15,46.38,47.684285714285714,1.3700225927852314
2015-10-16,47.3,47.604285714285716,1.3743951050341894
2015-10-19,45.91,47.097142857142856,1.222043565577892
2015-10-20,45.84,46.550000000000004,0.5516037224732233
2015-10-21,45.22,46.28285714285715,0.6835377162259334
2015-10-22,44.9,46.02571428571428,0.8244969606218696
2015-10-23,43.91,45.637142857142855,1.0903319721548719
2015-10-26,43.19,45.18142857142857,1.361119987005839
2015-10-27,43.21,44.59714285714285,1.1636396103760325
2015-10-28,45.93,44.6,1.167418805161888
2015-10-29,46.02,44.62571428571429,1.2007894228690519
2015-10-30,46.6,44.82285714285714,1.4097247282724505
2015-11-02,46.12,44.99714285714286,1.4937616307506687
2015-11-03,47.88,45.56428571428571,1.7447717820413842
2015-11-04,46.32,46.01142857142857,1.4023602553173484
2015-11-05,45.27,46.305714285714295,0.8057265280942387
2015-11-06,44.32,46.07571428571429,1.1050468638967526
2015-11-09,43.87,45.76857142857143,1.386150888501557
2015-11-10,44.23,45.43,1.437706506898836
2015-11-11,42.95,44.97714285714286,1.6653699717588992
2015-11-12,41.74,44.10000000000001,1.4892727531624694
2015-11-13,40.69,43.29571428571429,1.6061948526690073
2015-11-16,41.68,42.78285714285714,1.4347324290039132
2015-11-17,40.73,42.269999999999996,1.4353280693433155
2015-11-18,40.75,41.824285714285715,1.3367106037109235
2015-11-19,40.55,41.29857142857143,0.877732468176997
2015-11-20,39.39,40.79,0.7881835657452784
2015-11-23,39.27,40.43714285714286,0.8429850588837782
2015-11-24,40.89,40.465714285714284,0.85626820452048
2015-11-25,41.22,40.4,0.7597587336192967
2015-11-27,40.57,40.37714285714286,0.7505267991004266
2015-11-30,40.43,40.33142857142857,0.7335854544802932
2015-12-01,40.58,40.33571428571428,0.735161142022173
2015-12-02,39.93,40.41285714285714,0.6417869398546103
2015-12-03,41.08,40.67142857142857,0.4363266578591259
2015-12-04,40.0,40.544285714285714,0.4885644666497495
2015-12-07,37.64,40.03285714285715,1.1239471263518028
2015-12-08,37.46,39.58857142857143,1.4450424281054153
2015-12-09,37.16,39.121428571428574,1.6427256676099742
2015-12-10,36.76,38.575714285714284,1.7105345864393973
2015-12-11,35.65,37.964285714285715,1.900191719644412
2015-12-14,36.31,37.28285714285715,1.3809986034871746
2015-12-15,37.32,36.9,0.7112664760666381
2015-12-16,35.55,36.60142857142858,0.7838245673344914
2015-12-17,34.98,36.247142857142855,0.8850181596064397
2015-12-18,34.72,35.89857142857143,0.944094426257347
2015-12-21,34.55,35.582857142857144,0.9769632249132683
2015-12-22,36.12,35.65,0.998265161822823
2015-12-23,36.76,35.714285714285715,1.0604064809014235
2015-12-24,37.62,35.75714285714286,1.1392499621094245
2015-12-28,36.36,35.87285714285714,1.1557207604635158
2015-12-29,37.88,36.287142857142854,1.293840720297461
2015-12-30,36.59,36.55428571428571,1.093950899905802
2015-12-31,37.13,36.92285714285714,0.6511199143271685
2016-01-04,36.81,37.021428571428565,0.554359347076062
2016-01-05,35.97,36.90857142857143,0.6821394913729569
2016-01-06,33.97,36.387142857142855,1.225951525482644
2016-01-07,33.29,35.948571428571434,1.6962156758571525
2016-01-08,33.2,35.28,1.7300385352092587
2016-01-11,31.42,34.541428571428575,2.1339824161310066
2016-01-12,30.42,33.582857142857144,2.2795007807629313
2016-01-13,30.42,32.67,2.038496177735274
2016-01-14,31.22,31.991428571428575,1.4675424874106213
2016-01-15,29.45,31.345714285714287,1.4461196025004526
2016-01-19,28.47,30.657142857142855,1.512070482097661
2016-01-20,26.68,29.725714285714286,1.6830909773594545
2016-01-21,29.55,29.458571428571425,1.5087238378911783
2016-01-22,32.07,29.694285714285716,1.787165886182773
2016-01-25,30.31,29.678571428571427,1.780191268474963
2016-01-26,29.54,29.43857142857143,1.6459285988020294
2016-01-27,32.32,29.84857142857143,1.9740096974655152
2016-01-28,33.21,30.525714285714287,2.2199613896197445
2016-01-29,33.66,31.52285714285714,1.7148149976498015
2016-02-01,31.62,31.81857142857143,1.4803538830367349
2016-02-02,29.9,31.508571428571425,1.637767062910706
2016-02-03,32.29,31.791428571428565,1.565656715999795
2016-02-04,31.63,32.089999999999996,1.227517820634152
2016-02-05,30.86,31.881428571428568,1.303603065490143
2016-02-08,29.71,31.381428571428568,1.3781803047334276
2016-02-09,27.96,30.56714285714286,1.487119299013264
2016-02-10,27.54,29.98428571428571,1.7769905002753756
2016-02-11,26.19,29.454285714285714,2.286531996583927
2016-02-12,29.32,29.029999999999998,1.9185932346313963
2016-02-16,29.05,28.66142857142857,1.5478741181657905
2016-02-17,30.68,28.63571428571429,1.506196724004471
2016-02-18,30.77,28.787142857142857,1.6759247624810283
2016-02-19,29.59,29.02,1.6549521644567342
2016-02-22,31.37,29.56714285714286,1.716087743336773
2016-02-23,31.84,30.374285714285715,1.0700600784079424
2016-02-24,30.35,30.521428571428572,0.9667545115944264
2016-02-25,31.4,30.857142857142858,0.755595003621531
2016-02-26,31.65,30.995714285714286,0.805022921869909
2016-02-29,32.74,31.277142857142856,1.0267702483181453
2016-03-01,34.39,31.962857142857143,1.2830655255409034
2016-03-02,34.57,32.42,1.573764065324886
2016-03-03,34.56,32.808571428571426,1.7342955204796187
2016-03-04,35.91,33.60285714285714,1.693356767734473
2016-03-07,37.9,34.53142857142857,2.0323174667579895
2016-03-08,36.67,35.24857142857143,1.7055148643024274
2016-03-09,37.62,35.94571428571428,1.4933949817126033
2016-03-10,37.77,36.42857142857143,1.4524167052503454
2016-03-11,38.51,36.99142857142857,1.37340730266873
2016-03-14,37.2,37.36857142857143,0.8615379382383171
2016-03-15,36.32,37.42714285714286,0.7529434304781072
2016-03-16,38.43,37.50285714285714,0.8310177351698536
2016-03-17,40.17,38.00285714285714,1.2119916705573266
2016-03-18,39.47,38.26714285714286,1.3121574382800882
2016-03-21,39.91,38.57285714285714,1.4217444013724374
2016-03-22,41.45,38.99285714285714,1.7873324097195857
2016-03-23,38.28,39.14714285714285,1.6479554432186805
2016-03-24,38.14,39.40714285714286,1.214011453611883
2016-03-28,37.99,39.34428571428571,1.2824957068435912
2016-03-29,36.91,38.878571428571426,1.5052400536208355
2016-03-30,36.91,38.51285714285715,1.642342983717829
2016-03-31,36.94,38.08857142857143,1.6044462032190956
2016-04-01,35.36,37.21857142857142,1.0241326178888408
2016-04-04,34.3,36.64999999999999,1.3797101144718869
2016-04-05,34.52,36.13285714285714,1.4063156862879855
2016-04-06,37.74,36.097142857142856,1.3534734855793458
2016-04-07,37.3,36.152857142857144,1.3997465756937306
2016-04-08,39.74,36.55714285714286,1.9538825816392213
2016-04-11,40.46,37.06,2.4570171617857164
2016-04-12,42.12,38.02571428571429,2.9554179464285286
2016-04-13,41.7,39.082857142857144,2.71426917287769
2016-04-14,41.45,40.07285714285714,1.9203533900911416
2016-04-15,40.4,40.452857142857134,1.6217553687803912
2016-04-18,39.74,40.80142857142857,0.9572256538343656
2016-04-19,40.88,40.964285714285715,0.835820099108043
2016-04-20,42.72,41.287142857142854,1.0238931305732075
2016-04-21,43.18,41.43857142857143,1.2260292080637947
2016-04-22,42.76,41.589999999999996,1.3251540790833733
2016-04-25,41.67,41.621428571428574,1.323888572485968
2016-04-26,42.52,41.924285714285716,1.2375763564618263
2016-04-27,45.29,42.71714285714285,1.3751450139902277
2016-04-28,46.03,43.45285714285715,1.5893994073766085
2016-04-29,45.98,43.91857142857143,1.8022340633298488
2016-05-02,44.75,44.142857142857146,1.792667605228594
2016-05-03,43.65,44.27,1.7077958504006239
2016-05-04,43.77,44.57,1.3139888380978353
2016-05-05,44.33,44.82857142857142,0.9786458087718684
2016-05-06,44.58,44.72714285714286,0.9594566914854642
2016-05-09,43.45,44.35857142857143,0.8666108040483038
2016-05-10,44.68,44.17285714285715,0.5383528670887794
2016-05-11,46.21,44.38142857142857,0.9355288802026664
2016-05-12,46.64,44.808571428571426,1.1930553014676497
2016-05-13,46.22,45.15857142857143,1.1969604361437833
2016-05-16,47.72,45.642857142857146,1.4622438725590667
2016-05-17,48.29,46.17285714285714,1.6703464140221678
2016-05-18,48.12,46.839999999999996,1.2911364503076872
2016-05-19,48.16,47.33714285714285,0.9441877335416108
2016-05-20,47.67,47.54571428571428,0.8046501753817875
2016-05-23,48.12,47.75714285714286,0.7166290133934352
2016-05-24,48.04,48.01714285714286,0.23286006421024316
2016-05-25,49.1,48.214285714285715,0.4354253530462976
2016-05-26,49.0,48.315714285714286,0.5287046164058524
2016-05-27,49.36,48.49285714285714,0.6467537987293337
2016-05-31,49.1,48.627142857142864,0.6634936393848873
2016-06-01,49.07,48.82714285714286,0.5230269045064573
2016-06-02,49.14,48.972857142857144,0.4263298521540078
2016-06-03,48.69,49.065714285714286,0.19998809483513486
2016-06-06,49.71,49.152857142857144,0.31642346547686717
2016-06-07,50.37,49.348571428571425,0.5463035960235582
2016-06-08,51.23,49.61571428571428,0.897289569430806
2016-06-09,50.52,49.818571428571424,0.9214558873661708
2016-06-10,49.09,49.82142857142857,0.9187750644354932
2016-06-13,48.89,49.785714285714285,0.9538668170885901
2016-06-14,48.49,49.75714285714286,0.9942956348614882
2016-06-15,47.92,49.501428571428576,1.2142820728157282
2016-06-16,46.14,48.89714285714286,1.6750891944921338
2016-06-17,48.0,48.43571428571429,1.3358999107002387
2016-06-20,49.4,48.27571428571429,1.088896339453629
2016-06-21,48.95,48.255714285714284,1.0726114105655906
2016-06-22,49.16,48.294285714285714,1.1036282155125967
2016-06-23,49.34,48.41571428571428,1.1733123645228623
2016-06-24,46.7,48.24142857142857,1.3382380028833483
2016-06-27,45.8,48.19285714285714,1.4302297517662637
2016-06-28,47.93,48.18285714285714,1.4320464876662993
2016-06-29,49.85,48.24714285714286,1.5040801650302447
2016-06-30,48.27,48.14999999999999,1.4727525250293174
2016-07-01,49.02,48.13,1.457623636830472
2016-07-05,46.73,47.75714285714286,1.430078252930205
2016-07-06,47.37,47.85285714285714,1.3686333120442726
2016-07-07,45.22,47.769999999999996,1.5225307878595102
2016-07-08,45.37,47.40428571428572,1.7657279626474776
2016-07-11,44.73,46.67285714285714,1.6397226827028386
2016-07-12,46.82,46.465714285714284,1.4889913492276843
2016-07-13,44.87,45.872857142857136,1.0695904868234565
2016-07-14,45.64,45.71714285714285,1.0011612305234272
2016-07-15,45.93,45.51142857142857,0.7107608264108639
2016-07-18,45.23,45.512857142857136,0.7100871844380183
2016-07-19,44.64,45.40857142857142,0.7842922195798928
2016-07-20,44.96,45.441428571428574,0.7554122179491788
2016-07-21,43.96,45.03285714285715,0.6518618024573569
2016-07-22,43.41,44.824285714285715,0.8992748401208143
2016-07-25,42.4,44.361428571428576,1.1947304936092826
2016-07-26,42.16,43.82285714285714,1.2192718357702539
2016-07-27,41.9,43.347142857142856,1.2283418943854396
2016-07-28,41.13,42.84571428571429,1.3252151667082848
2016-07-29,41.54,42.357142857142854,1.0083768192010714
2016-08-01,40.05,41.79857142857143,1.054410239119019
2016-08-02,39.5,41.24,1.093419712024872
2016-08-03,40.8,41.01142857142857,0.970883250289187
2016-08-04,41.92,40.97714285714285,0.9267994080894439
2016-08-05,41.83,40.96714285714285,0.9154910209836067
2016-08-08,43.06,41.24285714285714,1.2145055823262823
2016-08-09,42.78,41.42,1.3481468762630997
2016-08-10,41.75,41.66285714285714,1.2058290963075344
2016-08-11,43.51,42.23571428571428,0.9274491386270882
2016-08-12,44.47,42.76,1.0138704716637743
2016-08-15,45.72,43.30285714285714,1.4236539172738008
2016-08-16,46.57,43.980000000000004,1.7056767962636148
2016-08-17,46.81,44.51571428571429,1.9412011499947288
2016-08-18,48.2,45.290000000000006,2.1975061622922802
2016-08-19,48.48,46.25142857142857,1.8324976450263586
2016-08-22,46.8,46.72142857142857,1.3776480993686209
2016-08-23,47.54,47.160000000000004,0.969725046931605
2016-08-24,46.29,47.24142857142857,0.8445004158440752
2016-08-25,46.97,47.29857142857143,0.8040611206209198
2016-08-26,47.64,47.41714285714285,0.780869478746012
2016-08-29,46.97,47.24142857142857,0.710573209243178
2016-08-30,46.32,46.93285714285714,0.5288261934103684
2016-08-31,44.68,46.63,1.007769814977435
2016-09-01,43.17,46.00571428571429,1.555044020194073
2016-09-02,44.39,45.73428571428571,1.6594663513936998
2016-09-06,44.85,45.43142857142857,1.5882844893238945
2016-09-07,45.47,45.121428571428574,1.2640467893608311
2016-09-08,47.63,45.215714285714284,1.4376121074224941
2016-09-09,45.88,45.152857142857144,1.390116473358604
2016-09-12,46.28,45.38142857142857,1.430366253456384
2016-09-13,44.91,45.629999999999995,1.0935416468121617
2016-09-14,43.62,45.519999999999996,1.2644366334377084
2016-09-15,43.85,45.37714285714286,1.4017811798457398
2016-09-16,43.04,45.029999999999994,1.653279569011986
2016-09-19,43.34,44.417142857142856,1.2823768853848676
2016-09-20,43.85,44.12714285714286,1.1150443083136339
2016-09-21,45.33,43.99142857142857,0.8309718922400803
2016-09-22,46.1,44.16142857142857,1.1212408092643542
2016-09-23,44.36,44.26714285714286,1.0962924531510783
2016-09-26,45.6,44.51714285714286,1.1815345147319052
2016-09-27,44.65,44.74714285714286,0.9867068846265853
2016-09-28,47.07,45.279999999999994,1.1007270324559153
2016-09-29,47.72,45.83285714285715,1.2273781580411682
2016-09-30,47.72,46.17428571428571,1.3863123402543183
2016-10-03,48.8,46.56,1.7018911050102346
2016-10-04,48.67,47.175714285714285,1.5457992230801063
2016-10-05,49.75,47.76857142857143,1.6340484343171398
2016-10-06,50.44,48.59571428571429,1.200178558135766
2016-10-07,49.76,48.980000000000004,1.051712888568168
2016-10-10,49.76,49.271428571428565,0.9185936455771819
2016-10-11,50.72,49.699999999999996,0.7603288761980723
2016-10-12,50.14,49.89142857142857,0.6577342059639042
2016-10-13,50.47,50.14857142857142,0.4032546164584425
2016-10-14,50.35,50.23428571428571,0.36650862392221617
2016-10-17,49.97,50.16714285714285,0.36559149721773954
2016-10-18,50.3,50.24428571428571,0.31941911559792374
2016-10-19,51.59,50.50571428571429,0.533880671507629
2016-10-20,50.31,50.447142857142865,0.5289207339838281
2016-10-21,50.61,50.51428571428571,0.5130255725362096
2016-10-24,50.18,50.472857142857144,0.5286685882207607
2016-10-25,49.45,50.34428571428571,0.6573141598525967
2016-10-26,48.75,50.17000000000001,0.8926925562481027
2016-10-27,49.71,50.08571428571429,0.906124662914907
2016-10-28,48.72,49.67571428571428,0.7474368901402593
2016-10-31,46.83,49.17857142857143,1.2461731898207895
2016-11-01,46.66,48.614285714285714,1.377375005124695
2016-11-02,45.32,47.92,1.6537633849234543
2016-11-03,44.66,47.23571428571429,1.8893813550318133
2016-11-04,44.07,46.567142857142855,2.0824001719578833
2016-11-07,44.88,45.87714285714286,1.6152679270542118
2016-11-08,44.96,45.339999999999996,1.0323274674149558
2016-11-09,45.2,45.107142857142854,0.7973019980971989
2016-11-10,44.62,44.81571428571429,0.41744688852730905
2016-11-11,43.39,44.540000000000006,0.6180345189759318
2016-11-14,43.29,44.34428571428571,0.771553781712154
2016-11-15,45.86,44.6,0.9430623874621585
2016-11-16,45.56,44.69714285714286,1.009401048230912
2016-11-17,45.37,44.75571428571429,1.0386667277850847
2016-11-18,45.69,44.825714285714284,1.088896339453146
2016-11-21,47.48,45.23428571428571,1.4690456895803394
2016-11-22,48.07,45.902857142857144,1.5523929301254051
2016-11-23,46.72,46.392857142857146,1.0503604823282437
2016-11-25,46.72,46.51571428571429,1.0276973799429578
2016-11-28,45.66,46.529999999999994,1.0127849393198216
2016-11-29,45.29,46.51857142857143,1.028387549691589
2016-11-30,49.41,47.05,1.416709803257725
2016-12-01,51.08,47.56428571428571,2.0915294016760244
2016-12-02,51.7,48.082857142857144,2.6208441024799622
2016-12-05,51.72,48.79714285714285,2.858115429702623
2016-12-06,50.95,49.401428571428575,2.7921642058377456
2016-12-07,49.85,50.0,2.253589728998473
2016-12-08,50.84,50.792857142857144,0.8749421749491639
2016-12-09,51.51,51.09285714285715,0.6538530488610214
2016-12-12,52.74,51.33,0.9022564306491673
2016-12-13,52.99,51.51428571428572,1.100406851158424
2016-12-14,51.01,51.41285714285715,1.1109562590421558
2016-12-15,50.9,51.40571428571428,1.1145829884204985
2016-12-16,51.93,51.70285714285715,0.8841514629886795
2016-12-19,52.13,51.887142857142855,0.8052476696675835
2016-12-20,52.22,51.98857142857143,0.7944689750784756
2016-12-21,51.44,51.80285714285714,0.7395880449085935
2016-12-22,51.98,51.65857142857142,0.541338728550634
2016-12-23,52.01,51.801428571428566,0.468736904558969
2016-12-27,52.82,52.075714285714284,0.4116170203112242
2016-12-28,54.01,52.37285714285714,0.8285270923986429
2016-12-29,53.8,52.61142857142857,0.9745157527523245
2016-12-30,53.75,52.82999999999999,1.0413772931306937
2017-01-03,52.36,52.96142857142856,0.8826745072198856
2017-01-04,53.26,53.144285714285715,0.7709919399126084
2017-01-05,53.77,53.39571428571429,0.6095040919279766
2017-01-06,53.98,53.56142857142857,0.5840499000051637
2017-01-09,51.95,53.26714285714286,0.7995772692526224
2017-01-10,50.82,52.84142857142858,1.1741582597883349
2017-01-11,52.19,52.618571428571435,1.119753374198582
2017-01-12,53.01,52.71142857142858,1.1216866551593045
2017-01-13,52.36,52.58285714285715,1.0996925977314247
2017-01-17,52.45,52.394285714285715,0.9674167861251219
2017-01-18,51.12,51.98571428571429,0.769867026230207
2017-01-19,51.39,51.90571428571429,0.8025969752890832
2017-01-20,52.33,52.12142857142857,0.6507029166183508
2017-01-23,52.77,52.20428571428571,0.6962245122156636
2017-01-24,52.38,52.114285714285714,0.6101053772996212
2017-01-25,52.14,52.08285714285715,0.6009357781869389
2017-01-26,53.24,52.19571428571429,0.7395687288841183
2017-01-27,53.18,52.49,0.6438426308615964
2017-01-30,52.63,52.667142857142856,0.42370250117896047
2017-01-31,52.75,52.72714285714286,0.3968926926832021
2017-02-01,53.9,52.88857142857143,0.5967251899848931
2017-02-02,53.55,53.05571428571428,0.5943864383352266
2017-02-03,53.81,53.294285714285714,0.4918962337155738
2017-02-06,53.01,53.26142857142857,0.5036675017932022
2017-02-07,52.19,53.12,0.6485111152850673
2017-02-08,52.37,53.082857142857144,0.6875248913109132
2017-02-09,52.99,53.11714285714286,0.6740107389145161
2017-02-10,53.84,53.10857142857143,0.6626821402672883
2017-02-13,52.96,53.02428571428572,0.6340835155904135
2017-02-14,53.21,52.93857142857143,0.5443781948509601
2017-02-15,53.11,52.95285714285715,0.547865989854013
2017-02-16,53.41,53.12714285714286,0.4500634875645481
2017-02-17,53.41,53.27571428571429,0.3075633887134487
2017-02-21,54.02,53.42285714285714,0.3847819419344494
2017-02-22,53.61,53.39,0.3516153200800942
2017-02-23,54.48,53.607142857142854,0.48561693700443004
2017-02-24,53.99,53.71857142857142,0.4684879426012366
2017-02-27,54.04,53.85142857142857,0.3929134158600045
2017-02-28,54.0,53.93571428571429,0.3424839238228361
2017-03-01,53.82,53.99428571428571,0.26355626485395695
2017-03-02,52.63,53.79571428571428,0.5775481839151718
2017-03-03,53.33,53.755714285714284,0.6017434985747964
2017-03-06,53.19,53.57142857142857,0.5370111287140157
2017-03-07,52.68,53.38428571428572,0.5922515552901505
2017-03-08,49.83,52.78285714285715,1.4009248645705492
2017-03-09,48.75,52.03285714285715,1.9416720825545712
2017-03-10,48.05,51.208571428571425,2.2558695926468637
2017-03-13,47.95,50.540000000000006,2.4495781949785265
2017-03-14,47.24,49.67000000000001,2.373822515124925
2017-03-15,48.34,48.97714285714285,1.8178899332754777
2017-03-16,48.3,48.35142857142858,0.7994879313418694
2017-03-17,48.34,48.138571428571424,0.4711485459610902
2017-03-20,47.79,48.00142857142857,0.39746817779693605
2017-03-21,47.02,47.854285714285716,0.5411671689433242
2017-03-22,47.29,47.76,0.5779561690245528
2017-03-23,47.0,47.72571428571429,0.6195659002415322
2017-03-24,47.3,47.57714285714286,0.5704592969739092
2017-03-27,47.02,47.394285714285715,0.5010607794888905
2017-03-28,48.36,47.39714285714286,0.5073694999740507
2017-03-29,49.47,47.637142857142855,0.9384155846446613
2017-03-30,50.3,48.105714285714285,1.3201497029032478
2017-03-31,50.54,48.57,1.5388415556234996
2017-04-03,50.25,49.034285714285716,1.4751706922960177
2017-04-04,50.99,49.561428571428564,1.4100050658401777
2017-04-05,51.14,50.15,0.9606247966718533
2017-04-06,51.69,50.62571428571429,0.721130065528778
2017-04-07,52.25,51.02285714285715,0.7437229386706375
2017-04-10,53.06,51.417142857142856,0.9880909925229571
2017-04-11,53.38,51.82285714285714,1.139381620078096
2017-04-12,53.12,52.23285714285714,0.9849824750582659
2017-04-13,53.19,52.54714285714285,0.8661353682721904
2017-04-17,52.62,52.75857142857143,0.6073831457127196
2017-04-18,52.46,52.86857142857143,0.4234945324667669
2017-04-19,50.49,52.61714285714286,0.9923493048512148
2017-04-20,50.26,52.21714285714285,1.3005475037480307
2017-04-21,49.64,51.68285714285714,1.4966486370682999
2017-04-24,48.9,51.08,1.6620569585048544
2017-04-25,49.22,50.512857142857136,1.4905559844695697
2017-04-26,49.22,50.027142857142856,1.2186428829526885
2017-04-27,48.96,49.527142857142856,0.6298866110958018
2017-04-28,49.31,49.35857142857143,0.46577636160305386
2017-05-01,48.83,49.15428571428571,0.28177160622699093
2017-05-02,47.65,48.870000000000005,0.5682722352127965
2017-05-03,47.79,48.71142857142856,0.6984608929839848
2017-05-04,45.55,48.18714285714286,1.3378429689257327
2017-05-05,46.23,47.76,1.427433594478827
2017-05-08,46.46,47.402857142857144,1.3893969229503034
2017-05-09,45.84,46.90714285714286,1.2019250432134303
2017-05-10,47.28,46.68571428571429,0.8912698271239914
2017-05-11,47.81,46.708571428571425,0.9216548264005083
2017-05-12,47.83,46.714285714285715,0.9295672316056393
2017-05-15,48.86,47.18714285714286,1.0698865093256498
2017-05-16,48.64,47.53142857142857,1.0979439659476877
2017-05-17,49.04,47.9,1.1112905410588005
2017-05-18,49.36,48.40285714285715,0.7667836349566878
2017-05-19,50.32,48.83714285714286,0.8776999161658382
2017-05-22,50.81,49.26571428571429,1.0143611641861479
2017-05-23,51.12,49.73571428571429,1.000364219376729
2017-05-24,50.99,50.04,1.0134594219704762
2017-05-25,48.57,50.03000000000001,1.0297896225187921
2017-05-26,49.58,50.107142857142854,0.9612095554584139
2017-05-30,49.63,50.145714285714284,0.9311794875726169
2017-05-31,48.29,49.855714285714285,1.156659805103723
2017-06-01,48.32,49.5,1.1964670214067346
2017-06-02,47.68,49.00857142857143,1.12447659781253
2017-06-05,47.4,48.49571428571429,0.857026976282257
2017-06-06,48.13,48.43285714285714,0.8667509116449744
2017-06-07,45.8,47.892857142857146,1.1606279088653855
2017-06-08,45.68,47.32857142857143,1.135230205300912
2017-06-09,45.82,46.97571428571428,1.1699267376243718
2017-06-12,46.1,46.65857142857143,1.038274667751281
2017-06-13,46.41,46.47714285714285,0.9359614359061538
2017-06-14,44.79,46.104285714285716,1.0228857404787892
2017-06-15,44.47,45.58142857142857,0.6989856596243005
2017-06-16,44.73,45.42857142857143,0.7577472879267734
2017-06-19,44.24,45.222857142857144,0.865865930443728
2017-06-20,43.34,44.86857142857143,1.0652296868251292
2017-06-21,42.48,44.35142857142858,1.2332265075916748
2017-06-22,42.53,43.79714285714285,1.0045183636131967
2017-06-23,42.86,43.521428571428565,0.949972430666561
2017-06-26,43.24,43.34571428571429,0.8542024963325565
2017-06-27,44.25,43.277142857142856,0.7355885236797305
2017-06-28,44.74,43.348571428571425,0.8586506579277878
2017-06-29,44.88,43.56857142857143,1.035220243407116
2017-06-30,46.02,44.074285714285715,1.2559439629515001
2017-07-05,45.11,44.44285714285714,1.0955472648420943
2017-07-06,45.52,44.82285714285714,0.8986418323428046
2017-07-07,44.25,44.96714285714285,0.6483752587582343
2017-07-10,44.4,44.98857142857143,0.6226938405243434
2017-07-11,45.06,45.034285714285716,0.6130757740616201
2017-07-12,45.48,45.12,0.6296295206807777
2017-07-13,46.06,45.12571428571429,0.6392666929703744
2017-07-14,46.53,45.32857142857143,0.8302294576563659
2017-07-17,46.02,45.4,0.8699999999881908
2017-07-18,46.4,45.70714285714286,0.770123675892395
2017-07-19,47.1,46.09285714285714,0.676823814718517
2017-07-20,46.73,46.33142857142857,0.5306106096068346
2017-07-21,45.78,46.37428571428571,0.45745153266945543
2017-07-24,46.21,46.39571428571429,0.4435785215062157
2017-07-25,47.77,46.57285714285714,0.6869671094772991
2017-07-26,48.58,46.93857142857143,0.9676677902879876
2017-07-27,49.05,47.317142857142855,1.2098996416385641
2017-07-28,49.72,47.691428571428574,1.5016150035970286
2017-07-31,50.21,48.18857142857143,1.6940034294616517
2017-08-01,49.19,48.675714285714285,1.3390526146280632
2017-08-02,49.6,49.160000000000004,0.8053156730834269
2017-08-03,49.03,49.339999999999996,0.5399382680583618
2017-08-04,49.57,49.48142857142857,0.4251442332058472
2017-08-07,49.37,49.527142857142856,0.38646751847694
2017-08-08,49.07,49.43428571428571,0.4097908874159185
2017-08-09,49.59,49.34571428571429,0.25005713628909076
2017-08-10,48.54,49.25285714285714,0.3957572608358732
2017-08-11,48.81,49.13999999999999,0.3928952362235252
2017-08-14,47.59,48.934285714285714,0.7095035151961232
2017-08-15,47.57,48.64857142857143,0.8068545629136805
2017-08-16,46.8,48.28142857142858,0.9882042395314162
2017-08-17,47.07,47.99571428571429,1.0110696834254664
2017-08-18,48.59,47.85285714285714,0.7960467801395877
2017-08-21,47.39,47.688571428571436,0.7478063156288344
2017-08-22,47.65,47.52285714285715,0.5637586447264922
2017-08-23,48.45,47.645714285714284,0.6653785173934041
2017-08-24,47.24,47.598571428571425,0.6830917110420434
2017-08-25,47.65,47.71999999999999,0.5861456019170983
2017-08-28,46.4,47.62428571428571,0.7435468409871511
2017-08-29,46.46,47.32,0.7178672114766907
2017-08-30,45.96,47.11571428571428,0.879826822775466
2017-08-31,47.26,47.06,0.8522714747347735
2017-09-01,47.32,46.89857142857143,0.62065633461213
2017-09-05,48.63,47.097142857142856,0.9052203099266717
2017-09-06,49.13,47.308571428571426,1.185361106313573
2017-09-07,49.1,47.69428571428572,1.276242625081658
2017-09-08,47.44,47.83428571428572,1.1673882122393384
2017-09-11,48.06,48.13428571428572,0.8251031681404664
2017-09-12,48.21,48.269999999999996,0.7299771685791943
2017-09-13,49.3,48.55285714285714,0.6825861187455481
2017-09-14,49.86,48.728571428571435,0.8447963969864558
2017-09-15,49.9,48.83857142857143,0.9494283994565665
2017-09-18,49.88,48.949999999999996,1.0277645644700937
2017-09-19,49.54,49.25,0.7932843121986445
2017-09-20,50.29,49.568571428571424,0.6746462917916134
2017-09-21,50.58,49.90714285714286,0.4292906662986204
2017-09-22,50.33,50.05428571428571,0.356924695245244
2017-09-25,51.85,50.33857142857143,0.751164175815354
2017-09-26,51.59,50.58,0.8515867542304771
2017-09-27,52.14,50.902857142857144,0.9630803754125031
2017-09-28,51.62,51.199999999999996,0.7750268812419467
2017-09-29,51.67,51.39714285714286,0.6738870895816391
2017-10-02,50.59,51.39857142857142,0.6718737126092126
2017-10-03,50.44,51.41428571428571,0.6433987136627718
2017-10-04,50.0,51.14999999999999,0.7963667496706088
2017-10-05,50.79,51.035714285714285,0.7799328420294502
2017-10-06,49.34,50.63571428571429,0.8352416245670192
2017-10-09,49.58,50.34428571428572,0.7891948881038664
2017-10-10,50.93,50.23857142857143,0.6115943255363742
2017-10-11,51.3,50.339999999999996,0.7274842495298676
2017-10-12,50.61,50.364285714285714,0.7341856518682993
2017-10-13,51.43,50.56857142857143,0.810872545900435
2017-10-16,51.86,50.721428571428575,0.9487083951501799
2017-10-17,51.87,51.08285714285715,0.8058890387876367
2017-10-18,52.05,51.435714285714276,0.5325991970918893
2017-10-19,51.29,51.48714285714285,0.4914168049339697
2017-10-20,51.63,51.534285714285716,0.48627348760029465
2017-10-23,51.91,51.720000000000006,0.2781486412833447
2017-10-24,52.32,51.847142857142856,0.3232498664680602
2017-10-25,51.97,51.86285714285714,0.32663508104859673
2017-10-26,52.41,51.94,0.3868246803327085
2017-10-27,53.92,52.20714285714286,0.8472054903259237
2017-10-30,54.11,52.61,0.9958413528174858
2017-10-31,54.36,53.0,1.0791663449077122
2017-11-01,54.32,53.34428571428571,1.057683902721793
2017-11-02,54.55,53.66285714285714,1.0333072193232076
2017-11-03,55.63,54.18571428571429,0.9571286423867116
2017-11-06,57.34,54.89,1.21249054978392
2017-11-07,57.19,55.357142857142854,1.392978993442679
2017-11-08,56.82,55.744285714285716,1.3649036247091273
2017-11-09,57.16,56.144285714285715,1.3003699107347202
2017-11-10,56.75,56.49142857142857,1.0280309426423095
2017-11-13,56.77,56.808571428571426,0.56942744843406
2017-11-14,55.67,56.81428571428571,0.5556634815645269
2017-11-15,55.28,56.52,0.7443117626253254
2017-11-16,55.14,56.22714285714286,0.8345800198340141
2017-11-17,56.21,56.13999999999999,0.7931792567356017
2017-11-20,56.21,56.00428571428572,0.6595922261095667
2017-11-21,56.84,56.01714285714286,0.677193086329704
2017-11-22,57.88,56.175714285714285,0.9555950526997442
2017-11-24,58.94,56.642857142857146,1.3745873839712552
2017-11-27,58.1,57.04571428571428,1.3207807936006986
2017-11-28,57.96,57.44857142857143,1.0436223546045424
2017-11-29,57.25,57.597142857142856,0.902380449795557
2017-11-30,57.4,57.76714285714286,0.6829034652423085
2017-12-01,58.35,57.98285714285714,0.5704592969762947
2017-12-04,57.48,57.925714285714285,0.6016604009556384
2017-12-05,57.66,57.74285714285715,0.4040921629693917
2017-12-06,55.79,57.41285714285714,0.8065918894789246
2017-12-07,56.5,57.20428571428572,0.8299569696142165
2017-12-08,57.15,57.190000000000005,0.8298995923097994
2017-12-11,57.84,57.25285714285714,0.8644018025045612
2017-12-12,57.12,57.07714285714286,0.71658249781381
2017-12-13,56.59,56.949999999999996,0.7121329463772179
2017-12-14,57.0,56.855714285714285,0.6427767145319133
2017-12-15,57.29,57.07,0.44914734031933595
2017-12-18,57.17,57.16571428571429,0.37223904247745615
2017-12-19,57.49,57.214285714285715,0.3915293578748358
2017-12-20,58.09,57.25,0.46299748017599496
2017-12-21,58.34,57.424285714285716,0.6116605033932452
2017-12-22,58.25,57.66142857142858,0.5533060807820542
2017-12-26,59.55,58.02571428571429,0.8202816008815441
2017-12-27,59.67,58.36571428571428,0.9478371368954821
2017-12-28,59.84,58.74714285714286,0.9233763098038168
2017-12-29,60.46,59.17142857142857,0.9317622831839606
2018-01-02,60.37,59.49714285714286,0.8882138309591574
2018-01-03,61.61,59.964285714285715,1.027226965221763
2018-01-04,61.98,60.497142857142855,0.9546328139695609
2018-01-05,61.49,60.77428571428572,0.914601136058203
2018-01-08,61.73,61.06857142857143,0.8273134950134846
2018-01-09,62.92,61.50857142857142,0.8822212226523648
2018-01-10,63.6,61.957142857142856,1.043706764138233
2018-01-11,63.81,62.44857142857143,0.9797521552405656
2018-01-12,64.22,62.82142857142857,1.097047986962581
2018-01-16,63.82,63.08428571428572,1.0821715381951633
2018-01-17,63.92,63.43142857142857,0.8504592596741559
2018-01-18,63.96,63.75,0.41105555178263653
2018-01-19,63.38,63.81571428571429,0.268195024959922
2018-01-22,63.66,63.824285714285715,0.2610145042200839
2018-01-23,64.45,63.91571428571428,0.3515611441555392
2018-01-24,65.69,64.12571428571428,0.7624927790346709
2018-01-25,65.62,64.38285714285713,0.9278059115508325
2018-01-26,66.27,64.71857142857144,1.1345399738951112
2018-01-29,65.71,64.96857142857142,1.1323342935573384
2018-01-30,64.64,65.14857142857143,0.917486213719887
2018-01-31,64.82,65.31428571428572,0.6770735347166672
2018-02-01,65.92,65.52428571428571,0.586198406184958
2018-02-02,65.5,65.49714285714286,0.5816274376056219
2018-02-05,64.18,65.29142857142857,0.7586485477694881
2018-02-06,63.48,64.89285714285714,0.8817542039454511
2018-02-07,61.91,64.35,1.3436145280491782
2018-02-08,61.3,63.87285714285714,1.7538786948290148
2018-02-09,59.2,63.07,2.4111891948409405
2018-02-12,59.41,62.14,2.3840371921002794
2018-02-13,59.33,61.25857142857143,2.052229913784361
2018-02-14,60.7,60.76142857142857,1.5977633175884298
2018-02-15,61.48,60.47571428571428,1.145379953586889
2018-02-16,61.89,60.472857142857144,1.1412232367832087
2018-02-20,61.91,60.559999999999995,1.2343959386342904
2018-02-21,61.73,60.92142857142857,1.1363161028947513
2018-02-22,62.72,61.394285714285715,1.0903035837534918
2018-02-23,63.52,61.99285714285714,0.9020294578566552
2018-02-26,63.81,62.43714285714286,0.9247290465363395
2018-02-27,62.94,62.645714285714284,0.832963727549313
2018-02-28,61.43,62.58,0.9164787686125545
2018-03-01,60.98,62.44714285714286,1.0822155405346385
2018-03-02,61.19,62.370000000000005,1.1584184620928262
2018-03-05,62.49,62.33714285714285,1.1500683209450238
2018-03-06,62.54,62.19714285714286,1.0360777687226252
2018-03-07,61.09,61.808571428571426,0.8173418006143973
2018-03-08,60.13,61.40714285714286,0.8580737008988747
2018-03-09,62.02,61.49142857142857,0.88910870297064
2018-03-12,61.35,61.54428571428572,0.864288862637432
2018-03-13,60.69,61.472857142857144,0.9174732382151441
2018-03-14,60.89,61.244285714285716,0.815472401788673
2018-03-15,61.16,61.04714285714285,0.5839724389964659
2018-03-16,62.29,61.21857142857143,0.7509200705565751
2018-03-19,62.01,61.48714285714285,0.621790808477945
2018-03-20,63.37,61.68,0.9416828907071575
2018-03-21,65.1,62.215714285714284,1.5758157373498236
2018-03-22,64.25,62.724285714285706,1.5758157373498878
2018-03-23,65.8,63.42571428571428,1.710290980529292
2018-03-26,65.49,64.04428571428572,1.5275236729469757
2018-03-27,65.21,64.46142857142857,1.357895781113543
2018-03-28,64.3,64.78857142857143,0.849576925514157
2018-03-29,64.87,65.00285714285714,0.5778614102957793
2018-04-02,63.05,64.71,0.9316115070055271
2018-04-03,63.41,64.59,1.0476163419807196
2018-04-04,63.35,64.24,0.9832768345274193
2018-04-05,63.53,63.959999999999994,0.8360422636754038
2018-04-06,62.03,63.50571428571429,0.90476253131963
2018-04-09,63.4,63.37714285714286,0.8342804141944309
2018-04-10,65.48,63.464285714285715,1.0260256192772301
2018-04-11,66.81,64.00142857142858,1.5978571960699306
2018-04-12,67.07,64.52428571428571,1.935267915495661
2018-04-13,67.35,65.09571428571428,2.113116633020315
2018-04-16,66.23,65.48142857142857,2.0242400102342013
2018-04-17,66.5,66.11999999999999,1.3451146171679536
2018-04-18,68.44,66.84,0.9319513578074355
2018-04-19,68.3,67.24285714285715,0.8521681032380853
2018-04-20,68.26,67.45,0.9040648944181615
2018-04-23,67.61,67.52714285714286,0.8891515484868077
2018-04-24,67.66,67.57142857142857,0.886574467092478
2018-04-25,68.0,67.82428571428571,0.6649274933514814
2018-04-26,68.18,68.06428571428572,0.32206920283499096
2018-04-27,68.11,68.01714285714286,0.27920806371472007
2018-04-30,68.56,68.05428571428571,0.3348560458088898
2018-05-01,67.28,67.91428571428573,0.42676524157283063
2018-05-02,67.91,67.95714285714286,0.40565643449020056
2018-05-03,68.45,68.07000000000001,0.41888741524765677
2018-05-04,69.71,68.31428571428572,0.7438381800375065
2018-05-07,70.74,68.67999999999999,1.1725755128432964
2018-05-08,68.83,68.78285714285714,1.1455088285023802
2018-05-09,71.16,69.1542857142857,1.4438704598226437
2018-05-10,71.36,69.73714285714286,1.3833981625610259
2018-05-11,70.69,70.13428571428571,1.150954055591323
2018-05-14,71.01,70.5,0.9075608335828922
2018-05-15,71.34,70.73285714285714,0.8797672852394355
2018-05-16,71.43,70.83142857142857,0.9185029227143189
2018-05-17,71.47,71.20857142857143,0.27937003961570295
2018-05-18,71.23,71.21857142857144,0.27859340570363417
2018-05-21,72.26,71.34714285714286,0.48554829094999047
2018-05-22,72.09,71.54714285714286,0.45726412080750894
2018-05-23,71.85,71.66714285714286,0.399362587353783
2018-05-24,70.77,71.58571428571429,0.5177469504973536
2018-05-25,67.92,71.08428571428571,1.4866949602218746
2018-05-29,66.8,70.41714285714286,2.1737963281267736
2018-05-30,68.24,69.99,2.2786838306326747
2018-05-31,66.98,69.23571428571428,2.2759236743386313
2018-06-01,65.81,68.33857142857143,2.1997532329105454
2018-06-04,64.76,67.32571428571428,1.929091816913063
2018-06-05,65.51,66.57428571428571,1.2786432541619952
2018-06-06,64.75,66.12142857142858,1.2839448141176102
2018-06-07,65.96,66.00142857142858,1.2487250640951577
2018-06-08,65.77,65.64857142857143,0.7666687370474816
2018-06-11,66.1,65.52285714285713,0.5548487567275595
2018-06-12,66.38,65.60428571428572,0.6393970373825475
2018-06-13,66.63,65.87142857142857,0.6181539336600584
2018-06-14,66.91,66.07142857142857,0.7024582685347357
2018-06-15,65.01,66.10857142857142,0.6233626170746565
2018-06-18,65.91,66.10142857142857,0.6256311099198114
2018-06-19,65.09,66.00428571428571,0.7297912291062474
2018-06-20,65.92,65.97857142857143,0.7290274016565573
2018-06-21,65.68,65.87857142857142,0.7126108936154458
2018-06-22,69.02,66.22,1.3865304420213493
2018-06-25,69.91,66.64857142857143,1.9743811568099938
2018-06-26,75.23,68.10857142857142,3.6383120104933693
2018-06-27,77.41,69.75142857142858,4.868502263088821
2018-06-28,73.45,70.94571428571429,4.549362069354608
2018-06-29,74.13,72.11857142857143,4.070890273519457
2018-07-02,73.89,73.29142857142857,2.929348212891253
2018-07-03,74.19,74.03,2.24463805545316
2018-07-05,73.05,74.47857142857143,1.461043332360936
2018-07-06,73.78,74.27142857142857,1.4393798267666957
2018-07-09,73.93,73.77428571428572,0.4014082353627047
2018-07-10,74.11,73.86857142857141,0.38989009438911487
2018-07-11,70.47,73.34571428571428,1.321638593344201
2018-07-12,70.28,72.83,1.7185749910865318
2018-07-13,71.03,72.37857142857142,1.7168229239991128
2018-07-16,68.22,71.68857142857142,2.280171255052705
2018-07-17,68.03,70.86714285714287,2.4318354815881777
2018-07-18,68.78,70.13142857142857,2.1082807258604714
2018-07-19,69.42,69.46142857142857,1.1693221479563274
2018-07-20,70.31,69.43857142857142,1.1476850405785815
2018-07-23,67.9,69.09857142857143,1.2078276445894116
2018-07-24,70.77,69.06142857142856,1.140663967038959
2018-07-25,71.13,69.47714285714287,1.3017899764724152
2018-07-26,71.59,69.9857142857143,1.337121998204473
2018-07-27,68.66,69.96857142857142,1.355795320971434
2018-07-30,71.19,70.22142857142856,1.40074300011391
2018-07-31,69.88,70.16,1.4056315306605591
2018-08-01,68.8,70.28857142857143,1.1889130690262757
2018-08-02,68.95,70.02857142857144,1.262793577365174
2018-08-03,68.49,69.65142857142857,1.2732036832473508
2018-08-06,69.01,69.28285714285714,0.9512047498711097
2018-08-07,69.17,69.35571428571428,0.9143642079329277
2018-08-08,66.92,68.74571428571429,0.9110224501891437
2018-08-09,66.81,68.30714285714286,1.0077816278889005
2018-08-10,67.61,68.13714285714286,1.0111497463335233
2018-08-13,67.25,67.89428571428572,0.9872496668768064
2018-08-14,67.04,67.68714285714286,0.993524270552495
2018-08-15,65.07,67.12428571428572,1.2113609033155397
2018-08-16,65.44,66.59142857142857,0.9546976584414752
2018-08-17,65.93,66.45,0.971099033734098
2018-08-20,66.5,66.4057142857143,0.9589379045318075
2018-08-21,67.32,66.36428571428571,0.902863170556777
2018-08-22,67.85,66.45,1.0216326802326225
2018-08-23,69.13,66.74857142857142,1.441797819518052
2018-08-24,69.71,67.41142857142856,1.599452287201431
2018-08-27,69.97,68.05857142857143,1.5852279391412765
2018-08-28,68.54,68.43142857142857,1.2783769471616082
2018-08-29,69.68,68.88571428571429,1.0156583602514557
2018-08-30,70.25,69.30428571428571,0.8536950498170542
2018-08-31,69.84,69.58857142857143,0.5743236187330427
2018-09-04,69.82,69.68714285714286,0.5407314270296355
2018-09-05,68.69,69.54142857142857,0.6582154807011156
2018-09-06,67.81,69.23285714285714,0.8894888847969672
2018-09-07,67.73,69.11714285714287,1.0353697292162405
2018-09-10,67.55,68.81285714285714,1.1491259618410865
2018-09-11,69.29,68.67571428571428,0.9961234385097968
2018-09-12,70.37,68.75142857142858,1.112690861096494
2018-09-13,68.6,68.57714285714286,1.0080462007486504
2018-09-14,68.98,68.61857142857143,1.0193532029515644
2018-09-17,68.86,68.76857142857143,0.9558142875933953
2018-09-18,69.87,69.07428571428571,0.9093744579372905
2018-09-19,71.08,69.57857142857144,0.9019502678647581
2018-09-20,70.77,69.79,0.9920013440786101
2018-09-21,70.8,69.85142857142857,1.0457601473097968
2018-09-24,73.23,70.51285714285714,1.4915284586103303
2018-09-25,73.4,71.14428571428572,1.6604703865921575
2018-09-26,72.22,71.62428571428572,1.3459427568621487
2018-09-27,72.18,71.95428571428572,1.1059212922942583
2018-09-28,73.16,72.25142857142858,1.111281970984691
2018-10-01,75.37,72.90857142857143,1.4093548000305607
2018-10-02,75.16,73.53142857142858,1.2796409466601946
2018-10-03,76.4,73.98428571428572,1.6596772491714111
2018-10-04,74.44,74.13285714285713,1.6451414760375898
2018-10-05,74.26,74.42428571428572,1.4143061566544466
2018-10-08,74.27,74.72285714285715,1.0299306495323
2018-10-09,74.95,74.97857142857143,0.7654939270627353
2018-10-10,73.18,74.66571428571429,0.9926707601637603
2018-10-11,70.97,74.06714285714285,1.6742333000050496
2018-10-12,71.41,73.35428571428572,1.5747683125093859
2018-10-15,71.84,72.98285714285714,1.582610862734566
2018-10-16,71.93,72.65,1.5127127949443024
2018-10-17,69.63,71.98714285714286,1.6906676618558591
2018-10-18,68.63,71.08428571428571,1.5240281837123777
2018-10-19,69.16,70.50999999999999,1.3501975164104305
2018-10-22,69.25,70.26428571428572,1.4078098491685775
2018-10-23,66.49,69.56142857142858,1.8870649924423792
2018-10-24,66.56,68.80714285714285,1.8797226239113487
2018-10-25,67.25,68.13857142857142,1.338138365678635
2018-10-26,67.58,67.84571428571428,1.1712508575942586
2018-10-29,67.0,67.61285714285714,1.151198133617227
2018-10-30,66.18,67.18714285714286,1.028132842994356
2018-10-31,65.31,66.62428571428572,0.7519941742338099
2018-11-01,63.67,66.22142857142858,1.3519544934527878
2018-11-02,63.12,65.73,1.7691994423051223
2018-11-05,63.12,65.14,1.8639295408676932
2018-11-06,62.16,64.36571428571428,1.8062655502668814
2018-11-07,61.69,63.607142857142854,1.6210872306909485
2018-11-08,60.71,62.82571428571429,1.4869976142371866
2018-11-09,60.19,62.09428571428572,1.3100490721394813
2018-11-12,59.85,61.548571428571435,1.3395699380892314
2018-11-13,55.63,60.478571428571435,2.4259872806135463
2018-11-14,56.16,59.48428571428571,2.5840914402189203
2018-11-15,56.45,58.66857142857143,2.4984957379120805
2018-11-16,56.49,57.925714285714285,2.206398703335122
2018-11-19,57.16,57.41857142857143,1.836794568180614
2018-11-20,53.39,56.44714285714286,1.9229206456604104
2018-11-21,54.41,55.669999999999995,1.3246760610238557
2018-11-26,51.46,55.074285714285715,2.0723163942984364
2018-11-27,51.31,54.38142857142857,2.4289121609677284
2018-11-28,50.06,53.46857142857143,2.7067904029859164
2018-11-29,51.46,52.75,2.423881185203221
2018-11-30,50.78,51.83857142857143,1.5203664971631687
2018-12-03,52.98,51.779999999999994,1.4572233871242601
2018-12-04,53.21,51.60857142857143,1.1301390559113245
2018-12-05,52.64,51.777142857142856,1.1906680797654654
2018-12-06,51.54,51.81,1.178742267552686
2018-12-07,52.76,52.19571428571429,0.9251280477555205
2018-12-10,51.07,52.14,0.9865258908489688
2018-12-11,51.65,52.26428571428571,0.8288316504236325
2018-12-12,51.04,51.987142857142864,0.8728060931114348
2018-12-13,52.69,51.91285714285714,0.7671096028854604
2018-12-14,51.26,51.715714285714284,0.7252782717071117
2018-12-17,49.8,51.46714285714285,1.0297849983559424
2018-12-18,46.12,50.51857142857143,2.120718656264694
2018-12-19,47.96,50.074285714285715,2.3038074076211186
2018-12-20,45.64,49.215714285714284,2.7038605557134416
2018-12-21,45.38,48.40714285714285,2.9061240756096383
2018-12-26,46.04,47.457142857142856,2.295515296435858
2018-12-27,44.48,46.48857142857143,1.800513154361235
2018-12-28,45.15,45.824285714285715,1.094560142131038
2019-01-02,46.31,45.85142857142857,1.1054173958408842
2019-01-03,46.92,45.70285714285715,0.8034242193078631
2019-01-04,47.76,46.00571428571429,1.114956757640692
2019-01-07,48.27,46.41857142857143,1.354073220211707
2019-01-08,49.58,46.924285714285716,1.7824221080902687
2019-01-09,52.19,48.02571428571428,2.321040407103964
2019-01-10,52.42,49.06428571428571,2.443118615910757
2019-01-11,51.44,49.79714285714285,2.2402136377672814
2019-01-14,50.31,50.28142857142857,1.8463786950936767
2019-01-15,51.8,50.85857142857143,1.5314201314562124
2019-01-16,52.08,51.402857142857144,1.0637154112695828
2019-01-17,51.83,51.72428571428572,0.6982563316891309
2019-01-18,53.6,51.92571428571428,0.9952195259057353
2019-01-22,52.59,51.95,1.011236866407738
2019-01-23,52.44,52.09285714285715,0.9977259858494905
2019-01-24,52.94,52.46857142857143,0.6485478283801631
2019-01-25,53.53,52.715714285714284,0.6801680464495543
2019-01-28,51.79,52.674285714285716,0.7321852484703947
2019-01-29,53.07,52.85142857142857,0.6377938164982737
2019-01-30,54.18,52.934285714285714,0.774313828330875
2019-01-31,53.84,53.11285714285714,0.8242110224368435
2019-02-01,55.29,53.519999999999996,1.0956580975146342
2019-02-04,54.57,53.75285714285714,1.1246734975864239
2019-02-05,53.69,53.77571428571429,1.1210093241114083
2019-02-06,53.94,54.082857142857144,0.7027971325402036
2019-02-07,52.68,54.027142857142856,0.8045643600773738
2019-02-08,52.75,53.82285714285714,0.9309084144926989
2019-02-11,52.43,53.621428571428574,1.0689001913323735
2019-02-12,53.14,53.31428571428571,0.7791631652471124
2019-02-13,53.84,53.21,0.6145459028008343
2019-02-14,54.4,53.31142857142857,0.7505204543272712
2019-02-15,55.58,53.54571428571428,1.1362783864050723
2019-02-19,56.12,54.037142857142854,1.410303918607638
2019-02-20,56.9,54.629999999999995,1.6336360263687242
2019-02-21,56.95,55.27571428571429,1.507557153613731
2019-02-22,57.01,55.82857142857143,1.2873283519358416
2019-02-25,55.32,56.040000000000006,0.9945350672468233
2019-02-26,55.4,56.18285714285714,0.7650427936881513
2019-02-27,56.92,56.37428571428571,0.7566561778062332
2019-02-28,57.21,56.529999999999994,0.8061430807558244
2019-03-01,55.76,56.367142857142866,0.8336209027535078
2019-03-04,56.6,56.317142857142855,0.8027601195298343
2019-03-05,56.55,56.25142857142857,0.7539325471804529
2019-03-06,56.22,56.379999999999995,0.636160357129999
2019-03-07,56.6,56.55142857142857,0.4673481418579917
2019-03-08,55.77,56.387142857142855,0.5158072729624033
2019-03-11,56.79,56.32714285714286,0.4195916381922879
2019-03-12,56.89,56.488571428571426,0.3805885166836065
2019-03-13,58.27,56.72714285714286,0.7780041620546649
2019-03-14,58.59,57.01857142857143,1.0389165601874109
2019-03-15,58.51,57.34571428571429,1.1040509822525073
2019-03-18,59.09,57.70142857142857,1.2188988004336494
2019-03-19,59.12,58.18000000000001,0.965487786899021
2019-03-20,60.12,58.65571428571429,0.9866079454778041
2019-03-21,59.98,59.097142857142856,0.7202248326104033
2019-03-22,58.87,59.18285714285714,0.6361790703164629
2019-03-25,58.71,59.199999999999996,0.6189237971281955
2019-03-26,59.87,59.394285714285715,0.578355632876719
2019-03-27,59.39,59.43714285714285,0.5629598649182896
2019-03-28,59.29,59.46142857142856,0.5505278851847297
2019-03-29,60.19,59.471428571428575,0.5649315171174661
2019-04-01,61.59,59.70142857142857,0.9810101693489574
2019-04-02,62.53,60.22428571428571,1.3644395325849217
2019-04-03,62.46,60.760000000000005,1.4063309235923793
2019-04-04,62.12,61.08142857142857,1.4260017364528712
2019-04-05,63.1,61.61142857142857,1.3813209688676555
2019-04-08,64.37,62.33714285714286,1.289854181491054
2019-04-09,64.05,62.88857142857143,1.014682685556088
2019-04-10,64.62,63.32142857142857,1.0146826855561728
2019-04-11,63.61,63.47571428571429,0.9546178492369776
2019-04-12,63.86,63.67571428571428,0.8469328415417076
2019-04-15,63.43,63.862857142857145,0.532093797662175
2019-04-16,64.01,63.99285714285715,0.4123394348235532
2019-04-17,63.74,63.902857142857144,0.38408828348515384
2019-04-18,64.02,63.89857142857142,0.38233617716312585
2019-04-22,65.66,64.04714285714286,0.7421525962881838
2019-04-23,66.24,64.42285714285715,1.0750304536046582
2019-04-24,65.96,64.72285714285714,1.1796993160028346
2019-04-25,65.23,64.98,1.0386690201024178
2019-04-26,63.29,64.87714285714286,1.1771535482585185
2019-04-29,63.39,64.82714285714286,1.2392970357603008
2019-04-30,63.83,64.8,1.2617976594210536
2019-05-01,63.55,64.49857142857142,1.2740804340260303
2019-05-02,61.75,63.857142857142854,1.3773006726361205
2019-05-03,61.98,63.28857142857142,1.1705045716986828
2019-05-06,62.3,62.87,0.8368791230835413
2019-05-07,61.41,62.60142857142858,0.9706085474418938
2019-05-08,62.13,62.42142857142857,0.9152491203859162
2019-05-09,61.58,62.1,0.710258169015173
2019-05-10,61.65,61.82857142857142,0.31913573763155545
2019-05-13,60.97,61.71714285714285,0.45737345372950156
2019-05-14,61.82,61.69428571428572,0.44590197511845525
2019-05-15,62.03,61.65571428571428,0.39335552800809365
2019-05-16,62.93,61.872857142857136,0.6002420146711747
2019-05-17,62.77,61.964285714285715,0.6882309966486359
2019-05-20,63.12,62.18428571428571,0.7843438264443663
2019-05-21,63.02,62.38,0.7995832247612255
2019-05-22,61.42,62.44428571428572,0.6758416269719956
2019-05-23,57.65,61.848571428571425,1.9515756759689438
2019-05-24,58.4,61.33,2.339130892728996
2019-05-28,58.91,60.75571428571429,2.3740602150635297
2019-05-29,58.84,60.194285714285705,2.2811974716686105
2019-05-30,56.47,59.244285714285716,2.2441097503049057
2019-05-31,53.49,57.88285714285714,2.4528059733377927
2019-06-03,53.25,56.715714285714284,2.4328985260547094
2019-06-04,53.5,56.12285714285714,2.6621276846739557
2019-06-05,51.57,55.14714285714286,2.926902311803463
2019-06-06,52.59,54.24428571428571,2.5190729587313507
2019-06-07,53.95,53.54571428571429,1.5068936828493338
2019-06-10,53.33,53.097142857142856,0.7864416546527441
2019-06-11,53.3,53.07,0.7738001464519922
2019-06-12,51.13,52.76714285714286,1.055283757814049
2019-06-13,52.38,52.607142857142854,1.009566149148274
2019-06-14,52.47,52.73571428571428,0.9076316643206958
2019-06-17,51.94,52.642857142857146,0.9569345899830819
2019-06-18,53.86,52.629999999999995,0.9368386556120212
2019-06-19,53.74,52.68857142857143,0.9986729289561806
2019-06-20,56.88,53.199999999999996,1.8862396454275134
2019-06-21,57.35,54.08857142857143,2.1892953856657082
2019-06-24,57.73,54.85285714285714,2.4155724944976606
2019-06-25,57.63,55.589999999999996,2.3537487829666093
2019-06-26,59.17,56.62285714285714,2.052118533655972
2019-06-27,59.18,57.38285714285714,1.8316451101422346
2019-06-28,58.2,58.019999999999996,0.8836666037884777
2019-07-01,58.91,58.31,0.7734123522747568
2019-07-02,56.0,58.11714285714286,1.136012240034518
2019-07-03,57.06,58.02142857142858,1.200464195925344
2019-07-08,57.35,57.98142857142857,1.220183436632378
2019-07-09,57.57,57.752857142857145,1.1048335362584891
2019-07-10,60.28,57.910000000000004,1.384485463984492
2019-07-11,59.93,58.15714285714286,1.5847998221147437
2019-07-12,59.99,58.31142857142857,1.7173373631969122
2019-07-15,59.3,58.78285714285715,1.4008534813374132
2019-07-16,57.44,58.83714285714286,1.3284541678865596
2019-07-17,56.5,58.715714285714284,1.5130637477471185
2019-07-18,55.08,58.36,2.031263974307095
2019-07-19,55.42,57.66571428571429,2.09519972908221
2019-07-22,55.87,57.08571428571429,1.9184182472580407
2019-07-23,56.58,56.598571428571425,1.4283840353227149
2019-07-24,55.9,56.11285714285714,0.7937823859056977
2019-07-25,55.88,55.88999999999999,0.536314584285116
2019-07-26,56.04,55.824285714285715,0.4736333723589701
2019-07-29,56.85,56.07714285714285,0.48244910906829686
2019-07-30,58.04,56.451428571428565,0.7996755294272387
2019-07-31,58.53,56.83142857142857,1.0652453327903069
2019-08-01,53.64,56.41142857142857,1.6173891365504431
2019-08-02,55.67,56.37857142857143,1.6317825485333644
2019-08-05,54.63,56.2,1.758882220801142
2019-08-06,53.6,55.85142857142857,2.0184930729873343
2019-08-07,51.14,55.03571428571429,2.6137001686138084
2019-08-08,52.6,54.25857142857143,2.368821286145769
2019-08-09,54.41,53.67,1.4731372418468474
2019-08-12,54.98,53.86142857142857,1.5534631051397674
2019-08-13,57.05,54.058571428571426,1.8754326484922228
2019-08-14,55.16,54.13428571428572,1.9126757622272341
2019-08-15,54.51,54.26428571428572,1.9012001222240946
2019-08-16,54.83,54.79142857142857,1.3102853197036222
2019-08-19,56.24,55.31142857142857,0.9750457864621971
2019-08-20,56.18,55.56428571428571,0.9308214498023022
2019-08-21,55.65,55.660000000000004,0.8944644580139496
2019-08-22,55.33,55.41428571428571,0.6525043331238047
2019-08-23,54.08,55.26,0.8270026198971295
2019-08-26,53.54,55.12142857142857,1.0299745720312474
2019-08-27,54.99,55.144285714285715,1.0241884127177212
2019-08-28,55.76,55.075714285714284,0.952135444537813
2019-08-29,56.67,55.145714285714284,1.0588808107676289
2019-08-30,55.07,55.06285714285714,1.035273140854039
2019-09-03,53.91,54.86000000000001,1.110585431195296
2019-09-04,56.22,55.16571428571428,1.1537887897756325
2019-09-05,56.33,55.56428571428571,0.9650536624520182
2019-09-06,56.45,55.77285714285715,0.9779351424510211
2019-09-09,57.88,56.07571428571429,1.260685754425835
2019-09-10,57.37,56.175714285714285,1.3408934476978165
2019-09-11,55.66,56.26,1.2768189639296545
2019-09-12,55.13,56.43428571428571,0.9419281137180032
2019-09-13,54.76,56.22571428571428,1.138432506305178
2019-09-16,63.1,57.19285714285714,2.8423447731596245
2019-09-17,59.26,57.59428571428571,2.917383857399079
2019-09-18,58.19,57.638571428571424,2.9247873345535953
2019-09-19,58.19,57.755714285714284,2.928656444756329
2019-09-20,57.92,58.07857142857143,2.779912639940074
2019-09-23,58.69,58.58714285714286,2.4575307002846603
2019-09-24,57.22,58.93857142857143,1.9405448424859606
2019-09-25,56.38,57.978571428571435,0.946210486994598
2019-09-26,56.24,57.54714285714285,0.9530252582388761
2019-09-27,55.95,57.22714285714286,1.0700734287146725
2019-09-30,54.09,56.64142857142857,1.4935129568787822
2019-10-01,53.6,56.02428571428572,1.747997493727867
2019-10-02,52.67,55.16428571428571,1.6980857569859824
2019-10-03,52.41,54.47714285714286,1.7007813330467751
2019-10-04,52.84,53.97142857142858,1.5612540746775836
2019-10-07,52.76,53.47428571428572,1.2393661974620334
2019-10-08,52.64,53.00142857142857,0.6079865286586628
2019-10-09,52.63,52.792857142857144,0.37998746844232534
2019-10-10,53.57,52.78857142857142,0.36938816850347084
2019-10-11,54.76,53.08714285714286,0.8233208018992076
2019-10-14,53.57,53.25285714285714,0.7799084195211639
2019-10-15,52.81,53.248571428571424,0.782632918868828
2019-10-16,53.42,53.34285714285714,0.7531647514588188
2019-10-17,53.89,53.521428571428565,0.7054178093138952
2019-10-18,53.75,53.68142857142857,0.5865273102740044
2019-10-21,53.28,53.64,0.6056401571750017
2019-10-22,54.21,53.56142857142857,0.45241679054152273
2019-10-23,55.9,53.89428571428572,0.9934260103693027
2019-10-24,56.11,54.36571428571428,1.161849920634503
2019-10-25,56.52,54.80857142857143,1.3211791270291744
2019-10-28,55.6,55.05285714285714,1.2804909772585258
2019-10-29,55.34,55.28000000000001,1.1446833623248884
2019-10-30,54.85,55.50428571428571,0.7847049794320003
2019-10-31,54.02,55.47714285714286,0.838385636908183
2019-11-01,56.04,55.49714285714286,0.8517181514487512
2019-11-04,56.33,55.52857142857143,0.8816353851589831
2019-11-05,57.04,55.60285714285714,0.9938597199004681
2019-11-06,56.15,55.681428571428576,1.015109658623704
2019-11-07,56.91,55.90571428571428,1.0972215993493792
2019-11-08,57.02,56.21571428571429,1.0549700966120124
2019-11-12,56.67,56.59428571428571,0.4202720207345813
2019-11-13,56.88,56.714285714285715,0.3496120298450253
2019-11-14,56.57,56.74857142857143,0.3157756888965353
2019-11-15,57.54,56.82,0.42895221177167686
2019-11-18,56.82,56.91571428571428,0.3138395100669686
2019-11-19,54.93,56.63285714285714,0.8138327896488171
2019-11-20,56.71,56.58857142857143,0.7975259362750367
2019-11-21,58.36,56.83,1.0439987228522591
2019-11-22,57.68,56.944285714285705,1.093021151707085
2019-11-25,57.79,57.11857142857143,1.1203188321626008
2019-11-26,58.25,57.220000000000006,1.1945152433730513
2019-11-27,58.12,57.40571428571429,1.2226863476566114
2019-11-29,58.12,57.861428571428576,0.5622996997731969
2019-12-02,55.97,57.755714285714284,0.8236677554770618
2019-12-03,56.15,57.440000000000005,0.9648834126380089
2019-12-04,58.46,57.55142857142857,1.0393816843192327
2019-12-05,58.42,57.64142857142857,1.0895477436525258
2019-12-06,59.2,57.777142857142856,1.2283147572349706
2019-12-09,58.99,57.901428571428575,1.3100817858814704
2019-12-10,59.22,58.058571428571426,1.40332258789575
2019-12-11,58.74,58.45428571428572,1.066299788089393
2019-12-12,59.18,58.887142857142855,0.3481720975439777
2019-12-13,60.11,59.12285714285714,0.5246177746781324
2019-12-16,60.21,59.378571428571426,0.5599829929251848
2019-12-17,60.88,59.61857142857143,0.7853540299543346
2019-12-18,60.93,59.895714285714284,0.8648479084478033
2019-12-19,61.3,60.19285714285714,0.94737733216946
2019-12-20,60.43,60.434285714285714,0.6979220859666334
2019-12-23,60.51,60.62428571428571,0.4286357094473118
2019-12-24,61.17,60.77571428571429,0.403148324334157
2019-12-26,61.72,60.99142857142857,0.45112557641881285
2019-12-27,61.76,61.11714285714286,0.5305253460882843
2019-12-30,61.66,61.221428571428575,0.5586122259963476
2019-12-31,61.14,61.19857142857143,0.5581346483593864
2020-01-02,61.17,61.30428571428571,0.4473945738907658
2020-01-03,63.0,61.660000000000004,0.6531717487142361
2020-01-06,63.27,61.959999999999994,0.8447682127770243
2020-01-07,62.7,62.1,0.8788818653940486
2020-01-08,59.65,61.798571428571435,1.283581299476612
2020-01-09,59.56,61.49857142857143,1.5409675377391936
2020-01-10,59.02,61.19571428571429,1.8083220319991502
2020-01-13,58.17,60.76714285714286,2.140433867897347
2020-01-14,58.34,60.10142857142857,2.0531230566381
2020-01-15,57.86,59.32857142857143,1.6378281205198078
2020-01-16,58.52,58.73142857142857,0.6935519343918153
2020-01-17,58.55,58.574285714285715,0.5630825026105944
2020-01-21,58.25,58.387142857142855,0.3630295803026721
2020-01-22,56.76,58.06428571428571,0.6202380495256749
2020-01-23,55.51,57.68428571428571,1.1409478098256667
2020-01-24,54.09,57.07714285714286,1.7184849362663621
2020-01-27,53.09,56.395714285714284,2.2268502205459764
2020-01-28,53.33,55.65428571428572,2.2653613188066686
2020-01-29,53.29,54.902857142857144,2.0018051377462354
2020-01-30,52.19,54.037142857142854,1.5786778675546917
2020-01-31,51.58,53.297142857142866,1.27434577051921
2020-02-03,50.06,52.518571428571434,1.3590980902902117
2020-02-04,49.59,51.87571428571429,1.5436521320377325
2020-02-05,50.87,51.558571428571426,1.4793064655541386
2020-02-06,50.94,51.21714285714285,1.2621900845381366
2020-02-07,50.34,50.79571428571429,0.8933244491286747
2020-02-10,49.59,50.424285714285716,0.7452260762643064
2020-02-11,50.0,50.19857142857143,0.5507397622258805
2020-02-12,51.13,50.35142857142857,0.6461018642830199
2020-02-13,51.41,50.611428571428576,0.6547627705487927
2020-02-14,52.03,50.777142857142856,0.8490723228949933
2020-02-18,52.1,50.94285714285714,0.9879897820860015
2020-02-19,53.31,51.36714285714286,1.2803998631312246
2020-02-20,53.77,51.964285714285715,1.288149281493175
2020-02-21,53.36,52.44428571428572,1.035436415919156
2020-02-24,51.36,52.47714285714286,0.989405786068969
2020-02-25,49.78,52.24428571428571,1.3922267193521753
2020-02-26,48.67,51.76428571428572,1.947073506079829
2020-02-27,47.17,51.06,2.5906627208720003
2020-02-28,44.83,49.848571428571425,3.2595164701271107
2020-03-02,46.78,48.85,2.9099026329613418
2020-03-03,47.27,47.980000000000004,2.147215250810948
2020-03-04,46.78,47.325714285714284,1.5642981082294358
2020-03-05,45.9,46.77142857142858,1.1930832406119452
2020-03-06,41.14,45.69571428571429,2.181321137463056
2020-03-09,31.05,43.392857142857146,5.827382815310071
2020-03-10,34.47,41.91285714285714,6.65794691649291
2020-03-11,33.13,39.962857142857146,6.985718083549964
2020-03-12,31.56,37.71857142857143,6.7670462009427395
2020-03-13,31.72,35.567142857142855,5.71883354739722
2020-03-16,28.96,33.14714285714286,3.9183742984604293
2020-03-17,26.96,31.12142857142857,2.509723946112774
2020-03-18,20.48,29.611428571428576,4.744584381414051
2020-03-19,25.09,28.27142857142857,4.45972506092298
2020-03-20,19.48,26.321428571428573,4.939650556367725
2020-03-23,23.33,25.145714285714284,4.439045907782959
2020-03-24,21.03,23.618571428571425,3.550199189579362
2020-03-25,20.75,22.445714285714285,2.7595945181742323
2020-03-26,16.6,20.965714285714284,2.7127160875041
2020-03-27,15.48,20.25142857142857,3.4263363746654742
2020-03-30,14.1,18.681428571428572,3.3569004978335797
2020-03-31,20.51,18.82857142857143,3.4197242996605306
2020-04-01,20.28,18.392857142857142,2.906370670813478
2020-04-02,25.18,18.985714285714288,3.8151533701896843
2020-04-03,28.36,20.072857142857142,5.2253188556136845
2020-04-06,26.21,21.445714285714285,5.419630544425549
2020-04-07,23.54,22.59714285714286,4.756576900408448
2020-04-08,24.97,24.15,2.9523888632725614
2020-04-09,22.9,24.49142857142857,2.5754121260535294
2020-04-13,22.36,24.788571428571426,2.08107687324543
2020-04-14,20.15,24.069999999999997,2.699814808459245
2020-04-15,19.96,22.87,2.314519388550353
2020-04-16,19.82,21.957142857142856,2.0188999833652943
2020-04-17,18.31,21.21,2.28562172431085
2020-04-20,-36.98,12.360000000000001,21.813701351825625
2020-04-21,8.91,10.361428571428572,21.322430621742438
2020-04-22,13.64,9.115714285714287,20.751694595174634
2020-04-23,15.06,8.38857142857143,20.386575998738785
2020-04-24,15.99,7.821428571428572,20.063678151135502
2020-04-27,12.17,6.7285714285714295,19.50167123485451
2020-04-28,12.4,5.884285714285716,19.039156894097644
2020-04-29,15.04,13.315714285714288,2.409501035083401
2020-04-30,19.23,14.790000000000001,2.4217073866674763
2020-05-01,19.72,15.65857142857143,2.968992132978408
2020-05-04,20.47,16.431428571428572,3.452049770646597
2020-05-05,24.56,17.655714285714286,4.598669579860663
2020-05-06,23.88,19.32857142857143,4.39594672613557
2020-05-07,23.68,20.939999999999998,3.3837602357892025
2020-05-08,24.73,22.324285714285715,2.4096808719698046
2020-05-11,24.02,23.00857142857143,2.0356197137537904
2020-05-12,25.76,23.871428571428574,1.6536064482487882
2020-05-13,25.37,24.571428571428573,0.7802228008867077
2020-05-14,27.4,24.97714285714286,1.322935048607124
2020-05-15,29.44,25.771428571428572,2.032981624533409
2020-05-18,31.83,26.935714285714287,2.8178411189073644
2020-05-19,32.3,28.017142857142858,3.2497523715149916
2020-05-20,33.56,29.380000000000003,3.2941817395691073
2020-05-21,34.3,30.6,3.31141963513801
2020-05-22,33.49,31.76,2.495763076357852
2020-05-26,34.7,32.80285714285714,1.7978757306430568
2020-05-27,32.8,33.28285714285715,1.0386323424751585
2020-05-28,33.67,33.54571428571428,0.8193464294222134
2020-05-29,35.57,34.01285714285715,0.9170916763528182
2020-06-01,35.49,34.28857142857143,1.0401190407958945
2020-06-02,36.88,34.65714285714286,1.4291922460498896
2020-06-03,37.33,35.205714285714286,1.6294667547209127
2020-06-04,37.42,35.59428571428572,1.8037632618336614
2020-06-05,39.49,36.55,1.8482514258921867
2020-06-08,38.17,37.19285714285714,1.4102802828409038
2020-06-09,38.98,37.68,1.3436517405858819
2020-06-10,39.54,38.25857142857143,1.0918398626602304
2020-06-11,36.43,38.19428571428572,1.1949178094782
2020-06-12,36.24,38.03857142857142,1.3825993462896313
2020-06-15,37.07,37.98857142857143,1.4146545935411825
2020-06-16,38.26,37.81285714285714,1.2656186140263475
2020-06-17,37.91,37.77571428571429,1.2571774886923182
2020-06-18,38.79,37.74857142857143,1.228568660010677
2020-06-19,39.72,37.77428571428572,1.2733794556512694
2020-06-22,40.6,38.37,1.4956826757859858
2020-06-23,40.4,38.964285714285715,1.3250265046688965
2020-06-24,37.91,39.08428571428571,1.1515620860705298
2020-06-25,38.66,39.14142857142857,1.113125158743395
2020-06-26,38.53,39.230000000000004,1.019542380995798
2020-06-29,39.67,39.355714285714285,1.0104595842528905
2020-06-30,39.27,39.291428571428575,0.9976543919084498
2020-07-01,39.88,39.18857142857143,0.8690881921267755
2020-07-02,40.57,39.212857142857146,0.9099947671115404
2020-07-06,40.51,39.58428571428572,0.8152679956565969
2020-07-07,40.59,39.86000000000001,0.7759939862181732
2020-07-08,40.91,40.2,0.5968528573388419
2020-07-09,39.64,40.19571428571429,0.6013833259595
2020-07-10,40.56,40.38,0.4487018311903764
2020-07-13,40.06,40.40571428571429,0.41947813380696797
2020-07-14,40.3,40.36714285714286,0.4142348080144113
2020-07-15,41.2,40.465714285714284,0.5219788355309023
2020-07-16,40.74,40.487142857142864,0.5309335892282343
2020-07-17,40.55,40.43571428571429,0.4996617903564244
2020-07-20,40.83,40.605714285714285,0.3692269917122953
2020-07-21,41.76,40.777142857142856,0.5689966105677076
2020-07-22,41.88,41.037142857142854,0.6015733339925914
2020-07-23,40.99,41.13571428571429,0.5102567047500923
2020-07-24,41.23,41.14,0.5110120676792798
2020-07-27,41.46,41.24285714285714,0.48907103387036754
2020-07-28,40.89,41.291428571428575,0.42092867847358895
2020-07-29,41.13,41.33428571428572,0.379335258150125
2020-07-30,39.85,41.06142857142857,0.6277055724579621
2020-07-31,40.1,40.807142857142864,0.6007970895714705
2020-08-03,40.83,40.784285714285716,0.5957028661525002
2020-08-04,41.67,40.847142857142856,0.6692461999674677
2020-08-05,42.25,40.96,0.8357232396635791
2020-08-06,41.93,41.10857142857143,0.910319148629454
2020-08-07,41.16,41.112857142857145,0.9105074461553361
2020-08-10,41.94,41.41142857142857,0.7571311768961926
2020-08-11,41.53,41.61571428571428,0.4901651810793615
2020-08-12,42.6,41.868571428571435,0.4735479057374812
2020-08-13,42.26,41.95285714285715,0.48468939487528534
2020-08-14,42.05,41.924285714285716,0.4699240059938664
2020-08-17,42.89,42.06142857142857,0.5952430475823142
2020-08-18,42.89,42.308571428571426,0.5119058693045934
2020-08-19,42.91,42.44714285714286,0.5265837788722624
2020-08-20,42.62,42.60285714285714,0.33732843961255427
2020-08-21,42.32,42.56285714285714,0.35391685865199357
2020-08-24,42.44,42.58857142857143,0.3342368706400385
2020-08-25,43.17,42.74857142857143,0.29974592412345885
2020-08-26,43.21,42.794285714285714,0.34577724728924236
2020-08-27,42.88,42.792857142857144,0.3453362750105521
2020-08-28,42.96,42.800000000000004,0.34866411723561375
2020-08-31,42.61,42.79857142857143,0.3495439205049561
2020-09-01,42.76,42.86142857142857,0.28221909756191343
2020-09-02,42.76,42.90714285714286,0.22208964294821368
2020-09-03,41.39,42.652857142857144,0.5882095512412703
2020-09-04,39.69,42.15,1.2092697520876663
2020-09-08,36.87,41.291428571428575,2.2715444714323465
2020-09-09,38.05,40.589999999999996,2.4234342023900077
2020-09-10,37.25,39.824285714285715,2.5235283311418097
2020-09-11,37.33,39.04857142857143,2.294925042863242
2020-09-14,37.23,38.25857142857143,1.6715205509836308
2020-09-15,38.29,37.81571428571429,0.9648982181598771
2020-09-16,40.17,37.88428571428572,1.1242013037744298
2020-09-17,40.99,38.472857142857144,1.5151866143053823
2020-09-18,41.09,38.90714285714286,1.7853637751180207
2020-09-21,39.26,39.19428571428572,1.629231486951803
2020-09-22,39.55,39.511428571428574,1.4067270354837815
2020-09-23,39.92,39.895714285714284,0.9833252622650939
2020-09-24,40.11,40.15571428571429,0.6826384387620256
2020-09-25,40.06,40.14,0.6835202996109281
2020-09-28,40.47,40.06571428571429,0.5987447186200713
2020-09-29,39.03,39.771428571428565,0.5112542932446184
2020-09-30,40.05,39.88428571428572,0.4646094109486368
2020-10-01,38.51,39.73571428571428,0.6973248201103962
2020-10-02,36.9,39.30428571428571,1.2663577317416566
2020-10-05,39.12,39.16285714285714,1.2156440581726233
2020-10-06,40.52,39.228571428571435,1.2828019926554917
2020-10-07,39.82,39.135714285714286,1.1987334585894507
2020-10-08,41.04,39.42285714285714,1.3940195393790134
2020-10-09,40.44,39.478571428571435,1.4305759745737496
2020-10-12,39.22,39.58,1.374530222771902
2020-10-13,40.03,40.027142857142856,0.7019666251591343
2020-10-14,40.86,40.27571428571429,0.6317662316148264
2020-10-15,40.84,40.32142857142857,0.6631849558716819
2020-10-16,40.7,40.44714285714286,0.6351040409550343
2020-10-19,40.69,40.39714285714286,0.5930349704450277
2020-10-20,41.37,40.53000000000001,0.6989515958302304
2020-10-21,39.88,40.62428571428571,0.5124079475790948
2020-10-22,40.46,40.68571428571429,0.451436859456082
2020-10-23,39.73,40.52428571428572,0.5661818654303526
2020-10-26,38.39,40.174285714285716,0.9592854483461966
2020-10-27,39.34,39.980000000000004,0.9726938538478953
2020-10-28,37.27,39.49142857142857,1.344487864961087
2020-10-29,35.94,38.715714285714284,1.6185060718890443
2020-10-30,35.64,38.11000000000001,1.8820910356957505
2020-11-02,36.6,37.55857142857143,1.6269954780803086
2020-11-03,37.44,37.23142857142857,1.3186157965939205
2020-11-04,38.97,37.31428571428571,1.4180251189857889
2020-11-05,38.56,37.20285714285715,1.2534048865004475
2020-11-06,36.97,37.160000000000004,1.2558529637843936
2020-11-09,40.05,37.74714285714286,1.5228013033561996
2020-11-10,41.18,38.53857142857142,1.6769757359685797
2020-11-11,41.23,39.199999999999996,1.6978810323399902
2020-11-12,40.9,39.69428571428572,1.6009877903163225
2020-11-13,39.93,39.83142857142857,1.5694099588787152
2020-11-16,41.14,40.199999999999996,1.5233296863494463
2020-11-17,41.24,40.81,0.5725964256323941
2020-11-18,41.64,41.037142857142854,0.5349988873859405
2020-11-19,41.57,41.09285714285714,0.5714226189994654
2020-11-20,41.99,41.20142857142857,0.6661688617470641
2020-11-23,42.91,41.48857142857143,0.9049756639608861
2020-11-24,44.71,42.17142857142858,1.264798120529495
2020-11-25,45.58,42.80571428571428,1.6998319244588187
2020-11-30,45.2,43.371428571428574,1.7501183633386683
2020-12-01,44.54,43.785714285714285,1.6095429697307246
2020-12-02,45.23,44.30857142857143,1.3420559920120465
2020-12-03,45.65,44.83142857142857,0.9413364359757701
2020-12-04,46.23,45.30571428571428,0.5782403520537951
2020-12-07,45.72,45.449999999999996,0.5287091197575093
2020-12-08,45.64,45.45857142857143,0.5316461408014246
2020-12-09,45.48,45.49857142857143,0.519340240782211
2020-12-10,46.76,45.815714285714286,0.5142261870131543
2020-12-11,46.59,46.01,0.5129652359711098
2020-12-14,47.02,46.205714285714286,0.6056912619012396
2020-12-15,47.58,46.39857142857142,0.7988414229553182
2020-12-16,47.86,46.70428571428572,0.8990709490414562
2020-12-17,48.34,47.09000000000001,0.9444045743122107
2020-12-18,49.04,47.598571428571425,0.8898769310207452
2020-12-21,47.79,47.74571428571429,0.8096471894662226
2020-12-22,47.02,47.80714285714286,0.7185335595311277
2020-12-23,47.94,47.93857142857143,0.6291377318968506
2020-12-24,48.18,48.02428571428572,0.6128038604730052
2020-12-28,47.5,47.972857142857144,0.6432395687760339
2020-12-29,47.85,47.90285714285715,0.6229690812331657
2020-12-30,48.24,47.78857142857144,0.4198582527031535
2020-12-31,48.35,47.86857142857143,0.47047594946992816
2021-01-04,47.47,47.932857142857145,0.35069998028586175
2021-01-05,49.78,48.19571428571429,0.7816831656180525
2021-01-06,50.45,48.519999999999996,1.155537393011939
2021-01-07,50.63,48.96714285714286,1.2925261349412147
2021-01-08,52.14,49.58,1.6438572525158834
2021-01-11,52.15,50.13857142857143,1.7719521115698396
2021-01-12,53.08,50.814285714285724,1.875089839112938
2021-01-13,52.81,51.57714285714285,1.279371125269492
2021-01-14,53.47,52.104285714285716,1.1710943193205554
2021-01-15,52.25,52.361428571428576,0.9174680479616991
2021-01-19,52.87,52.68142857142857,0.515507147409936
2021-01-20,53.16,52.82714285714285,0.47988589911938556
2021-01-21,53.0,52.94857142857143,0.3763610221991556
2021-01-22,52.28,52.83428571428572,0.44500401280406093
2021-01-25,52.78,52.83,0.4454211490074807
2021-01-26,52.61,52.707142857142856,0.3472613945914373
2021-01-27,52.81,52.787142857142854,0.2829437096672713
2021-01-28,52.26,52.699999999999996,0.3411255877968976
2021-01-29,52.16,52.557142857142864,0.32540816857226135
2021-02-01,53.55,52.63571428571429,0.479890860590545
2021-02-02,54.77,52.99142857142857,0.9059696200006572
2021-02-03,55.67,53.40428571428572,1.3454597373185069
2021-02-04,56.19,53.91571428571429,1.6411363658794391
2021-02-05,56.8,54.48571428571428,1.870034377066932
2021-02-08,57.95,55.298571428571435,1.97503104254879
2021-02-09,58.34,56.18142857142857,1.7003963123435593
2021-02-10,58.69,56.91571428571429,1.4686939452268564
2021-02-11,58.22,57.40857142857143,1.1789179865588009
2021-02-12,59.5,57.95571428571429,1.1250904725456252
2021-02-16,60.07,58.51,1.0643307756447198
2021-02-17,61.09,59.12285714285714,1.1474568152404558
2021-02-18,60.4,59.472857142857144,1.1028707129616377
2021-02-19,59.12,59.58428571428572,1.00433820901127
2021-02-22,61.67,60.01,1.178558441480444
2021-02-23,61.66,60.501428571428576,1.0134006869772014
2021-02-24,63.21,61.03142857142857,1.3247066162107892
2021-02-25,63.43,61.51142857142857,1.5135546303430012
2021-02-26,61.55,61.57714285714286,1.5021508389114178
2021-03-01,60.54,61.59714285714285,1.484696537851741
2021-03-02,59.7,61.68000000000001,1.3317156853667442
2021-03-03,61.33,61.63142857142857,1.3383251793564321
2021-03-04,63.81,61.93857142857143,1.5722428626115073
2021-03-05,66.08,62.348571428571425,2.205670182136541
2021-03-08,65.03,62.57714285714285,2.409866623455016
2021-03-09,64.02,62.93,2.4152294576952196
2021-03-10,64.45,63.48857142857143,2.2141320991229234
2021-03-11,66.02,64.39142857142858,1.6208580913721833
2021-03-12,65.59,65.0,0.9340592415112245
2021-03-15,65.36,65.22142857142856,0.7751436118768772
2021-03-16,64.82,65.04142857142857,0.6834088227653237
2021-03-17,64.55,64.97285714285714,0.7083717076340105
2021-03-18,59.95,64.39142857142858,2.0398319258458475
2021-03-19,61.43,63.959999999999994,2.3248369118396788
2021-03-22,61.48,63.31142857142857,2.2873378162614544
2021-03-23,57.75,62.19142857142857,2.8386700440580928
2021-03-24,61.12,61.58571428571429,2.47952184330237
2021-03-25,58.47,60.67857142857142,2.249995767188408
2021-03-26,60.93,60.16142857142857,1.5043318402862325
2021-03-29,61.49,60.381428571428565,1.5790126511100804
2021-03-30,60.55,60.25571428571429,1.5153641712186785
2021-03-31,59.19,59.92857142857143,1.4529100519413582
2021-04-01,61.41,60.451428571428565,1.1690798172205212
2021-04-05,58.73,60.11,1.2845751567417139
2021-04-06,59.34,60.23428571428571,1.1325466457266118
2021-04-07,59.77,60.06857142857143,1.0981261095000006
2021-04-08,59.61,59.800000000000004,0.9055569188725361
2021-04-09,59.29,59.62,0.8554725789397783
2021-04-12,59.7,59.69285714285714,0.83420050118364
2021-04-13,60.2,59.52,0.4609410663535922
2021-04-14,63.15,60.151428571428575,1.3562623710153914
2021-04-15,63.42,60.73428571428572,1.764642146370396
2021-04-16,63.16,61.21857142857142,1.914692565147874
2021-04-19,63.33,61.75,1.9100610810438448
2021-04-20,62.61,62.22428571428571,1.5813165099837103
2021-04-21,61.34,62.45857142857143,1.2267223072206814
2021-04-22,61.45,62.637142857142855,0.8871248368610438
2021-04-23,62.18,62.49857142857143,0.8692415960860232
2021-04-26,62.02,62.29857142857143,0.7781908200217525
2021-04-27,63.03,62.28000000000001,0.7554248252816678
2021-04-28,63.81,62.348571428571425,0.8783968080350372
2021-04-29,65.0,62.690000000000005,1.3400994987880332
2021-04-30,63.5,62.99857142857143,1.2208115957699206
2021-05-03,64.46,63.42857142857143,1.1094807880414468
2021-05-04,65.72,63.934285714285714,1.2441309837583339
2021-05-05,65.63,64.45,1.0516970412872588
2021-05-06,64.73,64.69285714285715,0.8451373514659695
2021-05-07,64.96,64.85714285714286,0.7515032553774834
2021-05-10,64.92,64.84571428571428,0.749574482455022
2021-05-11,65.31,65.10428571428572,0.46686390388183274
2021-05-12,65.96,65.31857142857143,0.46609829331757313
2021-05-13,63.82,65.04714285714286,0.6918986988784372
2021-05-14,65.32,65.00285714285714,0.6574373046227776
2021-05-17,66.24,65.21857142857142,0.7877907626395424
2021-05-18,65.49,65.2942857142857,0.7842588251003803
2021-05-19,63.28,65.06,1.0972237693314266
2021-05-20,61.95,64.58,1.59270210647997
2021-05-21,63.61,64.24428571428571,1.4982084539256273
2021-05-24,66.13,64.57428571428571,1.6371403639927486
2021-05-25,66.27,64.71,1.7450787947785555
2021-05-26,66.41,64.73428571428572,1.770911790975021
2021-05-27,66.87,64.93142857142857,1.9379923337568
2021-05-28,66.31,65.36428571428571,1.8437539346166913
2021-06-01,67.8,66.2,1.276910333573267
2021-06-02,68.79,66.94,0.9958078797236685
2021-06-03,68.81,67.32285714285715,1.1375809756571205
2021-06-04,69.57,67.79428571428572,1.3006390370693026
2021-06-07,69.21,68.19428571428571,1.2327456772378758
2021-06-08,70.11,68.65714285714286,1.260591320046813
2021-06-09,69.9,69.17,0.7883527129318623
2021-06-10,70.34,69.53285714285714,0.619050732582503
2021-06-11,71.0,69.84857142857143,0.7305575170385294
2021-06-14,70.94,70.15285714285714,0.6666761903986432
2021-06-15,72.06,70.50857142857143,0.920007763935552
2021-06-16,72.03,70.91142857142857,0.8728197326491943
2021-06-17,71.06,71.04714285714286,0.7980959483951219
2021-06-18,71.64,71.29571428571428,0.6357110754235866
2021-06-21,73.64,71.76714285714286,0.9531826387660114
2021-06-22,73.15,72.07428571428572,1.009518980216056
2021-06-23,73.11,72.38428571428572,0.9334676773996485
2021-06-24,73.31,72.56285714285715,0.9795188323075716
2021-06-25,74.21,72.87428571428572,1.1185534876571814
2021-06-28,72.98,73.14857142857143,0.7852691379621688
2021-06-29,73.14,73.36285714285714,0.4287079147610591
2021-06-30,73.52,73.3457142857143,0.418045338151495
2021-07-01,75.33,73.65714285714286,0.8434791893375588
2021-07-02,75.37,73.98,1.0143635114306186
2021-07-06,73.62,74.02428571428572,0.9866248382323993
2021-07-07,72.22,73.74,1.1899439762674107
2021-07-08,72.98,73.74,1.1899439762674107
2021-07-09,74.56,73.94285714285715,1.1916475189888651
2021-07-12,74.21,74.04142857142857,1.17931376332573
2021-07-13,75.24,74.02857142857144,1.1633060441558316
2021-07-14,73.06,73.69857142857143,1.040519558859593
2021-07-15,71.67,73.42,1.2949774772771019
2021-07-16,71.76,73.35428571428572,1.3752073436698595
2021-07-19,66.45,72.42142857142856,2.9660491599155137
2021-07-20,67.32,71.38714285714285,3.3353546252502144
2021-07-21,70.26,70.82285714285715,3.1043126683445488
2021-07-22,72.15,70.38142857142857,2.539904385149456
2021-07-23,72.24,70.26428571428572,2.411437034511925
2021-07-26,72.15,70.33285714285715,2.464316769988036
2021-07-27,71.68,70.32142857142858,2.456769074557356
2021-07-28,72.37,71.16714285714286,1.8446473401469574
2021-07-29,73.62,72.06714285714285,0.9968569654225944
2021-07-30,73.93,72.59142857142858,0.8409008774535784
2021-08-02,71.31,72.47142857142858,0.9651498773258812
2021-08-03,70.64,72.24285714285715,1.1919132279008202
2021-08-04,68.19,71.67714285714285,1.9451110875332505
2021-08-05,69.1,71.30857142857143,2.1752963673260273
2021-08-06,68.26,70.72142857142858,2.3855637249299377
2021-08-09,66.56,69.71285714285715,2.447472943570727
2021-08-10,68.33,68.91285714285713,1.6118696626931295
2021-08-11,69.3,68.62571428571428,1.252675232485175
2021-08-12,69.12,68.40857142857143,0.9373798335613054
2021-08-13,68.36,68.43285714285715,0.932965063392133
2021-08-16,67.44,68.19571428571429,0.9460066444877427
2021-08-17,66.5,67.94428571428571,1.1400563895767868
2021-08-18,65.36,67.77285714285713,1.4349763561966304
2021-08-19,63.69,67.11,2.067147793455018
2021-08-20,62.25,66.10285714285713,2.4953871729338317
2021-08-23,65.65,65.60714285714286,2.1112217180681205
2021-08-24,67.5,65.48428571428572,1.942617282108656
2021-08-25,68.54,65.64142857142858,2.1595634479449015
2021-08-26,67.42,65.77285714285715,2.246758511613842
2021-08-27,68.84,66.27000000000001,2.509794148262424
2021-08-30,69.28,67.06857142857143,2.4404263874099796
2021-08-31,68.43,67.95142857142858,1.2188030818665083
2021-09-01,68.63,68.37714285714286,0.6841226567731366
2021-09-02,70.07,68.74428571428571,0.8125034798378207
2021-09-03,69.34,68.85857142857142,0.8349337013805311
2021-09-07,68.49,69.01142857142858,0.5895599650313107
2021-09-08,69.36,69.08571428571427,0.5970722218308558
2021-09-09,68.26,68.94000000000001,0.662621058111955
2021-09-10,69.82,69.13857142857144,0.6919399918835213
2021-09-13,70.54,69.41142857142857,0.8222819583540292
2021-09-14,70.53,69.47714285714287,0.8985305464168066
2021-09-15,72.59,69.94142857142857,1.4723159598745734
2021-09-16,72.69,70.54142857142857,1.6296362433689249
2021-09-17,72.09,70.93142857142858,1.6264422171419792
2021-09-20,70.41,71.23857142857142,1.1794692107194489
2021-09-21,70.51,71.33714285714287,1.0643732785907618
2021-09-22,72.37,71.59857142857143,1.060682619370792
2021-09-23,73.43,72.01285714285714,1.1373318818672182
2021-09-24,74.18,72.24000000000001,1.4002023663222998
2021-09-27,75.54,72.64714285714287,1.8837260441773003
2021-09-28,75.44,73.12571428571428,2.1282610831576685
2021-09-29,75.06,73.79,1.846365799795671
2021-09-30,75.22,74.46285714285715,1.1952505216533036
2021-10-01,76.01,74.98285714285716,0.8843587938045033
2021-10-04,77.68,75.59,1.0782238481205035
2021-10-05,79.17,76.30285714285715,1.5409165485233818
2021-10-06,77.66,76.60571428571428,1.573974344798783
2021-10-07,78.46,77.03714285714285,1.6145661366179769
2021-10-08,79.55,77.67857142857143,1.5898787015694753
2021-10-11,80.64,78.45285714285714,1.5108023727523352
2021-10-12,80.75,79.13,1.277680189506443
2021-10-13,80.67,79.55714285714285,1.2101475706904006
2021-10-14,81.43,79.88,1.3792993390332424
2021-10-15,82.39,80.55571428571429,1.2642765670874307
2021-10-18,82.62,81.14999999999999,1.0791509007817388
2021-10-19,83.19,81.67,1.056424788295364
2021-10-20,84.4,82.20714285714287,1.3582183708258888
2021-10-21,82.64,82.47714285714287,1.198773182403176
2021-10-22,84.53,83.02857142857144,1.1137239120953926
2021-10-25,84.64,83.48714285714287,1.00096144257215
2021-10-26,85.64,83.95142857142858,1.1499047579575705
2021-10-27,82.66,83.95714285714287,1.1422596652467656
2021-10-28,82.78,83.89857142857143,1.1973363294023822
2021-10-29,83.5,83.77,1.1827510304338895
2021-11-01,84.08,83.97571428571429,1.0736519787254568
2021-11-02,83.91,83.88714285714286,1.045509672926538
2021-11-03,80.82,83.34142857142857,1.4896579984591132
2021-11-04,78.88,82.37571428571428,1.8888784780270471
2021-11-05,81.25,82.17428571428572,1.9282795193523408
2021-11-08,81.96,82.05714285714285,1.9101720191775626
2021-11-09,84.12,82.14571428571428,2.000465422034004
2021-11-10,81.23,81.73857142857142,1.8233616259643184
2021-11-11,81.47,81.39,1.5521168340876133
2021-11-12,80.87,81.39714285714285,1.549168747914603
2021-11-15,80.85,81.67857142857143,1.140795461818589
2021-11-16,80.76,81.60857142857142,1.18562822406767
2021-11-17,78.32,81.08857142857143,1.6947313314226697
2021-11-18,78.92,80.3457142857143,1.21675603063486
2021-11-19,76.11,79.61428571428571,1.9277522069548574
2021-11-22,76.74,78.93857142857142,1.9966257249932309
2021-11-23,78.32,78.57428571428571,1.809344790640763
2021-11-24,78.32,78.21285714285715,1.5063057932728274
2021-11-29,69.88,76.65857142857143,3.1530854125819414
2021-11-30,66.14,74.91857142857143,4.938597738127314
2021-12-01,65.44,72.99285714285715,5.689343003327496
2021-12-02,66.6,71.63428571428571,5.950402947539128
2021-12-03,66.39,70.15571428571427,5.752894509556182
2021-12-06,69.62,68.91285714285713,4.498024434072103
2021-12-07,71.94,68.00142857142858,2.45790173773615
2021-12-08,72.43,68.36571428571428,2.926942985109355
2021-12-09,70.87,69.04142857142857,2.872962632144776
2021-12-10,71.71,69.93714285714286,2.5185426625021705
2021-12-13,71.19,70.59285714285714,2.0608146794032303
2021-12-14,70.57,71.19,0.9418244705465727
2021-12-15,70.89,71.37142857142858,0.6729147685267269
2021-12-16,72.34,71.42857142857143,0.7426176353737329
2021-12-17,70.93,71.21428571428571,0.6100780590074107
2021-12-20,68.69,70.90285714285714,1.1407411959674842
2021-12-21,71.1,70.81571428571428,1.0910218015307378
2021-12-22,72.82,71.04857142857142,1.3316334401908585
2021-12-23,73.89,71.52285714285713,1.6787665540045493
2021-12-27,75.49,72.17999999999999,2.2069737953407675
2021-12-28,76.01,72.7042857142857,2.643973380744028
2021-12-29,76.58,73.51142857142858,2.865201729786074
2021-12-30,76.83,74.6742857142857,2.1431041127495254
2021-12-31,75.33,75.27857142857144,1.4523363771419886
2022-01-03,75.99,75.73142857142857,0.973112336288461
2022-01-04,77.0,76.17571428571429,0.6478646242988855
2022-01-05,77.83,76.50999999999999,0.81676189920289
2022-01-06,79.47,77.00428571428571,1.3418874411632455
2022-01-07,79.0,77.35,1.5149367423503979
2022-01-10,78.11,77.53285714285714,1.5189548411700062
2022-01-11,81.17,78.36714285714285,1.7003599058770453
2022-01-12,82.51,79.29857142857144,1.9487981644349728
2022-01-13,81.97,80.00857142857141,1.8757792031683225
2022-01-14,83.82,80.86428571428571,2.0722922665702317
2022-01-18,85.42,81.71428571428571,2.5664297973554318
2022-01-19,86.84,82.8342857142857,2.876461119400193
2022-01-20,86.29,84.00285714285714,2.225172010470974
2022-01-21,85.16,84.57285714285715,1.8595672819727944
2022-01-24,84.48,84.85428571428572,1.6302745897819086
2022-01-25,86.61,85.51714285714286,1.1280176459246598
2022-01-26,88.33,86.16142857142859,1.2754532340994733
2022-01-27,87.61,86.4742857142857,1.3306747303865125
2022-01-28,87.67,86.59285714285716,1.403670358803841
2022-01-31,89.16,87.00285714285714,1.6903423152874493
2022-02-01,88.22,87.44000000000001,1.521578128126967
2022-02-02,88.16,87.96571428571428,0.7866989501008725
2022-02-03,90.17,88.4742857142857,0.9058855178350927
2022-02-04,92.27,89.03714285714285,1.6878360335605707
2022-02-07,91.25,89.55714285714286,1.7349324125699233
2022-02-08,89.32,89.79285714285713,1.5365514882963716
2022-02-09,89.57,89.85142857142857,1.5160851841864391
2022-02-10,89.83,90.08142857142856,1.3391344041493347
2022-02-11,93.1,90.78714285714285,1.4544954942703918
2022-02-14,95.52,91.55142857142857,2.25918442932628
2022-02-15,92.07,91.52285714285712,2.2498275066146345
2022-02-16,93.83,91.89142857142856,2.4037431128090843
2022-02-17,91.78,92.24285714285713,2.1293012491237806
2022-02-18,91.26,92.48428571428569,1.8537067112747208
2022-02-22,92.11,92.80999999999999,1.4702380759579354
2022-02-23,92.14,92.67285714285715,1.483393792239128
2022-02-24,92.77,92.28,0.819105202846139
2022-02-25,91.68,92.22428571428573,0.84850568929039
2022-02-28,96.13,92.55285714285715,1.645212390398336
2022-03-01,103.66,94.25,4.450647892909952
2022-03-02,110.74,97.03285714285714,7.389401676919144
2022-03-03,107.69,99.25857142857144,7.982095440361942
2022-03-04,115.77,102.63428571428572,9.349404360961326
2022-03-07,119.26,106.41857142857143,10.027733922429837
2022-03-08,123.64,110.98428571428572,9.458369939094498
2022-03-09,108.81,112.7957142857143,7.045960680046919
2022-03-10,105.93,113.12,6.593102456355844
2022-03-11,109.31,112.9157142857143,6.700417542071584
2022-03-14,103.22,112.27714285714285,7.4522697085873695
2022-03-15,96.42,109.51285714285714,9.3003399835451
2022-03-16,94.85,106.0257142857143,9.607717136314482
2022-03-17,102.97,103.07285714285715,5.655206198084936
2022-03-18,104.69,102.48428571428572,5.150462300101107
2022-03-21,112.14,103.37142857142858,6.2585180050111635
2022-03-22,111.03,103.61714285714285,6.557168378412938
2022-03-23,114.89,105.28428571428572,7.804301927234157
2022-03-24,114.2,107.82428571428571,7.316601800341831
2022-03-25,116.2,110.87428571428573,5.129960549370738
2022-03-28,107.55,111.52857142857144,4.1528200401317035
2022-03-29,104.25,111.46571428571428,4.27510957810055
2022-03-30,107.81,110.84714285714286,4.470095876249411
2022-03-31,100.53,109.34714285714287,5.9238296010993805
2022-04-01,99.32,107.12285714285714,6.399723208300509
2022-04-04,103.29,105.56428571428572,5.676553699628336
2022-04-05,101.98,103.53285714285713,3.2706101076391993
2022-04-06,96.39,101.93857142857142,3.6804004699282467
2022-04-07,96.05,100.76714285714286,4.102823069894314
2022-04-08,98.35,99.4157142857143,2.7219836954130376
2022-04-11,94.22,98.5142857142857,3.279252237644116
2022-04-12,100.52,98.68571428571428,3.3587937177049194
2022-04-13,104.26,98.82428571428572,3.5923012918500374
2022-04-14,106.84,99.51857142857143,4.625052895450337
2022-04-18,108.24,101.21142857142857,5.393849672146461
2022-04-19,102.54,102.13857142857144,4.8933506876558175
2022-04-20,102.56,102.74,4.600028985416037
2022-04-21,103.89,104.12142857142858,2.656290826017123
2022-04-22,102.86,104.45571428571428,2.2425421374184236
2022-04-25,99.6,103.78999999999999,2.9043473162373212
2022-04-26,102.62,103.18714285714286,2.5863018274861904
2022-04-27,101.96,102.28999999999999,1.3212494087040527
2022-04-28,105.47,102.70857142857142,1.7933992729958312
2022-04-29,104.59,102.99857142857142,1.924694162470703
2022-05-02,105.18,103.18285714285715,2.0797813529772227
2022-05-03,102.53,103.13571428571429,2.0920233996691264
2022-05-04,107.84,104.31285714285715,2.089208097866835
2022-05-05,108.17,105.10571428571428,2.373470434777779
2022-05-06,109.72,106.21428571428571,2.469607641866373
2022-05-09,103.08,105.87285714285714,2.7400590886925276
2022-05-10,99.74,105.17999999999999,3.597531561131286
2022-05-11,105.5,105.22571428571428,3.5995641270526493
2022-05-12,106.15,105.74285714285713,3.4023654236711764
2022-05-13,110.52,106.12571428571427,3.804680701201888
2022-05-16,114.07,106.96857142857142,4.844469109446795
2022-05-17,112.31,107.33857142857141,5.177120913440636
2022-05-18,109.67,108.28,4.863325336982634
2022-05-19,112.21,110.06142857142858,3.2200022182785917
2022-05-20,112.63,111.08,2.605730863565648
2022-05-23,110.32,111.67571428571429,1.5560404573041933
2022-05-24,112.55,111.96571428571428,1.4926247255871936
2022-05-25,112.88,111.79571428571428,1.2631423401320097
2022-05-26,116.19,112.35000000000001,2.1003095010035677
2022-05-27,114.96,113.10571428571428,1.919191297943344
2022-05-31,114.38,113.41571428571426,1.9256415133927727
2022-06-01,115.26,113.79142857142858,2.0018527132935726
2022-06-02,116.88,114.72857142857143,1.6013164227351409
2022-06-03,118.97,115.64571428571428,1.9468252544684042
2022-06-06,118.41,116.4357142857143,1.7494842777524409
2022-06-07,119.55,116.91571428571429,2.097211300299325
2022-06-08,121.94,117.91285714285716,2.6092253913499928
2022-06-09,121.52,118.93285714285715,2.3838324485722517
2022-06-10,120.73,119.71428571428571,1.8056103044227925
2022-06-13,120.92,120.29142857142857,1.3323091304412318
2022-06-14,118.92,120.28428571428572,1.3406821291559072
2022-06-15,115.32,119.84285714285714,2.256536537011176
2022-06-16,117.56,119.55857142857143,2.4190799116723563
2022-06-17,109.56,117.79,4.233143040343463
2022-06-21,110.49,116.21428571428571,4.646037225934539
2022-06-22,106.22,114.14142857142856,5.4609352940426765
2022-06-23,105.75,111.9742857142857,5.331078243479545
2022-06-24,109.07,110.56714285714285,4.413123286614849
2022-06-27,111.44,110.01285714285713,3.9343687095723516
2022-06-28,113.66,109.4557142857143,2.800147955275434
2022-06-29,111.65,109.75428571428571,2.9218992518736853
2022-06-30,107.76,109.36428571428571,2.988761488995035
2022-07-01,110.3,109.94714285714285,2.652267673054261
2022-07-05,101.55,109.34714285714287,3.9281705423171696
2022-07-06,100.31,108.09571428571428,5.215581965428133
2022-07-07,104.62,107.12142857142858,5.122913977322976
2022-07-08,106.78,106.13857142857144,4.243958170432878
2022-07-11,106.09,105.3442857142857,3.4946952997504477
2022-07-12,97.69,103.9057142857143,4.31167738876227
2022-07-13,98.44,102.21142857142857,3.661426992177872
2022-07-14,97.79,101.67428571428572,4.0317112046990715
2022-07-15,99.59,101.57142857142857,4.081198470104303
2022-07-18,104.48,101.55142857142857,4.064076067904614
2022-07-19,106.12,101.45714285714284,3.92793293512731
2022-07-20,104.45,101.22285714285715,3.644208712856293
2022-07-21,98.44,101.33,3.532336337326987
2022-07-22,97.71,101.22571428571429,3.640983645220407
2022-07-25,99.83,101.51714285714286,3.393374496897038
2022-07-26,97.74,101.25285714285714,3.6321238703442402
2022-07-27,100.03,100.61714285714287,3.351764283108834
2022-07-28,99.11,99.61571428571429,2.3229281603387903
2022-07-29,101.31,99.16714285714285,1.3208420834919266
2022-08-01,96.59,98.90285714285714,1.6376682029203853
2022-08-02,97.14,98.82142857142857,1.719015498974218
2022-08-03,93.25,97.88142857142857,2.6321247980253037
2022-08-04,91.29,96.96000000000001,3.629788790916759
2022-08-05,91.77,95.78,3.803870835521494
2022-08-08,93.52,94.98142857142857,3.5677090154670488
2022-08-09,93.18,93.82000000000001,2.2406546662370723
2022-08-10,94.68,93.54714285714286,1.9437396455081892
2022-08-11,97.02,93.53,1.906952193072271
2022-08-12,94.86,93.76,1.9637973418855084
2022-08-15,92.24,93.89571428571428,1.7897658798732776
2022-08-16,89.23,93.53285714285714,2.4340687081894297
2022-08-17,90.85,93.15142857142857,2.6371476293609217
2022-08-18,93.2,93.15428571428572,2.6371945772148764
2022-08-19,93.55,92.99285714285713,2.561742338628154
2022-08-22,93.42,92.47857142857141,1.8924536856623366
2022-08-23,96.46,92.70714285714284,2.284117001422339
2022-08-24,95.52,93.17571428571429,2.498672028249848
2022-08-25,93.33,93.76142857142858,1.8034173908751279
2022-08-26,93.63,94.15857142857143,1.2878072911132155
2022-08-29,97.4,94.75857142857141,1.6841756497006606
2022-08-30,92.08,94.54857142857144,1.9332220821841812
2022-08-31,90.09,94.07285714285715,2.564018423527249
2022-09-01,87.09,92.73428571428572,3.414785777286466
2022-09-02,87.29,91.55857142857144,3.700641514527321
2022-09-06,87.35,90.7042857142857,3.9079826728663454
2022-09-07,82.5,89.11428571428571,4.702619330907274
2022-09-08,84.04,87.2057142857143,3.273239257690836
2022-09-09,87.27,86.51857142857143,2.490812642299795
2022-09-12,88.18,86.24571428571427,2.109856686623042
2022-09-13,87.84,86.35285714285715,2.177825477286136
2022-09-14,88.88,86.58,2.366593895593317
2022-09-15,85.72,86.34714285714287,2.358380194720502
2022-09-16,85.57,86.78571428571429,1.7237928833693725
2022-09-19,86.15,87.08714285714287,1.2947292417787397
2022-09-20,84.69,86.71857142857142,1.571617304681362
2022-09-21,83.38,86.03285714285714,1.8501685894848625
2022-09-22,84.02,85.48714285714286,1.7907141432538713
2022-09-23,79.07,84.08571428571429,2.4207495887472814
2022-09-26,77.17,82.86428571428571,3.412554552152894
2022-09-27,78.91,81.91285714285713,3.4605428971257517
2022-09-28,82.61,81.40714285714286,2.960702136799176
2022-09-29,81.78,80.99142857142859,2.60597664719086
2022-09-30,79.91,80.49571428571429,2.397595025176575
2022-10-03,84.05,80.5,2.404960152127867
2022-10-04,86.87,81.61428571428571,3.279826505282265
2022-10-05,88.22,83.19285714285715,3.439577078098628
2022-10-06,88.9,84.62,3.4388854783672476
2022-10-07,93.07,86.11428571428571,4.521942271276193
2022-10-10,91.6,87.51714285714286,4.476210131668359
2022-10-11,89.75,88.92285714285715,2.9861776810583778
2022-10-12,87.83,89.46285714285715,2.19514399137083
2022-10-13,89.59,89.85142857142856,1.877422244916899
2022-10-14,86.1,89.54857142857144,2.3064361294087425
2022-10-17,86.0,89.13428571428571,2.6735797297673227
2022-10-18,83.29,87.73714285714286,2.8251826742443646
2022-10-19,86.0,86.93714285714285,2.2915039769076233
2022-10-20,86.02,86.4042857142857,1.934225574079009
2022-10-21,85.47,86.06714285714285,1.848059471314799
2022-10-24,86.12,85.57142857142857,1.029893660711245
2022-10-25,86.93,85.69000000000001,1.1425118525974503
2022-10-26,89.39,86.17428571428572,1.8158639554643092
2022-10-27,89.06,86.99857142857142,1.583050099978093
2022-10-28,87.85,87.26285714285714,1.5424624715641049
2022-10-31,86.54,87.33714285714284,1.4840453079955758
2022-11-01,88.36,87.75,1.263671898342319
2022-11-02,90.06,88.31285714285715,1.2937505463512562
2022-11-03,88.14,88.48571428571428,1.1511712462049362
2022-11-04,92.58,88.94142857142857,1.9340323038602436
2022-11-07,91.8,89.33285714285715,2.218398178006976
2022-11-08,88.8,89.46857142857142,2.1402447568074727
2022-11-09,85.79,89.36142857142859,2.3223151420601424
2022-11-10,86.52,89.09857142857143,2.547746903777603
2022-11-11,89.14,88.96714285714286,2.5133822781631308
2022-11-14,85.85,88.64,2.7744609085959744
2022-11-15,86.87,87.82428571428571,2.2036852251222423
2022-11-16,85.62,86.94142857142857,1.456816490058853
2022-11-17,81.69,85.92571428571429,2.222437529250545
2022-11-18,80.07,85.10857142857142,3.141981479741723
2022-11-21,79.74,84.14,3.6399358968703455
2022-11-22,80.83,82.95285714285714,3.043729698278414
2022-11-23,77.93,81.82142857142857,3.2521912027183597
2022-11-25,76.45,80.33285714285714,2.9244299403782814
2022-11-28,77.1,79.11571428571428,1.9765783325615591
2022-11-29,77.96,78.58285714285715,1.6412567774463314
2022-11-30,80.48,78.64142857142858,1.709087754438224
2022-12-01,81.06,78.83000000000001,1.9113520519926421
2022-12-02,79.86,78.69142857142856,1.7722906888273289
2022-12-05,76.83,78.53428571428572,1.8955373656964944
2022-12-06,74.21,78.21428571428571,2.4220092013487786
2022-12-07,71.93,77.47571428571429,3.4065860581259098
2022-12-08,71.3,76.52428571428571,4.106851418229957
2022-12-09,71.05,75.17714285714285,4.139523782133084
2022-12-12,72.96,74.02,3.259570523855518
2022-12-13,75.44,73.38857142857144,2.193501223850829
2022-12-14,77.14,73.43285714285715,2.2761349863700877
2022-12-15,75.89,73.67285714285713,2.4534038550915476
2022-12-16,74.19,73.99571428571429,2.331500640806898
2022-12-19,75.05,74.53142857142858,2.018707743178522
2022-12-20,75.92,75.22714285714287,1.3460276654581647
2022-12-21,78.17,75.97142857142856,1.3237249030807836
2022-12-22,77.68,76.29142857142857,1.4395303466882439
2022-12-23,79.57,76.63857142857144,1.8981958853175618
2022-12-27,79.45,77.14714285714285,2.127288683476287
2022-12-28,78.89,77.81857142857143,1.7459135962881165
2022-12-29,78.43,78.30142857142857,1.2494055729441529
2022-12-30,80.16,78.90714285714286,0.8737794207809847
2023-01-03,76.87,78.72142857142856,1.1508030322507041
2023-01-04,72.82,78.02714285714286,2.5269923775468692
2023-01-05,73.61,77.17571428571429,2.8974233216344203
2023-01-06,73.77,76.36428571428571,2.949236382198619
2023-01-09,74.69,75.76428571428572,2.771641253496513
2023-01-10,75.11,75.28999999999999,2.511287850218474
2023-01-11,77.46,74.9042857142857,1.721916153035133
2023-01-12,78.32,75.11142857142856,2.0531555272399076
2023-01-13,79.9,76.12285714285714,2.4430698876984964
2023-01-17,80.25,77.07142857142857,2.589462161473581
2023-01-18,79.53,77.89428571428572,2.2596965662270065
2023-01-19,80.31,78.69714285714285,1.9014706088131952
2023-01-20,81.27,79.57714285714285,1.2925906065652975
2023-01-23,81.62,80.17142857142858,1.0987482054767037
2023-01-24,79.86,80.39142857142858,0.7717821059330006
2023-01-25,79.78,80.37428571428572,0.7857238094602043
2023-01-26,80.64,80.42999999999999,0.7892612579647573
2023-01-27,79.73,80.45857142857143,0.7540872754783823
2023-01-30,77.97,80.12428571428572,1.2110994611313037
2023-01-31,78.95,79.79285714285716,1.1617474522664621
2023-02-01,76.34,79.03857142857143,1.4548244862196968
2023-02-02,75.87,78.46857142857142,1.8161261756012839
2023-02-03,73.4,77.55714285714286,2.514807575709637
2023-02-06,74.11,76.62428571428572,2.3886108734473526
2023-02-07,77.17,76.25857142857141,1.997869102911851
2023-02-08,78.47,76.33000000000001,2.0766399142177296
2023-02-09,78.04,76.20000000000002,1.9068298298455544
2023-02-10,79.74,76.68571428571428,2.3336870480174254
2023-02-13,80.14,77.29571428571428,2.624835595756664
2023-02-14,79.08,78.10714285714286,2.030465581136553
2023-02-15,78.57,78.74428571428572,1.0109542875019526
2023-02-16,78.45,78.92714285714285,0.7644543650085116
2023-02-17,76.31,78.61857142857143,1.2569994506910391
2023-02-21,76.28,78.36714285714285,1.5368768578452598
2023-02-22,73.95,77.53999999999999,2.1216817229082228
2023-02-23,75.26,76.84285714285714,1.9168351892758801
2023-02-24,76.19,76.42999999999999,1.646906190403382
2023-02-27,75.57,76.00142857142858,1.3630899771119638
2023-02-28,76.88,75.77714285714285,0.9637031750038588
2023-03-01,77.57,75.95714285714287,1.174446171398499
2023-03-02,78.05,76.21000000000001,1.4203403347985162
2023-03-03,79.62,77.02,1.5292699783412755
2023-03-06,80.39,77.75285714285714,1.7574480958234302
2023-03-07,77.45,77.93285714285715,1.6306513451726825
2023-03-08,76.56,78.07428571428571,1.4210190843493153
2023-03-09,75.6,77.89142857142858,1.6622016381004847
2023-03-10,76.55,77.74571428571429,1.7380530979858346
2023-03-13,74.68,77.26428571428572,2.0739885658840884
2023-03-14,71.18,76.05857142857144,2.8018293343878806
2023-03-15,67.38,74.20000000000002,3.6395466750665526
2023-03-16,68.15,72.87142857142858,3.940433261165791
2023-03-17,66.61,71.45,4.175699542190916
2023-03-20,67.56,70.30142857142857,3.943219617567254
2023-03-21,69.4,69.28,2.8213058442240055
2023-03-22,70.71,68.71285714285715,1.7508066168224885
2023-03-23,69.77,68.51142857142857,1.4797908475073287
2023-03-24,69.22,68.77428571428571,1.4069453571766242
2023-03-27,72.87,69.44857142857143,2.044483867801408
2023-03-28,73.12,70.37857142857143,2.018542614288984
2023-03-29,72.95,71.14857142857143,1.7778585299082692
2023-03-30,74.32,71.85142857142857,1.9367965696912701
2023-03-31,75.68,72.56142857142858,2.32140351634555
2023-04-03,80.4,74.08000000000001,3.4117981573730987
2023-04-04,80.7,75.72,3.445281797858504
2023-04-05,80.69,76.83714285714287,3.6300170536118324
2023-04-06,80.7,77.92,3.463105542715868
2023-04-10,79.79,78.89714285714285,2.7101950377872996
2023-04-11,81.54,79.92857142857143,1.9432998445181984
2023-04-12,83.26,81.01142857142858,1.1179211148548107
2023-04-13,82.16,81.26285714285714,1.1547974466753208
2023-04-14,82.58,81.53142857142858,1.218912473903854
2023-04-17,80.93,81.5657142857143,1.1944295310953712
2023-04-18,80.85,81.58714285714287,1.177535764289684
2023-04-19,79.18,81.5,1.343564909729874
2023-04-20,77.27,80.89,2.0863684557920004
2023-04-21,77.86,80.11857142857141,2.0621948547695244
2023-04-24,78.64,79.61571428571429,1.9045809437822985
2023-04-25,77.05,78.82571428571428,1.5912139720200178
2023-04-26,74.33,77.88285714285715,2.0311057274745528
2023-04-27,74.77,77.01428571428572,1.8419813348903307
2023-04-28,76.78,76.67142857142858,1.5758112045451194
2023-05-01,75.65,76.44000000000001,1.5921264606354502
2023-05-02,71.71,75.56142857142856,2.242115285253979
2023-05-03,68.62,74.13,3.014559116463749
2023-05-04,68.52,72.91142857142857,3.3435680969639616
2023-05-05,71.32,72.48142857142857,3.3242213553003737
2023-05-08,73.13,72.24714285714286,3.191173839855457
2023-05-09,73.68,71.80428571428571,2.6215444375563073
2023-05-10,72.53,71.35857142857142,2.064844050374738
2023-05-11,70.81,71.23,2.0673332258379684
2023-05-12,70.02,71.42999999999999,1.8264355084846835
2023-05-15,71.07,71.79428571428572,1.3383927816909402
2023-05-16,70.85,71.72714285714285,1.3773732765101443
2023-05-17,72.78,71.67714285714285,1.3232499673824312
2023-05-18,71.82,71.41142857142857,1.0017223263133528
2023-05-19,71.57,71.27428571428571,0.8815678673527437
2023-05-22,71.81,71.41714285714286,0.8747897706558774
2023-05-23,72.87,71.82428571428571,0.7735170143026976
2023-05-24,74.37,72.29571428571428,1.150794756425296
2023-05-25,71.68,72.41428571428573,1.011316916079887
2023-05-26,72.35,72.35285714285713,0.9983772547712342
2023-05-30,69.45,72.01428571428572,1.4900095876925863
2023-05-31,68.11,71.52,2.1077871492761604
2023-06-01,70.09,71.27428571428571,2.1677473495348867
2023-06-02,71.76,71.11571428571429,2.0699585917151726
2023-06-05,72.14,70.79714285714286,1.6050307814838194
2023-06-06,71.71,70.80142857142857,1.6078186938730694
2023-06-07,72.52,70.82571428571428,1.6361423852307793
2023-06-08,71.28,71.08714285714287,1.521903569933835
2023-06-09,70.16,71.38000000000001,0.9392372792078009
2023-06-12,67.08,70.95,1.8629993737662605
2023-06-13,69.39,70.61142857142856,1.9061167205519203
2023-06-14,68.22,70.05142857142857,1.9573317600841253
2023-06-15,70.61,69.89428571428572,1.8427864512059549
2023-06-16,71.81,69.79285714285713,1.6871446715807854
2023-06-20,70.94,69.74428571428572,1.641471465306309
2023-06-21,72.55,70.08571428571427,1.9600072886127167
2023-06-22,69.22,70.39142857142858,1.533551744274536
2023-06-23,68.91,70.32285714285715,1.5952817335851068
2023-06-26,69.09,70.44714285714285,1.429413799258405
2023-06-27,67.68,70.02857142857142,1.7636839150957042
2023-06-28,69.54,69.7042857142857,1.58074726150265
2023-06-29,69.85,69.54857142857144,1.4898034386121017
2023-06-30,70.66,69.27857142857144,0.9159226417663954
2023-07-03,69.71,69.34857142857143,0.9293264329791208
2023-07-05,71.78,69.75857142857143,1.2730989562352244
2023-07-06,71.76,70.14,1.429743566746539
2023-07-07,73.91,71.03,1.5748862392736587
2023-07-10,73.05,71.53142857142856,1.5801838349913728
2023-07-11,74.87,72.24857142857142,1.8120285922233768
2023-07-12,75.77,72.97857142857143,2.0755435317932243
2023-07-13,76.86,74.0,1.9547378340811352
2023-07-14,75.44,74.52285714285713,1.7396140787098724
2023-07-17,74.17,74.86714285714287,1.2792538747954225
2023-07-18,75.76,75.13142857142857,1.2390241936175836
2023-07-19,75.4,75.46714285714286,0.8328608184120855
2023-07-20,75.65,75.57857142857142,0.7907681617915859
2023-07-21,77.06,75.76285714285714,0.9722947818672005
2023-07-24,78.81,76.04142857142857,1.4838174704806055
2023-07-25,79.76,76.65857142857143,2.0004285255174117
2023-07-26,79.11,77.36428571428573,1.84122112688429
2023-07-27,80.17,77.99428571428572,1.9519465254164508
2023-07-28,80.55,78.73,1.7735557504602097
2023-07-31,81.8,79.60857142857142,1.4948960785637257
2023-08-01,81.37,80.2242857142857,1.1076981710224478
2023-08-02,79.5,80.32285714285715,0.9847455557224407
2023-08-03,81.56,80.58,1.046358765748195
2023-08-04,82.76,81.10142857142857,1.099809507311442
2023-08-07,81.94,81.35428571428572,1.0524235070004133
2023-08-08,82.94,81.69571428571429,1.1326349388721377
2023-08-09,84.35,82.05999999999999,1.5167179478484145
2023-08-10,82.81,82.26571428571428,1.5051451440821861
2023-08-11,83.17,82.78999999999999,0.8978864070652497
2023-08-14,82.5,82.92428571428572,0.7396137988309714
2023-08-15,81.06,82.68142857142857,1.0261486015063574
2023-08-16,79.4,82.31857142857143,1.6131896827011045
2023-08-17,80.43,81.96000000000001,1.7269819531943151
2023-08-18,81.25,81.51714285714286,1.3731923182311914
2023-08-21,80.71,81.21714285714286,1.269116678185671
2023-08-22,80.25,80.8,0.9632929633943369
2023-08-23,78.91,80.28714285714285,0.8571797611053543
2023-08-24,79.52,80.06714285714285,0.8226930226489122
2023-08-25,80.47,80.22,0.7761657898444091
2023-08-28,80.65,80.25142857142858,0.790409779189944
2023-08-29,81.14,80.23571428571428,0.768024677177351
2023-08-30,81.64,80.36857142857143,0.9276031581657922
2023-08-31,83.55,80.84,1.5118641914289428
2023-09-01,85.52,81.78428571428572,2.0676142220977267
2023-09-05,86.74,82.8157142857143,2.5045083159683488
2023-09-06,87.55,83.82714285714285,2.8102651967712364
2023-09-07,86.87,84.71571428571428,2.6148094713424546
2023-09-08,87.51,85.62571428571428,2.2453274233592952
2023-09-11,87.3,86.4342857142857,1.4485493564561926
2023-09-12,88.87,87.1942857142857,1.013259709102255
2023-09-13,88.59,87.63285714285713,0.8122543584691186
2023-09-14,90.13,88.11714285714285,1.1369068312101407
2023-09-15,90.83,88.58571428571429,1.4864034573730602
2023-09-18,91.47,89.24285714285715,1.6129136604871706
2023-09-19,91.16,89.76428571428572,1.5480294693871703
2023-09-20,89.2,90.03571428571429,1.1624952636855106
2023-09-21,89.56,90.13428571428572,1.072984267401573
2023-09-22,90.0,90.33571428571429,0.8423154029764508
2023-09-25,89.68,90.27142857142859,0.8770866276355295
2023-09-26,91.43,90.35714285714286,0.9656209450503663
2023-09-27,93.67,90.67142857142856,1.562033168355879
2023-09-28,91.65,90.74142857142859,1.5981387984289535
2023-09-29,90.77,90.96571428571428,1.448963504748017
2023-10-02,88.81,90.85857142857142,1.5909999850337297
2023-10-03,89.26,90.75285714285714,1.6796697521199835
2023-10-04,84.32,89.98714285714286,2.9736101195101488
2023-10-05,82.3,88.68285714285715,4.044674334997308
2023-10-06,82.83,87.13428571428572,3.8891766786930555
2023-10-10,85.89,86.31142857142856,3.345920045723637
2023-10-11,83.7,85.30142857142857,2.797948227846278
2023-10-12,82.87,84.45285714285716,2.433527715652854
2023-10-13,87.67,84.22571428571428,1.9327256844730774
2023-10-16,86.65,84.55857142857143,2.141077832706646
2023-10-17,86.66,85.18142857142857,2.0043488433174654
2023-10-18,88.35,85.97,2.010895322982804
2023-10-19,89.35,86.46428571428571,2.3794247003753286
2023-10-20,89.12,87.23857142857142,2.2054812669896457
2023-10-23,85.49,87.61285714285714,1.4246252640087256
2023-10-24,84.58,87.17142857142858,1.8261200085725178
2023-10-25,86.07,87.08857142857143,1.8664353598170844
2023-10-26,83.8,86.67999999999999,2.249592555700049
2023-10-27,86.04,86.35000000000001,2.1300391232700266
2023-10-30,83.03,85.44714285714285,1.9806877112552903
2023-10-31,81.64,84.37857142857142,1.660837425028234
2023-11-01,81.05,83.74428571428572,1.9823458926454902
2023-11-02,83.04,83.52428571428571,1.9594629973766673
2023-11-03,81.19,82.82714285714285,1.7608304317896841
2023-11-06,81.54,82.50428571428571,1.7599134177816647
2023-11-07,77.96,81.35000000000001,1.7032517919141892
2023-11-08,75.85,80.32428571428571,2.4989788390634793
2023-11-09,76.34,79.56714285714285,2.8166156659216584
2023-11-13,78.86,79.25428571428571,2.7451767225602453
2023-11-14,78.9,78.66285714285713,2.1817937137857326
2023-11-15,77.15,78.08571428571429,1.9205889473681799
2023-11-16,73.5,76.93714285714286,1.9145992991174234
2023-11-17,76.47,76.7242857142857,1.864089206936981
2023-11-20,78.1,77.0457142857143,1.882107481367381
2023-11-21,78.35,77.33285714285714,1.909622251349139
2023-11-22,76.8,77.03857142857143,1.7900412338932608
2023-11-24,74.83,76.45714285714287,1.7450856166715871
2023-11-27,74.46,76.07285714285715,1.8595135052428553
2023-11-28,76.09,76.44285714285715,1.4815050262646368
2023-11-29,77.56,76.59857142857142,1.5409242742711016
2023-11-30,75.66,76.25,1.4155564276955452
2023-12-01,73.7,75.58571428571429,1.355628478388717
2023-12-04,72.73,75.00428571428571,1.5989877750475863
2023-12-05,71.95,74.59285714285714,1.977116707779297
2023-12-06,68.98,73.81000000000002,2.9054661129193358
2023-12-07,69.0,72.79714285714286,3.1991390210772868
2023-12-08,70.87,71.84142857142857,2.4509279097998973
2023-12-11,70.95,71.16857142857144,1.7835491636161382
2023-12-12,68.27,70.39285714285714,1.6766903340147143
2023-12-13,69.09,69.87285714285714,1.366878613061462
2023-12-14,71.21,69.76714285714286,1.1975908355993066
2023-12-15,71.05,70.06285714285714,1.2260602797218245
2023-12-18,72.16,70.51428571428572,1.3454349624129576
2023-12-19,73.23,70.85142857142857,1.698729216905684
2023-12-20,73.87,71.26857142857143,2.0493123120620638
2023-12-21,73.59,72.02857142857142,1.7103842508929916
2023-12-22,73.29,72.62857142857143,1.1538692671628836
2023-12-26,75.84,73.29,1.4847558721853829
2023-12-27,74.31,73.75571428571429,1.1351630887605497
2023-12-28,72.02,73.73571428571428,1.1687009475272332
2023-12-29,71.89,73.5442857142857,1.3595079642102064
2024-01-02,70.62,73.08,1.7333012817517413
2024-01-03,72.97,72.99142857142857,1.7186761239501998
2024-01-04,72.38,72.86142857142856,1.7267255000056512
2024-01-05,74.0,72.59857142857143,1.2799925594977737
2024-01-08,71.06,72.13428571428571,1.1372167360492138
2024-01-09,72.43,72.19285714285714,1.1409018988702266
2024-01-10,71.57,72.14714285714285,1.1612882829767148
2024-01-11,72.15,72.36571428571429,0.9508742844091013
2024-01-12,72.94,72.36142857142858,0.9477592621738037
2024-01-16,72.63,72.39714285714287,0.9532700611644306
2024-01-17,72.79,72.22428571428573,0.6865822879187872
2024-01-18,74.32,72.69000000000001,0.8511364951181881
2024-01-19,73.69,72.87,0.917623742784669
2024-01-22,75.26,73.39714285714285,1.090041502044527
2024-01-23,74.72,73.76428571428572,1.0311944068656758
2024-01-24,75.48,74.12714285714286,1.1345147903456745
2024-01-25,77.91,74.88142857142857,1.6232008355008027
2024-01-26,78.45,75.69000000000001,1.8070602277335752
2024-01-29,77.25,76.10857142857142,1.7759075479983815
2024-01-30,78.3,76.76714285714286,1.572680453720352
2024-01-31,76.28,76.91285714285713,1.452419983859389
2024-02-01,74.36,76.86142857142856,1.546344383496519
2024-02-02,72.72,76.46714285714286,2.1795237575016095
2024-02-05,73.21,75.7957142857143,2.376039121048259
2024-02-06,73.83,75.13571428571427,2.1464300372366063
2024-02-07,74.26,74.70857142857143,1.943471366491009
2024-02-08,76.67,74.47571428571429,1.4850236489984379
2024-02-09,77.26,74.61571428571428,1.7122777923236314
2024-02-12,77.34,75.04142857142857,1.9865835712861126
2024-02-13,78.28,75.83571428571429,2.0150339711160616
2024-02-14,77.09,76.39,1.6778160407674922
2024-02-15,78.47,77.05285714285715,1.389696780901284
2024-02-16,79.65,77.82285714285715,1.03136987037353
2024-02-20,78.72,78.11571428571428,0.9361064245510946
2024-02-21,78.89,78.34857142857143,0.8893336188995438
2024-02-22,79.64,78.67714285714285,0.8794262198622771
2024-02-23,77.6,78.58,0.9640885159866897
2024-02-26,78.53,78.78571428571429,0.7144894947345648
2024-02-27,79.8,78.97571428571429,0.7894482702618634
2024-02-28,79.44,78.94571428571429,0.7631045612623717
2024-02-29,79.22,79.01714285714286,0.7618555043541373
2024-03-01,80.9,79.30428571428571,1.0355651780965867
2024-03-04,79.67,79.30857142857144,1.0372468136234168
2024-03-05,79.11,79.52428571428571,0.7359541911149178
2024-03-06,80.08,79.74571428571429,0.6092032266983513
2024-03-07,79.81,79.74714285714286,0.6093634461591222
2024-03-08,78.96,79.67857142857143,0.6733356907011862
2024-03-11,78.87,79.62857142857142,0.724141527860422
2024-03-12,78.51,79.28714285714285,0.572267836053568
2024-03-13,80.67,79.42999999999999,0.7732830443360792
2024-03-14,82.16,79.86571428571428,1.2655283105300572
2024-03-15,81.94,80.13142857142857,1.4928655729967326
2024-03-18,83.68,80.6842857142857,1.9883565839037387
2024-03-19,84.39,81.46000000000001,2.246048381786341
2024-03-20,82.79,82.02,1.9635851564570792
2024-03-21,81.99,82.51714285714286,1.2304973829780748
2024-03-22,81.1,82.57857142857142,1.1295047376496727
2024-03-25,82.41,82.61428571428571,1.1179573209298677
2024-03-26,82.41,82.68142857142857,1.0843189655446217
2024-03-27,82.15,82.46285714285715,1.000445139016894
2024-03-28,83.96,82.40142857142857,0.8666492672200123
2024-04-01,84.54,82.65142857142857,1.1896418028296372
2024-04-02,85.95,83.21714285714286,1.6680499021860264
2024-04-03,86.22,83.94857142857143,1.7070581768177124
2024-04-04,87.37,84.65714285714286,1.970987183160594
2024-04-05,87.69,85.41142857142857,1.977990803578406
2024-04-08,87.24,86.13857142857144,1.4422370190232328
2024-04-09,86.04,86.43571428571428,1.0897837269027641
2024-04-10,86.98,86.78428571428572,0.7044822482425508
2024-04-11,85.79,86.76142857142858,0.7378669385744622
2024-04-12,86.46,86.79571428571428,0.7136959469939202
2024-04-15,86.21,86.63,0.6924834534679627
2024-04-16,86.15,86.41,0.5236410984572364
2024-04-17,83.58,85.88714285714286,1.084092774097516
2024-04-18,83.5,85.52428571428572,1.4026743164713633
2024-04-19,83.79,85.06857142857143,1.368690719522596
2024-04-22,83.82,84.78714285714285,1.3978520938151398
2024-04-23,84.17,84.46000000000001,1.1942361575470652
2024-04-24,84.09,84.15714285714286,0.9119158273564265
2024-04-25,84.92,83.98142857142857,0.4802578672340914
2024-04-26,85.38,84.23857142857142,0.6727909177748503
2024-04-29,84.26,84.34714285714286,0.5899636792632977
2024-04-30,83.49,84.30428571428571,0.645467715243221
2024-05-01,80.7,83.85857142857142,1.5201691635166341
2024-05-02,80.59,83.34714285714287,1.9416978333878008
2024-05-03,79.65,82.71285714285715,2.3424325980020537
2024-05-06,80.1,82.02428571428572,2.2934170804181786
2024-05-07,79.97,81.25142857142858,1.8410452517630587
2024-05-08,80.57,80.72428571428573,1.2783043083528345
2024-05-09,80.86,80.34857142857143,0.4445007900694413
2024-05-10,79.81,80.22142857142856,0.45440175216686324
2024-05-13,80.71,80.23857142857142,0.47252613935349586
2024-05-14,79.62,80.23428571428572,0.4788478235166198
2024-05-15,80.23,80.25285714285714,0.47527936645918856
2024-05-16,80.85,80.37857142857142,0.5035351219518152
2024-05-17,81.66,80.53428571428572,0.7020175007932717
2024-05-20,81.39,80.61,0.7684399781319848
2024-05-21,80.66,80.73142857142857,0.6834088227694645
2024-05-22,79.15,80.50857142857141,0.9087615853671784
2024-05-23,77.47,80.20142857142856,1.45705672014017
2024-05-24,78.48,79.95142857142856,1.5949443937137349
2024-05-28,80.9,79.95857142857143,1.5997440271406589
2024-05-29,80.24,79.75571428571428,1.4289489977205025
2024-05-30,78.96,79.40857142857143,1.2496723380038535
2024-05-31,77.97,79.02428571428571,1.2137937378674162
2024-06-03,75.26,78.46857142857142,1.8633341851919556
2024-06-04,74.27,78.01142857142858,2.4494926588387207
2024-06-05,75.08,77.52571428571427,2.6684068726649492
2024-06-06,76.52,76.89999999999999,2.221388454696
2024-06-07,76.53,76.37,1.6644518617219852
2024-06-10,78.75,76.34,1.6110245187425842
2024-06-11,78.88,76.47,1.7911262750915042
2024-06-12,79.56,77.08428571428571,2.0286026154520016
2024-06-13,79.61,77.84714285714287,1.7831032339288784
2024-06-14,79.41,78.46571428571428,1.3652699017969576
2024-06-17,81.33,79.15285714285713,1.431604161834396
2024-06-18,82.67,80.03,1.4377180993939047
2024-06-20,83.34,80.68571428571428,1.7658884179793761
2024-06-21,81.71,81.09,1.5997187252739096
2024-06-24,82.63,81.52857142857144,1.5296451502575585
2024-06-25,81.97,81.86571428571428,1.2752236031722353
2024-06-26,82.19,82.26285714285714,0.6742579695608538
2024-06-27,83.04,82.50714285714285,0.5836298566012783
2024-06-28,82.83,82.53,0.5941099785892302
2024-07-01,84.7,82.7242857142857,0.9921669406344643
2024-07-02,84.09,83.06428571428572,0.9944488782342867
2024-07-03,85.19,83.42999999999999,1.246822628387726
2024-07-05,84.44,83.78285714285714,1.1063711596251515
2024-07-08,83.63,83.98857142857142,0.8693182879173397
2024-07-09,82.78,83.95142857142858,0.9206415982206021
2024-07-10,83.39,84.03142857142858,0.8264669497571492
2024-07-11,83.92,83.92,0.772096712417913
2024-07-12,83.49,83.8342857142857,0.7833019243912795
2024-07-15,83.22,83.55285714285715,0.5269950754199264
2024-07-16,81.92,83.19285714285714,0.6631167389809133
2024-07-17,84.16,83.26857142857143,0.7463785583561867
2024-07-18,84.17,83.46714285714286,0.7789247778295507
2024-07-19,81.43,83.18714285714286,1.0981456230922564
2024-07-22,81.25,82.80571428571429,1.2538322208684594
2024-07-23,78.24,82.05571428571429,2.0765585082264346
2024-07-24,78.78,81.42142857142858,2.324904503925488
2024-07-25,79.43,81.0657142857143,2.4242721047949924
2024-07-26,78.58,80.26857142857143,2.1377045989501253
2024-07-29,77.27,79.28285714285714,1.548523105902836
2024-07-30,76.17,78.53142857142858,1.608036365376043
2024-07-31,79.36,78.26142857142858,1.1761721610256226
2024-08-01,77.74,78.19000000000001,1.1927559124386544
2024-08-02,74.99,77.64857142857143,1.6520636445684365
2024-08-05,74.46,76.93857142857142,1.8184556503723368
2024-08-06,74.6,76.36999999999999,1.8417564080671813
2024-08-07,76.68,76.28571428571429,1.806874438937321
2024-08-08,77.64,76.49571428571429,1.8753120375247325
2024-08-09,78.28,76.34142857142857,1.6285824978707097
2024-08-12,81.45,76.87142857142858,2.5195530593813116
2024-08-13,79.81,77.55999999999999,2.577641040432855
2024-08-14,78.47,78.13285714285715,2.190370701391552
2024-08-15,79.66,78.85571428571428,1.5800723310721019
2024-08-16,78.05,79.05142857142857,1.330857224638357
2024-08-19,75.82,78.79142857142857,1.760865588010239
2024-08-20,75.27,78.36142857142856,2.2154189112607456
2024-08-21,72.76,77.11999999999999,2.597986399757211
2024-08-22,73.72,76.25,2.5665411224687134
2024-08-23,75.82,75.87142857142858,2.3726246266607474
2024-08-26,78.4,75.69142857142856,2.0651749608778833
2024-08-27,76.5,75.47,1.8410775830083612
2024-08-28,75.49,75.42285714285713,1.8348361805657283
2024-08-29,76.9,75.6557142857143,1.9139301375488895
2024-08-30,74.52,75.90714285714286,1.551394150276868
2024-09-03,71.28,75.55857142857143,2.2441511280891007
2024-09-04,70.11,74.74285714285715,3.0325496109455523
2024-09-05,70.09,73.55571428571429,2.9885161153015076
2024-09-06,68.58,72.42428571428572,3.1810734935578315
2024-09-09,69.65,71.59,3.0039196615955888
2024-09-10,66.73,70.13714285714286,2.407943204516446
2024-09-11,68.25,69.24142857142859,1.5013819031257898
2024-09-12,69.89,69.04285714285714,1.2592155532353104
2024-09-13,69.59,68.96857142857142,1.199700359409305
2024-09-16,71.1,69.11285714285715,1.4009129676189989
2024-09-17,72.16,69.62428571428572,1.7769623625956201
2024-09-18,71.87,69.94142857142857,1.969944403369619
2024-09-19,72.86,70.81714285714285,1.6391432140533806
2024-09-20,72.72,71.45571428571428,1.3100236275537156
2024-09-23,71.33,71.66142857142857,1.1228747120827045
2024-09-24,72.34,72.05428571428571,0.665127986242222
2024-09-25,70.42,71.95714285714286,0.8513266957193852
2024-09-26,68.28,71.40285714285714,1.6164850167913343
2024-09-27,68.72,70.95285714285714,1.8814950995181077
2024-09-30,68.75,70.36571428571429,1.8276748173791177
2024-10-01,70.41,70.03571428571429,1.5132399803341272
2024-10-02,70.74,69.95142857142856,1.4439809390595513
2024-10-03,74.33,70.23571428571428,2.05796709677659
2024-10-04,74.93,70.88000000000001,2.7236005580824134
2024-10-07,77.76,72.23428571428572,3.4699608890326292
2024-10-08,74.26,73.02571428571429,3.1520514861620725
2024-10-09,73.85,73.75428571428571,2.526346882638429
2024-10-10,76.46,74.61857142857141,2.2061386218994516
2024-10-11,76.11,75.38571428571427,1.4296719570415797
2024-10-15,71.22,74.94142857142857,2.1260560401135353
2024-10-16,70.97,74.37571428571428,2.6029653419546794
2024-10-17,71.26,73.44714285714285,2.3406246622455287
2024-10-18,69.78,72.80714285714285,2.670553714652637
2024-10-21,71.16,72.42285714285714,2.6889571354296695
2024-10-22,72.84,71.9057142857143,2.0569545217989855
2024-10-23,71.37,71.22857142857143,0.8932791383630551
2024-10-24,70.58,71.13714285714286,0.9264396775707804
2024-10-25,72.02,71.28714285714285,0.978412222009481
2024-10-28,67.65,70.77142857142857,1.6886920833496337
2024-10-29,67.48,70.44285714285715,2.0898541758163574
2024-10-30,68.91,70.12142857142858,2.133740288562326
2024-10-31,69.58,69.65571428571428,1.7654730918599137
2024-11-01,69.81,69.43285714285715,1.6040959477256507
2024-11-04,71.83,69.61142857142856,1.8095066415187377
2024-11-05,72.26,69.64571428571428,1.8641964948509944
2024-11-06,71.98,70.26428571428572,1.8091881894232
2024-11-07,72.69,71.00857142857143,1.5216814008527448
2024-11-08,70.69,71.26285714285714,1.234095002897871
2024-11-12,68.43,71.09857142857143,1.5352570747927567
2024-11-13,68.76,70.94857142857143,1.722066864468722
2024-11-14,68.99,70.54285714285714,1.8119944286642997
2024-11-15,67.33,69.83857142857143,1.9833341336498465
2024-11-18,69.46,69.47857142857143,1.7441371178036442
2024-11-19,69.75,69.05857142857143,1.0628331410434084
2024-11-20,69.25,68.85285714285715,0.8017213623466404
2024-11-21,70.39,69.13285714285715,0.9567081457667348
2024-11-22,71.68,69.55,1.3305763162327424
2024-11-25,69.41,69.61,1.3104324985742395
2024-11-26,69.05,69.85571428571428,0.9125030984869129
2024-11-27,69.03,69.79428571428572,0.9569719108111374
2024-11-29,68.26,69.58142857142857,1.1202444461070957
2024-12-02,68.35,69.45285714285714,1.212472876470477
2024-12-03,70.15,69.41857142857143,1.1846297392154737
2024-12-04,68.81,69.00857142857143,0.6454566489704698
2024-12-05,68.58,68.89,0.6355837211984863
2024-12-06,68.58,68.82285714285715,0.6406692928828107
2024-12-09,68.65,68.76857142857143,0.6362763700102428
2024-12-10,68.85,68.85285714285715,0.5954470109446969
2024-12-11,70.57,69.16999999999999,0.8285529554506286
2024-12-12,70.25,69.1842857142857,0.8488788123644128
2024-12-13,71.54,69.57428571428571,1.2019547570858926
2024-12-16,71.03,69.92428571428572,1.220735531588058
2024-12-17,70.31,70.17142857142856,1.0689001913341025
2024-12-18,70.8,70.47857142857143,0.8441253574169142
2024-12-19,70.1,70.65714285714286,0.5071395036646001
2024-12-20,69.71,70.5342857142857,0.6227588388896687
2024-12-23,69.5,70.42714285714285,0.7343412986096625
2024-12-24,70.87,70.33142857142857,0.5956908753994404
2024-12-26,70.38,70.23857142857142,0.5136609962164786
2024-12-27,71.28,70.37714285714286,0.6491202838023956
2024-12-30,71.73,70.51,0.8221921916356486
2024-12-31,72.44,70.8442857142857,1.0669716825742719
2025-01-02,73.79,71.42714285714285,1.4049402630874546
2025-01-03,74.64,72.16142857142857,1.5640484708074402
2025-01-06,74.31,72.65285714285714,1.6297005275545344
2025-01-07,74.99,73.31142857142858,1.4830085251617124
2025-01-08,73.99,73.69857142857143,1.188871013063445
2025-01-10,77.27,74.49,1.4705894509760102
2025-01-13,79.57,75.50857142857144,2.1337480995586215
2025-01-14,78.2,76.13857142857144,2.192003866869389
2025-01-15,80.73,77.00857142857144,2.657269454227553
2025-01-16,79.35,77.72857142857141,2.481185392583785
2025-01-17,78.56,78.23857142857142,2.1721143967046035
2025-01-21,76.79,78.63857142857144,1.3684836933768212
2025-01-22,76.12,78.47428571428573,1.6081962685212847
2025-01-23,75.03,77.82571428571428,1.9678995328569884
2025-01-24,74.97,77.36428571428571,2.227119643115705
2025-01-27,73.51,76.33285714285715,2.0752888496575967
2025-01-28,74.15,75.59,1.7146330997200552
2025-01-29,72.94,74.78714285714285,1.374126562406932
2025-01-30,73.1,74.26,1.1704130325038444
2025-01-31,72.84,73.79142857142858,0.9344415189667301
2025-02-03,73.52,73.57571428571428,0.7586140244439225
2025-02-04,73.04,73.3,0.4589480725756829
2025-02-05,71.39,72.99714285714286,0.8392201595397343
2025-02-06,70.97,72.54285714285714,0.9627515132045386
2025-02-07,71.32,72.31142857142858,1.0427596170904583
2025-02-10,72.73,72.25857142857143,1.0048122307349825
2025-02-11,73.67,72.37714285714286,1.1264651834437112
2025-02-12,71.72,72.12,1.0227740056598915
2025-02-13,71.66,71.92285714285715,0.9460041276393059
2025-02-14,71.05,71.87428571428572,0.9858136595804196
2025-02-18,72.21,72.05142857142857,0.9042755585003702
2025-02-19,72.58,72.23142857142857,0.8586700680128907
2025-02-20,72.88,72.25285714285714,0.8749040763673072
2025-02-21,70.72,71.83142857142857,0.784313469879457
2025-02-24,71.06,71.73714285714286,0.8377890403778011
2025-02-25,69.15,71.37857142857143,1.29090960916483
2025-02-26,68.87,71.06714285714285,1.607521013707163
2025-02-27,70.62,70.84,1.5295642080843925
2025-02-28,69.97,70.46714285714286,1.3412396540177947
2025-03-03,68.63,69.86,0.9803400770407712
2025-03-04,68.47,69.53857142857143,1.0194512996540934
2025-03-05,66.58,68.89857142857143,1.2784682054576428
2025-03-06,66.62,68.53714285714285,1.5286782339138865
2025-03-07,67.29,68.31142857142858,1.5868777370565648
2025-03-10,66.31,67.69571428571429,1.3620799920512643
2025-03-11,66.52,67.20285714285714,0.9696341970942829
2025-03-12,67.65,67.06285714285715,0.7817867203877306
2025-03-13,66.82,66.82714285714285,0.47559486558885095
2025-03-14,67.43,66.94857142857143,0.5092945634551997
2025-03-17,67.84,67.12285714285714,0.5817133969358511
2025-03-18,67.49,67.15142857142857,0.596026525443126
2025-03-19,67.4,67.30714285714285,0.4682490179823342
2025-03-20,68.55,67.59714285714286,0.5247130735061312
2025-03-21,68.52,67.72142857142856,0.6314910548578352
2025-03-24,69.46,68.09857142857143,0.7753585959836048
2025-03-25,69.48,68.39142857142856,0.8629489859579371
2025-03-26,70.05,68.70714285714286,1.017934416441219
2025-03-27,70.3,69.10857142857142,1.0120017880581405
2025-03-28,69.74,69.44285714285715,0.6882517534855288
2025-03-31,71.87,69.91714285714285,1.0296716998682072
2025-04-01,71.61,70.35857142857142,0.9925628203629469
2025-04-02,72.12,70.73857142857142,1.0951016478088704
2025-04-03,67.43,70.44571428571429,1.6308367703159372
2025-04-04,62.42,69.35571428571428,3.461612616216229
2025-04-07,61.05,68.03428571428572,4.614588667629378
2025-04-08,60.04,66.64857142857143,5.405618769918815
2025-04-09,62.63,65.32857142857142,5.033439607832604
2025-04-10,60.57,63.751428571428576,4.430746470482982
2025-04-11,61.91,62.292857142857144,2.4581477734613495
2025-04-14,61.99,61.51571428571429,0.9771362433547435
2025-04-15,61.74,61.41857142857143,0.9032612868727934
2025-04-16,62.88,61.68,1.0341502147410282
2025-04-17,65.07,62.39857142857143,1.3907363585633856
2025-04-21,63.48,62.519999999999996,1.45014941758286
2025-04-22,64.6,63.09571428571428,1.3429675739736635
2025-04-23,62.64,63.199999999999996,1.2614145498802163
2025-04-24,63.55,63.42285714285714,1.1443879628459657
2025-04-25,63.85,63.72428571428571,0.8729424788676621
2025-04-28,63.3,63.78428571428571,0.81794166748714
2025-04-29,61.84,63.32285714285714,0.8804300896948267
2025-04-30,59.55,62.76142857142857,1.6660475040337168
2025-05-01,60.59,62.18857142857143,1.6171933359053787
2025-05-02,59.67,61.76428571428572,1.8516286267529178
2025-05-05,58.5,61.042857142857144,2.016380538532481
2025-05-06,60.42,60.55285714285714,1.5927932936110574
2025-05-07,59.42,59.99857142857143,1.0651983942108159
2025-05-08,61.25,59.91428571428571,0.906768201587494
2025-05-09,62.37,60.317142857142855,1.2711636963188242
2025-05-12,63.32,60.707142857142856,1.7113904121617252
2025-05-13,65.04,61.47428571428571,2.278580385110606
2025-05-14,64.48,62.32857142857143,2.0908883962796363
2025-05-15,63.03,62.701428571428565,1.919508865751072
2025-05-16,63.84,63.33285714285715,1.2809334394001082
2025-05-19,63.98,63.722857142857144,0.9000502631373043
2025-05-20,63.97,63.95142857142857,0.6740036738505868
2025-05-21,62.93,63.89571428571429,0.7470577207139719
2025-05-22,62.55,63.54,0.7028987598862686
2025-05-23,62.89,63.31285714285714,0.5975146939671959
2025-05-27,61.61,63.11,0.8825908829403886
2025-05-28,62.54,62.92428571428571,0.839083967636532
2025-05-29,61.66,62.59285714285715,0.8102821378012625
2025-05-30,61.46,62.23428571428571,0.6358945704630732
2025-06-02,63.27,62.28285714285714,0.7069114580386568
2025-06-03,64.1,62.50428571428571,0.9904352097661455
2025-06-04,63.57,62.60142857142857,1.0651045108487038
2025-06-05,64.06,62.95142857142857,1.0873274356713858
2025-06-06,65.3,63.34571428571429,1.3754981781442432
2025-06-09,65.99,63.964285714285715,1.4619719233778077
2025-06-10,65.66,64.56428571428572,1.0730153329497285
2025-06-11,68.91,65.37,1.806193049847367
2025-06-12,68.73,66.03142857142856,2.0891898634873085
2025-06-13,73.84,67.49857142857142,3.3175263303198217
2025-06-16,72.53,68.70857142857143,3.3980064183330203
2025-06-17,75.62,70.18285714285715,3.8775753346873603
2025-06-18,75.89,71.59714285714286,3.8987934641599438
2025-06-20,75.72,73.03428571428572,3.1223434422585385
2025-06-23,69.36,73.09857142857143,3.026435904773242
2025-06-24,65.45,72.63000000000001,3.933514120137297
2025-06-25,65.98,71.50714285714285,4.596519387120673
2025-06-26,66.44,70.63714285714286,4.934560818976282
2025-06-27,66.66,69.35714285714286,4.575648275691876
2025-06-30,66.3,67.98714285714286,3.6320091514442603
2025-07-01,66.64,66.69,1.2509063380807441
2025-07-02,68.66,66.59,1.0058661275987655
2025-07-03,68.13,66.97285714285714,1.0096651967398989
2025-07-07,69.16,67.42714285714285,1.1881177591080716
2025-07-08,69.55,67.87142857142857,1.3304188384484879
2025-07-09,69.61,68.29285714285714,1.3498112742805812
2025-07-10,67.78,68.50428571428571,1.0732017073907727
2025-07-11,69.63,68.93142857142857,0.7555445844107025
2025-07-14,68.19,68.86428571428571,0.8030744494835268
2025-07-15,67.76,68.81142857142856,0.8689347610910115
2025-07-16,67.13,68.52142857142857,1.0525592393616245
2025-07-17,68.76,68.40857142857143,0.9623829551511616
2025-07-18,68.53,68.25428571428571,0.812585526624561
2025-07-21,68.39,68.34142857142857,0.7855025688683617
2025-07-22,67.56,68.0457142857143,0.5831196887543515
2025-07-23,66.05,67.74,0.94410451398011
2025-07-24,67.16,67.6542857142857,0.9688972622245143
2025-07-25,66.38,67.54714285714286,1.0724693357736108
2025-07-28,67.81,67.41142857142857,0.9460695635267932
2025-07-29,70.27,67.66,1.4058212309243268
2025-07-30,71.09,68.0457142857143,1.916966850194943
2025-07-31,70.36,68.44571428571427,2.083609505500766
2025-08-01,68.39,68.78,1.804161855262633
2025-08-04,67.33,68.80428571428571,1.7796990114660638
2025-08-05,66.2,68.77857142857142,1.8213770300788856
2025-08-06,65.38,68.43142857142857,2.223851228319657
2025-08-07,64.9,67.66428571428571,2.402920841686805
2025-08-08,64.94,66.78571428571429,2.0382660698280954
2025-08-11,65.03,66.02428571428571,1.3647815105034884
2025-08-12,64.22,65.42857142857143,1.0287926349355694
2025-08-13,63.68,64.90714285714286,0.8051234746962664
2025-08-14,64.99,64.73428571428572,0.5795934535617885
2025-08-15,63.78,64.50571428571428,0.5977138987382827
2025-08-18,64.51,64.45,0.572479985079236
2025-08-19,63.38,64.22714285714287,0.6485294720931133
2025-08-20,64.19,64.10714285714286,0.5446012083840094
2025-08-21,64.56,64.15571428571428,0.5708723483214998
2025-08-22,64.08,64.21285714285715,0.5341571018967141
2025-08-25,65.18,64.24,0.582837884821242
2025-08-26,63.6,64.21428571428571,0.6098594685757217
2025-08-27,64.49,64.21142857142857,0.6082879956872193
2025-08-28,64.96,64.43714285714286,0.537361277763961
2025-08-29,64.36,64.46142857142857,0.5280918029698393
2025-09-02,65.95,64.66,0.7749623646666542
2025-09-03,64.36,64.7,0.7467485074082267
2025-09-04,63.81,64.50428571428571,0.7788208425208595
2025-09-05,62.22,64.30714285714285,1.1378007190072401
2025-09-08,62.6,64.03714285714285,1.2998809469229406
2025-09-09,62.97,63.75285714285714,1.2818959173192794
2025-09-10,64.01,63.702857142857134,1.2609218094340682
2025-09-11,62.71,63.24,0.8140434058753633
2025-09-12,63.02,63.048571428571435,0.6472358810331115
2025-09-15,63.66,63.027142857142856,0.6197234406084344
2025-09-16,64.89,63.40857142857143,0.8271120152052225
2025-09-17,64.41,63.66714285714285,0.8150401684414919
2025-09-18,63.91,63.80142857142857,0.756360332357313
2025-09-19,63.02,63.660000000000004,0.8020390680318011
2025-09-22,62.99,63.699999999999996,0.7521967827521395
2025-09-23,63.76,63.80571428571428,0.6901414623669206
2025-09-24,65.4,64.05428571428571,0.9079070646701977
2025-09-25,65.51,64.14285714285714,1.0256333699264393
2025-09-26,66.5,64.44142857142857,1.3645686567668893
2025-09-29,64.27,64.49285714285715,1.347883702762768
2025-09-30,63.17,64.51428571428572,1.3214998693699926
2025-10-01,62.59,64.45714285714287,1.404441932882996
2025-10-02,61.28,64.10285714285715,1.8513212784855393
2025-10-03,61.65,63.56714285714286,1.9531744612740398
2025-10-06,62.49,63.13571428571429,1.7781999994594908
2025-10-07,62.52,62.56714285714286,0.9806241938204961
2025-10-08,63.37,62.438571428571436,0.7526492890870192
2025-10-09,62.36,62.32285714285714,0.6802380535562592
2025-10-10,59.75,61.91714285714285,1.1670720384103062
2025-10-14,59.52,61.66571428571429,1.4759274727248124
2025-10-15,59.08,61.29857142857143,1.770700695307584
2025-10-16,58.29,60.698571428571434,1.9968427460274711
2025-10-17,58.3,60.09571428571428,1.9923090217324673
2025-10-20,58.34,59.37714285714286,1.4470051173043146
2025-10-21,58.66,58.84857142857142,0.608835735122222
2025-10-22,59.3,58.78428571428571,0.5141937748320936
2025-10-23,62.44,59.201428571428565,1.482750019062085
2025-10-24,62.27,59.65714285714286,1.8770074967453678
2025-10-27,62.13,60.205714285714286,1.969702660659712
2025-10-28,60.97,60.58714285714285,1.7894292785239274
2025-10-29,61.26,61.00428571428571,1.4942875352745602
2025-10-30,61.36,61.39,1.079104567059417
2025-10-31,61.75,61.74,0.5613673782072565
2025-11-03,61.79,61.64714285714286,0.47310021084938275
2025-11-04,61.38,61.519999999999996,0.3901281840393902
2025-11-05,60.4,61.27285714285714,0.477483482617205
2025-11-06,60.24,61.16857142857143,0.6146659952332021
2025-11-07,60.54,61.06571428571429,0.6556893863791515
2025-11-10,60.94,61.00571428571429,0.6433728090386198
2025-11-12,59.3,60.65571428571429,0.8146135513706912
2025-11-13,59.54,60.33428571428571,0.7321852484697023
2025-11-14,60.87,60.26142857142857,0.6288727632536836
2025-11-17,60.66,60.298571428571435,0.6458696610222566
2025-11-18,61.51,60.480000000000004,0.7891556669302483
2025-11-19,60.27,60.44142857142857,0.7923262916011278
2025-11-20,60.07,60.317142857142855,0.7689758185438627
2025-11-21,58.86,60.25428571428571,0.8764484609737605
2025-11-24,59.11,60.19285714285714,0.9470782136859064
2025-11-25,58.25,59.81857142857143,1.1341138768639947
2025-11-26,58.81,59.55428571428572,1.1208308992631277
2025-11-28,58.58,59.135714285714286,0.7567002299961051
2025-12-01,59.47,59.021428571428565,0.6012882994275642
2025-12-02,58.81,58.84142857142857,0.38463959628257216
2025-12-03,59.09,58.87428571428571,0.3961421101188127
2025-12-04,59.82,58.97571428571428,0.5335996358782723
2025-12-05,60.23,59.25857142857143,0.6048258308763347
2025-12-08,59.04,59.29142857142857,0.5822207076031639
2025-12-09,58.4,59.26571428571429,0.6215265385132033
2025-12-10,58.67,59.151428571428575,0.6505748373773308
2025-12-11,57.76,59.00142857142857,0.8368079941231937
2025-12-12,57.61,58.79,0.9846149839645186
2025-12-15,56.97,58.38285714285714,1.0729975813134136
2025-12-16,55.44,57.69857142857143,1.2164624747033161
2025-12-17,56.07,57.27428571428572,1.1882319799077286
2025-12-18,56.22,56.96285714285714,1.128180161220079
2025-12-19,56.8,56.69571428571429,0.8415631713713219
2025-12-22,58.18,56.75571428571429,0.9393766930303197
2025-12-23,58.55,56.89,1.1297492347036096
2025-12-24,58.72,57.13999999999999,1.3268383473430934
2025-12-26,56.6,57.30571428571428,1.1381543120664483
2025-12-29,57.89,57.565714285714286,1.0094199182742936
2025-12-30,57.79,57.790000000000006,0.8165782264917402
2025-12-31,57.26,57.855714285714285,0.7383959448757772
2026-01-02,57.21,57.71714285714285,0.7581493758955712
2026-01-05,58.1,57.652857142857144,0.6919468738066681
2026-01-06,56.97,57.402857142857144,0.5420244239614397
2026-01-07,56.01,57.31857142857143,0.7081061260111446
2026-01-08,57.74,57.29714285714285,0.6899689433861214
2026-01-09,58.96,57.464285714285715,0.92942378461542
2026-01-12,59.39,57.76857142857143,1.169151096178196
2026-01-13,60.85,58.28857142857144,1.6068543656353989
2026-01-14,61.84,58.82285714285714,2.0844960564857407
2026-01-15,59.13,59.13142857142857,1.9177019977988923
2026-01-16,59.4,59.61571428571428,1.3386916142548773
2026-01-20,60.3,59.98142857142857,1.0619389274791242
2026-01-21,60.38,60.18428571428571,0.9655543682654741
2026-01-22,59.24,60.16285714285714,0.9875342067518987
2026-01-23,60.7,60.14142857142857,0.9716382826763451
2026-01-26,60.46,59.94428571428572,0.6593900500283945
2026-01-27,62.04,60.36000000000001,0.9244818368405251
2026-01-28,62.75,60.83857142857143,1.1772344508900898
2026-01-29,64.77,61.47714285714286,1.854136944647179
2026-01-30,64.5,62.06571428571429,2.0871021149136952
2026-02-02,61.6,62.40285714285715,1.7113611959020365
2026-02-03,62.62,62.67714285714286,1.5380367820176963
2026-02-04,64.56,63.26285714285715,1.317911406799752
2026-02-05,62.9,63.385714285714286,1.2214725695150537
2026-02-06,63.77,63.53142857142857,1.1935162136994517
2026-02-09,64.53,63.49714285714286,1.1548263114019885
2026-02-10,64.2,63.45428571428572,1.1163311507244327
2026-02-11,64.8,63.91142857142857,0.8550717040285509
2026-02-12,63.08,63.97714285714285,0.7505712110385248
2026-02-13,63.05,63.76142857142857,0.7718252948024569
2026-02-17,62.53,63.708571428571425,0.8494199701542688
2026-02-18,65.33,63.93142857142857,1.0493399285727008
2026-02-19,66.66,64.23571428571428,1.4745265583947136
2026-02-20,66.69,64.59142857142857,1.7407797924198243
2026-02-23,66.36,64.81428571428572,1.8671980536117692
2026-02-24,65.62,65.17714285714285,1.7145622792733302
2026-02-25,65.3,65.49857142857142,1.4379085340744788
2026-02-26,65.1,65.86571428571429,0.6841504986078072
2026-02-27,66.96,66.09857142857143,0.7460211920790937
2026-03-02,71.13,66.73714285714286,2.0609440740044835
2026-03-03,74.48,67.85,3.5769027570395955
2026-03-04,74.58,69.02428571428571,4.285354349962956
2026-03-05,80.88,71.2042857142857,5.8578660993642115
2026-03-06,90.77,74.84285714285714,8.767076126594896
2026-03-09,94.65,79.06428571428572,10.278020005724978
2026-03-10,83.71,81.45714285714287,8.839445145266685
2026-03-11,86.8,83.69571428571429,7.698837265333264
2026-03-12,95.61,86.71428571428571,7.625297496147398
2026-03-13,98.48,90.12857142857142,6.563290405914697
2026-03-16,93.39,91.91571428571429,5.183376818068192
2026-03-17,96.01,92.66428571428571,5.365512889875515
2026-03-18,96.12,92.87428571428572,5.483651025678091
2026-03-19,96.11,94.64571428571428,3.7625915587647296
2026-03-20,98.71,96.34714285714287,1.8093158401773561
2026-03-23,89.33,95.45,3.2327645547826855
2026-03-24,93.18,94.69285714285715,3.0183809914449515
2026-03-25,91.51,94.42428571428572,3.229859940939785
2026-03-26,96.18,94.44857142857143,3.244376820342125
2026-03-27,101.26,95.18285714285715,4.142936616642398
2026-03-30,104.69,96.40857142857143,5.507465928389738
2026-03-31,102.86,97.00142857142859,5.998014750930012
2026-04-01,101.9,98.79714285714286,5.138581887010985
2026-04-02,113.23,101.66142857142857,6.803874946360254
2026-04-06,114.01,104.87571428571428,6.517547742166838
2026-04-07,114.58,107.50428571428573,6.124575787058633
2026-04-08,96.17,106.77714285714286,7.197642471174378
2026-04-09,99.62,106.05285714285715,7.681500969397385
2026-04-10,98.34,105.40714285714286,8.169128297612465
2026-04-13,100.72,105.23857142857143,8.265170755588972
2026-04-14,93.07,102.35857142857142,8.524754988798346
2026-04-15,93.04,99.36285714285714,7.351740642608673
2026-04-16,96.46,96.77428571428571,3.006902376991116
2026-04-17,85.91,95.30857142857143,5.113349940991727
2026-04-20,91.06,94.08571428571429,4.930726306007463
2026-04-21,93.64,93.41428571428571,4.561000830017516
2026-04-22,94.76,92.56285714285715,3.370938120095871
2026-04-23,99.27,93.44857142857143,4.231163861048107
2026-04-24,98.42,94.21714285714286,4.615729318628775
2026-04-27,99.89,94.70714285714287,5.05469984036468
2026-04-28,103.45,97.21285714285715,4.2504419938225295
2026-04-29,110.47,99.98571428571428,5.663782179023325
2026-04-30,108.64,102.12857142857142,5.7002380902650485
2026-05-01,105.38,103.64571428571428,4.745527217435725
2026-05-04,109.76,105.14428571428572,4.789533231059544
2026-05-05,105.66,106.17857142857143,3.7682773631607476
2026-05-06,98.75,106.01571428571427,4.095757386787447
2026-05-07,98.38,105.29142857142857,4.9782943148943515
2026-05-08,98.87,103.63428571428572,4.897189184088817
2026-05-11,101.56,102.62285714285714,4.396577131836168
2026-05-12,105.78,102.67999999999999,4.44076194663269
2026-05-13,104.52,101.93142857142857,3.358047193291808
2026-05-14,104.66,101.78857142857143,3.1900597098447774
2026-05-15,108.99,103.25142857142858,3.8450592911391355
2026-05-18,112.25,105.23285714285716,4.443496049604657
2026-05-19,112.09,107.12142857142855,4.083207189499033
2026-05-20,101.69,107.14,4.053887023585592
2026-05-21,100.2,106.34285714285714,4.838559407804405
2026-05-22,100.35,105.74714285714286,5.331937466142334
2026-05-26,97.63,104.74285714285713,6.16743251357635
2026-05-27,92.35,102.36571428571429,7.350877174738358
2026-05-28,92.65,99.56571428571428,6.6586831960046835
2026-05-29,91.16,96.57571428571428,4.4205197927492135
2026-06-01,95.96,95.75714285714285,3.803041389403471
2026-06-02,97.47,95.36714285714287,3.3889266456380778
2026-06-03,99.76,95.28285714285714,3.248782922292964
2026-06-04,96.83,95.16857142857144,3.16545641033109
2026-06-05,94.32,95.45,2.9535853918007264
2026-06-08,95.0,95.78571428571429,2.7054134443286126
2026-06-09,91.9,95.89142857142858,2.5012958546267723
2026-06-10,93.68,95.5657142857143,2.635715318103845
2026-06-11,91.58,94.7242857142857,2.857317256580666
2026-06-12,88.62,93.13285714285713,2.682068320565631
2026-06-15,84.65,91.39285714285714,3.6573611355978013
2026-06-16,79.8,89.31857142857143,5.415491447600838
2026-06-17,80.65,87.26857142857143,5.618619132168558
2026-06-18,80.35,85.61857142857143,5.726725150762004
2026-06-22,78.94,83.51285714285713,4.92190245835006
2026-06-23,74.62,81.09,4.439654641221687
2026-06-24,71.42,78.63285714285713,4.336057019479536
2026-06-25,72.67,76.92142857142858,3.9084328853179042
2026-06-26,70.3,75.56428571428572,4.365000409096782
2026-06-29,71.87,74.31000000000002,3.896365828134324
