Date,Price,Rolling_Mean,Rolling_STD
1986-01-03,25.78,,
1986-01-10,25.99,,
1986-01-17,24.57,,
1986-01-24,20.31,,
1986-01-31,19.69,,
1986-02-07,16.72,,
1986-02-14,16.25,21.330000000000002,4.13932764266533
1986-02-21,14.39,19.70285714285714,4.332669363051347
1986-02-28,14.25,18.025714285714287,3.722632836863606
1986-03-07,12.27,16.268571428571427,2.9392653763110372
1986-03-14,13.07,15.234285714285713,2.524716862956147
1986-03-21,13.45,14.342857142857142,1.6336535157504115
1986-03-28,12.0,13.668571428571427,1.4530706403042297
1986-04-04,11.44,12.98142857142857,1.1303455013316932
1986-04-11,13.46,12.848571428571429,0.9821308224370081
1986-04-18,12.16,12.549999999999999,0.7824747067263593
1986-04-25,13.44,12.717142857142857,0.8358371907995289
1986-05-02,13.76,12.815714285714284,0.920757969335633
1986-05-09,15.08,13.04857142857143,1.2537866454787263
1986-05-16,15.74,13.582857142857142,1.504323926616316
1986-05-23,16.37,14.287142857142857,1.4878475984422415
1986-05-30,14.64,14.455714285714285,1.4447359290755448
1986-06-06,13.25,14.611428571428572,1.1928457370426522
1986-06-13,13.21,14.578571428571431,1.2329832192886867
1986-06-20,13.82,14.587142857142856,1.2265359661218056
1986-06-27,13.56,14.370000000000001,1.2588619198836717
1986-07-04,12.23,13.86857142857143,1.3197907482049869
1986-07-11,11.13,13.120000000000001,1.1380685392364742
1986-07-18,12.17,12.767142857142858,0.956708145773992
1986-07-25,11.31,12.49,1.068035579931599
1986-08-01,11.45,12.238571428571428,1.077410917762627
1986-08-08,14.63,12.354285714285714,1.2967376648452822
1986-08-15,15.39,12.615714285714287,1.7015958895778993
1986-08-22,15.3,13.054285714285713,1.9614098427989026
1986-08-29,15.77,13.717142857142857,1.9865943579042518
1986-09-05,16.07,14.274285714285714,2.0268518868995957
1986-09-12,15.13,14.819999999999999,1.5550669867672038
1986-09-19,14.23,15.217142857142857,0.63199984930672
1986-09-26,14.3,15.17,0.6925075210180557
1986-10-03,15.02,15.117142857142857,0.6870156302373193
1986-10-10,15.16,15.097142857142858,0.6828302445388951
1986-10-17,14.69,14.942857142857145,0.6250257137566771
1986-10-24,15.01,14.791428571428572,0.3910425625353113
1986-10-31,14.53,14.705714285714285,0.36963302264335973
1986-11-07,14.98,14.812857142857142,0.3131407716300141
1986-11-14,15.45,14.977142857142857,0.3006500892904883
1986-11-21,15.4,15.031428571428572,0.34124422199873683
1986-11-28,15.01,15.01,0.3365016097037825
1986-12-05,15.2,15.082857142857142,0.30982329833371475
1986-12-12,15.34,15.129999999999999,0.32176596049495476
1986-12-19,16.23,15.372857142857141,0.4199886619783824
1986-12-26,17.05,15.668571428571429,0.7193383202968857
1987-01-02,17.86,16.012857142857143,1.0824003308343972
1987-01-09,18.38,16.43857142857143,1.3533098754710868
1987-01-16,19.04,17.014285714285712,1.4941648407818118
1987-01-23,18.68,17.51142857142857,1.3630899771160616
1987-01-30,18.62,17.98,1.010362971081841
1987-02-06,18.45,18.297142857142855,0.6556603359899665
1987-02-13,18.14,18.45285714285714,0.3827407427887456
1987-02-20,17.63,18.419999999999998,0.44665422868255
1987-02-27,16.75,18.187142857142856,0.7751067514803837
1987-03-06,17.47,17.962857142857143,0.7117516956006975
1987-03-13,18.31,17.91,0.6615889962809162
1987-03-20,18.72,17.924285714285713,0.6802905541716924
1987-03-27,18.59,17.944285714285716,0.7000918307112021
1987-04-03,18.77,18.034285714285716,0.7667650040452845
1987-04-10,18.6,18.172857142857143,0.769170858472815
1987-04-17,18.3,18.39428571428571,0.446872731429479
1987-04-24,18.94,18.604285714285712,0.235574272991024
1987-05-01,18.76,18.66857142857143,0.20070115191738597
1987-05-08,19.14,18.728571428571428,0.26959405108601314
1987-05-15,19.52,18.861428571428572,0.3915111139941904
1987-05-22,19.85,19.01571428571429,0.5357193650553087
1987-05-29,19.34,19.12142857142857,0.5125240993172724
1987-06-05,19.73,19.325714285714287,0.40405680883007206
1987-06-12,19.88,19.46,0.410649891432319
1987-06-19,20.38,19.69142857142857,0.40687543431334205
1987-06-26,20.21,19.844285714285714,0.3639073665490029
1987-07-03,20.46,19.978571428571428,0.3962923403848286
1987-07-10,21.06,20.15142857142857,0.5606671196420324
1987-07-17,22.03,20.535714285714285,0.7877152011325748
1987-07-24,21.5,20.78857142857143,0.7698577481464096
1987-07-31,21.25,20.98428571428571,0.6677538753877486
1987-08-07,21.52,21.147142857142857,0.6339746126809315
1987-08-14,20.8,21.231428571428573,0.5170566884276343
1987-08-21,19.61,21.110000000000003,0.7675502155126127
1987-08-28,19.42,20.875714285714285,1.000347558649166
1987-09-04,19.56,20.52285714285714,0.9601512777633323
1987-09-11,19.38,20.22,0.9345765529550779
1987-09-18,19.63,19.988571428571426,0.8319540967190833
1987-09-25,19.57,19.71,0.4898299024491692
1987-10-02,19.64,19.544285714285714,0.1034177842310323
1987-10-09,19.65,19.55,0.10862780491208768
1987-10-16,19.82,19.607142857142858,0.13161994348818098
1987-10-23,19.98,19.667142857142856,0.18953577373107175
1987-10-30,20.03,19.759999999999998,0.18457157599884982
1987-11-06,19.17,19.694285714285716,0.2902215902178875
1987-11-13,18.88,19.595714285714287,0.42523942835606554
1987-11-20,18.6,19.447142857142858,0.5656770069487436
1987-11-27,18.83,19.330000000000002,0.6004997918401027
1987-12-04,18.62,19.15857142857143,0.6085345394587582
1987-12-11,18.34,18.924285714285713,0.5527162365040698
1987-12-18,16.35,18.398571428571426,0.940096246339122
1987-12-25,16.23,17.978571428571428,1.1672964286679206
1988-01-01,16.78,17.678571428571427,1.1668680098369586
1988-01-08,17.6,17.53571428571429,1.094209869309879
1988-01-15,16.79,17.244285714285716,0.9548273341788704
1988-01-22,17.2,17.041428571428572,0.740662509096303
1988-01-29,16.92,16.83857142857143,0.4711485459818588
1988-02-05,17.08,16.942857142857143,0.42334833119274645
1988-02-12,17.24,17.087142857142858,0.2914740860814642
1988-02-19,16.7,17.075714285714287,0.30669513325415904
1988-02-26,16.33,16.89428571428571,0.3202008298372178
1988-03-04,15.64,16.73,0.5757024694520567
1988-03-11,15.74,16.52142857142857,0.6381334387995498
1988-03-18,16.08,16.40142857142857,0.6296143944623034
1988-03-25,16.58,16.330000000000002,0.5648303580130739
1988-04-01,17.07,16.305714285714284,0.5211480001833274
1988-04-08,16.89,16.332857142857144,0.5492939190667
1988-04-15,18.15,16.592857142857145,0.8793125020095711
1988-04-22,18.16,16.952857142857145,0.9380780757433511
1988-04-29,18.25,17.31142857142857,0.874784327161563
1988-05-06,17.34,17.49142857142857,0.6890918799750269
1988-05-13,17.51,17.624285714285715,0.5620159292776392
1988-05-20,17.53,17.69,0.5109794516415573
1988-05-27,17.29,17.747142857142858,0.4210587562210123
1988-06-03,17.55,17.661428571428573,0.3848994921372657
1988-06-10,17.15,17.517142857142858,0.35499832326887043
1988-06-17,16.58,17.27857142857143,0.34129305937982973
1988-06-24,15.95,17.08,0.603351749258439
1988-07-01,15.47,16.788571428571426,0.8161786685815138
1988-07-08,15.45,16.49142857142857,0.8775805484669096
1988-07-15,14.64,16.11285714285714,1.0334201192433754
1988-07-22,15.86,15.87142857142857,0.8163215986244592
1988-07-29,16.14,15.727142857142855,0.6177840584354525
1988-08-05,15.45,15.565714285714284,0.4927763908999722
1988-08-12,15.67,15.525714285714287,0.4670780499678125
1988-08-19,15.58,15.541428571428572,0.4667414905999349
1988-08-26,15.54,15.554285714285713,0.46503968084641467
1988-09-02,15.13,15.624285714285715,0.3181643780004358
1988-09-09,14.4,15.415714285714285,0.5394706400059208
1988-09-16,14.75,15.217142857142857,0.481099930219246
1988-09-23,14.9,15.138571428571428,0.4816440100123436
1988-09-30,13.94,14.891428571428571,0.5942061530990429
1988-10-07,12.85,14.501428571428571,0.889483531258872
1988-10-14,14.08,14.292857142857144,0.7682819422952346
1988-10-21,14.76,14.239999999999998,0.7117349693997482
1988-10-28,13.44,14.102857142857143,0.7661747904516303
1988-11-04,13.75,13.959999999999999,0.717054158809816
1988-11-11,13.93,13.821428571428571,0.5870669630011566
1988-11-18,13.75,13.794285714285715,0.5850600294798984
1988-11-25,14.43,14.02,0.4489988864126361
1988-12-02,15.33,14.198571428571428,0.6706819557093194
1988-12-09,15.61,14.319999999999999,0.8438601779914694
1988-12-16,16.31,14.73,1.0231976022905531
1988-12-23,17.04,15.200000000000001,1.2322743201088846
1988-12-30,16.99,15.637142857142857,1.249302662631024
1989-01-06,17.35,16.15142857142857,1.0712676069564142
1989-01-13,18.06,16.669999999999998,0.9731906288080706
1989-01-20,19.05,17.201428571428572,1.1235721097082036
1989-01-27,17.85,17.521428571428572,0.8893523593309248
1989-02-03,17.41,17.678571428571427,0.7208427607420018
1989-02-10,17.39,17.72857142857143,0.6801575447748495
1989-02-17,18.08,17.884285714285713,0.603320178756773
1989-02-24,18.46,18.042857142857144,0.5850844464892889
1989-03-03,18.4,18.091428571428573,0.6006504410893415
1989-03-10,18.5,18.012857142857143,0.47776264280185243
1989-03-17,19.71,18.27857142857143,0.7883617733719438
1989-03-24,20.0,18.648571428571426,0.9110146096784028
1989-03-31,20.4,19.07857142857143,0.9281599821048245
1989-04-07,20.11,19.368571428571425,0.880045994468942
1989-04-14,20.56,19.668571428571425,0.876630453715151
1989-04-21,22.73,20.287142857142857,1.2711899187468778
1989-04-28,20.87,20.625714285714285,1.0032423625899798
1989-05-05,20.23,20.699999999999996,0.9414881836751255
1989-05-12,19.75,20.66428571428571,0.9765561452173611
1989-05-19,20.42,20.66714285714286,0.9756829110202913
1989-05-26,20.28,20.69142857142857,0.9615166590934201
1989-06-02,19.89,20.595714285714287,1.0089575006387168
1989-06-09,20.08,20.217142857142857,0.3686784636016926
1989-06-16,19.94,20.084285714285716,0.23894609872340444
1989-06-23,19.95,20.044285714285714,0.23387013083148403
1989-06-30,20.25,20.115714285714287,0.20337626400787534
1989-07-07,20.59,20.139999999999997,0.25046623192204764
1989-07-14,20.42,20.16,0.268452354555817
1989-07-21,20.06,20.184285714285714,0.24676960529030556
1989-07-28,18.34,19.935714285714287,0.7442413842935219
1989-08-04,18.15,19.68,1.0045231040979454
1989-08-11,18.25,19.437142857142856,1.1264651834494124
1989-08-18,18.77,19.225714285714282,1.0866593631071713
1989-08-25,18.96,18.99285714285714,0.9050545892506833
1989-09-01,18.77,18.757142857142856,0.65047967648784
1989-09-08,19.31,18.65,0.42162384499288447
1989-09-15,19.8,18.858571428571427,0.5756859262776879
1989-09-22,19.63,19.07,0.5429241813242209
1989-09-29,19.77,19.287142857142857,0.4575556172281663
1989-10-06,20.03,19.467142857142857,0.46792856597673677
1989-10-13,20.37,19.66857142857143,0.5144067317932229
1989-10-20,20.46,19.91,0.40796241656950244
1989-10-27,19.65,19.958571428571425,0.33903925885878317
1989-11-03,19.99,19.985714285714288,0.33175579084892903
1989-11-10,19.89,20.02285714285714,0.2981450589735962
1989-11-17,19.74,20.018571428571427,0.30256837086435884
1989-11-24,20.02,20.017142857142858,0.3025290226138687
1989-12-01,19.7,19.92142857142857,0.27721403111587495
1989-12-08,20.36,19.907142857142855,0.24560905830954988
1989-12-15,20.81,20.072857142857142,0.3913103749246897
1989-12-22,21.76,20.325714285714287,0.7428292119290458
1989-12-29,21.78,20.595714285714287,0.8874656264301871
1990-01-05,23.29,21.102857142857143,1.2551323208558611
1990-01-12,22.62,21.474285714285713,1.2659365063442596
1990-01-19,22.71,21.904285714285717,1.0567380177201462
1990-01-26,23.08,22.29285714285714,0.8794641225524797
1990-02-02,22.7,22.562857142857144,0.5912335772408389
1990-02-09,22.23,22.63,0.5053051883101828
1990-02-16,22.27,22.7,0.3883297567787656
1990-02-23,21.81,22.48857142857143,0.4155088675918693
1990-03-02,21.51,22.330000000000002,0.5477529856908068
1990-03-09,21.01,22.087142857142855,0.7053773053175193
1990-03-16,20.19,21.67428571428572,0.8568908359655693
1990-03-23,19.73,21.25,0.9894105989594043
1990-03-30,20.26,20.96857142857143,0.9432996796957809
1990-04-06,19.83,20.62,0.8257319984917716
1990-04-13,17.96,20.07,1.1279036601884738
1990-04-20,17.6,19.511428571428574,1.2567342409518607
1990-04-27,18.2,19.110000000000003,1.1418114263455397
1990-05-04,18.37,18.849999999999998,1.0591191308503678
1990-05-11,18.71,18.704285714285714,0.9854754714156064
1990-05-18,19.19,18.551428571428573,0.7614772610180346
1990-05-25,16.83,18.122857142857143,0.7661530370561687
1990-06-01,17.72,18.08857142857143,0.7799023137852166
1990-06-08,16.77,17.970000000000002,0.9175147591909629
1990-06-15,17.11,17.814285714285713,0.9633250947085089
1990-06-22,15.9,17.461428571428574,1.1584534024785849
1990-06-29,16.84,17.194285714285716,1.0311620813893254
1990-07-06,16.68,16.835714285714285,0.5418135332029234
1990-07-13,17.64,16.951428571428572,0.6210858387111631
1990-07-20,18.83,17.11,0.919855061046718
1990-07-27,19.89,17.555714285714284,1.3722834637063248
1990-08-03,21.98,18.251428571428573,2.132544869175684
1990-08-10,27.32,19.882857142857144,3.771943417239586
1990-08-17,27.27,21.37285714285714,4.380554433271777
1990-08-24,30.08,23.28714285714286,4.886640680759839
1990-08-31,27.13,24.642857142857142,4.345249184591177
1990-09-07,29.67,26.19142857142857,3.8293490681464486
1990-09-14,30.99,27.777142857142856,2.9916646106903273
1990-09-21,34.21,29.524285714285718,2.5854584193320496
1990-09-28,39.16,31.215714285714284,4.24399912481474
1990-10-05,36.64,32.55428571428571,4.269679367910616
1990-10-12,39.88,33.95428571428572,4.885437057019047
1990-10-19,36.84,35.34142857142857,3.9049602156377934
1990-10-26,31.32,35.57714285714286,3.5381290455347756
1990-11-02,34.95,36.142857142857146,2.950179171314314
1990-11-09,33.89,36.097142857142856,2.9873662552249622
1990-11-16,31.5,35.002857142857145,3.079949752218397
1990-11-23,30.69,34.152857142857144,3.3610400884533003
1990-11-30,32.32,33.07285714285714,2.2425410756974262
1990-12-07,27.72,31.770000000000003,2.336436032364898
1990-12-14,26.39,31.065714285714282,3.109752707975603
1990-12-21,27.56,30.009999999999998,2.811405342528837
1990-12-28,27.21,29.055714285714284,2.3746919599732474
1991-01-04,26.38,28.32428571428571,2.2830889685018665
1991-01-11,27.55,27.875714285714285,2.0359015786856975
1991-01-18,26.85,27.094285714285714,0.5620455836450575
1991-01-25,24.08,26.574285714285715,1.203949848662691
1991-02-01,21.41,25.86285714285714,2.3018088125479688
1991-02-08,21.3,24.96857142857143,2.7120436855590353
1991-02-15,22.12,24.24142857142857,2.693210157485048
1991-02-22,19.38,23.24142857142857,3.043580285187274
1991-03-01,18.73,21.981428571428573,2.776577200868122
1991-03-08,19.86,20.982857142857142,1.8291046469580452
1991-03-15,19.89,20.384285714285713,1.236107561970889
1991-03-22,20.3,20.225714285714286,1.1508526859514283
1991-03-29,19.58,19.979999999999997,1.0635631935462888
1991-04-05,19.63,19.624285714285715,0.49060700983063293
1991-04-12,20.89,19.84,0.6659329295555074
1991-04-19,21.48,20.232857142857142,0.7115643396935494
1991-04-26,21.19,20.42285714285714,0.7705347555584459
1991-05-03,21.23,20.614285714285717,0.7824503635555881
1991-05-10,21.69,20.812857142857144,0.8617562355582381
1991-05-17,20.95,21.00857142857143,0.6691394615827919
1991-05-24,21.04,21.21,0.28953986484250416
1991-05-31,21.21,21.255714285714284,0.2536307777621876
1991-06-07,20.63,21.134285714285713,0.32248292682702373
1991-06-14,19.84,20.94142857142857,0.5824782849005152
1991-06-21,20.08,20.777142857142856,0.6462124079512682
1991-06-28,20.21,20.565714285714286,0.5293032257237924
1991-07-05,20.8,20.544285714285714,0.5139668323555644
1991-07-12,21.43,20.599999999999998,0.59188962935081
1991-07-19,21.91,20.7,0.7501111028816787
1991-07-26,21.4,20.81,0.7933473388117571
1991-08-02,21.46,21.041428571428572,0.6931913774088467
1991-08-09,21.5,21.244285714285716,0.5599064547716158
1991-08-16,21.44,21.419999999999998,0.32491024401570207
1991-08-23,21.99,21.59,0.24886408606507476
1991-08-30,21.98,21.66857142857143,0.27534394076128765
1991-09-06,21.84,21.65857142857143,0.26623476929323564
1991-09-13,21.54,21.678571428571427,0.24822225064235315
1991-09-20,21.85,21.73428571428571,0.2343684522887837
1991-09-27,22.24,21.84,0.2745299012244991
1991-10-04,22.41,21.978571428571428,0.28363289486109294
1991-10-11,23.08,22.134285714285713,0.5043099953681598
1991-10-18,23.82,22.397142857142857,0.8020954699141499
1991-10-25,23.46,22.628571428571426,0.8470031202504155
1991-11-01,23.32,22.882857142857144,0.7239869769939179
1991-11-08,23.47,23.114285714285717,0.5842333193410112
1991-11-15,22.57,23.16142857142857,0.5106018857328366
1991-11-22,22.04,23.108571428571427,0.6106943745010788
1991-11-29,21.49,22.881428571428575,0.8655909074425809
1991-12-06,20.55,22.41428571428571,1.1197150998185064
1991-12-13,19.64,21.868571428571432,1.4166324925848957
1991-12-20,19.2,21.279999999999998,1.5615590500094314
1991-12-27,18.68,20.595714285714287,1.4897970459411405
1992-01-03,19.11,20.101428571428567,1.2855793579993455
1992-01-10,18.41,19.582857142857144,1.0906223649168751
1992-01-17,18.81,19.199999999999996,0.7154019849006169
1992-01-24,18.66,18.93,0.4142463035438536
1992-01-31,19.05,18.845714285714283,0.2858237885393477
1992-02-07,19.42,18.87714285714286,0.33851215072759766
1992-02-14,19.49,18.99285714285714,0.3938152818139768
1992-02-21,18.62,18.922857142857143,0.41262227624897974
1992-02-28,18.51,18.937142857142856,0.3931799539526684
1992-03-06,18.55,18.900000000000002,0.4186486195682642
1992-03-13,18.76,18.914285714285715,0.4107252586522825
1992-03-20,19.1,18.92142857142857,0.4139012994833815
1992-03-27,19.09,18.874285714285715,0.36335736049833633
1992-04-03,19.73,18.90857142857143,0.43533238532646806
1992-04-10,20.43,19.167142857142856,0.6952868541282458
1992-04-17,20.06,19.388571428571428,0.6979357317934263
1992-04-24,20.06,19.604285714285712,0.6251095142146228
1992-05-01,20.63,19.87142857142857,0.603363587770553
1992-05-08,20.86,20.12285714285714,0.5949709876878111
1992-05-15,20.8,20.367142857142856,0.4277738610413299
1992-05-22,20.49,20.475714285714282,0.3226379365402767
1992-05-29,21.98,20.697142857142858,0.6509151067460364
1992-06-05,22.38,21.02857142857143,0.8365888789487201
1992-06-12,22.35,21.35571428571429,0.842434114987611
1992-06-19,22.26,21.58857142857143,0.8336351834269826
1992-06-26,22.68,21.84857142857143,0.8521429569311351
1992-07-03,22.03,22.024285714285718,0.7157945967675532
1992-07-10,21.48,22.165714285714284,0.38218046098881514
1992-07-17,21.58,22.10857142857143,0.4400919817273106
1992-07-24,21.95,22.047142857142855,0.4256647462383933
1992-07-31,21.95,21.990000000000002,0.40455737129162084
1992-08-07,21.34,21.858571428571427,0.4492003477076485
1992-08-14,21.18,21.64428571428571,0.33540309792093254
1992-08-21,21.39,21.552857142857142,0.2978654218326293
1992-08-28,21.43,21.545714285714286,0.3004916606080091
1992-09-04,21.66,21.557142857142853,0.3035190430986665
1992-09-11,21.94,21.555714285714288,0.30137778854502945
1992-09-18,22.21,21.592857142857138,0.3669565953309243
1992-09-25,21.71,21.645714285714288,0.3507542892514526
1992-10-02,21.81,21.735714285714288,0.2862316743973148
1992-10-09,21.9,21.80857142857143,0.24558966939593327
1992-10-16,22.25,21.92571428571429,0.22998964779953598
1992-10-23,21.58,21.91428571428571,0.2467696052899441
1992-10-30,20.95,21.77285714285714,0.43866138367028307
1992-11-06,20.52,21.53142857142857,0.5951310379913582
1992-11-13,20.37,21.34,0.728651722932879
1992-11-20,20.35,21.131428571428568,0.7789186643764592
1992-11-27,20.16,20.882857142857144,0.7703616961251817
1992-12-04,19.38,20.472857142857144,0.6798949498686334
1992-12-11,19.01,20.10571428571429,0.6762853722812869
1992-12-18,19.38,19.881428571428575,0.6063395245630593
1992-12-25,19.91,19.794285714285714,0.5394088475003391
1993-01-01,19.63,19.68857142857143,0.47663503058492585
1993-01-08,19.0,19.495714285714286,0.43576970763808437
1993-01-15,18.62,19.275714285714287,0.4332380847697777
1993-01-22,18.61,19.165714285714284,0.4956092931214272
1993-01-29,19.9,19.292857142857144,0.5590979128830859
1993-02-05,20.22,19.412857142857142,0.6616573706913721
1993-02-12,20.13,19.444285714285716,0.6936583487291471
1993-02-19,19.51,19.427142857142858,0.6897756709178855
1993-02-26,20.4,19.627142857142854,0.7459605504695811
1993-03-05,20.69,19.92285714285714,0.6882275371248041
1993-03-12,20.45,20.185714285714287,0.38999389494575626
1993-03-19,20.14,20.22,0.3707649749725411
1993-03-26,20.0,20.18857142857143,0.37997493651644415
1993-04-02,20.44,20.232857142857142,0.3899450510736925
1993-04-09,20.37,20.35571428571429,0.2247114551929995
1993-04-16,20.28,20.33857142857143,0.22534629435752965
1993-04-23,19.95,20.232857142857142,0.20572751280159762
1993-04-30,20.3,20.211428571428574,0.1862282265948836
1993-05-07,20.47,20.25857142857143,0.20586634591567804
1993-05-14,20.06,20.267142857142858,0.1942261813544471
1993-05-21,19.43,20.12285714285714,0.3539168586785163
1993-05-28,19.84,20.047142857142855,0.3488893943981934
1993-06-04,19.95,20.0,0.3341656275956533
1993-06-11,19.43,19.925714285714285,0.3987002693272698
1993-06-18,18.76,19.705714285714286,0.5528368397893824
1993-06-25,18.52,19.427142857142854,0.593344034146205
1993-07-02,18.61,19.22,0.5886708191621957
1993-07-09,18.02,19.018571428571427,0.7292788349097913
1993-07-16,17.72,18.715714285714284,0.7703431517371623
1993-07-23,17.54,18.37142857142857,0.6569735806819557
1993-07-30,18.18,18.192857142857143,0.46233877498748976
1993-08-06,17.67,18.037142857142857,0.42121705749364285
1993-08-13,17.87,17.944285714285716,0.3649135579307794
1993-08-20,17.84,17.834285714285716,0.21678385109374712
1993-08-27,18.49,17.90142857142857,0.3280969659222939
1993-09-03,18.1,17.955714285714286,0.32449227740430525
1993-09-10,16.96,17.872857142857146,0.48344990384072434
1993-09-17,16.94,17.695714285714285,0.5713392787375743
1993-09-24,17.67,17.695714285714285,0.5713392787375743
1993-10-01,18.33,17.76142857142857,0.6191776420226675
1993-10-08,18.46,17.85,0.6741908730716616
1993-10-15,18.57,17.861428571428572,0.6873967454927918
1993-10-22,18.12,17.864285714285717,0.6885941509784271
1993-10-29,17.37,17.922857142857143,0.612037969565836
1993-11-05,17.29,17.972857142857144,0.5267103658782538
1993-11-12,16.71,17.835714285714285,0.7113334225910074
1993-11-19,16.75,17.610000000000003,0.7760798927944257
1993-11-26,16.08,17.27,0.8585841057616246
1993-12-03,15.21,16.79,0.9454981050570682
1993-12-10,14.68,16.298571428571428,1.0292785267915312
1993-12-17,14.31,15.86142857142857,1.1420220163001067
1993-12-24,14.4,15.448571428571428,1.0588583249806576
1993-12-31,14.21,15.091428571428574,0.9812479905954065
1994-01-07,15.03,14.845714285714285,0.6592130951079607
1994-01-14,14.67,14.644285714285715,0.3721046959685207
1994-01-21,15.02,14.617142857142856,0.3283145994170795
1994-01-28,15.34,14.71142857142857,0.4287745550374195
1994-02-04,15.76,14.918571428571429,0.5386844645809488
1994-02-11,14.87,14.985714285714286,0.49040313834145366
1994-02-18,14.13,14.974285714285713,0.5119523787376586
1994-02-25,14.44,14.89,0.5485131417446426
1994-03-04,14.68,14.891428571428573,0.5478572980690599
1994-03-11,14.24,14.78,0.5946707772652432
1994-03-18,14.82,14.705714285714285,0.5433187260670808
1994-03-25,15.15,14.618571428571428,0.3660340863647436
1994-04-01,14.44,14.557142857142859,0.3526430813968496
1994-04-08,15.65,14.774285714285714,0.4878475562049619
1994-04-15,16.07,15.007142857142856,0.6602452646734526
1994-04-22,17.02,15.341428571428574,0.9813159289346371
1994-04-29,16.93,15.725714285714286,1.004537325386729
1994-05-06,17.2,16.065714285714286,1.0486953345761476
1994-05-13,17.93,16.462857142857143,1.1641551197572437
1994-05-20,18.21,17.001428571428573,0.9184847770726137
1994-05-27,18.14,17.357142857142858,0.779523664077606
1994-06-03,18.24,17.667142857142856,0.5910362167614053
1994-06-10,18.26,17.844285714285714,0.5490858203369117
1994-06-17,19.61,18.22714285714286,0.7146960726002952
1994-06-24,19.8,18.59857142857143,0.7657116204643141
1994-07-01,19.16,18.774285714285718,0.7268621405936392
1994-07-08,19.39,18.942857142857143,0.7108378691306957
1994-07-15,20.16,19.231428571428573,0.7400096524465549
1994-07-22,19.39,19.395714285714288,0.5970722218417297
1994-07-29,19.66,19.595714285714283,0.32633608150956267
1994-08-05,20.09,19.664285714285715,0.37642427936440853
1994-08-12,18.88,19.532857142857143,0.4700962414126026
1994-08-19,17.85,19.345714285714287,0.7930711851792933
1994-08-26,17.23,19.037142857142857,1.1240954035090918
1994-09-02,17.52,18.66,1.1274454901826227
1994-09-09,17.65,18.41142857142857,1.1314802777987012
1994-09-16,16.93,18.02142857142857,1.099430588553654
1994-09-23,17.38,17.634285714285713,0.623935283579203
1994-09-30,17.83,17.48428571428571,0.33285918658655667
1994-10-07,18.13,17.524285714285714,0.3951310813241556
1994-10-14,17.37,17.544285714285714,0.3810449292341557
1994-10-21,17.35,17.52,0.3882009788754079
1994-10-28,17.93,17.56,0.41717302565381387
1994-11-04,18.69,17.81142857142857,0.496938244701935
1994-11-11,18.25,17.935714285714287,0.4795434336551008
1994-11-18,17.51,17.889999999999997,0.5058326468966653
1994-11-25,17.73,17.832857142857144,0.4967130051887412
1994-12-02,17.78,17.891428571428573,0.45550077099909747
1994-12-09,16.99,17.84,0.539413261485559
1994-12-16,16.86,17.687142857142856,0.6499413892987845
1994-12-23,17.1,17.46,0.5020624131186235
1994-12-30,17.71,17.382857142857144,0.3892605933351588
1995-01-06,17.62,17.39857142857143,0.39738430481602544
1995-01-13,17.55,17.372857142857146,0.3776998052117229
1995-01-20,18.45,17.46857142857143,0.5456320057640633
1995-01-27,18.34,17.66142857142857,0.585418043550173
1995-02-03,18.5,17.895714285714288,0.5374277360058701
1995-02-10,18.42,18.084285714285716,0.43316113794798516
1995-02-17,18.55,18.204285714285714,0.4285190444173892
1995-02-24,18.75,18.365714285714287,0.38204961034101986
1995-03-03,18.5,18.50142857142857,0.12876704695213187
1995-03-10,18.27,18.475714285714286,0.15586929811562733
1995-03-17,18.13,18.445714285714285,0.20023795368275868
1995-03-24,18.69,18.472857142857144,0.22065918560145306
1995-03-31,19.12,18.572857142857142,0.32612442848851736
1995-04-07,19.43,18.69857142857143,0.4585640112141044
1995-04-14,19.53,18.810000000000002,0.557285085630758
1995-04-21,20.26,19.06142857142857,0.7557871960506443
1995-04-28,20.29,19.349999999999998,0.788183565759357
1995-05-05,20.24,19.65142857142857,0.6318076862311378
1995-05-12,19.74,19.801428571428573,0.46923443221990824
1995-05-19,19.98,19.924285714285713,0.36124124639224436
1995-05-26,19.37,19.915714285714284,0.3753601445212613
1995-06-02,18.92,19.82857142857143,0.5219970808162996
1995-06-09,19.05,19.655714285714286,0.5546427421578337
1995-06-16,18.91,19.458571428571428,0.5365764490863164
1995-06-23,17.88,19.12142857142857,0.684724484042614
1995-06-30,17.71,18.83142857142857,0.7993628415061376
1995-07-07,17.28,18.445714285714285,0.8041736367819223
1995-07-14,17.34,18.155714285714286,0.7810005792326524
1995-07-21,17.21,17.911428571428573,0.7694463067995456
1995-07-28,17.41,17.677142857142858,0.5948589268532437
1995-08-04,17.72,17.507142857142856,0.2590826306869399
1995-08-11,17.81,17.497142857142858,0.24315388033849172
1995-08-18,17.6,17.481428571428573,0.23032068740665854
1995-08-25,19.02,17.73,0.6072341668032021
1995-09-01,17.88,17.807142857142857,0.5832584986010221
1995-09-08,18.37,17.972857142857144,0.5491118369910122
1995-09-15,18.72,18.16,0.5485435260759394
1995-09-22,18.32,18.245714285714286,0.5141289443596729
1995-09-29,17.55,18.208571428571428,0.558343638852849
1995-10-06,17.29,18.164285714285715,0.6231868939264763
1995-10-13,17.28,17.915714285714284,0.5697033480345206
1995-10-20,17.51,17.862857142857145,0.5903590513608219
1995-10-27,17.56,17.747142857142855,0.5525611364579088
1995-11-03,17.79,17.614285714285714,0.3567845821992476
1995-11-10,17.76,17.534285714285716,0.20090272462503383
1995-11-17,18.06,17.607142857142858,0.28317922980036725
1995-11-24,17.99,17.70714285714286,0.2760262237366646
1995-12-01,18.32,17.855714285714285,0.28745185932327955
1995-12-08,18.74,18.03142857142857,0.3962502816580886
1995-12-15,19.02,18.24,0.48176757881764626
1995-12-22,19.12,18.43,0.5341348144427652
1995-12-29,19.44,18.669999999999998,0.5597320787660786
1996-01-05,19.99,18.945714285714285,0.6730492092670624
1996-01-12,19.43,19.15142857142857,0.5389628487945342
1996-01-19,18.64,19.197142857142858,0.4652137245649299
1996-01-26,18.35,19.141428571428573,0.5455098096099826
1996-02-02,17.64,18.944285714285716,0.7908825690929188
1996-02-09,17.72,18.744285714285713,0.9074663840027501
1996-02-16,18.8,18.65285714285714,0.8564989645004071
1996-02-23,21.45,18.861428571428572,1.2995567009743745
1996-03-01,19.49,18.87,1.3041216712151948
1996-03-08,19.72,19.024285714285718,1.3358749585053518
1996-03-15,20.8,19.374285714285715,1.44616570215691
1996-03-22,23.16,20.162857142857142,1.8036695399999179
1996-03-29,22.03,20.77857142857143,1.5483478137616957
1996-04-05,22.49,21.305714285714284,1.3816277494661426
1996-04-12,23.95,21.662857142857142,1.709383068884823
1996-04-19,24.34,22.35571428571428,1.6642000795461718
1996-04-26,23.8,22.93857142857143,1.2502190284294845
1996-05-03,21.16,22.990000000000002,1.1510574848081552
1996-05-10,20.98,22.678571428571427,1.3712455234981984
1996-05-17,21.06,22.54,1.491453429823709
1996-05-24,22.24,22.504285714285714,1.4958370805098216
1996-05-31,20.37,21.992857142857144,1.5307592265027896
1996-06-07,20.04,21.37857142857143,1.272954942530936
1996-06-14,20.15,20.857142857142858,0.7599718039880368
1996-06-21,20.95,20.827142857142857,0.7501047545888727
1996-06-28,20.55,20.765714285714285,0.7531015235422105
1996-07-05,21.4,20.814285714285713,0.7855116621847584
1996-07-12,21.65,20.729999999999997,0.6215839980777842
1996-07-19,21.8,20.934285714285714,0.7119657562656513
1996-07-26,20.96,21.065714285714286,0.5946107169918637
1996-08-02,20.66,21.138571428571428,0.4848170985508733
1996-08-09,21.35,21.195714285714285,0.48245404419651117
1996-08-16,22.25,21.43857142857143,0.5288802186827697
1996-08-23,22.5,21.595714285714287,0.6621393897271254
1996-08-30,21.82,21.62,0.6675577378272014
1996-09-06,23.48,21.860000000000003,0.9744913202963662
1996-09-13,24.42,22.354285714285712,1.2735234213635391
1996-09-20,23.52,22.762857142857143,1.084046651605319
1996-09-27,24.33,23.18857142857143,1.0199743227391322
1996-10-04,24.44,23.50142857142857,1.019974322739122
1996-10-11,24.93,23.84857142857143,1.035735303563177
1996-10-18,25.45,24.367142857142856,0.7075241877066321
1996-10-25,25.15,24.60571428571428,0.6365232947515297
1996-11-01,23.91,24.532857142857143,0.6883970338328885
1996-11-08,22.92,24.447142857142858,0.8531649759512657
1996-11-15,23.9,24.38571428571429,0.8781202868028332
1996-11-22,24.03,24.32714285714286,0.8875192821510592
1996-11-29,24.21,24.224285714285713,0.8467950783757349
1996-12-06,25.14,24.180000000000003,0.7772601452105972
1996-12-13,24.2,24.044285714285714,0.6526064955964757
1996-12-20,26.02,24.345714285714287,0.9835964135565768
1996-12-27,25.44,24.705714285714286,0.8228377147173918
1997-01-03,25.59,24.947142857142858,0.7944749688881932
1997-01-10,26.3,25.27142857142857,0.8205776130549853
1997-01-17,25.42,25.444285714285716,0.6740884497561318
1997-01-24,24.4,25.33857142857143,0.7795389357693088
1997-01-31,24.24,25.344285714285714,0.7698886746978195
1997-02-07,23.49,24.982857142857142,0.9681376328755603
1997-02-14,22.21,24.521428571428572,1.3912276182256196
1997-02-21,22.18,24.034285714285716,1.5433929845510437
1997-02-28,20.83,23.252857142857142,1.589126744323225
1997-03-07,20.77,22.58857142857143,1.5017259911117329
1997-03-14,20.64,22.05142857142857,1.4158087037851843
1997-03-21,21.72,21.69142857142857,1.036008825113912
1997-03-28,20.83,21.31142857142857,0.699557683383293
1997-04-04,19.76,20.96142857142857,0.7829735749355061
1997-04-11,19.38,20.56142857142857,0.7718252948135215
1997-04-18,19.65,20.392857142857142,0.8300545019395906
1997-04-25,19.85,20.261428571428574,0.8332152297259894
1997-05-02,19.99,20.16857142857143,0.8201103293951812
1997-05-09,19.94,19.914285714285715,0.4524325785075338
1997-05-16,21.45,20.002857142857145,0.6699680162939685
1997-05-23,21.43,20.24142857142857,0.8438488919117387
1997-05-30,20.9,20.458571428571428,0.778255068972027
1997-06-06,20.12,20.525714285714287,0.7145361465745467
1997-06-13,18.88,20.38714285714286,0.9292239465580139
1997-06-20,18.93,20.235714285714284,1.079025133208192
1997-06-27,19.0,20.101428571428567,1.176087136389426
1997-07-04,19.95,19.88714285714286,1.015048673475097
1997-07-11,19.44,19.602857142857143,0.7567191087342621
1997-07-18,19.49,19.40142857142857,0.49697178227816413
1997-07-25,19.52,19.315714285714286,0.39331315525294436
1997-08-01,20.13,19.494285714285716,0.44312741368784747
1997-08-08,20.35,19.697142857142858,0.46618001836583556
1997-08-15,19.99,19.83857142857143,0.3567645615538387
1997-08-22,19.92,19.834285714285716,0.35538041321236163
1997-08-29,19.5,19.842857142857145,0.34485331595268126
1997-09-05,19.61,19.860000000000003,0.3269046751981615
1997-09-12,19.44,19.84857142857143,0.3418298100625055
1997-09-19,19.44,19.75,0.34660255817447605
1997-09-26,20.12,19.717142857142857,0.2858154582772536
1997-10-03,21.62,19.95,0.780704809771107
1997-10-10,22.01,20.24857142857143,1.101187670523967
1997-10-17,21.03,20.467142857142857,1.0794707698019612
1997-10-24,21.0,20.665714285714284,1.0218260964705534
1997-10-31,20.92,20.87714285714286,0.8673852332480655
1997-11-07,20.65,21.05,0.6179536120667227
1997-11-14,20.66,21.127142857142854,0.5060867608656106
1997-11-21,19.81,20.868571428571425,0.6532847406610803
1997-11-28,19.3,20.481428571428573,0.6669689790742295
1997-12-05,18.69,20.147142857142857,0.8939745388937034
1997-12-12,18.44,19.78142857142857,1.0038165265861025
1997-12-19,18.31,19.40857142857143,0.9951118625799931
1997-12-26,18.31,19.07428571428571,0.8967507484032237
1998-01-02,17.58,18.634285714285713,0.7289457488467725
1998-01-09,16.83,18.208571428571428,0.7950561525541467
1998-01-16,16.47,17.804285714285715,0.8640960043663317
1998-01-23,16.02,17.422857142857143,0.9883271099137502
1998-01-30,17.3,17.259999999999998,0.8808707812916363
1998-02-06,16.65,17.02285714285714,0.7671965042872027
1998-02-13,16.25,16.728571428571428,0.5576566617382133
1998-02-20,16.03,16.507142857142856,0.4629151933027821
1998-02-27,15.3,16.288571428571426,0.6197157566559972
1998-03-06,15.23,16.111428571428572,0.727127420549108
1998-03-13,14.4,15.88,0.976217188949333
1998-03-20,14.04,15.414285714285715,0.9634115967550377
1998-03-27,16.42,15.381428571428572,0.9170501362418217
1998-04-03,15.98,15.342857142857143,0.8793314560073495
1998-04-10,15.55,15.274285714285714,0.8343831482571065
1998-04-17,15.53,15.307142857142859,0.8400736929127163
1998-04-24,14.5,15.202857142857143,0.8947758431719194
1998-05-01,15.71,15.389999999999999,0.833786543427148
1998-05-08,15.48,15.595714285714285,0.5860277906624757
1998-05-15,15.03,15.397142857142857,0.4873641446844439
1998-05-22,13.91,15.10142857142857,0.6689401710027371
1998-05-29,14.99,15.021428571428572,0.6391772986017615
1998-06-05,15.02,14.948571428571428,0.5993726879395261
1998-06-12,13.42,14.794285714285715,0.8290729188449913
1998-06-19,12.04,14.27,1.221174298233863
1998-06-26,14.17,14.082857142857142,1.099116528334217
1998-07-03,14.41,13.994285714285713,1.0330675541458552
1998-07-10,13.94,13.998571428571429,1.032721785242576
1998-07-17,14.48,13.925714285714283,0.9670204607085138
1998-07-24,13.89,13.764285714285714,0.8398582646865216
1998-07-31,14.24,13.881428571428572,0.8410197891337782
1998-08-07,13.83,14.137142857142859,0.25753409390626747
1998-08-14,13.12,13.987142857142857,0.46078607783236875
1998-08-21,13.33,13.832857142857145,0.4761552367916932
1998-08-28,13.65,13.791428571428572,0.4778921974476048
1998-09-04,13.98,13.72,0.386436713232178
1998-09-11,14.45,13.8,0.4752543178836084
1998-09-18,14.88,13.891428571428571,0.6150183891949556
1998-09-25,15.78,14.17,0.9389000656798601
1998-10-02,15.83,14.557142857142859,0.9910552336730534
1998-10-09,15.02,14.798571428571426,0.8360109363606052
1998-10-16,14.21,14.87857142857143,0.7275398859956258
1998-10-23,13.81,14.854285714285714,0.7644356773216106
1998-10-30,14.34,14.838571428571427,0.7751866134773819
1998-11-06,14.13,14.731428571428571,0.8190935756765172
1998-11-13,13.63,14.424285714285714,0.7614428659430237
1998-11-20,12.4,13.934285714285716,0.8082668112050461
1998-11-27,11.62,13.448571428571428,1.0364591738452624
1998-12-04,11.28,13.03,1.2477980605852959
1998-12-11,11.16,12.651428571428571,1.3679233478944453
1998-12-18,11.5,12.245714285714286,1.1937037201203118
1998-12-25,11.0,11.79857142857143,0.9265784473255148
1999-01-01,11.83,11.541428571428572,0.47174952999254316
1999-01-08,12.67,11.58,0.5569859363878913
1999-01-15,12.62,11.722857142857142,0.6829522747047257
1999-01-22,12.26,11.862857142857143,0.677463757597172
1999-01-29,12.46,12.048571428571426,0.629137731911548
1999-02-05,12.16,12.142857142857142,0.5808245370657613
1999-02-12,11.81,12.258571428571429,0.35002040756902847
1999-02-19,11.66,12.234285714285715,0.38849526564564035
1999-02-26,12.36,12.19,0.3458805188700897
1999-03-05,12.9,12.23,0.41348115636286537
1999-03-12,14.19,12.505714285714285,0.8499383731163798
1999-03-19,14.91,12.855714285714287,1.2419991565062973
1999-03-26,15.55,13.340000000000002,1.5485907572156496
1999-04-02,16.61,14.025714285714287,1.8004338101586097
1999-04-09,16.45,14.709999999999999,1.6559086126153266
1999-04-16,16.77,15.34,1.4373007108234377
1999-04-23,17.93,16.05857142857143,1.2606272059499257
1999-04-30,18.23,16.635714285714286,1.185114019027432
1999-05-07,18.62,17.165714285714284,1.1120530134674225
1999-05-14,18.0,17.515714285714285,0.8801487969439854
1999-05-21,17.18,17.59714285714286,0.8055994514586693
1999-05-28,17.07,17.685714285714287,0.6832485429392409
1999-06-04,16.77,17.685714285714287,0.6832485429392409
1999-06-11,17.96,17.69,0.6851277253184431
1999-06-18,18.21,17.687142857142856,0.6825372831261067
1999-06-25,18.05,17.60571428571429,0.5788165265683097
1999-07-02,19.04,17.754285714285714,0.7913460503651926
1999-07-09,19.87,18.138571428571428,1.0700534032067153
1999-07-16,20.21,18.587142857142858,1.1979526185081066
1999-07-23,19.89,19.032857142857146,0.9674143249871763
1999-07-30,20.62,19.412857142857142,0.9977092810652293
1999-08-06,20.54,19.745714285714286,0.9147469074895886
1999-08-13,21.44,20.229999999999997,0.7498888806571005
1999-08-20,21.62,20.59857142857143,0.6998911479990423
1999-08-27,21.21,20.79,0.6487937525385996
1999-09-03,21.88,21.028571428571432,0.7046140449783266
1999-09-10,23.0,21.472857142857144,0.8353983936962122
1999-09-17,24.28,21.995714285714286,1.2534200831172309
1999-09-24,24.53,22.565714285714286,1.381760436820207
1999-10-01,24.58,23.014285714285716,1.4627127439891288
1999-10-08,22.72,23.171428571428574,1.3420684107180398
1999-10-15,22.54,23.361428571428572,1.0882467332276111
1999-10-22,22.65,23.47142857142857,0.9427341189578463
1999-10-29,22.5,23.400000000000002,1.0015155182686613
1999-11-05,22.72,23.177142857142858,0.9450346428518388
1999-11-12,24.22,23.132857142857144,0.8757989549682266
1999-11-19,26.05,23.342857142857138,1.3359729823328854
1999-11-26,27.35,24.00428571428571,1.971284328746484
1999-12-03,25.46,24.42142857142857,1.9180148467570568
1999-12-10,26.19,24.927142857142854,1.8381305202632698
1999-12-17,26.2,25.455714285714286,1.530020230180431
1999-12-24,26.07,25.934285714285714,0.943024516168418
1999-12-31,26.34,26.237142857142857,0.5656180774367359
2000-01-07,24.95,26.080000000000002,0.7492663077967874
2000-01-14,26.27,25.925714285714285,0.5204119247557749
2000-01-21,29.37,26.484285714285715,1.3593608442063159
2000-01-28,28.34,26.791428571428575,1.5156893763940116
2000-02-04,28.08,27.06,1.5593588426014597
2000-02-11,28.83,27.454285714285714,1.6152487645647378
2000-02-18,29.87,27.958571428571425,1.7544270534033604
2000-02-25,30.1,28.694285714285716,1.3046948192691807
2000-03-03,31.07,29.38,1.0558408971048743
2000-03-10,32.14,29.775714285714287,1.4838110520192378
2000-03-17,31.29,30.197142857142858,1.425876505705518
2000-03-24,27.99,30.184285714285714,1.4483767597191033
2000-03-31,26.92,29.91142857142857,1.8657923122309579
2000-04-07,25.6,29.30142857142857,2.4788803155955033
2000-04-14,24.87,28.554285714285715,2.94282662952269
2000-04-21,26.66,27.924285714285713,2.7821625709918405
2000-04-28,25.95,27.039999999999996,2.1250254900430625
2000-05-05,26.75,26.391428571428573,1.0141898009645092
2000-05-12,28.7,26.492857142857144,1.2161101140617492
2000-05-19,29.88,26.915714285714284,1.775395328209469
2000-05-26,29.46,27.467142857142857,1.8941111748935267
2000-06-02,29.98,28.197142857142858,1.7012222496947529
2000-06-09,29.79,28.64428571428571,1.6401103331060383
2000-06-16,32.45,29.572857142857146,1.6994284753576303
2000-06-23,33.55,30.544285714285714,1.7593451162561495
2000-06-30,32.12,31.032857142857143,1.6320918508230136
2000-07-07,30.4,31.107142857142858,1.581936727408174
2000-07-14,30.44,31.247142857142855,1.4497093304715274
2000-07-21,30.65,31.342857142857145,1.3721481247261647
2000-07-28,28.02,31.09,1.8018139008600211
2000-08-04,28.5,30.525714285714287,1.919582047763093
2000-08-11,30.14,30.038571428571426,1.3814295563099719
2000-08-18,31.82,29.995714285714286,1.308839907995266
2000-08-25,32.46,30.29,1.611489993763266
2000-09-01,33.08,30.66714285714286,1.9299111748617461
2000-09-08,34.42,31.205714285714286,2.3944578867517454
2000-09-15,34.7,32.160000000000004,2.239315371566124
2000-09-22,35.49,33.15857142857143,1.8619204115768586
2000-09-29,31.13,33.3,1.615745441996431
2000-10-06,31.27,33.221428571428575,1.710316038742509
2000-10-13,33.9,33.42714285714286,1.6899478718359062
2000-10-20,33.48,33.48428571428572,1.6830018532652102
2000-10-27,33.92,33.41285714285714,1.646893178945144
2000-11-03,32.78,33.13857142857143,1.5540637971824713
2000-11-10,33.46,32.848571428571425,1.1885625572008773
2000-11-17,35.0,33.401428571428575,1.1555435744184834
2000-11-24,35.91,34.06428571428571,1.0556176255763319
2000-12-01,34.1,34.09285714285714,1.053133645929763
2000-12-08,29.69,33.55142857142857,1.9837710601393759
2000-12-15,29.05,32.855714285714285,2.5932917122377215
2000-12-22,27.38,32.08428571428571,3.320717076891816
2000-12-29,26.52,31.092857142857145,3.8373415897193195
2001-01-05,27.8,30.064285714285717,3.571240947452457
2001-01-12,28.81,29.050000000000004,2.4739307454600783
2001-01-19,30.63,28.554285714285715,1.4139643694572401
2001-01-26,31.35,28.791428571428572,1.7382119986872433
2001-02-02,29.59,28.868571428571432,1.7634003947998576
2001-02-09,30.92,29.374285714285715,1.7729340760712253
2001-02-16,29.67,29.824285714285715,1.2505179879132016
2001-02-23,28.65,29.945714285714285,1.0456872882277657
2001-03-02,27.91,29.81714285714286,1.244945973201136
2001-03-09,28.45,29.505714285714284,1.2798939688223607
2001-03-16,27.02,28.88714285714286,1.2863218141364001
2001-03-23,26.42,28.434285714285714,1.532153790614584
2001-03-30,26.86,27.854285714285716,1.1568471109419356
2001-04-06,26.76,27.43857142857143,0.8870067375056756
2001-04-13,28.27,27.384285714285717,0.8086791111197456
2001-04-20,27.89,27.381428571428568,0.8065446582265628
2001-04-27,26.99,27.172857142857143,0.6595380778924123
2001-05-04,28.36,27.36428571428571,0.7894482702673381
2001-05-11,28.12,27.607142857142858,0.7078068071090955
2001-05-18,29.08,27.924285714285713,0.8075654182549964
2001-05-25,28.92,28.232857142857142,0.6931020676566385
2001-06-01,28.44,28.257142857142856,0.6975842669694022
2001-06-08,27.98,28.270000000000003,0.6904829227910667
2001-06-15,28.9,28.54285714285714,0.42777386104093984
2001-06-22,27.09,28.361428571428572,0.7005813912128287
2001-06-29,26.37,28.111428571428572,1.033995947306885
2001-07-06,26.87,27.795714285714286,1.0263342071476442
2001-07-13,27.07,27.53142857142857,0.9214016238212623
2001-07-20,25.26,27.07714285714286,1.1534833373410136
2001-07-27,26.5,26.865714285714287,1.0945449152173456
2001-08-03,27.1,26.60857142857143,0.6635618175527339
2001-08-10,27.87,26.720000000000002,0.8077128202520935
2001-08-17,27.52,26.884285714285713,0.8409291912887067
2001-08-24,27.25,26.93857142857143,0.8520451586509484
2001-08-31,26.84,26.905714285714286,0.8505656381264622
2001-09-07,27.38,27.208571428571425,0.45005290694223793
2001-09-14,28.22,27.45428571428571,0.46789803528983126
2001-09-21,27.09,27.45285714285714,0.46917353881407525
2001-09-28,22.35,26.66428571428571,1.9507678585866728
2001-10-05,22.6,25.961428571428574,2.420781062463234
2001-10-12,22.66,25.305714285714288,2.626479628341896
2001-10-19,21.92,24.602857142857143,2.800039965701139
2001-10-26,21.78,23.802857142857142,2.671371147842195
2001-11-02,21.17,22.79571428571429,1.963745207020318
2001-11-09,20.7,21.882857142857144,0.7366300357193912
2001-11-16,19.61,21.49142857142857,1.0901747347930708
2001-11-23,18.28,20.874285714285715,1.5027292630728608
2001-11-30,19.13,20.37,1.3918093739207478
2001-12-07,19.47,20.02,1.2364465212860496
2001-12-14,18.45,19.544285714285714,1.0767212134201696
2001-12-21,19.2,19.262857142857143,0.8038597366400065
2001-12-28,20.94,19.29714285714286,0.8771490615573493
2002-01-04,20.8,19.467142857142854,1.04680011281568
2002-01-11,20.54,19.79,0.9649525031491156
2002-01-18,18.61,19.715714285714284,1.0412309564944384
2002-01-25,19.21,19.678571428571427,1.0559897185648672
2002-02-01,19.71,19.85857142857143,0.9087982645860897
2002-02-08,19.97,19.96857142857143,0.8611509463394578
2002-02-15,21.18,20.002857142857145,0.9096833567369452
2002-02-22,20.7,19.988571428571426,0.8957571949927837
2002-03-01,21.43,20.115714285714287,1.0388111336662431
2002-03-08,23.31,20.787142857142857,1.3696315110973374
2002-03-15,24.4,21.52857142857143,1.7307361494600606
2002-03-22,25.25,22.319999999999997,2.0054093513960685
2002-03-29,25.86,23.16142857142857,2.088982436270745
2002-04-05,26.99,23.99142857142857,2.3127431661083544
2002-04-12,25.24,24.639999999999997,1.8199633695947108
2002-04-19,25.54,25.22714285714286,1.1522689831474302
2002-04-26,26.46,25.677142857142858,0.8557007710196134
2002-05-03,26.88,26.03142857142857,0.7450375509869701
2002-05-10,27.27,26.32,0.7821977584556292
2002-05-17,28.43,26.687142857142852,1.0776473493325383
2002-05-24,27.18,26.714285714285715,1.0888810333372227
2002-05-31,25.22,26.71142857142857,1.0934110018868715
2002-06-07,25.01,26.635714285714283,1.2010947387397097
2002-06-14,24.94,26.41857142857143,1.3644465125881442
2002-06-21,25.61,26.237142857142857,1.3772401664888225
2002-06-28,26.52,26.13,1.3110809789380016
2002-07-05,26.81,25.898571428571433,0.9229559139240284
2002-07-12,26.7,25.830000000000002,0.8244594188515646
2002-07-19,27.62,26.172857142857143,1.0072688202213784
2002-07-26,26.64,26.405714285714282,0.8731142945962115
2002-08-02,26.87,26.68142857142857,0.5928864020315596
2002-08-09,26.77,26.84714285714286,0.35980153259369224
2002-08-16,28.52,27.132857142857144,0.6948312573496375
2002-08-23,30.09,27.601428571428567,1.2910128913817422
2002-08-30,28.84,27.907142857142855,1.2953469842182606
2002-09-06,28.65,28.054285714285715,1.3156349182409073
2002-09-13,29.59,28.475714285714286,1.2583303374292156
2002-09-20,29.39,28.835714285714285,1.0685481917511697
2002-09-27,30.63,29.387142857142855,0.7825751143009971
2002-10-04,30.25,29.634285714285713,0.7347983202402953
2002-10-11,29.37,29.53142857142857,0.7103620807121408
2002-10-18,29.65,29.647142857142857,0.6416051300110761
2002-10-25,27.88,29.537142857142857,0.8673468027207297
2002-11-01,27.03,29.17142857142857,1.2819572090025904
2002-11-08,25.97,28.68285714285714,1.7507590190704743
2002-11-15,25.68,27.975714285714282,1.8310457589661968
2002-11-22,26.98,27.508571428571425,1.5496174643162253
2002-11-29,26.83,27.145714285714288,1.3217268646590703
2002-12-06,27.14,26.787142857142857,0.7427811316420412
2002-12-13,27.82,26.778571428571432,0.7282725810989835
2002-12-20,30.35,27.252857142857145,1.5437801471895956
2002-12-27,32.38,28.16857142857143,2.3477537390124916
2003-01-03,31.96,29.065714285714286,2.436512925903468
2003-01-10,31.54,29.717142857142857,2.3951667602743645
2003-01-17,33.04,30.604285714285712,2.295559896429311
2003-01-24,34.46,31.650000000000002,2.11456063206187
2003-01-31,33.19,32.417142857142856,1.3172789414254598
2003-02-07,33.95,32.93142857142857,1.0517038330157842
2003-02-14,35.79,33.41857142857143,1.4630268688738188
2003-02-21,36.78,34.107142857142854,1.7651979519370853
2003-02-28,36.98,34.88428571428572,1.6396631477514698
2003-03-07,36.98,35.44714285714286,1.576068043007492
2003-03-14,36.66,35.76142857142857,1.5657312303563655
2003-03-21,30.46,35.371428571428574,2.419961628975401
2003-03-28,30.43,34.86857142857143,3.0486195158431917
2003-04-04,29.33,33.94571428571428,3.643020071052906
2003-04-11,28.03,32.69571428571428,3.9927970861825317
2003-04-18,29.28,31.595714285714283,3.6627988257744173
2003-04-25,28.43,30.374285714285715,2.917892259507626
2003-05-02,25.69,28.807142857142857,1.6495121934044152
2003-05-09,26.58,28.252857142857145,1.6534278966810758
2003-05-16,28.54,27.982857142857142,1.3684019181231877
2003-05-23,29.29,27.97714285714286,1.3619069264049897
2003-05-30,29.1,28.13,1.4273051530767353
2003-06-06,30.68,28.330000000000002,1.6893391212737778
2003-06-13,31.46,28.762857142857143,2.0655323307862266
2003-06-20,30.6,29.464285714285715,1.6374355676161965
2003-06-27,30.01,29.954285714285714,1.0315983899243681
2003-07-04,30.31,30.207142857142856,0.8229968466058097
2003-07-11,30.73,30.412857142857145,0.7302902228039857
2003-07-18,31.48,30.752857142857145,0.5486259893495231
2003-07-25,30.61,30.742857142857144,0.5508089289306625
2003-08-01,30.73,30.638571428571428,0.45278503256353253
2003-08-08,32.11,30.854285714285716,0.7150724239039238
2003-08-15,31.31,31.04,0.6220128616027583
2003-08-22,31.19,31.16571428571429,0.5323487936442459
2003-08-29,31.56,31.284285714285712,0.5111378529918766
2003-09-05,29.2,30.958571428571428,0.9247419202387634
2003-09-12,28.92,30.717142857142854,1.2081075322681656
2003-09-19,27.39,30.240000000000002,1.7432345414963404
2003-09-26,27.73,29.61428571428571,1.746223135253498
2003-10-03,29.43,29.345714285714287,1.5784682146819546
2003-10-10,30.69,29.274285714285718,1.4899312863667822
2003-10-17,31.49,29.264285714285716,1.4721623228303462
2003-10-24,30.17,29.40285714285714,1.5102617244007095
2003-10-31,29.28,29.454285714285714,1.497151263153203
2003-11-07,29.79,29.797142857142855,1.1886506956165828
2003-11-14,31.56,30.344285714285714,0.9324136625417507
2003-11-21,32.58,30.794285714285714,1.151909387970468
2003-11-28,30.11,30.71142857142857,1.1811495611113565
2003-12-05,30.63,30.588571428571424,1.1303012662030523
2003-12-12,32.16,30.872857142857146,1.2512622198629668
2003-12-19,33.2,31.43285714285714,1.2959644321982942
2003-12-26,32.24,31.782857142857146,1.0933238965907437
2004-01-02,32.68,31.942857142857147,1.1363789609352863
2004-01-09,33.89,32.13,1.3471203856124163
2004-01-16,34.51,32.75857142857143,1.271920183179802
2004-01-23,35.45,33.44714285714286,1.2315804789739249
2004-01-30,33.61,33.65428571428571,1.093173623642525
2004-02-06,33.41,33.684285714285714,1.081447442748712
2004-02-13,33.88,33.91857142857143,0.8741935058746638
2004-02-20,35.54,34.32714285714285,0.8671546245372133
2004-02-27,36.08,34.64,1.0573551910304881
2004-03-05,36.67,34.948571428571434,1.3003516008039506
2004-03-12,36.44,35.089999999999996,1.4129401968940887
2004-03-19,37.78,35.68571428571429,1.5567043943625463
2004-03-26,36.65,36.14857142857143,1.2104603610665496
2004-04-02,35.23,36.34142857142857,0.8394726235639619
2004-04-09,35.7,36.364285714285714,0.8158606323555792
2004-04-16,37.39,36.55142857142857,0.8869315751774144
2004-04-23,37.32,36.644285714285715,0.9341815873235275
2004-04-30,37.31,36.76857142857143,0.9599900793133314
2004-05-07,39.24,36.97714285714285,1.3108485074648661
2004-05-14,40.37,37.50857142857143,1.8137201968275005
2004-05-21,40.84,38.31,1.8774095628460172
2004-05-28,40.65,39.01714285714286,1.6487946535341482
2004-06-04,40.01,39.39142857142857,1.5093423354935938
2004-06-11,37.99,39.487142857142864,1.3709937306650155
2004-06-18,37.86,39.565714285714286,1.2343805078233394
2004-06-25,37.7,39.34571428571429,1.4246737304008281
2004-07-02,37.14,38.88428571428572,1.5547653321624553
2004-07-09,39.73,38.72571428571429,1.367367996588421
2004-07-16,40.33,38.68,1.295788048511662
2004-07-23,41.27,38.86000000000001,1.569861989687519
2004-07-30,42.5,39.50428571428572,2.0155136412572845
2004-08-06,43.81,40.354285714285716,2.420460404846047
2004-08-13,45.24,41.43142857142857,2.7035496948234212
2004-08-20,47.28,42.879999999999995,2.737273582721582
2004-08-27,44.34,43.53857142857142,2.384990765680172
2004-09-03,43.28,43.96,1.9432704392334887
2004-09-10,43.33,44.25428571428572,1.5922924474147149
2004-09-17,44.39,44.52428571428572,1.3930165964890469
2004-09-24,47.82,45.097142857142856,1.8118748511387694
2004-10-01,49.71,45.73571428571428,2.5199527584382477
2004-10-08,51.77,46.377142857142864,3.3972720148459916
2004-10-15,54.12,47.77428571428572,4.308645793219385
2004-10-22,54.43,49.36714285714286,4.429562485113206
2004-10-29,53.43,50.809999999999995,3.724088255309177
2004-11-05,49.81,51.58428571428572,2.5429632134107427
2004-11-12,48.0,51.61,2.49908649976981
2004-11-19,47.02,51.22571428571428,2.997136728850883
2004-11-26,48.79,50.800000000000004,3.1162156536411945
2004-12-03,46.06,49.64857142857142,3.1735754209376252
2004-12-10,41.91,47.86,3.5369478367652776
2004-12-17,43.5,46.441428571428574,2.8565213609761324
2004-12-24,44.39,45.66714285714285,2.5040880860816035
2004-12-31,42.52,44.88428571428572,2.5098131214814834
2005-01-07,44.07,44.462857142857146,2.3328645787648896
2005-01-14,46.79,44.17714285714286,1.7688764257354357
2005-01-21,47.85,44.43285714285714,2.1702742859346644
2005-01-28,48.56,45.38285714285714,2.3313637946180386
2005-02-04,46.97,45.878571428571426,2.231041823688266
2005-02-11,46.08,46.120000000000005,2.1323695739713204
2005-02-18,47.82,46.87714285714286,1.483191539503828
2005-02-25,51.75,47.97428571428571,1.8546235659634833
2005-03-04,52.74,48.82428571428572,2.4795756165307274
2005-03-11,54.22,49.73428571428571,3.1426520495849286
2005-03-18,55.93,50.787142857142854,3.8407018207859958
2005-03-25,52.95,51.64142857142856,3.5001115628475743
2005-04-01,54.97,52.91142857142857,2.657200460204789
2005-04-08,55.24,53.971428571428575,1.5274535298045853
2005-04-15,51.44,53.92714285714286,1.6051138514724377
2005-04-22,52.39,53.87714285714286,1.6529943969017817
2005-04-29,52.0,53.56,1.7840216740083499
2005-05-06,50.64,52.80428571428571,1.7324439109997638
2005-05-13,50.33,52.43,1.9633474815558258
2005-05-20,47.77,51.401428571428575,2.2725421050105834
2005-05-27,50.15,50.67428571428571,1.5338932725020051
2005-06-03,53.76,51.005714285714284,1.927146916582532
2005-06-10,53.74,51.19857142857143,2.1441037643685226
2005-06-17,56.18,51.79571428571428,2.865291475241833
2005-06-24,59.04,52.99571428571429,3.8799349528173073
2005-07-01,58.21,54.12142857142857,4.113706473775089
2005-07-08,60.36,55.92,3.593294681300807
2005-07-15,59.18,57.21,2.6819333822197327
2005-07-22,57.3,57.715714285714284,2.2163021540604775
2005-07-29,59.39,58.52285714285715,1.4088140909484712
2005-08-05,61.64,59.30285714285714,1.4069673567126282
2005-08-12,64.85,60.132857142857134,2.508543496969544
2005-08-19,64.92,61.09142857142857,2.9024152503926706
2005-08-26,66.34,61.94571428571429,3.4748614223821255
2005-09-02,68.47,63.27285714285714,3.9798647978946913
2005-09-09,64.81,64.3457142857143,2.9907237537803533
2005-09-16,63.84,64.98142857142857,2.102945779704839
2005-09-23,66.43,65.66571428571429,1.5378432640419881
2005-09-30,66.06,65.83857142857144,1.4983705435277643
2005-10-07,63.06,65.57285714285715,1.8190264272007055
2005-10-14,62.87,65.07714285714286,2.0351061748357506
2005-10-21,62.28,64.19285714285715,1.6170313776139262
2005-10-28,61.33,63.69571428571429,1.904983439497428
2005-11-04,60.34,63.19571428571429,2.28268012902074
2005-11-11,58.8,62.105714285714285,2.3024903701773716
2005-11-18,57.0,60.81142857142857,2.2551602202604792
2005-11-25,58.13,60.107142857142854,2.205158454515571
2005-12-02,57.78,59.379999999999995,1.9688152105596526
2005-12-09,59.83,59.03000000000001,1.5379856956414544
2005-12-16,60.32,58.88571428571429,1.3178752741033484
2005-12-23,57.97,58.54714285714285,1.1791199300841126
2005-12-30,59.82,58.692857142857136,1.2747249936835616
2006-01-06,63.39,59.605714285714285,1.9627264807132303
2006-01-13,63.74,60.40714285714285,2.364048182571896
2006-01-20,66.79,61.69428571428572,3.0488842611835683
2006-01-27,66.82,62.692857142857136,3.4542616880487476
2006-02-03,66.59,63.58857142857143,3.5480672136218736
2006-02-10,63.06,64.3157142857143,2.5994413319197522
2006-02-17,59.37,64.25142857142858,2.731369794146969
2006-02-24,59.93,63.75714285714286,3.1881223015313167
2006-03-03,62.27,63.547142857142866,3.2374718237416906
2006-03-10,60.89,62.70428571428572,3.0127166983902547
2006-03-17,62.64,62.107142857142854,2.4161864875987424
2006-03-24,61.36,61.36,1.3893883546358194
2006-03-31,65.67,61.73285714285714,2.093455789562979
2006-04-07,66.56,62.760000000000005,2.4707758565541496
2006-04-14,68.85,64.03428571428572,3.009456524262485
2006-04-21,71.87,65.40571428571428,4.071465162742519
2006-04-28,70.38,66.76142857142857,3.8933080560167515
2006-05-05,72.14,68.11857142857143,3.872920640254783
2006-05-12,71.5,69.56714285714285,2.6161148948114414
2006-05-19,69.07,70.05285714285714,2.019585058748683
2006-05-26,70.35,70.5942857142857,1.3107613200321135
2006-06-02,71.53,70.97714285714285,1.089001289953727
2006-06-09,71.54,70.92999999999999,1.0503650159176765
2006-06-16,69.48,70.80142857142857,1.1764271980781593
2006-06-23,69.94,70.48714285714286,1.0458443843075138
2006-06-30,72.65,70.65142857142857,1.2926642844830334
2006-07-07,74.65,71.44857142857144,1.7825770537000591
2006-07-14,75.21,72.14285714285714,2.1845191254646377
2006-07-21,73.98,72.49285714285715,2.264756898548002
2006-07-28,73.87,72.82571428571428,2.272581917429052
2006-08-04,75.2,73.64285714285714,1.859979518575594
2006-08-11,75.63,74.4557142857143,1.0303374389451605
2006-08-18,71.79,74.33285714285715,1.2980333108927962
2006-08-25,72.12,73.97142857142856,1.5270388400576056
2006-09-01,70.01,73.22857142857143,2.0119263453328853
2006-09-08,67.53,72.30714285714285,2.8940439658352597
2006-09-15,63.98,70.89428571428572,4.1468576743632894
2006-09-22,61.4,68.92285714285715,4.959421049160323
2006-09-29,61.94,66.96714285714286,4.556605879693206
2006-10-06,59.77,65.25,4.698843829425599
2006-10-13,58.58,63.315714285714286,4.154848000199259
2006-10-20,58.48,61.66857142857143,3.2443716832455625
2006-10-27,58.88,60.43285714285714,2.07711911298364
2006-11-03,58.55,59.65714285714286,1.4512835041858694
2006-11-10,59.96,59.45142857142857,1.2513516501684
2006-11-17,57.56,58.82571428571429,0.8204847579897633
2006-11-24,57.24,58.464285714285715,0.889529035366591
2006-12-01,62.02,58.955714285714286,1.6169297773126017
2006-12-08,62.32,59.50428571428571,2.0278219608141477
2006-12-15,61.91,59.93714285714286,2.1893127862844692
2006-12-22,62.4,60.48714285714285,2.2650438868865095
2006-12-29,60.66,60.58714285714286,2.253313961595662
2007-01-05,57.76,60.61571428571428,2.2093728909866486
2007-01-12,54.11,60.16857142857143,3.13095527792703
2007-01-19,51.51,58.667142857142856,4.369979840859923
2007-01-26,53.57,57.417142857142856,4.402278630761068
2007-02-02,57.11,56.73142857142857,3.9348334508226324
2007-02-09,58.99,56.244285714285716,3.2712070001902567
2007-02-16,58.41,55.92285714285714,2.848196588987904
2007-02-23,59.57,56.18142857142857,3.112659251997578
2007-03-02,61.64,57.25714285714285,3.548167199581905
2007-03-09,60.85,58.59142857142857,2.675620978211588
2007-03-16,57.94,59.215714285714284,1.6039104000619346
2007-03-23,58.26,59.379999999999995,1.3979508813491686
2007-03-30,64.18,60.12142857142857,2.264416249804607
2007-04-06,64.82,61.037142857142854,2.709346257467892
2007-04-13,62.58,61.46714285714285,2.6763452336202644
2007-04-20,63.06,61.67,2.7445764700583744
2007-04-27,65.26,62.300000000000004,3.0175486740064437
2007-05-04,63.82,63.14,2.345037313135545
2007-05-11,61.9,63.660000000000004,1.212820404400942
2007-05-18,63.61,63.57857142857143,1.1910279673649804
2007-05-25,64.89,63.58857142857143,1.2034177519515925
2007-06-01,63.94,63.78285714285715,1.1203677117454454
2007-06-08,65.9,64.18857142857144,1.3126871748613584
2007-06-15,66.62,64.38285714285715,1.572606268647156
2007-06-22,68.78,65.09142857142857,2.2487806219620614
2007-06-29,69.13,66.12428571428572,2.198460500310676
2007-07-06,71.78,67.29142857142857,2.742544004942348
2007-07-13,72.79,68.42,3.1801729512712806
2007-07-20,74.92,69.98857142857143,3.30750877333857
2007-07-27,75.15,71.30999999999999,3.249061402928113
2007-08-03,76.75,72.75714285714285,3.062579056316345
2007-08-10,71.92,73.2057142857143,2.573938986215269
2007-08-17,72.05,73.62285714285714,1.9688043265361355
2007-08-24,70.19,73.39571428571428,2.28343204513707
2007-08-31,72.93,73.4157142857143,2.2778488180939918
2007-09-07,75.96,73.56428571428572,2.4216926390630515
2007-09-14,78.95,74.10714285714286,3.1521459054936947
2007-09-21,82.26,74.89428571428572,4.373468711609277
2007-09-28,81.7,76.29142857142857,4.805737642205492
2007-10-05,80.59,77.51142857142858,4.6303327042856495
2007-10-12,81.46,79.12142857142858,3.4757034231519617
2007-10-19,87.8,81.24571428571429,3.60274828958267
2007-10-26,89.23,83.14142857142858,3.8412820280529925
2007-11-02,93.46,85.21428571428571,4.955810923023275
2007-11-09,95.81,87.14999999999999,6.119270108980419
2007-11-16,93.56,88.8442857142857,5.999502360314798
2007-11-23,97.93,91.32142857142857,5.58908886006549
2007-11-30,92.47,92.89428571428572,3.516195183919993
2007-12-07,88.71,93.02428571428572,3.307062428312396
2007-12-14,91.18,93.30285714285715,3.002264224911592
2007-12-21,91.16,92.9742857142857,3.1062563595785466
2007-12-28,95.64,92.95000000000002,3.0809522337518094
2008-01-04,98.17,93.60857142857142,3.669556869574455
2008-01-11,94.76,93.1557142857143,3.214793187452155
2008-01-18,91.51,93.01857142857143,3.268941870448987
2008-01-25,89.41,93.11857142857141,3.1226026995186515
2008-02-01,91.14,93.11285714285714,3.1267753052493816
2008-02-08,89.08,92.8157142857143,3.4276467006906524
2008-02-15,94.13,92.6,3.2638831678427125
2008-02-22,99.61,92.80571428571429,3.69090258673343
2008-02-29,100.84,93.67428571428572,4.781669363805428
2008-03-07,103.44,95.37857142857142,5.88131342635647
2008-03-14,109.35,98.22714285714287,7.191610191247157
2008-03-21,105.28,100.24714285714286,6.84675035883323
2008-03-28,104.49,102.44857142857143,4.841499177497234
2008-04-04,103.46,103.78142857142858,3.1630545815249786
2008-04-11,109.71,105.2242857142857,3.2456065542134866
2008-04-18,114.33,107.15142857142857,4.100786219621664
2008-04-25,118.53,109.30714285714285,5.538744485547376
2008-05-02,115.42,110.17428571428572,6.0023297064350585
2008-05-09,123.01,112.70714285714287,7.211816031775979
2008-05-16,124.96,115.63142857142857,7.470081277048088
2008-05-23,130.14,119.44285714285714,7.017582001148734
2008-05-30,128.47,122.12285714285714,6.217753383887653
2008-06-06,128.16,124.09857142857143,5.482655769397101
2008-06-13,134.8,126.42285714285715,6.138030939113351
2008-06-20,134.34,129.12571428571428,4.407054409854429
2008-06-27,137.0,131.12428571428572,4.343101261934522
2008-07-04,142.52,133.63285714285715,5.1799057722619155
2008-07-11,139.95,135.03428571428572,5.399795851519167
2008-07-18,135.37,136.02,4.567424511325281
2008-07-25,125.92,135.7,5.238985270704144
2008-08-01,124.57,134.23857142857142,6.742876311513459
2008-08-08,118.8,132.01857142857142,8.912899693835305
2008-08-15,114.4,128.79,10.718149715940806
2008-08-22,115.7,124.95857142857143,9.741224133497617
2008-08-29,116.09,121.54999999999998,7.549048505164233
2008-09-05,108.37,117.69285714285715,6.062259519039059
2008-09-12,102.88,114.40142857142857,7.028587882287378
2008-09-19,97.19,110.49000000000001,7.980651602468903
2008-09-26,111.12,109.39285714285714,7.130445788507662
2008-10-03,96.59,106.84857142857143,8.150536646076572
2008-10-10,86.24,102.64,10.17323612884921
2008-10-17,75.19,96.79714285714286,12.613455400596886
2008-10-24,68.56,91.11,15.229333537617121
2008-10-31,65.21,85.72857142857143,16.936913757206103
2008-11-07,64.31,81.03142857142858,17.76749412885895
2008-11-14,58.6,73.52857142857142,13.527132522663612
2008-11-21,52.26,67.19571428571429,11.088184187296743
2008-11-28,53.27,62.48571428571428,8.303001178574965
2008-12-05,45.6,58.25857142857143,8.289413788222264
2008-12-12,44.57,54.83142857142857,8.279761326211997
2008-12-19,39.7,51.18714285714286,8.559656757692554
2008-12-26,32.98,46.71142857142858,8.743310640276297
2009-01-02,42.4,44.39714285714285,7.05256150696408
2009-01-09,44.46,43.28285714285715,6.163328955159819
2009-01-16,36.73,40.92,4.691037554030114
2009-01-23,42.15,40.42714285714286,4.280676404048541
2009-01-30,42.7,40.160000000000004,4.0300578986726885
2009-02-06,40.78,40.31428571428571,4.0301855091400824
2009-02-13,36.94,40.879999999999995,2.9667097375129474
2009-02-20,37.15,40.129999999999995,3.174723085034996
2009-02-27,41.1,39.65,2.6157344411568446
2009-03-06,43.18,40.57142857142857,2.5509372693910812
2009-03-13,45.66,41.07285714285714,3.180286749573267
2009-03-20,49.49,42.042857142857144,4.514785761935776
2009-03-27,52.99,43.787142857142854,6.0449309736487535
2009-04-03,50.34,45.70142857142857,5.622162776521323
2009-04-10,50.46,47.60285714285715,4.356247292817316
2009-04-17,49.86,48.854285714285716,3.3092388709112037
2009-04-24,47.8,49.51428571428572,2.2938748668464193
2009-05-01,50.2,50.16285714285715,1.5406353049456363
2009-05-08,55.96,51.08714285714286,2.6272718060461435
2009-05-15,57.94,51.794285714285714,3.6800310557679285
2009-05-22,60.32,53.21999999999999,4.7888759989501954
2009-05-29,64.32,55.199999999999996,6.133916638928286
2009-06-05,68.11,57.80714285714286,7.260873947134639
2009-06-12,70.85,61.10000000000001,7.192526213599889
2009-06-19,70.62,64.01714285714286,6.091619145146243
2009-06-26,68.58,65.82000000000001,5.095700802309258
2009-07-03,69.32,67.44571428571429,3.8177648659152887
2009-07-10,61.48,67.61142857142856,3.465873764632749
2009-07-17,61.29,67.17857142857143,4.0802182481295715
2009-07-24,65.28,66.77428571428571,4.112622266237257
2009-07-31,67.03,66.22857142857143,3.7159854169568747
2009-08-07,71.58,66.36571428571429,3.917328414206607
2009-08-14,69.64,66.51714285714286,4.035883687972895
2009-08-21,70.8,66.72857142857143,4.2407563341581955
2009-08-28,72.37,68.28428571428572,3.984147157349645
2009-09-04,68.39,69.29857142857144,2.5537647279463758
2009-09-11,70.91,70.10285714285715,1.8730520039530651
2009-09-18,71.32,70.71571428571428,1.3203390617883197
2009-09-25,68.33,70.25142857142858,1.521812828735214
2009-10-02,68.84,70.13714285714286,1.6032437357367886
2009-10-09,70.8,70.13714285714286,1.6032437357367886
2009-10-16,75.73,70.61714285714285,2.5853414622017135
2009-10-23,80.06,72.2842857142857,4.180426043449505
2009-10-30,78.47,73.36428571428571,4.70930588354069
2009-11-06,79.0,74.46142857142857,5.036888684399998
2009-11-13,78.24,75.87714285714286,4.3755941093196755
2009-11-20,78.37,77.23857142857142,3.1249929523713047
2009-11-27,76.14,78.00142857142858,1.5422648775000949
2009-12-04,76.81,78.1557142857143,1.3143421312902823
2009-12-11,71.51,76.9342857142857,2.596824067603452
2009-12-18,71.72,75.97,3.130026623953196
2009-12-25,74.76,75.36428571428571,2.84304330569978
2010-01-01,79.07,75.48285714285714,2.996151499759803
2010-01-08,82.34,76.05,3.879321246471156
2010-01-15,80.06,76.61,4.166765332163861
2010-01-22,76.62,76.58285714285715,4.165864113183852
2010-01-29,73.94,76.92999999999999,3.7535272300405653
2010-02-05,74.57,77.33714285714287,3.2093338575961847
2010-02-12,73.88,77.21142857142857,3.34161851289217
2010-02-19,78.25,77.0942857142857,3.2793996256557825
2010-02-26,79.22,76.64857142857143,2.586415979504639
2010-03-05,80.19,76.66714285714285,2.6152993091001653
2010-03-12,81.76,77.40142857142857,3.24549651348404
2010-03-19,81.44,78.47285714285714,3.148871301939801
2010-03-26,80.65,79.34142857142857,2.6993544201723463
2010-04-02,83.01,80.64571428571428,1.604274053297978
2010-04-09,85.66,81.70428571428572,2.1213899307023363
2010-04-16,84.34,82.43571428571428,2.0013400272697357
2010-04-23,82.9,82.82285714285715,1.7395086881590012
2010-04-30,84.22,83.17428571428572,1.7374872387307256
2010-05-07,80.24,83.00285714285714,1.979467220284456
2010-05-14,74.98,82.19285714285715,3.5997069986570494
2010-05-21,69.14,80.21142857142857,6.0549468166426275
2010-05-28,70.62,78.06285714285715,6.4545635387824545
2010-06-04,72.91,76.42999999999999,6.033989835367848
2010-06-11,73.44,75.07857142857142,5.36576937189532
2010-06-18,76.7,74.00428571428571,3.735718838200224
2010-06-25,77.06,73.55,2.9648552522265574
2010-07-02,74.96,73.54714285714286,2.9632567347732808
2010-07-09,74.39,74.29714285714286,2.237384740311628
2010-07-16,76.35,75.11571428571429,1.634919540757558
2010-07-23,77.56,75.78,1.530697008987233
2010-07-30,78.12,76.44857142857143,1.3496472202160386
2010-08-06,81.79,77.17571428571429,2.4391177171437723
2010-08-13,78.17,77.33428571428571,2.4662715256201366
2010-08-20,74.84,77.31714285714285,2.4858648011332467
2010-08-27,72.91,77.10571428571428,2.8171785953475927
2010-09-03,74.02,76.77285714285715,3.0494246139525774
2010-09-10,74.82,76.38142857142859,3.1068603046114336
2010-09-17,75.62,76.02428571428572,3.016061765186153
2010-09-24,73.76,74.87714285714286,1.6956681503700959
2010-10-01,78.41,74.91142857142857,1.7739638155939603
2010-10-08,82.29,75.97571428571429,3.3012869063570465
2010-10-15,82.16,77.29714285714284,3.6971733089185728
2010-10-22,81.15,78.3157142857143,3.6253039281442567
2010-10-29,82.03,79.3457142857143,3.488231916709623
2010-11-05,84.93,80.67571428571429,3.6038768807242283
2010-11-12,86.91,82.55428571428571,2.71611154129432
2010-11-19,82.23,83.10000000000001,2.04568651883022
2010-11-26,82.28,83.09857142857143,2.046349828117859
2010-12-03,86.75,83.75428571428571,2.4002628824260848
2010-12-10,88.5,84.80428571428571,2.66425635117054
2010-12-17,88.27,85.69571428571429,2.624930838089398
2010-12-24,89.66,86.37142857142858,2.9797842683162825
2010-12-31,90.97,86.95142857142856,3.4587253363590427
2011-01-07,89.54,87.99571428571427,2.844637394247836
2011-01-14,91.02,89.24428571428572,1.5338498094946122
2011-01-21,89.75,89.67285714285715,1.0696372326706407
2011-01-28,86.11,89.33142857142856,1.7013272130033452
2011-02-04,89.52,89.50999999999999,1.635685381318222
2011-02-11,85.51,88.91714285714286,2.2199828399145765
2011-02-18,84.13,87.94000000000001,2.632767871776377
2011-02-25,95.26,88.75714285714287,3.8283404336842684
2011-03-04,101.05,90.18999999999998,6.049234111300778
2011-03-11,103.74,92.18857142857142,7.905781489035274
2011-03-18,99.79,94.14285714285714,7.843323518095881
2011-03-25,104.41,96.27000000000001,8.381294649395905
2011-04-01,105.08,99.06571428571428,7.400483896662078
2011-04-08,109.29,102.66,4.465258484491877
2011-04-15,107.75,104.44428571428571,3.378697269376005
2011-04-22,109.11,105.5957142857143,3.4024689914955912
2011-04-29,112.3,106.81857142857143,4.092612973685014
2011-05-06,105.84,107.68285714285716,2.79358619153193
2011-05-13,99.87,107.03428571428572,3.9625196409299814
2011-05-20,97.99,106.02142857142859,5.244172729710708
2011-05-27,99.55,104.63,5.517417874331584
2011-06-03,100.92,103.6542857142857,5.477483781027752
2011-06-10,100.05,102.36000000000001,5.025216413249613
2011-06-17,95.87,100.01285714285714,3.062399463849122
2011-06-24,92.7,98.13571428571427,2.9190857994849173
2011-07-01,93.7,97.25428571428571,3.223760005245584
2011-07-08,97.12,97.13,3.2073976990688915
2011-07-15,96.72,96.72571428571429,3.024675504042421
2011-07-22,98.01,96.31000000000002,2.5079739498897604
2011-07-29,97.83,95.99285714285713,2.0558186875750386
2011-08-05,90.85,95.27571428571427,2.834083374112477
2011-08-12,82.86,93.87,5.5056879679102755
2011-08-19,85.36,92.67857142857143,6.381356774676219
2011-08-26,85.06,90.95571428571428,6.6064232812786114
2011-09-02,88.07,89.72,6.141123675679498
2011-09-09,87.91,88.27714285714285,4.937265485689565
2011-09-16,88.93,87.00571428571429,2.7114870283209136
2011-09-23,83.65,85.97714285714287,2.3519333485838696
2011-09-30,81.18,85.73714285714286,2.771351741692285
2011-10-07,79.43,84.89,3.6673469065965807
2011-10-14,85.35,84.93142857142857,3.6712233590958663
2011-10-21,86.82,84.75285714285714,3.5204200236402605
2011-10-28,92.32,85.38285714285715,4.451141105699463
2011-11-04,93.24,85.99857142857142,5.249995011334586
2011-11-11,96.97,87.90142857142858,6.5177333191101425
2011-11-18,99.32,90.49285714285713,6.989071741620294
2011-11-25,96.89,92.98714285714286,5.292591407761988
2011-12-02,99.91,95.06714285714285,4.607680957869866
2011-12-09,100.08,96.96142857142856,3.145883175258451
2011-12-16,96.06,97.49571428571429,2.471537019364389
2011-12-23,97.74,98.13857142857144,1.6179557943202534
2011-12-30,99.81,98.5442857142857,1.6321035214579809
2012-01-06,102.39,98.98285714285714,2.191800738247941
2012-01-13,100.43,99.48857142857143,2.030922849111084
2012-01-20,99.95,99.49428571428571,2.0323619850039276
2012-01-27,99.35,99.39,2.015961309151008
2012-02-03,97.8,99.63857142857144,1.6016286353921705
2012-02-10,98.56,99.75571428571428,1.4636695567724591
2012-02-17,101.73,100.03,1.6442931612075662
2012-02-24,107.18,100.71428571428571,3.122428847028546
2012-03-02,107.52,101.72714285714285,4.032227317854418
2012-03-09,106.32,102.63714285714286,4.27575612917586
2012-03-16,106.15,103.60857142857142,4.1757571312328805
2012-03-23,106.41,104.83857142857144,3.3699625545460377
2012-03-30,105.12,105.7757142857143,1.942977587301743
2012-04-06,103.52,106.03142857142858,1.3486836615910607
2012-04-13,102.55,105.37,1.7631600418930438
2012-04-20,103.15,104.74571428571427,1.644697106285354
2012-04-27,103.78,104.38285714285715,1.5145264857985368
2012-05-04,103.47,104.0,1.3195453762545362
2012-05-11,96.98,102.65285714285713,2.6209394898620415
2012-05-18,93.11,100.93714285714286,4.195027668901763
2012-05-25,90.88,99.13142857142857,5.435075677397838
2012-06-01,87.06,96.91857142857144,6.79455524316158
2012-06-08,84.43,94.24428571428572,7.5726148217170195
2012-06-15,83.27,91.31428571428572,7.2281598791177695
2012-06-22,81.11,88.12,5.750646340484296
2012-06-29,80.23,85.72714285714287,4.866411115272614
2012-07-06,85.74,84.67428571428572,3.647505344490504
2012-07-13,85.78,83.94571428571429,2.543677502767735
2012-07-20,90.34,84.41428571428571,3.3781891457929683
2012-07-27,88.88,85.05,3.7768240626208147
2012-08-03,89.1,85.88285714285715,3.9573758741766647
2012-08-10,93.14,87.60142857142857,4.146815760601492
2012-08-17,94.43,89.63,3.33322166479504
2012-08-24,96.22,91.12714285714286,3.634743064213719
2012-08-31,95.68,92.54142857142857,3.0930913801094095
2012-09-07,95.68,93.30428571428571,3.118064876076436
2012-09-14,97.56,94.5442857142857,2.7721102499879806
2012-09-21,93.7,95.20142857142858,1.5360819050561358
2012-09-28,91.35,94.94571428571429,2.011780779497396
2012-10-05,90.81,94.42857142857143,2.5576579688667263
2012-10-12,91.42,93.74285714285715,2.6394615251695255
2012-10-19,91.59,93.15857142857143,2.591430934002929
2012-10-26,86.35,91.82571428571428,3.3629493857953605
2012-11-02,85.87,90.1557142857143,2.913267679328687
2012-11-09,85.98,89.05285714285715,2.807233004730736
2012-11-16,85.87,88.27,2.82391572112064
2012-11-23,87.4,87.78285714285714,2.5977921028281
2012-11-30,87.27,87.18999999999998,2.0438933435950473
2012-12-07,87.0,86.53428571428572,0.6747062852979914
2012-12-14,85.71,86.44285714285715,0.7436781177694894
2012-12-21,88.24,86.78142857142858,0.9502180200913757
2012-12-28,90.14,87.37571428571428,1.5046024629186177
2013-01-04,92.77,88.36142857142856,2.3668785954726657
2013-01-11,93.38,89.21571428571428,2.965517701529997
2013-01-18,94.58,90.26,3.418620579511471
2013-01-25,95.41,91.46142857142857,3.5569810634451158
2013-02-01,97.33,93.12142857142858,3.1087158579882166
2013-02-08,96.18,94.25571428571428,2.3980885245173678
2013-02-15,96.95,95.22857142857143,1.7416412620593678
2013-02-22,94.38,95.45857142857143,1.443669266963332
2013-03-01,92.19,95.28857142857143,1.7637973104567375
2013-03-08,91.0,94.77714285714285,2.4057134373924405
2013-03-15,92.7,94.39,2.502984884757936
2013-03-22,93.05,93.77857142857142,2.165051412562973
2013-03-29,96.08,93.76428571428572,2.1468182436857273
2013-04-05,95.07,93.49571428571427,1.7656052516786314
2013-04-12,93.36,93.35,1.7220143243674193
2013-04-19,88.0,92.75142857142858,2.663358960480946
2013-04-26,91.0,92.75142857142858,2.663358960480946
2013-05-03,93.4,92.85142857142857,2.6742252994791134
2013-05-10,95.84,93.25,2.9065730107224037
2013-05-17,94.65,93.04571428571428,2.7186997942806768
2013-05-24,94.76,93.00142857142859,2.682513923985145
2013-05-31,93.32,92.99571428571429,2.6816652608820877
2013-06-07,94.25,93.88857142857144,1.5375134532877575
2013-06-14,96.36,94.65428571428572,1.1433555460814204
2013-06-21,96.65,95.11857142857143,1.2072203412692362
2013-06-28,95.83,95.11714285714287,1.2062298604261679
2013-07-05,100.65,95.97428571428573,2.3798239230571614
2013-07-12,104.7,97.39428571428572,3.9692604564858
2013-07-19,106.88,99.33142857142857,4.858694710074666
2013-07-26,105.88,100.99285714285715,4.819784622731293
2013-08-02,105.54,102.30428571428571,4.592678438350378
2013-08-09,105.17,103.52142857142859,3.9248669980490027
2013-08-16,106.97,105.11285714285714,2.138283690919041
2013-08-23,105.48,105.80285714285715,0.8483850204066243
2013-08-30,108.33,106.32142857142857,1.1259281885215695
2013-09-06,108.77,106.59142857142857,1.4594225864044468
2013-09-13,108.36,106.94571428571429,1.555772660584352
2013-09-20,106.22,107.04285714285713,1.4723644735086092
2013-09-27,103.1,106.74714285714285,2.017983434731392
2013-10-04,103.14,106.2,2.4255514836822543
2013-10-11,102.7,105.80285714285715,2.7666870337734886
2013-10-18,101.51,104.82857142857142,2.924747445343078
2013-10-25,97.57,103.22857142857143,3.4292099603807156
2013-11-01,96.94,101.59714285714286,3.2949593537478736
2013-11-08,94.31,99.8957142857143,3.5732378274363614
2013-11-15,93.94,98.58714285714287,3.8692105753220654
2013-11-22,93.92,97.27000000000001,3.62248533468304
2013-11-29,92.97,95.88,3.0059607449189625
2013-12-06,96.21,95.12285714285714,1.761341480099076
2013-12-13,97.23,95.07428571428571,1.685673526543334
2013-12-20,97.85,95.20428571428572,1.8776923527091325
2013-12-27,99.15,95.89571428571428,2.330120577299734
2014-01-03,96.47,96.25714285714285,2.166692673835137
2014-01-10,92.42,96.04285714285713,2.486876985870203
2014-01-17,92.98,96.04428571428572,2.484819625530652
2014-01-24,96.19,96.04142857142857,2.4846088127459165
2014-01-31,97.29,96.05,2.4894912465522725
2014-02-07,97.78,96.03999999999999,2.48118251377451
2014-02-14,100.21,96.19142857142856,2.723168672528627
2014-02-21,102.93,97.11428571428571,3.738604272286057
2014-02-28,102.77,98.59285714285714,3.6173319554865326
2014-03-07,103.07,100.03428571428572,2.9582419167621663
2014-03-14,99.55,100.51428571428572,2.4613807584542173
2014-03-21,99.77,100.86857142857141,2.0667883988709836
2014-03-28,100.66,101.27999999999999,1.578448605432997
2014-04-04,100.46,101.3157142857143,1.5528238485917443
2014-04-11,102.72,101.28571428571429,1.518078359227637
2014-04-18,103.95,101.4542857142857,1.7570700720485228
2014-04-25,102.11,101.31714285714284,1.643752964869474
2014-05-02,100.51,101.4542857142857,1.506019667231674
2014-05-09,100.29,101.52857142857144,1.419429798325478
2014-05-16,101.92,101.70857142857143,1.3699565512724485
2014-05-23,103.82,102.18857142857144,1.446091612718321
2014-05-30,103.95,102.36428571428571,1.5890862903217546
2014-06-06,103.23,102.26142857142858,1.4895237334041616
2014-06-13,105.97,102.81285714285715,2.0377333345780135
2014-06-20,107.23,103.77285714285715,2.333486049422703
2014-06-27,106.69,104.68714285714285,1.9663393593639038
2014-07-04,105.52,105.20142857142856,1.54833704956019
2014-07-11,103.25,105.11999999999999,1.6450633219807913
2014-07-18,102.37,104.89428571428572,1.9180880857653717
2014-07-25,104.35,105.05428571428571,1.799146623102665
2014-08-01,102.19,104.51428571428572,2.030844300142621
2014-08-08,97.5,103.12428571428572,2.973392322710748
2014-08-15,97.17,101.76428571428572,3.236211041442651
2014-08-22,94.95,100.25428571428573,3.6333357361276333
2014-08-29,96.25,99.25428571428573,3.6347116214938193
2014-09-05,94.06,98.06714285714285,3.80075744330665
2014-09-12,92.43,96.36428571428573,3.1272877340312815
2014-09-19,93.52,95.12571428571428,1.9188612694571345
2014-09-26,93.15,94.50428571428571,1.7153800078765988
2014-10-03,91.44,93.68571428571428,1.594185864766973
2014-10-10,87.63,92.64,2.6666833332801994
2014-10-17,82.88,90.72999999999999,4.0693160768522265
2014-10-24,82.12,89.02428571428572,4.865404598258688
2014-10-31,81.29,87.43285714285715,5.362287180813694
2014-11-07,78.24,85.25,5.577125902588961
2014-11-14,76.5,82.87142857142858,5.182909184911819
2014-11-21,75.38,80.57714285714285,4.223547933059732
2014-11-28,72.36,78.39571428571428,3.9050900849308063
2014-12-05,67.18,76.15285714285714,5.195654319671438
2014-12-12,61.14,73.1557142857143,6.938635449766693
2014-12-19,55.89,69.52714285714286,8.4522239958598
2014-12-26,55.58,66.29,8.887217412291188
2015-01-02,53.44,62.99571428571428,8.744598060408162
2015-01-09,48.77,59.19428571428572,8.232581322895928
2015-01-16,47.07,55.58142857142858,6.93956633748689
2015-01-23,46.46,52.621428571428574,5.4204533284325045
2015-01-30,45.32,50.361428571428576,4.495914547569687
2015-02-06,50.58,49.60285714285714,3.8020639758152064
2015-02-13,51.14,48.96857142857142,2.902713836920373
2015-02-20,51.69,48.71857142857142,2.500982664017426
2015-02-27,49.16,48.77428571428572,2.5066568515514795
2015-03-06,50.38,49.24714285714286,2.4429675552884036
2015-03-13,47.69,49.42285714285714,2.245326362957459
2015-03-20,44.39,49.29,2.5371112181642044
2015-03-27,48.68,49.01857142857143,2.4770239439797486
2015-04-03,48.91,48.7,2.2954592859240086
2015-04-10,51.78,48.712857142857146,2.315165323727855
2015-04-17,54.78,49.51571428571429,3.2725670715963204
2015-04-24,56.14,50.33857142857143,4.136276218095459
2015-05-01,57.98,51.80857142857143,4.81149466926669
2015-05-08,59.73,54.0,4.339742695905722
2015-05-15,60.01,55.61857142857143,4.132785293928828
2015-05-22,58.95,57.05285714285714,3.004794581363311
2015-05-29,58.19,57.96857142857143,1.9058281539479434
2015-06-05,59.66,58.66571428571428,1.3592259702105396
2015-06-12,60.07,59.22714285714285,0.8632634647216637
2015-06-19,59.89,59.5,0.6872893616709456
2015-06-26,60.01,59.540000000000006,0.7106569730416463
2015-07-03,57.92,59.24142857142857,0.8953291493711805
2015-07-10,52.38,58.30285714285714,2.757944369064892
2015-07-17,51.68,57.372857142857136,3.7290021645015057
2015-07-24,49.21,55.88,4.641005638149278
2015-07-31,47.91,54.142857142857146,5.0674573317911795
2015-08-07,44.94,52.00714285714286,5.382204363411385
2015-08-14,43.2,49.605714285714285,4.949086976884025
2015-08-21,41.34,47.237142857142864,4.220674173185133
2015-08-28,40.73,45.57285714285714,4.151095093609911
2015-09-04,46.73,44.86571428571428,3.264224548765573
2015-09-11,45.16,44.287142857142854,2.6708782218949008
2015-09-18,45.48,43.94,2.245580845424048
2015-09-25,45.57,44.03000000000001,2.304199065474893
2015-10-02,45.0,44.287142857142854,2.2965605753370575
2015-10-09,48.36,45.29,2.327645448373783
2015-10-16,46.82,46.15999999999999,1.2080700862677853
2015-10-23,45.16,45.93571428571429,1.2301471069606529
2015-10-30,44.99,45.91142857142857,1.249538962597558
2015-11-06,45.98,45.98285714285714,1.2349725271676664
2015-11-13,42.7,45.57285714285714,1.7597794775271196
2015-11-20,40.62,44.94714285714286,2.5833745004404065
2015-11-27,40.49,43.82285714285714,2.562984681224715
2015-12-04,40.4,42.90571428571429,2.458264002251208
2015-12-11,36.93,41.730000000000004,3.0878687364160644
2015-12-18,35.78,40.41428571428571,3.4123982629178147
2015-12-25,36.26,39.02571428571429,2.6661698942049354
2016-01-01,36.99,38.21,2.184673888708103
2016-01-08,34.65,37.357142857142854,2.25132342031532
2016-01-15,30.59,35.94285714285714,2.9549039143194635
2016-01-22,29.19,34.34142857142857,3.1667987441133465
2016-01-29,31.81,33.61,3.0587088779424065
2016-02-05,31.26,32.964285714285715,3.0008102080547667
2016-02-12,28.14,31.80428571428572,3.082800983645534
2016-02-19,30.02,30.80857142857143,2.096579981553705
2016-02-26,31.32,30.332857142857144,1.3098818558155028
2016-03-04,34.43,30.881428571428575,2.037510151889242
2016-03-11,37.69,32.09571428571429,3.111349423979754
2016-03-18,38.32,33.02571428571429,3.8877751012756647
2016-03-25,39.45,34.19571428571429,4.458328749441749
2016-04-01,36.82,35.43571428571429,3.6219739422169566
2016-04-08,36.72,36.392857142857146,2.7269868248417315
2016-04-15,41.23,37.808571428571426,2.169987930623259
2016-04-22,41.86,38.87,2.0561290491283546
2016-04-29,44.3,39.81428571428571,2.8052561210635543
2016-05-06,44.22,40.65714285714285,3.1469917608502938
2016-05-13,45.44,41.512857142857136,3.5523265347552373
2016-05-20,47.99,43.10857142857143,3.6013998601075983
2016-05-27,48.72,44.82285714285714,2.826167689562243
2016-06-03,49.0,45.932857142857145,2.703039735099245
2016-06-10,50.18,47.121428571428574,2.4289807778261654
2016-06-17,47.89,47.63428571428572,2.08920923750986
2016-06-24,48.71,48.27571428571429,1.4610824428358202
2016-07-01,48.17,48.66571428571429,0.7867413201065637
2016-07-08,46.17,48.40571428571429,1.2255999502677848
2016-07-15,45.6,47.959999999999994,1.6018322841882995
2016-07-22,44.44,47.308571428571426,1.988864236790012
2016-07-29,41.83,46.11571428571428,2.433884803785265
2016-08-05,40.82,45.105714285714285,2.980452186849677
2016-08-12,43.11,44.30571428571428,2.575867861148386
2016-08-19,47.16,44.16142857142857,2.3409074349596914
2016-08-26,47.05,44.287142857142854,2.4858916192905633
2016-09-02,45.11,44.21714285714285,2.4493925388809643
2016-09-09,45.96,44.434285714285714,2.5382070912549923
2016-09-16,44.34,44.79285714285714,2.272353510392321
2016-09-23,44.59,45.33142857142857,1.4837276094517342
2016-09-30,46.55,45.82285714285715,1.1596222701920922
2016-10-07,49.48,46.15428571428571,1.7741745230097372
2016-10-14,50.29,46.61714285714286,2.3695408436077483
2016-10-21,50.56,47.39571428571429,2.6683256744189396
2016-10-28,49.36,47.88142857142857,2.672872540741313
2016-11-04,45.51,48.048571428571435,2.441034129021735
2016-11-11,44.61,48.05142857142857,2.4363184560005506
2016-11-18,45.15,47.85142857142857,2.629888645117054
2016-11-25,47.25,47.53285714285715,2.5330134509825504
2016-12-02,48.63,47.29571428571428,2.298737748873644
2016-12-09,50.97,47.354285714285716,2.3988181613932285
2016-12-16,51.91,47.71857142857142,2.896224142865265
2016-12-23,51.95,48.638571428571424,3.0938402704484953
2016-12-30,53.6,49.92285714285715,3.0075389400956145
2017-01-06,53.34,51.09285714285714,2.3659438869489797
2017-01-13,52.07,51.78142857142858,1.6560236368225354
2017-01-20,51.82,52.237142857142864,0.9193061565791784
2017-01-27,52.74,52.49000000000001,0.7382863039954025
2017-02-03,53.33,52.69285714285714,0.7473891062833087
2017-02-10,52.88,52.82571428571429,0.6722067425743128
2017-02-17,53.22,52.771428571428565,0.6118940150996399
2017-02-24,54.03,52.870000000000005,0.7570997292302072
2017-03-03,53.56,53.082857142857144,0.7021565420361913
2017-03-10,50.5,52.894285714285715,1.139120379106479
2017-03-17,48.03,52.22142857142857,2.170018652542309
2017-03-24,47.28,51.357142857142854,2.7753000695764847
2017-03-31,49.14,50.82285714285714,2.7932103052804105
2017-04-07,51.26,50.542857142857144,2.604743840801127
2017-04-14,53.19,50.42285714285714,2.430862084979613
2017-04-21,51.09,50.07,2.048837068518225
2017-04-28,49.12,49.87285714285714,2.0668794053334456
2017-05-05,47.21,49.75571428571429,2.207206810600898
2017-05-12,47.04,49.721428571428575,2.25345237780804
2017-05-19,49.24,49.73571428571428,2.2494655449898153
2017-05-26,50.21,49.58571428571429,2.1642770705471968
2017-06-02,48.48,48.91285714285714,1.4813925237846521
2017-06-09,46.57,48.26714285714286,1.3538551656381803
2017-06-16,45.3,47.72142857142857,1.6827302078415416
2017-06-23,43.09,47.13285714285714,2.4410770456621678
2017-06-30,44.63,46.78857142857142,2.619767346995266
2017-07-07,44.96,46.17714285714285,2.4459607129971634
2017-07-14,45.51,45.505714285714284,1.6793734659381632
2017-07-21,46.41,45.209999999999994,1.1748049483504284
2017-07-28,48.27,45.452857142857134,1.6011528584718004
2017-08-04,49.52,46.055714285714295,2.211951304036867
2017-08-11,49.08,46.91142857142857,2.0240835668805617
2017-08-18,47.52,47.324285714285715,1.758492319601313
2017-08-25,47.68,47.712857142857146,1.4161887148935912
2017-09-01,46.68,47.88,1.1584616235917278
2017-09-08,48.58,48.19,0.9754144418321464
2017-09-15,49.07,48.30428571428571,1.0315983899253627
2017-09-22,50.12,48.38999999999999,1.1656614717266807
2017-09-29,51.77,48.77428571428572,1.7352795849938747
2017-10-06,50.23,49.16142857142857,1.7109395914863532
2017-10-13,50.77,49.60285714285715,1.6629663685289213
2017-10-20,51.74,50.32571428571429,1.221977320341736
2017-10-27,52.51,50.88714285714286,1.188594608290832
2017-11-03,54.59,51.67571428571428,1.5563189170055498
2017-11-10,57.05,52.66571428571429,2.3851894204505326
2017-11-17,55.81,53.24285714285714,2.610470674582963
2017-11-24,57.47,54.27714285714286,2.651746055499556
2017-12-01,57.81,55.28285714285715,2.42526090889014
2017-12-08,56.92,56.02285714285714,1.89677545926163
2017-12-15,57.17,56.68857142857143,1.1150549847642153
2017-12-22,57.87,57.15714285714286,0.6970106236806165
2017-12-29,59.88,57.56142857142857,1.236479256753111
2018-01-05,61.36,58.354285714285716,1.6398461019543547
2018-01-12,63.26,59.18142857142857,2.4024114868982114
2018-01-19,63.77,60.03285714285715,2.8498287333668313
2018-01-26,65.14,61.20714285714286,3.0405466300524013
2018-02-02,65.32,62.371428571428574,2.786804792657707
2018-02-09,62.01,62.962857142857146,2.0007058278324497
2018-02-16,60.56,63.06,1.835783211601769
2018-02-23,62.47,63.21857142857142,1.7079561720703398
2018-03-02,62.07,63.04857142857143,1.7615280163482665
2018-03-09,61.65,62.74571428571429,1.7986741148489132
2018-03-16,61.28,62.19428571428572,1.5109914751891453
2018-03-23,64.11,62.021428571428565,1.109751151856435
2018-03-30,64.97,62.44428571428572,1.5722368051370574
2018-04-06,63.07,62.80285714285714,1.339934255671813
2018-04-13,66.02,63.31,1.7893853693374433
2018-04-20,67.55,64.09285714285714,2.286239374210249
2018-04-27,67.91,64.98714285714286,2.393259383391016
2018-05-04,68.38,66.00142857142858,2.0385160335514074
2018-05-11,70.56,66.92285714285714,2.4560518064953207
2018-05-18,71.3,67.82714285714286,2.7632934111651712
2018-05-25,70.98,68.95714285714286,2.0077575740583757
2018-06-01,66.96,69.09142857142857,1.7991704437636178
2018-06-08,65.35,68.77714285714285,2.249182920422907
2018-06-15,66.21,68.53428571428572,2.441938145154425
2018-06-22,66.32,68.24,2.583647292749473
2018-06-29,74.03,68.73571428571428,3.328487429963781
2018-07-06,73.73,69.08285714285714,3.7415848437333956
2018-07-13,71.96,69.22285714285714,3.8414047529762825
2018-07-20,68.95,69.50714285714285,3.717672723114389
2018-07-27,70.01,70.17285714285714,3.2351028540355107
2018-08-03,69.46,70.63714285714285,2.7715922877512136
2018-08-10,67.9,70.86285714285714,2.4009700420570237
2018-08-17,66.15,69.73714285714286,2.5132164934313517
2018-08-24,68.1,68.93285714285715,1.8306074973959046
2018-08-31,69.66,68.60428571428572,1.3364237993342105
2018-09-07,68.51,68.54142857142857,1.3277729295249516
2018-09-14,68.96,68.39142857142858,1.1859514966385776
2018-09-21,70.28,68.50857142857143,1.3396321456700762
2018-09-28,72.84,69.21428571428571,2.0685087796349486
2018-10-05,75.13,70.49714285714286,2.5741711564803484
2018-10-12,72.96,71.19142857142857,2.473300282155905
2018-10-19,70.24,71.27428571428571,2.4226422018311795
2018-10-26,67.43,71.12,2.651597003065296
2018-11-02,65.06,70.56285714285714,3.465807814856734
2018-11-09,61.57,69.31857142857143,4.865262680717167
2018-11-16,56.92,67.0442857142857,6.4179717905862
2018-11-23,54.99,64.16714285714285,6.697307205849397
2018-11-30,51.01,61.03142857142857,7.024845024557214
2018-12-07,52.63,58.51571428571429,6.292524287180834
2018-12-14,51.54,56.24571428571428,5.3338693183055
2018-12-21,46.98,53.66285714285714,4.693341788412196
2018-12-28,45.22,51.32714285714285,4.137929088669397
2019-01-04,47.0,49.910000000000004,3.5618534501014087
2019-01-11,50.78,49.30857142857143,2.844271603131512
2019-01-18,51.92,49.438571428571436,2.9536893798062605
2019-01-25,52.88,49.47428571428572,2.999860314208187
2019-02-01,53.63,49.77285714285715,3.326002176215433
2019-02-08,53.53,50.708571428571425,3.3306877596646904
2019-02-15,53.88,51.94571428571429,2.4420200459375954
2019-02-22,56.74,53.33714285714286,1.8598092580126386
2019-03-01,56.12,54.1,1.7265090018103906
2019-03-08,56.35,54.73285714285714,1.601642014576313
2019-03-15,57.81,55.43714285714286,1.72989127101176
2019-03-22,59.44,56.26714285714286,2.0772555153830434
2019-03-29,59.49,57.118571428571435,1.987891920028103
2019-04-05,62.36,58.33,2.251725264472845
2019-04-12,64.1,59.38142857142857,2.984624088956513
2019-04-19,63.8,60.478571428571435,2.9974624188435453
2019-04-26,65.28,61.75428571428571,2.8438580434731473
2019-05-03,62.9,62.48142857142857,2.2575534587349
2019-05-10,61.81,62.82,1.8698217383835276
2019-05-17,62.1,63.192857142857136,1.2539100750008791
2019-05-24,60.72,62.95857142857143,1.5530017017738704
2019-05-31,56.93,61.934285714285714,2.6510240608917357
2019-06-07,52.97,60.387142857142855,4.128953516674125
2019-06-14,52.52,58.564285714285724,4.415536423217518
2019-06-21,54.75,57.39999999999999,4.148156216923222
2019-06-28,58.38,56.910000000000004,3.720994490724062
2019-07-05,57.32,56.22714285714286,2.973290625360398
2019-07-12,59.02,55.98428571428571,2.5898575066518266
2019-07-19,56.74,55.957142857142856,2.5792680763198548
2019-07-26,56.05,56.39714285714286,2.2228413819979793
2019-08-02,56.55,56.97285714285714,1.43277951648395
2019-08-09,53.28,56.762857142857136,1.8576213669249164
2019-08-16,55.31,56.324285714285715,1.7726520352551196
2019-08-23,55.5,56.06428571428571,1.7353468158922782
2019-08-30,55.21,55.519999999999996,1.1538630767985134
2019-09-06,55.73,55.37571428571429,1.0326641458355084
2019-09-13,56.16,55.39142857142857,1.0453935235338696
2019-09-20,59.33,55.78857142857144,1.8084563267364768
2019-09-27,56.9,56.30571428571428,1.4544971312315362
2019-10-04,53.12,55.99285714285714,1.8781880832838234
2019-10-11,53.27,55.67428571428571,2.1457776922973197
2019-10-18,53.49,55.42857142857143,2.300691407464259
2019-10-25,55.2,55.35285714285715,2.2978374926996183
2019-11-01,55.17,55.21142857142858,2.2701793510014188
2019-11-08,56.69,54.83428571428571,1.5890338484209643
2019-11-15,56.85,54.82714285714286,1.5782766369860879
2019-11-22,56.9,55.36714285714286,1.543099848634582
2019-11-29,58.07,56.05285714285714,1.5222211215378707
2019-12-06,57.64,56.64571428571429,1.110057913546584
2019-12-13,59.25,57.22428571428572,1.2742560854974763
2019-12-20,60.75,58.02142857142858,1.5002714040176208
2019-12-27,61.29,58.67857142857143,1.7978174598791388
2020-01-03,62.09,59.42714285714286,1.9901651044211732
2020-01-10,60.84,59.99,1.6909859057165078
2020-01-17,58.29,60.02142857142858,1.6509232626158494
2020-01-24,56.15,59.808571428571426,2.0555974684698164
2020-01-31,52.7,58.87285714285714,3.4020519018462654
2020-02-07,50.36,57.388571428571424,4.5270867327358655
2020-02-14,50.83,55.894285714285715,4.745709842032156
2020-02-21,53.14,54.61571428571428,3.9346022973223507
2020-02-28,48.36,52.83285714285715,3.4406574676249075
2020-03-06,45.57,51.01571428571429,3.4371347424991394
2020-03-13,32.39,47.621428571428574,7.197123102488984
2020-03-20,24.19,43.54857142857143,10.938573076612002
2020-03-27,19.44,39.13142857142857,13.639183050524494
2020-04-03,21.69,34.96857142857143,13.917645189436621
2020-04-10,24.41,30.86428571428571,11.730100677520333
2020-04-17,20.12,26.830000000000002,9.31828846945626
2020-04-24,3.32,20.794285714285714,8.827103823155358
2020-05-01,15.71,18.41142857142857,7.2932604244637975
2020-05-08,23.46,18.307142857142857,7.201503811209113
2020-05-15,26.4,19.301428571428573,7.836460571311288
2020-05-22,33.1,20.931428571428572,9.438906060505616
2020-05-29,34.19,22.32857142857143,10.681626637317441
2020-06-05,37.32,24.785714285714285,11.987390398724411
2020-06-12,37.87,29.72142857142857,8.186145671338993
2020-06-19,38.35,32.955714285714286,5.873468189360478
2020-06-26,39.22,35.207142857142856,4.482855170111024
2020-07-03,39.85,37.128571428571426,2.540442406166315
2020-07-10,40.44,38.17714285714286,2.0721463452639766
2020-07-17,40.57,39.08857142857143,1.2764720726992989
2020-07-24,41.34,39.66285714285714,1.2522475033011835
2020-07-31,40.69,40.065714285714286,1.0094034070159632
2020-08-07,41.57,40.52571428571429,0.8115182713667365
2020-08-14,42.08,40.934285714285714,0.7630827203490771
2020-08-21,42.73,41.34571428571428,0.852229568892857
2020-08-28,42.93,41.701428571428565,0.9275133165518332
2020-09-04,41.84,41.88285714285714,0.7821277450160046
2020-09-11,37.38,41.317142857142855,1.889053680953474
2020-09-18,39.55,41.15428571428571,1.998122928674639
2020-09-25,39.78,40.89857142857143,2.0499221820305897
2020-10-02,38.99,40.45714285714286,2.0855032509022746
2020-10-09,40.19,40.09428571428571,1.8293792858313322
2020-10-16,40.33,39.722857142857144,1.3618824506997758
2020-10-23,40.43,39.52142857142858,1.0694301998640137
2020-10-30,37.32,39.512857142857136,1.0895062228018908
2020-11-06,37.71,39.25,1.2837055737201797
2020-11-13,40.66,39.37571428571429,1.3834721674451869
2020-11-20,41.52,39.73714285714285,1.5821263570031419
2020-11-27,44.4,40.33857142857143,2.381312163293129
2020-12-04,45.37,41.05857142857143,3.0471376107829053
2020-12-11,46.04,41.86,3.5504412871266324
2020-12-18,47.97,43.38142857142857,3.562561945994427
2020-12-25,47.73,44.81285714285713,2.8446775698117994
2021-01-01,47.98,45.85857142857143,2.369355950263159
2021-01-08,50.09,47.08285714285715,1.9266872630303995
2021-01-15,52.75,48.27571428571429,2.4910229300620523
2021-01-22,52.82,49.339999999999996,2.6302598097272254
2021-01-29,52.52,50.26571428571429,2.406012310462027
2021-02-05,55.39,51.325714285714284,2.8241863556479574
2021-02-12,58.54,52.87,3.422455259020842
2021-02-19,60.17,54.611428571428576,3.6154549209903855
2021-02-26,62.3,56.355714285714285,3.995876445966238
2021-03-05,62.29,57.71857142857142,4.183600636498828
2021-03-12,65.02,59.46142857142858,4.341026869959834
2021-03-19,63.22,60.99,3.2314805688206696
2021-03-26,59.95,61.64142857142857,2.213815925586361
2021-04-02,60.66,61.94428571428572,1.8306725279964002
2021-04-09,59.35,61.82714285714285,1.9830255863677877
2021-04-16,61.93,61.77428571428572,1.9732279572891234
2021-04-23,62.18,61.75857142857143,1.9688696297740123
2021-04-30,63.47,61.537142857142854,1.5920397219257219
2021-05-07,65.1,61.80571428571428,2.023387070753907
2021-05-14,65.07,62.537142857142854,2.1614633491046336
2021-05-21,64.11,63.029999999999994,2.052697412349287
2021-05-28,66.4,64.03714285714285,1.632765693393444
2021-06-04,68.74,65.01,2.1231737250317955
2021-06-11,70.11,66.14285714285714,2.451691350106934
2021-06-18,71.55,67.29714285714284,2.852809809560125
2021-06-25,73.48,68.49428571428571,3.468894430712359
2021-07-02,74.07,69.78,3.651273750350499
2021-07-09,73.35,71.1,2.839894364232327
2021-07-16,73.19,72.07000000000001,2.003405434087626
2021-07-23,69.68,72.20428571428572,1.759676647785151
2021-07-30,72.75,72.58142857142857,1.499715846100878
2021-08-06,69.5,72.28857142857143,1.8852889130615391
2021-08-13,68.33,71.55285714285715,2.3017291636627584
2021-08-20,65.05,70.26428571428572,3.058212207280667
2021-08-27,67.59,69.44142857142857,2.8579271542581792
2021-09-03,69.15,68.86428571428571,2.3348080373827855
2021-09-10,68.98,68.76428571428572,2.3088948087979078
2021-09-17,71.69,68.61285714285714,2.020698841866968
2021-09-24,72.18,68.99571428571429,2.4293610761049713
2021-10-01,75.45,70.01285714285714,3.4005720807224553
2021-10-08,78.5,71.93428571428572,3.8931943060628633
2021-10-15,81.18,73.87571428571428,4.675613532442577
2021-10-22,83.48,75.92285714285715,5.350117488696414
2021-10-29,83.84,78.04571428571428,5.077315094754952
2021-11-05,81.79,79.48857142857143,4.3536667632826545
2021-11-12,81.93,80.88142857142857,2.963429480468859
2021-11-19,78.99,81.38714285714286,2.0403571115995236
2021-11-26,77.79,81.28571428571429,2.2177380153569803
2021-12-03,66.89,79.24428571428572,5.881660358387449
2021-12-10,71.31,77.50571428571428,6.210431700353839
2021-12-17,71.18,75.69714285714285,5.893665283691349
2021-12-24,71.63,74.24571428571429,5.370970915153693
2021-12-31,76.05,73.4057142857143,4.32727726999634
2022-01-07,77.86,73.24428571428572,4.099308304022401
2022-01-14,81.52,73.77714285714286,4.944059446398493
2022-01-21,85.93,76.49714285714286,5.702817181842839
2022-01-28,86.94,78.73,6.35583721209602
2022-02-04,89.6,81.36142857142856,6.520013876701376
2022-02-11,90.61,84.07285714285715,5.692625973677501
2022-02-18,92.89,86.47857142857141,5.280459034879884
2022-02-25,92.18,88.52428571428572,4.004817337252561
2022-03-04,106.8,92.13571428571427,6.95073343166688
2022-03-11,113.39,96.05857142857143,9.961494915542398
2022-03-18,100.43,97.98571428571428,9.177437654637476
2022-03-25,113.69,101.42714285714285,9.989599114888748
2022-04-01,103.89,103.32428571428571,8.780789366836975
2022-04-08,99.21,104.22714285714287,7.799151052701343
2022-04-15,101.46,105.55285714285715,5.988618967913419
2022-04-22,104.02,105.1557142857143,5.984306858059992
2022-04-29,102.85,103.65,4.769944094710343
2022-05-06,106.69,104.5442857142857,4.650970712810812
2022-05-13,105.0,103.30285714285715,2.4346369632560396
2022-05-20,112.18,104.48714285714287,4.167452116443871
2022-05-27,113.38,106.51142857142858,4.596311668324516
2022-06-03,116.37,108.64142857142858,5.2705579355866945
2022-06-10,120.43,110.98571428571428,6.400726149281027
2022-06-17,116.46,112.92999999999999,5.524671935960943
2022-06-24,107.88,113.10000000000001,5.314988240814312
2022-07-01,110.96,113.95142857142856,4.151097961468581
2022-07-08,103.32,112.68571428571428,5.803228575952907
2022-07-15,99.92,110.76285714285713,7.512928222483244
2022-07-22,102.24,108.74428571428571,7.652245546554093
2022-07-29,99.6,105.76857142857143,6.277195309401837
2022-08-05,94.01,102.56142857142856,5.603214638554391
2022-08-12,94.65,100.67142857142856,5.739844447867075
2022-08-19,91.81,97.9357142857143,4.433887899435269
2022-08-26,94.47,96.67142857142858,3.868416681155791
2022-09-02,90.79,95.36714285714287,4.121442766336489
2022-09-09,85.29,92.94571428571429,4.381536477625065
2022-09-16,87.24,91.17999999999999,3.6886899210059236
2022-09-23,83.46,89.67285714285715,4.42206103638578
2022-09-30,80.08,87.59142857142857,5.0703761483455905
2022-10-07,88.22,87.07857142857142,4.743590161369891
2022-10-14,88.97,86.29285714285713,3.6430926161053687
2022-10-21,85.36,85.51714285714286,3.0568650296539883
2022-10-28,87.87,85.88571428571429,3.1780489672270464
2022-11-04,89.14,86.15714285714286,3.3872442795761657
2022-11-11,88.41,86.86428571428571,3.243993717332519
2022-11-18,84.02,87.42714285714285,1.9573256779395212
2022-11-25,78.74,86.07285714285715,3.7635520203022925
2022-12-02,79.29,84.68999999999998,4.2664114507000335
2022-12-09,73.06,82.93285714285715,6.088359697777518
2022-12-16,75.12,81.11142857142856,6.269647593954444
2022-12-23,77.28,79.41714285714285,5.25957132057246
2022-12-30,79.23,78.10571428571428,3.4905389132281326
2023-01-06,74.27,76.71285714285715,2.5578878935927714
2023-01-13,77.1,76.47857142857143,2.4122287659021113
2023-01-20,80.34,76.62857142857142,2.638247073161573
2023-01-27,80.33,77.66714285714285,2.421347519362249
2023-02-03,76.51,77.86571428571428,2.226827767197049
2023-02-10,77.51,77.89857142857144,2.2184260829949176
2023-02-17,78.51,77.7957142857143,2.1623895512664837
2023-02-24,75.42,77.96000000000001,1.8743887892673714
2023-03-03,77.54,78.02285714285715,1.847933208439906
2023-03-10,77.31,77.59,1.5447006182422243
2023-03-17,69.6,76.05714285714285,3.0055931987194384
2023-03-24,69.33,75.03142857142858,3.9133592925233827
2023-03-31,73.79,74.5,3.7706586515706855
2023-04-07,80.62,74.80142857142857,4.2040751205283895
2023-04-14,81.87,75.72285714285715,4.994736276940816
2023-04-21,79.22,75.96285714285715,5.134996638381429
2023-04-28,76.31,75.82000000000001,5.10509549371979
2023-05-05,71.16,76.04285714285713,4.814068668273775
2023-05-12,72.03,76.42857142857143,4.2632281531384555
2023-05-19,71.62,76.11857142857143,4.555917136250288
2023-05-26,72.62,74.97571428571429,4.230298874952779
2023-06-02,69.85,73.25857142857144,3.303389312869332
2023-06-09,71.56,72.16428571428571,2.018191080669446
2023-06-16,69.42,71.17999999999999,1.1547727049071448
2023-06-23,70.41,71.07285714285715,1.1911579000517603
2023-06-30,69.36,70.69142857142857,1.2591323543269395
2023-07-07,71.79,70.71571428571428,1.2814686514934805
2023-07-14,75.2,71.08428571428571,2.05688159716608
2023-07-21,75.61,71.90714285714286,2.569161434435168
2023-07-28,79.68,73.06714285714285,3.8833220927691383
2023-08-04,81.4,74.77857142857144,4.58463167757737
2023-08-11,83.04,76.58285714285715,5.041357999209
2023-08-18,80.93,78.23571428571428,4.084445523947302
2023-08-25,79.97,79.40428571428572,2.943857204093471
2023-09-01,82.5,80.44714285714285,2.459415338961982
2023-09-08,87.17,82.09857142857143,2.549532169969969
2023-09-15,89.14,83.45000000000002,3.4143911121404966
2023-09-22,90.28,84.71857142857142,4.105481817324027
2023-09-29,91.44,85.91857142857144,4.715398281415695
2023-10-06,85.5,86.57142857142857,4.197532722013974
2023-10-13,85.03,87.2942857142857,3.1847336735472225
2023-10-20,88.03,88.0842857142857,2.3819659747273585
2023-10-27,85.2,87.80285714285715,2.6131508075222354
2023-11-03,81.99,86.78142857142858,3.308309883567642
2023-11-10,77.92,85.01571428571428,4.284276901815029
2023-11-17,76.98,82.95,4.154539685692918
2023-11-24,77.02,81.73857142857142,4.50833830648409
2023-12-01,75.49,80.37571428571428,4.781216223036382
2023-12-08,70.71,77.90142857142858,4.639387274814673
2023-12-15,70.11,75.74571428571429,4.164352119048877
2023-12-22,73.23,74.49428571428571,3.1734883915696064
2023-12-29,73.52,73.86571428571428,2.795060268538135
2024-01-05,72.49,73.2242857142857,2.4558763347178587
2024-01-12,72.03,72.51142857142857,1.8096816347209708
2024-01-19,73.36,72.20714285714286,1.3447269150981038
2024-01-26,76.36,73.01428571428572,1.8838865601270272
2024-02-02,75.78,73.82428571428571,1.6286892187974737
2024-02-09,75.05,74.0842857142857,1.6629176883098442
2024-02-16,78.17,74.74857142857142,2.231497468602505
2024-02-23,78.71,75.63714285714286,2.4132392773038758
2024-03-01,79.58,76.71571428571428,2.2110997048437486
2024-03-08,79.53,77.59714285714286,1.8508891042384465
2024-03-15,80.43,78.17857142857143,2.0282539993088524
2024-03-22,82.79,79.17999999999999,2.3514180118950847
2024-03-29,82.73,80.27714285714286,1.8391367022387552
2024-04-05,86.35,81.44571428571429,2.6825103736536797
2024-04-12,86.5,82.55857142857143,2.959946106330065
2024-04-19,84.65,83.28285714285714,2.7202249556831286
2024-04-26,84.48,83.99000000000001,2.1697388475722272
2024-05-03,81.74,84.17714285714285,1.8434723963726323
2024-05-10,80.26,83.8157142857143,2.3415013498663604
2024-05-17,80.61,83.51285714285714,2.62524738063316
2024-05-24,79.43,82.52428571428571,2.68113693012737
2024-05-31,79.52,81.52714285714286,2.213230777887429
2024-06-07,75.53,80.22428571428573,2.699437331141403
2024-06-14,79.24,79.47571428571429,1.9432349072512929
2024-06-21,82.26,79.55,2.0511622721434555
2024-06-28,82.53,79.87428571428572,2.3410742344971807
2024-07-05,84.61,80.44571428571429,2.9575826680066184
2024-07-12,83.44,81.01857142857143,3.112359386764129
2024-07-19,82.98,81.51285714285714,3.1094464367238914
2024-07-26,79.26,82.0457142857143,2.0536622340166506
2024-08-02,77.11,81.74142857142859,2.6187237895035835
2024-08-09,76.33,80.89428571428572,3.2948791436752867
2024-08-16,79.49,80.46000000000001,3.243290510165747
2024-08-23,74.68,79.04142857142857,3.296793536005188
2024-08-30,76.36,78.03,2.765706660752619
2024-09-06,70.02,76.17857142857143,3.203068469303441
2024-09-13,68.82,74.68714285714285,3.8867454864177695
2024-09-20,72.14,73.97714285714285,3.82382319276432
2024-09-27,70.22,73.10428571428571,3.893943404582796
2024-10-04,71.83,72.01,2.6907557798257034
2024-10-11,75.69,72.1542857142857,2.8783320236022067
2024-10-18,70.81,71.36142857142856,2.2146288520607196
2024-10-25,71.59,71.58571428571429,2.13417319777333
2024-11-01,68.69,71.56714285714285,2.1626273703197105
2024-11-08,71.89,71.53142857142856,2.1536359067972533
2024-11-15,68.38,71.26857142857143,2.434368012245985
2024-11-22,70.11,71.02285714285713,2.4549726019223432
2024-11-29,68.94,70.05857142857143,1.4264457995474813
2024-12-06,68.89,69.78428571428572,1.4423806379596817
2024-12-13,69.97,69.55285714285715,1.216671885180873
2024-12-20,70.39,69.79571428571428,1.1849874421673436
2024-12-27,70.51,69.59857142857143,0.8443227773666012
2025-01-03,73.15,70.28,1.4232943007915393
2025-01-10,75.14,70.99857142857142,2.3141191885999612
2025-01-17,79.28,72.47571428571429,3.6788035063175086
2025-01-24,75.73,73.45285714285716,3.470133111210933
2025-01-31,73.31,73.92999999999999,3.1237637554716926
2025-02-07,72.05,74.16714285714286,2.8622992755572803
2025-02-14,72.17,74.40428571428572,2.5617953154172572
2025-02-21,72.1,74.25428571428571,2.6756859378659943
2025-02-28,69.93,73.51,3.0820177373486963
2025-03-07,67.52,71.83000000000001,2.5762828519656225
2025-03-14,66.95,70.57571428571428,2.497170780055062
2025-03-21,67.96,69.81142857142858,2.3342338398383724
2025-03-28,69.81,69.49142857142857,2.1199011657103153
2025-04-04,69.09,69.05142857142857,1.7604490769062289
2025-04-11,61.24,67.5,2.985274973376131
2025-04-18,62.92,66.49857142857142,3.202152549829606
2025-04-25,63.62,65.94142857142857,3.3314832961280647
2025-05-02,60.99,65.09,3.764252913925876
2025-05-09,60.39,64.00857142857143,3.887678950099556
2025-05-16,63.94,63.17,2.9470324056582147
2025-05-23,63.26,62.33714285714286,1.4268930616985707
2025-05-30,61.82,62.42,1.368198328703252
2025-06-06,64.06,62.58285714285715,1.4992077272758118
2025-06-13,68.63,63.298571428571435,2.7505237596466228
2025-06-20,74.94,65.29142857142857,4.962950831146775
2025-06-27,66.78,66.20428571428572,4.474817899992657
2025-07-04,67.43,66.70285714285714,4.3737730252254625
2025-07-11,69.15,67.54428571428572,4.1625026812517385
2025-07-18,68.07,68.43714285714286,3.313787934703991
2025-07-25,67.11,68.87285714285714,2.8035734000598325
2025-08-01,69.58,69.00857142857144,2.812836223289022
2025-08-08,65.75,67.69571428571429,1.3443444144865688
2025-08-15,64.34,67.34714285714286,1.8446021638436008
2025-08-22,64.14,66.87714285714286,2.20408495212636
2025-08-29,64.52,66.21571428571428,2.10062575710858
2025-09-05,64.09,65.64714285714285,2.0531740816412203
2025-09-12,63.06,65.06857142857143,2.1409999888791327
2025-09-19,63.98,64.26857142857143,0.8015906804892233
2025-09-26,64.83,64.13714285714285,0.5560190130352645
2025-10-03,62.59,63.88714285714286,0.7926687892956243
2025-10-10,62.1,63.59571428571429,1.0251318149851922
2025-10-17,58.8,62.778571428571425,1.99064000237292
2025-10-24,60.2,62.222857142857144,2.1033046560567805
2025-10-31,61.49,61.99857142857143,2.082766017994808
2025-11-07,60.87,61.55428571428571,1.9145657222361385
2025-11-14,60.16,60.887142857142855,1.2968900529819452
2025-11-21,60.27,60.555714285714295,1.0648764739450365
2025-11-28,58.69,60.06857142857143,1.0196965001316194
2025-12-05,59.48,60.16571428571428,0.9045967267766101
2025-12-12,58.3,59.894285714285715,1.1455545548314006
2025-12-19,56.3,59.152857142857144,1.549104195825306
2025-12-26,58.01,58.74428571428571,1.3896865011319453
2026-01-02,57.54,58.370000000000005,1.2943981870608676
2026-01-09,57.56,57.98285714285714,1.0041366820260504
2026-01-16,60.12,58.18714285714285,1.2796446679411735
2026-01-23,60.16,58.284285714285716,1.4130092845041866
2026-01-30,62.9,58.94142857142857,2.245784410634152
2026-02-06,63.09,59.91142857142857,2.3772703434220537
2026-02-13,63.93,60.75714285714286,2.6279061010983917
2026-02-20,65.3,61.865714285714276,2.680807447659786
2026-02-27,65.87,63.05285714285714,2.26385890524491
2026-03-06,78.37,65.66,5.904563207102289
2026-03-13,91.85,70.18714285714286,10.964975625882145
2026-03-20,96.07,74.92571428571429,14.029882224669384
2026-03-27,94.29,79.38285714285713,14.587975315633159
2026-04-03,105.67,85.34571428571428,15.706620533120002
2026-04-10,104.54,90.95142857142858,14.299238241448819
2026-04-17,93.84,94.94714285714285,9.076663693754533
2026-04-24,95.43,97.38428571428572,5.449293095264101
2026-05-01,105.57,99.3442857142857,5.592482624448602
2026-05-08,102.28,100.23142857142857,5.477887149170303
2026-05-15,105.1,101.77571428571427,5.029118070937089
2026-05-22,105.32,101.72571428571429,4.985498494442923
2026-05-29,93.45,100.14142857142858,5.658749651561296
2026-06-05,96.87,100.57428571428571,5.1931264094723675
2026-06-12,92.16,100.10714285714286,5.839810825376793
2026-06-19,81.36,96.64857142857144,8.587790613367636
2026-06-26,73.59,92.54999999999998,11.725311651863722
