Actual Outcome,Predicted Outcome,Cancellation Probability,Actual Label,Predicted Label,Prediction Correct,Confidence
1,0,0.011346256,Cancelled,Not Cancelled,False,0.9886537
1,0,0.012141518,Cancelled,Not Cancelled,False,0.9878585
1,0,0.014635124,Cancelled,Not Cancelled,False,0.98536485
1,0,0.015398214,Cancelled,Not Cancelled,False,0.9846018
1,0,0.015742304,Cancelled,Not Cancelled,False,0.9842577
1,0,0.015841853,Cancelled,Not Cancelled,False,0.98415816
1,0,0.016652089,Cancelled,Not Cancelled,False,0.9833479
1,0,0.017266849,Cancelled,Not Cancelled,False,0.98273313
1,0,0.017395092,Cancelled,Not Cancelled,False,0.9826049
1,0,0.018054988,Cancelled,Not Cancelled,False,0.98194504
1,0,0.018165944,Cancelled,Not Cancelled,False,0.98183405
1,0,0.019183332,Cancelled,Not Cancelled,False,0.98081666
1,0,0.019622482,Cancelled,Not Cancelled,False,0.9803775
1,0,0.022447864,Cancelled,Not Cancelled,False,0.9775521
1,0,0.023192829,Cancelled,Not Cancelled,False,0.9768072
1,0,0.023833316,Cancelled,Not Cancelled,False,0.97616667
1,0,0.023973804,Cancelled,Not Cancelled,False,0.9760262
1,0,0.025174359,Cancelled,Not Cancelled,False,0.9748256
1,0,0.026545854,Cancelled,Not Cancelled,False,0.9734541
1,0,0.028892552,Cancelled,Not Cancelled,False,0.9711074
1,0,0.02979027,Cancelled,Not Cancelled,False,0.9702097
1,0,0.030472223,Cancelled,Not Cancelled,False,0.9695278
1,0,0.030675795,Cancelled,Not Cancelled,False,0.96932423
1,0,0.031325277,Cancelled,Not Cancelled,False,0.9686747
1,0,0.03373525,Cancelled,Not Cancelled,False,0.9662647
1,0,0.034012213,Cancelled,Not Cancelled,False,0.9659878
1,0,0.034585666,Cancelled,Not Cancelled,False,0.96541435
1,0,0.037815675,Cancelled,Not Cancelled,False,0.9621843
1,0,0.03800488,Cancelled,Not Cancelled,False,0.9619951
1,0,0.038678203,Cancelled,Not Cancelled,False,0.9613218
1,0,0.041532744,Cancelled,Not Cancelled,False,0.95846725
1,0,0.041789107,Cancelled,Not Cancelled,False,0.9582109
1,0,0.04229273,Cancelled,Not Cancelled,False,0.9577073
1,0,0.043069344,Cancelled,Not Cancelled,False,0.95693064
1,0,0.04311923,Cancelled,Not Cancelled,False,0.95688075
1,0,0.043422736,Cancelled,Not Cancelled,False,0.95657724
1,0,0.045476116,Cancelled,Not Cancelled,False,0.95452386
1,0,0.046728794,Cancelled,Not Cancelled,False,0.9532712
1,0,0.046885297,Cancelled,Not Cancelled,False,0.9531147
1,0,0.04732454,Cancelled,Not Cancelled,False,0.95267546
1,0,0.04794799,Cancelled,Not Cancelled,False,0.952052
1,0,0.051969673,Cancelled,Not Cancelled,False,0.94803035
1,0,0.05217393,Cancelled,Not Cancelled,False,0.9478261
1,0,0.05279964,Cancelled,Not Cancelled,False,0.94720036
1,0,0.055518817,Cancelled,Not Cancelled,False,0.9444812
1,0,0.05596667,Cancelled,Not Cancelled,False,0.9440333
1,0,0.05680128,Cancelled,Not Cancelled,False,0.94319874
1,0,0.056883913,Cancelled,Not Cancelled,False,0.94311607
1,0,0.056979515,Cancelled,Not Cancelled,False,0.94302046
1,0,0.057233375,Cancelled,Not Cancelled,False,0.9427666
1,0,0.060702417,Cancelled,Not Cancelled,False,0.93929756
1,0,0.06088966,Cancelled,Not Cancelled,False,0.93911034
1,0,0.063067324,Cancelled,Not Cancelled,False,0.9369327
1,0,0.06337032,Cancelled,Not Cancelled,False,0.93662965
1,0,0.06494857,Cancelled,Not Cancelled,False,0.93505144
1,0,0.0650473,Cancelled,Not Cancelled,False,0.9349527
1,0,0.06540706,Cancelled,Not Cancelled,False,0.93459296
1,0,0.06548644,Cancelled,Not Cancelled,False,0.93451357
1,0,0.06591768,Cancelled,Not Cancelled,False,0.9340823
1,0,0.06685777,Cancelled,Not Cancelled,False,0.93314224
1,0,0.067201674,Cancelled,Not Cancelled,False,0.9327983
1,0,0.06731994,Cancelled,Not Cancelled,False,0.9326801
1,0,0.06838342,Cancelled,Not Cancelled,False,0.9316166
1,0,0.068762906,Cancelled,Not Cancelled,False,0.9312371
1,0,0.06886841,Cancelled,Not Cancelled,False,0.9311316
1,0,0.07117177,Cancelled,Not Cancelled,False,0.92882824
1,0,0.071177885,Cancelled,Not Cancelled,False,0.9288221
1,0,0.071808495,Cancelled,Not Cancelled,False,0.9281915
1,0,0.072109126,Cancelled,Not Cancelled,False,0.9278909
1,0,0.072357036,Cancelled,Not Cancelled,False,0.92764294
1,0,0.07298149,Cancelled,Not Cancelled,False,0.9270185
1,0,0.073140875,Cancelled,Not Cancelled,False,0.92685914
1,0,0.07394816,Cancelled,Not Cancelled,False,0.92605186
1,0,0.07510893,Cancelled,Not Cancelled,False,0.92489105
1,0,0.07594323,Cancelled,Not Cancelled,False,0.92405677
1,0,0.076833926,Cancelled,Not Cancelled,False,0.9231661
1,0,0.078177296,Cancelled,Not Cancelled,False,0.9218227
1,0,0.078448564,Cancelled,Not Cancelled,False,0.92155147
1,0,0.07871573,Cancelled,Not Cancelled,False,0.92128426
1,0,0.07895765,Cancelled,Not Cancelled,False,0.9210423
1,0,0.07952706,Cancelled,Not Cancelled,False,0.9204729
1,0,0.07963645,Cancelled,Not Cancelled,False,0.92036355
1,0,0.080340855,Cancelled,Not Cancelled,False,0.91965914
1,0,0.08054913,Cancelled,Not Cancelled,False,0.9194509
1,0,0.08184146,Cancelled,Not Cancelled,False,0.91815853
0,1,0.91740626,Not Cancelled,Cancelled,False,0.91740626
1,0,0.0840816,Cancelled,Not Cancelled,False,0.9159184
1,0,0.0842973,Cancelled,Not Cancelled,False,0.9157027
1,0,0.084783904,Cancelled,Not Cancelled,False,0.9152161
1,0,0.08513898,Cancelled,Not Cancelled,False,0.914861
1,0,0.08516374,Cancelled,Not Cancelled,False,0.9148363
1,0,0.08605424,Cancelled,Not Cancelled,False,0.91394573
1,0,0.08663427,Cancelled,Not Cancelled,False,0.9133657
1,0,0.08672295,Cancelled,Not Cancelled,False,0.91327703
1,0,0.08696642,Cancelled,Not Cancelled,False,0.9130336
1,0,0.08725532,Cancelled,Not Cancelled,False,0.9127447
1,0,0.08767521,Cancelled,Not Cancelled,False,0.9123248
1,0,0.08768594,Cancelled,Not Cancelled,False,0.91231406
1,0,0.08919555,Cancelled,Not Cancelled,False,0.91080445
1,0,0.09129869,Cancelled,Not Cancelled,False,0.9087013
1,0,0.09192485,Cancelled,Not Cancelled,False,0.90807515
1,0,0.09226574,Cancelled,Not Cancelled,False,0.9077343
1,0,0.09380684,Cancelled,Not Cancelled,False,0.90619314
1,0,0.093873605,Cancelled,Not Cancelled,False,0.9061264
1,0,0.0939387,Cancelled,Not Cancelled,False,0.9060613
1,0,0.09442629,Cancelled,Not Cancelled,False,0.9055737
1,0,0.095705226,Cancelled,Not Cancelled,False,0.9042948
1,0,0.09581247,Cancelled,Not Cancelled,False,0.90418756
1,0,0.09627767,Cancelled,Not Cancelled,False,0.90372235
1,0,0.097084545,Cancelled,Not Cancelled,False,0.9029155
1,0,0.09733496,Cancelled,Not Cancelled,False,0.902665
1,0,0.097553805,Cancelled,Not Cancelled,False,0.9024462
1,0,0.09765339,Cancelled,Not Cancelled,False,0.9023466
1,0,0.097816154,Cancelled,Not Cancelled,False,0.90218383
1,0,0.09825755,Cancelled,Not Cancelled,False,0.90174246
1,0,0.099366404,Cancelled,Not Cancelled,False,0.9006336
1,0,0.09947573,Cancelled,Not Cancelled,False,0.90052426
1,0,0.10002815,Cancelled,Not Cancelled,False,0.89997184
0,1,0.8989269,Not Cancelled,Cancelled,False,0.8989269
1,0,0.101374894,Cancelled,Not Cancelled,False,0.89862514
1,0,0.10162473,Cancelled,Not Cancelled,False,0.8983753
1,0,0.10172557,Cancelled,Not Cancelled,False,0.8982744
1,0,0.10176826,Cancelled,Not Cancelled,False,0.89823174
1,0,0.102702715,Cancelled,Not Cancelled,False,0.89729726
1,0,0.103944615,Cancelled,Not Cancelled,False,0.8960554
1,0,0.10556247,Cancelled,Not Cancelled,False,0.89443755
1,0,0.10580461,Cancelled,Not Cancelled,False,0.8941954
1,0,0.10614165,Cancelled,Not Cancelled,False,0.8938584
1,0,0.106868096,Cancelled,Not Cancelled,False,0.8931319
1,0,0.107068084,Cancelled,Not Cancelled,False,0.89293194
1,0,0.107298985,Cancelled,Not Cancelled,False,0.892701
1,0,0.10748518,Cancelled,Not Cancelled,False,0.8925148
1,0,0.10769367,Cancelled,Not Cancelled,False,0.8923063
1,0,0.108231656,Cancelled,Not Cancelled,False,0.89176834
1,0,0.10840508,Cancelled,Not Cancelled,False,0.8915949
1,0,0.10854047,Cancelled,Not Cancelled,False,0.8914595
1,0,0.10883486,Cancelled,Not Cancelled,False,0.89116514
1,0,0.1090699,Cancelled,Not Cancelled,False,0.8909301
1,0,0.10911994,Cancelled,Not Cancelled,False,0.89088005
1,0,0.109571576,Cancelled,Not Cancelled,False,0.8904284
1,0,0.1096772,Cancelled,Not Cancelled,False,0.8903228
0,1,0.8901649,Not Cancelled,Cancelled,False,0.8901649
1,0,0.110108994,Cancelled,Not Cancelled,False,0.889891
1,0,0.11122786,Cancelled,Not Cancelled,False,0.88877213
1,0,0.11206198,Cancelled,Not Cancelled,False,0.887938
1,0,0.11256263,Cancelled,Not Cancelled,False,0.88743734
1,0,0.112912335,Cancelled,Not Cancelled,False,0.88708764
1,0,0.11311988,Cancelled,Not Cancelled,False,0.8868801
1,0,0.11362247,Cancelled,Not Cancelled,False,0.8863775
1,0,0.11412389,Cancelled,Not Cancelled,False,0.8858761
1,0,0.11424706,Cancelled,Not Cancelled,False,0.8857529
1,0,0.11428512,Cancelled,Not Cancelled,False,0.8857149
1,0,0.11460353,Cancelled,Not Cancelled,False,0.8853965
1,0,0.11498356,Cancelled,Not Cancelled,False,0.88501644
1,0,0.11526582,Cancelled,Not Cancelled,False,0.88473415
1,0,0.11609872,Cancelled,Not Cancelled,False,0.8839013
1,0,0.11632798,Cancelled,Not Cancelled,False,0.883672
1,0,0.11834259,Cancelled,Not Cancelled,False,0.8816574
1,0,0.119191065,Cancelled,Not Cancelled,False,0.88080895
1,0,0.12006556,Cancelled,Not Cancelled,False,0.87993443
1,0,0.12016478,Cancelled,Not Cancelled,False,0.87983525
1,0,0.12037062,Cancelled,Not Cancelled,False,0.8796294
0,1,0.8793537,Not Cancelled,Cancelled,False,0.8793537
1,0,0.12132165,Cancelled,Not Cancelled,False,0.8786783
1,0,0.12157057,Cancelled,Not Cancelled,False,0.8784294
0,1,0.8783243,Not Cancelled,Cancelled,False,0.8783243
1,0,0.12196335,Cancelled,Not Cancelled,False,0.8780366
1,0,0.12253556,Cancelled,Not Cancelled,False,0.8774644
1,0,0.12256113,Cancelled,Not Cancelled,False,0.8774389
1,0,0.122782454,Cancelled,Not Cancelled,False,0.87721753
1,0,0.12326301,Cancelled,Not Cancelled,False,0.876737
1,0,0.12381202,Cancelled,Not Cancelled,False,0.876188
1,0,0.123963766,Cancelled,Not Cancelled,False,0.8760362
1,0,0.12404272,Cancelled,Not Cancelled,False,0.87595725
1,0,0.124163955,Cancelled,Not Cancelled,False,0.875836
1,0,0.12487234,Cancelled,Not Cancelled,False,0.8751277
1,0,0.12488389,Cancelled,Not Cancelled,False,0.8751161
1,0,0.12549435,Cancelled,Not Cancelled,False,0.87450564
1,0,0.12552164,Cancelled,Not Cancelled,False,0.87447834
1,0,0.12581123,Cancelled,Not Cancelled,False,0.8741888
1,0,0.1260672,Cancelled,Not Cancelled,False,0.8739328
1,0,0.12629378,Cancelled,Not Cancelled,False,0.8737062
0,1,0.87316644,Not Cancelled,Cancelled,False,0.87316644
1,0,0.12757373,Cancelled,Not Cancelled,False,0.8724263
1,0,0.127644,Cancelled,Not Cancelled,False,0.872356
1,0,0.12804261,Cancelled,Not Cancelled,False,0.8719574
1,0,0.12888543,Cancelled,Not Cancelled,False,0.87111455
1,0,0.1289389,Cancelled,Not Cancelled,False,0.8710611
0,1,0.8705784,Not Cancelled,Cancelled,False,0.8705784
0,1,0.8703153,Not Cancelled,Cancelled,False,0.8703153
1,0,0.12989622,Cancelled,Not Cancelled,False,0.8701038
1,0,0.13033853,Cancelled,Not Cancelled,False,0.86966145
1,0,0.13063718,Cancelled,Not Cancelled,False,0.86936283
1,0,0.13066019,Cancelled,Not Cancelled,False,0.8693398
0,1,0.86890906,Not Cancelled,Cancelled,False,0.86890906
1,0,0.13148116,Cancelled,Not Cancelled,False,0.8685188
1,0,0.13163462,Cancelled,Not Cancelled,False,0.8683654
1,0,0.13181497,Cancelled,Not Cancelled,False,0.86818504
1,0,0.13208923,Cancelled,Not Cancelled,False,0.86791074
0,1,0.86782104,Not Cancelled,Cancelled,False,0.86782104
1,0,0.13222478,Cancelled,Not Cancelled,False,0.8677752
1,0,0.1326859,Cancelled,Not Cancelled,False,0.8673141
1,0,0.13304184,Cancelled,Not Cancelled,False,0.86695814
1,0,0.13380478,Cancelled,Not Cancelled,False,0.8661952
0,1,0.86601335,Not Cancelled,Cancelled,False,0.86601335
1,0,0.13403924,Cancelled,Not Cancelled,False,0.8659608
1,0,0.13406919,Cancelled,Not Cancelled,False,0.8659308
1,0,0.13506922,Cancelled,Not Cancelled,False,0.86493075
1,0,0.13514636,Cancelled,Not Cancelled,False,0.8648536
1,0,0.13538964,Cancelled,Not Cancelled,False,0.8646104
1,0,0.13569608,Cancelled,Not Cancelled,False,0.86430395
1,0,0.13571347,Cancelled,Not Cancelled,False,0.86428654
1,0,0.13576917,Cancelled,Not Cancelled,False,0.8642308
1,0,0.13660645,Cancelled,Not Cancelled,False,0.86339355
1,0,0.13722764,Cancelled,Not Cancelled,False,0.86277235
0,1,0.8627389,Not Cancelled,Cancelled,False,0.8627389
1,0,0.13779113,Cancelled,Not Cancelled,False,0.86220884
1,0,0.13878271,Cancelled,Not Cancelled,False,0.86121726
1,0,0.13914773,Cancelled,Not Cancelled,False,0.86085224
1,0,0.13934141,Cancelled,Not Cancelled,False,0.8606586
1,0,0.13939853,Cancelled,Not Cancelled,False,0.8606015
0,1,0.86052513,Not Cancelled,Cancelled,False,0.86052513
1,0,0.13977514,Cancelled,Not Cancelled,False,0.86022484
1,0,0.1398475,Cancelled,Not Cancelled,False,0.8601525
1,0,0.14009306,Cancelled,Not Cancelled,False,0.8599069
1,0,0.1401896,Cancelled,Not Cancelled,False,0.8598104
1,0,0.14023307,Cancelled,Not Cancelled,False,0.85976696
0,1,0.85965836,Not Cancelled,Cancelled,False,0.85965836
1,0,0.14076754,Cancelled,Not Cancelled,False,0.8592324
1,0,0.14088005,Cancelled,Not Cancelled,False,0.85911995
1,0,0.14108485,Cancelled,Not Cancelled,False,0.85891515
1,0,0.14206716,Cancelled,Not Cancelled,False,0.8579328
1,0,0.14207949,Cancelled,Not Cancelled,False,0.8579205
0,1,0.8579014,Not Cancelled,Cancelled,False,0.8579014
1,0,0.14222747,Cancelled,Not Cancelled,False,0.8577725
0,1,0.85768026,Not Cancelled,Cancelled,False,0.85768026
1,0,0.14303736,Cancelled,Not Cancelled,False,0.8569626
1,0,0.1438787,Cancelled,Not Cancelled,False,0.8561213
1,0,0.14397635,Cancelled,Not Cancelled,False,0.85602367
1,0,0.14408757,Cancelled,Not Cancelled,False,0.85591245
1,0,0.14409326,Cancelled,Not Cancelled,False,0.8559067
1,0,0.14409913,Cancelled,Not Cancelled,False,0.8559009
1,0,0.14492126,Cancelled,Not Cancelled,False,0.85507876
0,1,0.8541746,Not Cancelled,Cancelled,False,0.8541746
1,0,0.14592904,Cancelled,Not Cancelled,False,0.85407096
1,0,0.1459732,Cancelled,Not Cancelled,False,0.8540268
0,1,0.85346556,Not Cancelled,Cancelled,False,0.85346556
1,0,0.14667208,Cancelled,Not Cancelled,False,0.85332793
1,0,0.14701134,Cancelled,Not Cancelled,False,0.85298866
1,0,0.1470326,Cancelled,Not Cancelled,False,0.8529674
0,1,0.8527093,Not Cancelled,Cancelled,False,0.8527093
1,0,0.14761586,Cancelled,Not Cancelled,False,0.85238415
1,0,0.14778261,Cancelled,Not Cancelled,False,0.8522174
0,1,0.851823,Not Cancelled,Cancelled,False,0.851823
0,1,0.8517948,Not Cancelled,Cancelled,False,0.8517948
1,0,0.14821403,Cancelled,Not Cancelled,False,0.85178596
1,0,0.14954172,Cancelled,Not Cancelled,False,0.85045826
1,0,0.14956571,Cancelled,Not Cancelled,False,0.8504343
1,0,0.15005735,Cancelled,Not Cancelled,False,0.8499427
0,1,0.84918857,Not Cancelled,Cancelled,False,0.84918857
1,0,0.15125515,Cancelled,Not Cancelled,False,0.84874487
1,0,0.15181491,Cancelled,Not Cancelled,False,0.84818506
0,1,0.84801286,Not Cancelled,Cancelled,False,0.84801286
1,0,0.15212092,Cancelled,Not Cancelled,False,0.84787905
1,0,0.1530099,Cancelled,Not Cancelled,False,0.8469901
1,0,0.15369456,Cancelled,Not Cancelled,False,0.84630543
1,0,0.15391868,Cancelled,Not Cancelled,False,0.8460813
1,0,0.15392323,Cancelled,Not Cancelled,False,0.8460768
1,0,0.15408197,Cancelled,Not Cancelled,False,0.84591806
1,0,0.15410489,Cancelled,Not Cancelled,False,0.8458951
0,1,0.8456948,Not Cancelled,Cancelled,False,0.8456948
1,0,0.15432507,Cancelled,Not Cancelled,False,0.84567493
1,0,0.15484145,Cancelled,Not Cancelled,False,0.8451586
1,0,0.1548523,Cancelled,Not Cancelled,False,0.8451477
0,1,0.84459543,Not Cancelled,Cancelled,False,0.84459543
1,0,0.15611295,Cancelled,Not Cancelled,False,0.84388703
1,0,0.15628774,Cancelled,Not Cancelled,False,0.8437123
1,0,0.15646712,Cancelled,Not Cancelled,False,0.84353286
1,0,0.15682848,Cancelled,Not Cancelled,False,0.84317154
1,0,0.1568394,Cancelled,Not Cancelled,False,0.8431606
1,0,0.15697499,Cancelled,Not Cancelled,False,0.843025
1,0,0.15782273,Cancelled,Not Cancelled,False,0.8421773
1,0,0.1579715,Cancelled,Not Cancelled,False,0.8420285
1,0,0.15852883,Cancelled,Not Cancelled,False,0.8414712
1,0,0.15880224,Cancelled,Not Cancelled,False,0.8411977
1,0,0.15896498,Cancelled,Not Cancelled,False,0.841035
0,1,0.8409357,Not Cancelled,Cancelled,False,0.8409357
0,1,0.8408657,Not Cancelled,Cancelled,False,0.8408657
1,0,0.15944135,Cancelled,Not Cancelled,False,0.84055865
1,0,0.15983191,Cancelled,Not Cancelled,False,0.8401681
0,1,0.84005284,Not Cancelled,Cancelled,False,0.84005284
0,1,0.8399408,Not Cancelled,Cancelled,False,0.8399408
1,0,0.16072237,Cancelled,Not Cancelled,False,0.8392776
1,0,0.16182242,Cancelled,Not Cancelled,False,0.83817756
1,0,0.16193907,Cancelled,Not Cancelled,False,0.8380609
0,1,0.8377427,Not Cancelled,Cancelled,False,0.8377427
1,0,0.16279393,Cancelled,Not Cancelled,False,0.83720607
1,0,0.16366293,Cancelled,Not Cancelled,False,0.8363371
1,0,0.1637063,Cancelled,Not Cancelled,False,0.8362937
1,0,0.16377191,Cancelled,Not Cancelled,False,0.8362281
1,0,0.16453019,Cancelled,Not Cancelled,False,0.83546984
1,0,0.16563904,Cancelled,Not Cancelled,False,0.83436096
0,1,0.8343149,Not Cancelled,Cancelled,False,0.8343149
1,0,0.16588153,Cancelled,Not Cancelled,False,0.8341185
1,0,0.16635525,Cancelled,Not Cancelled,False,0.83364475
1,0,0.16640745,Cancelled,Not Cancelled,False,0.83359253
1,0,0.16664541,Cancelled,Not Cancelled,False,0.8333546
1,0,0.16668755,Cancelled,Not Cancelled,False,0.83331245
1,0,0.1668059,Cancelled,Not Cancelled,False,0.83319414
0,1,0.8325059,Not Cancelled,Cancelled,False,0.8325059
1,0,0.16813204,Cancelled,Not Cancelled,False,0.83186793
1,0,0.16814208,Cancelled,Not Cancelled,False,0.8318579
1,0,0.16819811,Cancelled,Not Cancelled,False,0.8318019
1,0,0.16858841,Cancelled,Not Cancelled,False,0.8314116
0,1,0.8311622,Not Cancelled,Cancelled,False,0.8311622
1,0,0.16884452,Cancelled,Not Cancelled,False,0.8311555
0,1,0.8308385,Not Cancelled,Cancelled,False,0.8308385
1,0,0.16952397,Cancelled,Not Cancelled,False,0.83047605
1,0,0.17020263,Cancelled,Not Cancelled,False,0.8297974
1,0,0.17024657,Cancelled,Not Cancelled,False,0.8297534
1,0,0.17035386,Cancelled,Not Cancelled,False,0.8296461
1,0,0.17046645,Cancelled,Not Cancelled,False,0.8295336
0,1,0.82828623,Not Cancelled,Cancelled,False,0.82828623
1,0,0.17175294,Cancelled,Not Cancelled,False,0.8282471
1,0,0.17191526,Cancelled,Not Cancelled,False,0.8280847
1,0,0.17209844,Cancelled,Not Cancelled,False,0.82790154
1,0,0.17261311,Cancelled,Not Cancelled,False,0.82738686
1,0,0.17263876,Cancelled,Not Cancelled,False,0.8273612
1,0,0.17294401,Cancelled,Not Cancelled,False,0.827056
1,0,0.17314489,Cancelled,Not Cancelled,False,0.8268551
1,0,0.1731982,Cancelled,Not Cancelled,False,0.8268018
0,1,0.8262541,Not Cancelled,Cancelled,False,0.8262541
1,0,0.17391475,Cancelled,Not Cancelled,False,0.82608527
0,1,0.82599556,Not Cancelled,Cancelled,False,0.82599556
0,1,0.82595,Not Cancelled,Cancelled,False,0.82595
1,0,0.17415352,Cancelled,Not Cancelled,False,0.8258465
1,0,0.17440087,Cancelled,Not Cancelled,False,0.82559913
1,0,0.17444417,Cancelled,Not Cancelled,False,0.8255558
1,0,0.17504987,Cancelled,Not Cancelled,False,0.8249501
1,0,0.17562726,Cancelled,Not Cancelled,False,0.82437277
1,0,0.17581505,Cancelled,Not Cancelled,False,0.82418495
0,1,0.8239953,Not Cancelled,Cancelled,False,0.8239953
1,0,0.17656435,Cancelled,Not Cancelled,False,0.82343566
1,0,0.17661604,Cancelled,Not Cancelled,False,0.8233839
1,0,0.17670812,Cancelled,Not Cancelled,False,0.8232919
1,0,0.17674148,Cancelled,Not Cancelled,False,0.8232585
1,0,0.17695047,Cancelled,Not Cancelled,False,0.82304955
1,0,0.17702217,Cancelled,Not Cancelled,False,0.82297784
0,1,0.82283735,Not Cancelled,Cancelled,False,0.82283735
0,1,0.82272,Not Cancelled,Cancelled,False,0.82272
1,0,0.17759296,Cancelled,Not Cancelled,False,0.822407
1,0,0.17760538,Cancelled,Not Cancelled,False,0.8223946
1,0,0.1777261,Cancelled,Not Cancelled,False,0.8222739
1,0,0.17791547,Cancelled,Not Cancelled,False,0.82208455
1,0,0.17805439,Cancelled,Not Cancelled,False,0.8219456
1,0,0.17833425,Cancelled,Not Cancelled,False,0.82166576
1,0,0.17875403,Cancelled,Not Cancelled,False,0.82124597
0,1,0.8209437,Not Cancelled,Cancelled,False,0.8209437
1,0,0.1790965,Cancelled,Not Cancelled,False,0.8209035
1,0,0.17914663,Cancelled,Not Cancelled,False,0.82085335
1,0,0.17919564,Cancelled,Not Cancelled,False,0.82080436
1,0,0.17931919,Cancelled,Not Cancelled,False,0.8206808
1,0,0.1793881,Cancelled,Not Cancelled,False,0.8206119
1,0,0.17939612,Cancelled,Not Cancelled,False,0.82060385
1,0,0.17967753,Cancelled,Not Cancelled,False,0.82032245
1,0,0.17984551,Cancelled,Not Cancelled,False,0.8201545
0,1,0.8200556,Not Cancelled,Cancelled,False,0.8200556
1,0,0.18020868,Cancelled,Not Cancelled,False,0.8197913
1,0,0.18032257,Cancelled,Not Cancelled,False,0.8196774
1,0,0.18041624,Cancelled,Not Cancelled,False,0.8195838
0,1,0.81951654,Not Cancelled,Cancelled,False,0.81951654
1,0,0.18102291,Cancelled,Not Cancelled,False,0.8189771
1,0,0.1812635,Cancelled,Not Cancelled,False,0.8187365
1,0,0.1819632,Cancelled,Not Cancelled,False,0.8180368
1,0,0.18219797,Cancelled,Not Cancelled,False,0.817802
1,0,0.18255733,Cancelled,Not Cancelled,False,0.81744266
1,0,0.18256567,Cancelled,Not Cancelled,False,0.8174343
1,0,0.18265994,Cancelled,Not Cancelled,False,0.8173401
1,0,0.18279766,Cancelled,Not Cancelled,False,0.8172023
1,0,0.18321846,Cancelled,Not Cancelled,False,0.8167815
1,0,0.18349259,Cancelled,Not Cancelled,False,0.8165074
1,0,0.18353505,Cancelled,Not Cancelled,False,0.81646496
1,0,0.18354602,Cancelled,Not Cancelled,False,0.816454
1,0,0.18359114,Cancelled,Not Cancelled,False,0.8164089
1,0,0.18367016,Cancelled,Not Cancelled,False,0.81632984
1,0,0.1840728,Cancelled,Not Cancelled,False,0.8159272
1,0,0.18427908,Cancelled,Not Cancelled,False,0.8157209
1,0,0.18443066,Cancelled,Not Cancelled,False,0.81556934
1,0,0.18475369,Cancelled,Not Cancelled,False,0.81524634
1,0,0.18511567,Cancelled,Not Cancelled,False,0.8148843
0,1,0.8143503,Not Cancelled,Cancelled,False,0.8143503
1,0,0.18606552,Cancelled,Not Cancelled,False,0.81393445
1,0,0.18608357,Cancelled,Not Cancelled,False,0.81391644
1,0,0.1863776,Cancelled,Not Cancelled,False,0.8136224
1,0,0.18654086,Cancelled,Not Cancelled,False,0.81345916
1,0,0.18682201,Cancelled,Not Cancelled,False,0.813178
1,0,0.18691106,Cancelled,Not Cancelled,False,0.81308895
1,0,0.18698312,Cancelled,Not Cancelled,False,0.8130169
1,0,0.18733227,Cancelled,Not Cancelled,False,0.8126677
0,1,0.81237775,Not Cancelled,Cancelled,False,0.81237775
1,0,0.18768193,Cancelled,Not Cancelled,False,0.8123181
1,0,0.18813957,Cancelled,Not Cancelled,False,0.81186044
1,0,0.18828698,Cancelled,Not Cancelled,False,0.81171304
1,0,0.18852498,Cancelled,Not Cancelled,False,0.81147504
1,0,0.18853931,Cancelled,Not Cancelled,False,0.8114607
1,0,0.18873173,Cancelled,Not Cancelled,False,0.81126827
1,0,0.18876944,Cancelled,Not Cancelled,False,0.81123054
1,0,0.18945144,Cancelled,Not Cancelled,False,0.81054854
0,1,0.8101497,Not Cancelled,Cancelled,False,0.8101497
0,1,0.809916,Not Cancelled,Cancelled,False,0.809916
1,0,0.1901292,Cancelled,Not Cancelled,False,0.8098708
1,0,0.1902899,Cancelled,Not Cancelled,False,0.8097101
1,0,0.19036719,Cancelled,Not Cancelled,False,0.8096328
1,0,0.19058433,Cancelled,Not Cancelled,False,0.8094157
1,0,0.19075853,Cancelled,Not Cancelled,False,0.8092415
1,0,0.19095592,Cancelled,Not Cancelled,False,0.80904406
1,0,0.19103903,Cancelled,Not Cancelled,False,0.808961
0,1,0.80886143,Not Cancelled,Cancelled,False,0.80886143
1,0,0.19115478,Cancelled,Not Cancelled,False,0.8088452
1,0,0.19124205,Cancelled,Not Cancelled,False,0.80875796
0,1,0.80853695,Not Cancelled,Cancelled,False,0.80853695
1,0,0.1916955,Cancelled,Not Cancelled,False,0.8083045
1,0,0.19177666,Cancelled,Not Cancelled,False,0.80822337
1,0,0.19195902,Cancelled,Not Cancelled,False,0.808041
1,0,0.19206908,Cancelled,Not Cancelled,False,0.80793095
1,0,0.19220015,Cancelled,Not Cancelled,False,0.8077998
1,0,0.19282003,Cancelled,Not Cancelled,False,0.80718
1,0,0.19282512,Cancelled,Not Cancelled,False,0.80717486
1,0,0.19313377,Cancelled,Not Cancelled,False,0.8068662
1,0,0.1931557,Cancelled,Not Cancelled,False,0.8068443
1,0,0.19343758,Cancelled,Not Cancelled,False,0.8065624
1,0,0.19355477,Cancelled,Not Cancelled,False,0.80644524
1,0,0.19362769,Cancelled,Not Cancelled,False,0.8063723
0,1,0.8063057,Not Cancelled,Cancelled,False,0.8063057
1,0,0.19377983,Cancelled,Not Cancelled,False,0.8062202
1,0,0.19390629,Cancelled,Not Cancelled,False,0.8060937
1,0,0.19397551,Cancelled,Not Cancelled,False,0.8060245
1,0,0.19429022,Cancelled,Not Cancelled,False,0.8057098
1,0,0.19494388,Cancelled,Not Cancelled,False,0.8050561
1,0,0.19505472,Cancelled,Not Cancelled,False,0.8049453
1,0,0.19637246,Cancelled,Not Cancelled,False,0.80362755
1,0,0.19659245,Cancelled,Not Cancelled,False,0.80340755
1,0,0.19704992,Cancelled,Not Cancelled,False,0.8029501
1,0,0.19709072,Cancelled,Not Cancelled,False,0.80290926
0,1,0.8025856,Not Cancelled,Cancelled,False,0.8025856
1,0,0.19749302,Cancelled,Not Cancelled,False,0.802507
0,1,0.80168754,Not Cancelled,Cancelled,False,0.80168754
1,0,0.1987174,Cancelled,Not Cancelled,False,0.8012826
1,0,0.19959705,Cancelled,Not Cancelled,False,0.80040294
1,0,0.19986185,Cancelled,Not Cancelled,False,0.8001381
1,0,0.19990142,Cancelled,Not Cancelled,False,0.8000986
1,0,0.20039184,Cancelled,Not Cancelled,False,0.7996082
1,0,0.20056532,Cancelled,Not Cancelled,False,0.79943466
1,0,0.20058958,Cancelled,Not Cancelled,False,0.7994104
1,0,0.20068529,Cancelled,Not Cancelled,False,0.79931474
1,0,0.2006905,Cancelled,Not Cancelled,False,0.7993095
1,0,0.20070161,Cancelled,Not Cancelled,False,0.7992984
1,0,0.20076267,Cancelled,Not Cancelled,False,0.7992373
1,0,0.20096171,Cancelled,Not Cancelled,False,0.7990383
1,0,0.20109035,Cancelled,Not Cancelled,False,0.79890966
1,0,0.20128176,Cancelled,Not Cancelled,False,0.7987182
1,0,0.20139416,Cancelled,Not Cancelled,False,0.79860586
0,1,0.7983851,Not Cancelled,Cancelled,False,0.7983851
1,0,0.20199507,Cancelled,Not Cancelled,False,0.7980049
1,0,0.20208089,Cancelled,Not Cancelled,False,0.7979191
1,0,0.20247748,Cancelled,Not Cancelled,False,0.79752254
0,1,0.7974888,Not Cancelled,Cancelled,False,0.7974888
1,0,0.20307024,Cancelled,Not Cancelled,False,0.7969298
1,0,0.20318012,Cancelled,Not Cancelled,False,0.79681987
1,0,0.20319405,Cancelled,Not Cancelled,False,0.796806
0,1,0.79654074,Not Cancelled,Cancelled,False,0.79654074
1,0,0.20348659,Cancelled,Not Cancelled,False,0.79651344
0,1,0.7964244,Not Cancelled,Cancelled,False,0.7964244
1,0,0.20377527,Cancelled,Not Cancelled,False,0.7962247
1,0,0.20409003,Cancelled,Not Cancelled,False,0.79591
1,0,0.2041116,Cancelled,Not Cancelled,False,0.7958884
1,0,0.20472941,Cancelled,Not Cancelled,False,0.79527056
1,0,0.204834,Cancelled,Not Cancelled,False,0.795166
1,0,0.20486902,Cancelled,Not Cancelled,False,0.79513097
0,1,0.7947727,Not Cancelled,Cancelled,False,0.7947727
0,1,0.793989,Not Cancelled,Cancelled,False,0.793989
1,0,0.20636186,Cancelled,Not Cancelled,False,0.7936381
0,1,0.79361206,Not Cancelled,Cancelled,False,0.79361206
0,1,0.7936042,Not Cancelled,Cancelled,False,0.7936042
1,0,0.2071157,Cancelled,Not Cancelled,False,0.7928843
1,0,0.20716682,Cancelled,Not Cancelled,False,0.7928332
1,0,0.20743568,Cancelled,Not Cancelled,False,0.79256433
1,0,0.2075834,Cancelled,Not Cancelled,False,0.7924166
1,0,0.20798336,Cancelled,Not Cancelled,False,0.7920166
1,0,0.20807633,Cancelled,Not Cancelled,False,0.79192364
0,1,0.7918712,Not Cancelled,Cancelled,False,0.7918712
1,0,0.20847975,Cancelled,Not Cancelled,False,0.79152024
0,1,0.79105544,Not Cancelled,Cancelled,False,0.79105544
0,1,0.79099107,Not Cancelled,Cancelled,False,0.79099107
0,1,0.7909285,Not Cancelled,Cancelled,False,0.7909285
1,0,0.2091982,Cancelled,Not Cancelled,False,0.79080176
1,0,0.20920596,Cancelled,Not Cancelled,False,0.790794
1,0,0.2096176,Cancelled,Not Cancelled,False,0.7903824
1,0,0.20968072,Cancelled,Not Cancelled,False,0.79031926
1,0,0.20973592,Cancelled,Not Cancelled,False,0.79026407
1,0,0.210262,Cancelled,Not Cancelled,False,0.789738
0,1,0.7894976,Not Cancelled,Cancelled,False,0.7894976
1,0,0.21072635,Cancelled,Not Cancelled,False,0.7892736
1,0,0.2108347,Cancelled,Not Cancelled,False,0.7891653
1,0,0.21089028,Cancelled,Not Cancelled,False,0.7891097
0,1,0.78866726,Not Cancelled,Cancelled,False,0.78866726
1,0,0.21143909,Cancelled,Not Cancelled,False,0.7885609
1,0,0.21144205,Cancelled,Not Cancelled,False,0.78855795
0,1,0.7884631,Not Cancelled,Cancelled,False,0.7884631
1,0,0.21157755,Cancelled,Not Cancelled,False,0.78842247
0,1,0.7882711,Not Cancelled,Cancelled,False,0.7882711
0,1,0.78826904,Not Cancelled,Cancelled,False,0.78826904
1,0,0.21234183,Cancelled,Not Cancelled,False,0.78765815
1,0,0.21243776,Cancelled,Not Cancelled,False,0.78756225
1,0,0.21278241,Cancelled,Not Cancelled,False,0.7872176
1,0,0.21301934,Cancelled,Not Cancelled,False,0.7869806
0,1,0.78688514,Not Cancelled,Cancelled,False,0.78688514
0,1,0.78646547,Not Cancelled,Cancelled,False,0.78646547
0,1,0.786329,Not Cancelled,Cancelled,False,0.786329
1,0,0.21392378,Cancelled,Not Cancelled,False,0.7860762
1,0,0.21472703,Cancelled,Not Cancelled,False,0.78527296
1,0,0.21492088,Cancelled,Not Cancelled,False,0.7850791
1,0,0.21493313,Cancelled,Not Cancelled,False,0.78506684
1,0,0.21589155,Cancelled,Not Cancelled,False,0.78410846
0,1,0.78398395,Not Cancelled,Cancelled,False,0.78398395
0,1,0.7839326,Not Cancelled,Cancelled,False,0.7839326
0,1,0.7838262,Not Cancelled,Cancelled,False,0.7838262
1,0,0.21619716,Cancelled,Not Cancelled,False,0.78380287
1,0,0.2163884,Cancelled,Not Cancelled,False,0.7836116
1,0,0.21670237,Cancelled,Not Cancelled,False,0.78329766
1,0,0.21681027,Cancelled,Not Cancelled,False,0.7831897
1,0,0.21702136,Cancelled,Not Cancelled,False,0.78297865
1,0,0.2170898,Cancelled,Not Cancelled,False,0.7829102
0,1,0.782898,Not Cancelled,Cancelled,False,0.782898
1,0,0.21710417,Cancelled,Not Cancelled,False,0.7828958
0,1,0.78275615,Not Cancelled,Cancelled,False,0.78275615
1,0,0.21740358,Cancelled,Not Cancelled,False,0.7825964
1,0,0.21741414,Cancelled,Not Cancelled,False,0.78258586
1,0,0.2175426,Cancelled,Not Cancelled,False,0.7824574
0,1,0.7823567,Not Cancelled,Cancelled,False,0.7823567
0,1,0.78217727,Not Cancelled,Cancelled,False,0.78217727
1,0,0.21814352,Cancelled,Not Cancelled,False,0.7818565
0,1,0.78176564,Not Cancelled,Cancelled,False,0.78176564
1,0,0.21844423,Cancelled,Not Cancelled,False,0.7815558
1,0,0.21844555,Cancelled,Not Cancelled,False,0.78155446
0,1,0.7813262,Not Cancelled,Cancelled,False,0.7813262
1,0,0.21877539,Cancelled,Not Cancelled,False,0.7812246
0,1,0.78120273,Not Cancelled,Cancelled,False,0.78120273
0,1,0.7806707,Not Cancelled,Cancelled,False,0.7806707
1,0,0.21947981,Cancelled,Not Cancelled,False,0.7805202
0,1,0.7803749,Not Cancelled,Cancelled,False,0.7803749
0,1,0.78027123,Not Cancelled,Cancelled,False,0.78027123
1,0,0.2197582,Cancelled,Not Cancelled,False,0.7802418
0,1,0.78003603,Not Cancelled,Cancelled,False,0.78003603
1,0,0.22017162,Cancelled,Not Cancelled,False,0.77982837
0,1,0.7794071,Not Cancelled,Cancelled,False,0.7794071
1,0,0.22063029,Cancelled,Not Cancelled,False,0.7793697
1,0,0.22082174,Cancelled,Not Cancelled,False,0.77917826
1,0,0.22091636,Cancelled,Not Cancelled,False,0.7790836
1,0,0.221437,Cancelled,Not Cancelled,False,0.778563
1,0,0.2214538,Cancelled,Not Cancelled,False,0.7785462
1,0,0.22159657,Cancelled,Not Cancelled,False,0.7784034
1,0,0.22169001,Cancelled,Not Cancelled,False,0.77831
1,0,0.2218507,Cancelled,Not Cancelled,False,0.7781493
1,0,0.22212398,Cancelled,Not Cancelled,False,0.777876
0,1,0.7777258,Not Cancelled,Cancelled,False,0.7777258
0,1,0.777685,Not Cancelled,Cancelled,False,0.777685
1,0,0.2224156,Cancelled,Not Cancelled,False,0.77758443
1,0,0.22287698,Cancelled,Not Cancelled,False,0.77712303
1,0,0.22290917,Cancelled,Not Cancelled,False,0.77709085
1,0,0.22307551,Cancelled,Not Cancelled,False,0.7769245
1,0,0.22311445,Cancelled,Not Cancelled,False,0.77688557
0,1,0.7768384,Not Cancelled,Cancelled,False,0.7768384
1,0,0.22392589,Cancelled,Not Cancelled,False,0.7760741
1,0,0.22442788,Cancelled,Not Cancelled,False,0.7755721
1,0,0.22474997,Cancelled,Not Cancelled,False,0.77525
0,1,0.7752026,Not Cancelled,Cancelled,False,0.7752026
1,0,0.22483495,Cancelled,Not Cancelled,False,0.7751651
1,0,0.22525844,Cancelled,Not Cancelled,False,0.77474153
1,0,0.22532168,Cancelled,Not Cancelled,False,0.77467835
1,0,0.225376,Cancelled,Not Cancelled,False,0.774624
0,1,0.7745971,Not Cancelled,Cancelled,False,0.7745971
1,0,0.22545469,Cancelled,Not Cancelled,False,0.7745453
1,0,0.22548315,Cancelled,Not Cancelled,False,0.7745168
1,0,0.22553407,Cancelled,Not Cancelled,False,0.7744659
1,0,0.2257287,Cancelled,Not Cancelled,False,0.7742713
1,0,0.2259359,Cancelled,Not Cancelled,False,0.77406406
1,0,0.22605956,Cancelled,Not Cancelled,False,0.77394044
0,1,0.7738838,Not Cancelled,Cancelled,False,0.7738838
1,0,0.22613227,Cancelled,Not Cancelled,False,0.7738677
1,0,0.22617258,Cancelled,Not Cancelled,False,0.77382743
1,0,0.22667213,Cancelled,Not Cancelled,False,0.7733279
1,0,0.22713594,Cancelled,Not Cancelled,False,0.77286404
0,1,0.7728166,Not Cancelled,Cancelled,False,0.7728166
1,0,0.22724605,Cancelled,Not Cancelled,False,0.77275395
0,1,0.7726673,Not Cancelled,Cancelled,False,0.7726673
1,0,0.22777836,Cancelled,Not Cancelled,False,0.7722216
1,0,0.22796659,Cancelled,Not Cancelled,False,0.7720334
1,0,0.2280392,Cancelled,Not Cancelled,False,0.7719608
0,1,0.7718258,Not Cancelled,Cancelled,False,0.7718258
0,1,0.7716972,Not Cancelled,Cancelled,False,0.7716972
1,0,0.22833423,Cancelled,Not Cancelled,False,0.77166575
1,0,0.22839494,Cancelled,Not Cancelled,False,0.7716051
0,1,0.7715647,Not Cancelled,Cancelled,False,0.7715647
1,0,0.22847949,Cancelled,Not Cancelled,False,0.7715205
1,0,0.2285112,Cancelled,Not Cancelled,False,0.7714888
0,1,0.77133644,Not Cancelled,Cancelled,False,0.77133644
1,0,0.22877266,Cancelled,Not Cancelled,False,0.77122736
0,1,0.7712179,Not Cancelled,Cancelled,False,0.7712179
1,0,0.22919466,Cancelled,Not Cancelled,False,0.77080536
1,0,0.22920135,Cancelled,Not Cancelled,False,0.7707987
0,1,0.77058893,Not Cancelled,Cancelled,False,0.77058893
1,0,0.22948486,Cancelled,Not Cancelled,False,0.77051514
1,0,0.22949827,Cancelled,Not Cancelled,False,0.77050173
0,1,0.7703732,Not Cancelled,Cancelled,False,0.7703732
0,1,0.77029204,Not Cancelled,Cancelled,False,0.77029204
1,0,0.22982208,Cancelled,Not Cancelled,False,0.7701779
1,0,0.22986288,Cancelled,Not Cancelled,False,0.77013713
1,0,0.2306005,Cancelled,Not Cancelled,False,0.7693995
1,0,0.23079291,Cancelled,Not Cancelled,False,0.7692071
1,0,0.23080271,Cancelled,Not Cancelled,False,0.7691973
0,1,0.76918674,Not Cancelled,Cancelled,False,0.76918674
1,0,0.23140523,Cancelled,Not Cancelled,False,0.76859474
0,1,0.76829654,Not Cancelled,Cancelled,False,0.76829654
0,1,0.7677143,Not Cancelled,Cancelled,False,0.7677143
0,1,0.7667077,Not Cancelled,Cancelled,False,0.7667077
1,0,0.23332143,Cancelled,Not Cancelled,False,0.7666786
0,1,0.7665835,Not Cancelled,Cancelled,False,0.7665835
1,0,0.23369737,Cancelled,Not Cancelled,False,0.76630265
0,1,0.76628035,Not Cancelled,Cancelled,False,0.76628035
0,1,0.76627475,Not Cancelled,Cancelled,False,0.76627475
0,1,0.7662456,Not Cancelled,Cancelled,False,0.7662456
1,0,0.23375869,Cancelled,Not Cancelled,False,0.7662413
1,0,0.23380747,Cancelled,Not Cancelled,False,0.76619256
1,0,0.23385033,Cancelled,Not Cancelled,False,0.76614964
1,0,0.23420802,Cancelled,Not Cancelled,False,0.765792
0,1,0.765714,Not Cancelled,Cancelled,False,0.765714
1,0,0.23448314,Cancelled,Not Cancelled,False,0.7655169
0,1,0.7655084,Not Cancelled,Cancelled,False,0.7655084
0,1,0.76535755,Not Cancelled,Cancelled,False,0.76535755
1,0,0.23464318,Cancelled,Not Cancelled,False,0.76535684
1,0,0.23465493,Cancelled,Not Cancelled,False,0.7653451
0,1,0.7652651,Not Cancelled,Cancelled,False,0.7652651
1,0,0.23481748,Cancelled,Not Cancelled,False,0.7651825
1,0,0.23508553,Cancelled,Not Cancelled,False,0.76491445
1,0,0.23542137,Cancelled,Not Cancelled,False,0.76457864
1,0,0.23542349,Cancelled,Not Cancelled,False,0.7645765
1,0,0.23569104,Cancelled,Not Cancelled,False,0.7643089
1,0,0.23569748,Cancelled,Not Cancelled,False,0.7643025
1,0,0.23608024,Cancelled,Not Cancelled,False,0.7639198
1,0,0.23621231,Cancelled,Not Cancelled,False,0.7637877
0,1,0.76375246,Not Cancelled,Cancelled,False,0.76375246
0,1,0.7635892,Not Cancelled,Cancelled,False,0.7635892
1,0,0.23644438,Cancelled,Not Cancelled,False,0.76355565
0,1,0.7631348,Not Cancelled,Cancelled,False,0.7631348
0,1,0.7630221,Not Cancelled,Cancelled,False,0.7630221
0,1,0.76260114,Not Cancelled,Cancelled,False,0.76260114
1,0,0.23768733,Cancelled,Not Cancelled,False,0.76231265
1,0,0.23794067,Cancelled,Not Cancelled,False,0.76205933
0,1,0.7618343,Not Cancelled,Cancelled,False,0.7618343
1,0,0.2382264,Cancelled,Not Cancelled,False,0.7617736
1,0,0.23863891,Cancelled,Not Cancelled,False,0.7613611
1,0,0.23882185,Cancelled,Not Cancelled,False,0.76117814
0,1,0.76117116,Not Cancelled,Cancelled,False,0.76117116
1,0,0.23901069,Cancelled,Not Cancelled,False,0.7609893
0,1,0.7608264,Not Cancelled,Cancelled,False,0.7608264
1,0,0.23925905,Cancelled,Not Cancelled,False,0.76074094
1,0,0.23935452,Cancelled,Not Cancelled,False,0.7606455
1,0,0.23944022,Cancelled,Not Cancelled,False,0.7605598
1,0,0.23957635,Cancelled,Not Cancelled,False,0.76042366
0,1,0.7604111,Not Cancelled,Cancelled,False,0.7604111
1,0,0.23962413,Cancelled,Not Cancelled,False,0.76037586
0,1,0.7601409,Not Cancelled,Cancelled,False,0.7601409
0,1,0.75941473,Not Cancelled,Cancelled,False,0.75941473
0,1,0.7591878,Not Cancelled,Cancelled,False,0.7591878
1,0,0.24082287,Cancelled,Not Cancelled,False,0.75917715
0,1,0.7591193,Not Cancelled,Cancelled,False,0.7591193
1,0,0.24095306,Cancelled,Not Cancelled,False,0.7590469
1,0,0.2409652,Cancelled,Not Cancelled,False,0.7590348
1,0,0.24155356,Cancelled,Not Cancelled,False,0.75844646
0,1,0.75780624,Not Cancelled,Cancelled,False,0.75780624
1,0,0.24236894,Cancelled,Not Cancelled,False,0.75763106
1,0,0.24237442,Cancelled,Not Cancelled,False,0.7576256
0,1,0.75758266,Not Cancelled,Cancelled,False,0.75758266
0,1,0.7574542,Not Cancelled,Cancelled,False,0.7574542
1,0,0.24276192,Cancelled,Not Cancelled,False,0.7572381
0,1,0.7571967,Not Cancelled,Cancelled,False,0.7571967
1,0,0.242908,Cancelled,Not Cancelled,False,0.757092
0,1,0.7570363,Not Cancelled,Cancelled,False,0.7570363
0,1,0.7570107,Not Cancelled,Cancelled,False,0.7570107
1,0,0.24302335,Cancelled,Not Cancelled,False,0.75697666
1,0,0.24365248,Cancelled,Not Cancelled,False,0.75634754
0,1,0.7562631,Not Cancelled,Cancelled,False,0.7562631
0,1,0.75606406,Not Cancelled,Cancelled,False,0.75606406
0,1,0.756005,Not Cancelled,Cancelled,False,0.756005
1,0,0.24404337,Cancelled,Not Cancelled,False,0.75595665
0,1,0.75593245,Not Cancelled,Cancelled,False,0.75593245
0,1,0.7558916,Not Cancelled,Cancelled,False,0.7558916
1,0,0.2443559,Cancelled,Not Cancelled,False,0.7556441
1,0,0.24513681,Cancelled,Not Cancelled,False,0.7548632
0,1,0.7548407,Not Cancelled,Cancelled,False,0.7548407
1,0,0.2456152,Cancelled,Not Cancelled,False,0.7543848
1,0,0.2459347,Cancelled,Not Cancelled,False,0.7540653
0,1,0.7539691,Not Cancelled,Cancelled,False,0.7539691
0,1,0.75391316,Not Cancelled,Cancelled,False,0.75391316
0,1,0.75390154,Not Cancelled,Cancelled,False,0.75390154
1,0,0.2461139,Cancelled,Not Cancelled,False,0.7538861
1,0,0.24620298,Cancelled,Not Cancelled,False,0.75379705
0,1,0.75361276,Not Cancelled,Cancelled,False,0.75361276
1,0,0.24659933,Cancelled,Not Cancelled,False,0.7534007
1,0,0.24679896,Cancelled,Not Cancelled,False,0.753201
1,0,0.24694186,Cancelled,Not Cancelled,False,0.75305814
0,1,0.75269026,Not Cancelled,Cancelled,False,0.75269026
0,1,0.75249916,Not Cancelled,Cancelled,False,0.75249916
0,1,0.75249124,Not Cancelled,Cancelled,False,0.75249124
0,1,0.75246185,Not Cancelled,Cancelled,False,0.75246185
1,0,0.2475825,Cancelled,Not Cancelled,False,0.7524175
0,1,0.7520651,Not Cancelled,Cancelled,False,0.7520651
1,0,0.24810272,Cancelled,Not Cancelled,False,0.7518973
1,0,0.24821793,Cancelled,Not Cancelled,False,0.75178206
0,1,0.75177175,Not Cancelled,Cancelled,False,0.75177175
1,0,0.24835344,Cancelled,Not Cancelled,False,0.7516466
0,1,0.75162995,Not Cancelled,Cancelled,False,0.75162995
1,0,0.2485431,Cancelled,Not Cancelled,False,0.7514569
1,0,0.24873282,Cancelled,Not Cancelled,False,0.7512672
1,0,0.24894617,Cancelled,Not Cancelled,False,0.7510538
1,0,0.24896778,Cancelled,Not Cancelled,False,0.75103223
1,0,0.24898845,Cancelled,Not Cancelled,False,0.75101155
0,1,0.7507792,Not Cancelled,Cancelled,False,0.7507792
1,0,0.24940489,Cancelled,Not Cancelled,False,0.7505951
1,0,0.24941558,Cancelled,Not Cancelled,False,0.7505844
0,1,0.75036186,Not Cancelled,Cancelled,False,0.75036186
1,0,0.24971315,Cancelled,Not Cancelled,False,0.7502868
1,0,0.250051,Cancelled,Not Cancelled,False,0.749949
0,1,0.74987507,Not Cancelled,Cancelled,False,0.74987507
1,0,0.25013077,Cancelled,Not Cancelled,False,0.7498692
0,1,0.7492186,Not Cancelled,Cancelled,False,0.7492186
0,1,0.74911237,Not Cancelled,Cancelled,False,0.74911237
1,0,0.2513683,Cancelled,Not Cancelled,False,0.7486317
0,1,0.7485336,Not Cancelled,Cancelled,False,0.7485336
0,1,0.74821734,Not Cancelled,Cancelled,False,0.74821734
1,0,0.25187108,Cancelled,Not Cancelled,False,0.7481289
1,0,0.25189707,Cancelled,Not Cancelled,False,0.7481029
1,0,0.25189793,Cancelled,Not Cancelled,False,0.74810207
0,1,0.74804884,Not Cancelled,Cancelled,False,0.74804884
0,1,0.7477961,Not Cancelled,Cancelled,False,0.7477961
1,0,0.25238758,Cancelled,Not Cancelled,False,0.7476124
0,1,0.7476102,Not Cancelled,Cancelled,False,0.7476102
1,0,0.25254956,Cancelled,Not Cancelled,False,0.7474505
0,1,0.7471387,Not Cancelled,Cancelled,False,0.7471387
1,0,0.252901,Cancelled,Not Cancelled,False,0.74709904
0,1,0.74684685,Not Cancelled,Cancelled,False,0.74684685
1,0,0.25328866,Cancelled,Not Cancelled,False,0.7467114
1,0,0.25330052,Cancelled,Not Cancelled,False,0.74669945
1,0,0.25330523,Cancelled,Not Cancelled,False,0.7466948
1,0,0.2536009,Cancelled,Not Cancelled,False,0.7463991
0,1,0.746317,Not Cancelled,Cancelled,False,0.746317
0,1,0.7462545,Not Cancelled,Cancelled,False,0.7462545
1,0,0.25396612,Cancelled,Not Cancelled,False,0.7460339
1,0,0.2540757,Cancelled,Not Cancelled,False,0.7459243
0,1,0.7458454,Not Cancelled,Cancelled,False,0.7458454
1,0,0.25421825,Cancelled,Not Cancelled,False,0.7457818
0,1,0.74574167,Not Cancelled,Cancelled,False,0.74574167
0,1,0.7457155,Not Cancelled,Cancelled,False,0.7457155
1,0,0.25439712,Cancelled,Not Cancelled,False,0.74560285
1,0,0.25481087,Cancelled,Not Cancelled,False,0.74518913
1,0,0.25495446,Cancelled,Not Cancelled,False,0.74504554
1,0,0.2551178,Cancelled,Not Cancelled,False,0.7448822
1,0,0.25518453,Cancelled,Not Cancelled,False,0.74481547
0,1,0.7443451,Not Cancelled,Cancelled,False,0.7443451
0,1,0.7443127,Not Cancelled,Cancelled,False,0.7443127
1,0,0.2558843,Cancelled,Not Cancelled,False,0.7441157
1,0,0.25595918,Cancelled,Not Cancelled,False,0.74404085
0,1,0.7439548,Not Cancelled,Cancelled,False,0.7439548
0,1,0.7433406,Not Cancelled,Cancelled,False,0.7433406
1,0,0.25679564,Cancelled,Not Cancelled,False,0.74320436
0,1,0.74296653,Not Cancelled,Cancelled,False,0.74296653
1,0,0.25712207,Cancelled,Not Cancelled,False,0.74287796
1,0,0.2572125,Cancelled,Not Cancelled,False,0.7427875
1,0,0.25722972,Cancelled,Not Cancelled,False,0.7427703
1,0,0.25738043,Cancelled,Not Cancelled,False,0.7426196
0,1,0.74254125,Not Cancelled,Cancelled,False,0.74254125
1,0,0.2575478,Cancelled,Not Cancelled,False,0.7424522
1,0,0.25769603,Cancelled,Not Cancelled,False,0.74230397
0,1,0.7422411,Not Cancelled,Cancelled,False,0.7422411
1,0,0.2578932,Cancelled,Not Cancelled,False,0.7421068
1,0,0.25801006,Cancelled,Not Cancelled,False,0.74199
1,0,0.2580142,Cancelled,Not Cancelled,False,0.7419858
1,0,0.25808337,Cancelled,Not Cancelled,False,0.74191666
1,0,0.2582146,Cancelled,Not Cancelled,False,0.7417854
0,1,0.74154484,Not Cancelled,Cancelled,False,0.74154484
0,1,0.7415167,Not Cancelled,Cancelled,False,0.7415167
1,0,0.25890473,Cancelled,Not Cancelled,False,0.7410953
0,1,0.74071383,Not Cancelled,Cancelled,False,0.74071383
1,0,0.25945646,Cancelled,Not Cancelled,False,0.74054354
1,0,0.25968954,Cancelled,Not Cancelled,False,0.74031043
1,0,0.2601383,Cancelled,Not Cancelled,False,0.7398617
1,0,0.26027602,Cancelled,Not Cancelled,False,0.739724
0,1,0.73951507,Not Cancelled,Cancelled,False,0.73951507
1,0,0.26091012,Cancelled,Not Cancelled,False,0.73908985
1,0,0.26111883,Cancelled,Not Cancelled,False,0.7388812
0,1,0.7387819,Not Cancelled,Cancelled,False,0.7387819
1,0,0.2613963,Cancelled,Not Cancelled,False,0.7386037
1,0,0.2616498,Cancelled,Not Cancelled,False,0.7383502
1,0,0.26190686,Cancelled,Not Cancelled,False,0.73809314
0,1,0.73797977,Not Cancelled,Cancelled,False,0.73797977
1,0,0.26213565,Cancelled,Not Cancelled,False,0.7378644
1,0,0.26221052,Cancelled,Not Cancelled,False,0.7377895
1,0,0.262382,Cancelled,Not Cancelled,False,0.73761797
1,0,0.2624901,Cancelled,Not Cancelled,False,0.7375099
1,0,0.26253426,Cancelled,Not Cancelled,False,0.73746574
1,0,0.26263317,Cancelled,Not Cancelled,False,0.7373668
0,1,0.7373121,Not Cancelled,Cancelled,False,0.7373121
0,1,0.7373053,Not Cancelled,Cancelled,False,0.7373053
1,0,0.2627792,Cancelled,Not Cancelled,False,0.73722076
0,1,0.7371985,Not Cancelled,Cancelled,False,0.7371985
1,0,0.2629345,Cancelled,Not Cancelled,False,0.7370655
1,0,0.26313213,Cancelled,Not Cancelled,False,0.7368679
0,1,0.736764,Not Cancelled,Cancelled,False,0.736764
1,0,0.26330397,Cancelled,Not Cancelled,False,0.736696
1,0,0.26392186,Cancelled,Not Cancelled,False,0.73607814
0,1,0.73578465,Not Cancelled,Cancelled,False,0.73578465
1,0,0.26434806,Cancelled,Not Cancelled,False,0.73565197
1,0,0.26445606,Cancelled,Not Cancelled,False,0.73554397
0,1,0.73551726,Not Cancelled,Cancelled,False,0.73551726
0,1,0.7352689,Not Cancelled,Cancelled,False,0.7352689
0,1,0.7352515,Not Cancelled,Cancelled,False,0.7352515
1,0,0.26480335,Cancelled,Not Cancelled,False,0.73519665
1,0,0.26483795,Cancelled,Not Cancelled,False,0.735162
1,0,0.265509,Cancelled,Not Cancelled,False,0.734491
1,0,0.26557487,Cancelled,Not Cancelled,False,0.7344251
1,0,0.26568854,Cancelled,Not Cancelled,False,0.73431146
1,0,0.26612127,Cancelled,Not Cancelled,False,0.73387873
1,0,0.26614088,Cancelled,Not Cancelled,False,0.7338591
1,0,0.26655245,Cancelled,Not Cancelled,False,0.73344755
1,0,0.26705846,Cancelled,Not Cancelled,False,0.7329415
1,0,0.26706535,Cancelled,Not Cancelled,False,0.73293465
1,0,0.26721212,Cancelled,Not Cancelled,False,0.73278785
0,1,0.7327191,Not Cancelled,Cancelled,False,0.7327191
1,0,0.2674453,Cancelled,Not Cancelled,False,0.7325547
1,0,0.2674865,Cancelled,Not Cancelled,False,0.7325135
0,1,0.73248506,Not Cancelled,Cancelled,False,0.73248506
1,0,0.26755753,Cancelled,Not Cancelled,False,0.7324425
1,0,0.26770416,Cancelled,Not Cancelled,False,0.7322959
0,1,0.73192513,Not Cancelled,Cancelled,False,0.73192513
1,0,0.26822135,Cancelled,Not Cancelled,False,0.7317786
1,0,0.26862884,Cancelled,Not Cancelled,False,0.73137116
0,1,0.73132104,Not Cancelled,Cancelled,False,0.73132104
1,0,0.2686961,Cancelled,Not Cancelled,False,0.73130393
1,0,0.26904938,Cancelled,Not Cancelled,False,0.7309506
1,0,0.2691397,Cancelled,Not Cancelled,False,0.7308603
0,1,0.73077834,Not Cancelled,Cancelled,False,0.73077834
0,1,0.73067135,Not Cancelled,Cancelled,False,0.73067135
1,0,0.26934886,Cancelled,Not Cancelled,False,0.73065114
0,1,0.7303998,Not Cancelled,Cancelled,False,0.7303998
1,0,0.269711,Cancelled,Not Cancelled,False,0.730289
0,1,0.73008466,Not Cancelled,Cancelled,False,0.73008466
1,0,0.26995888,Cancelled,Not Cancelled,False,0.73004115
0,1,0.7299887,Not Cancelled,Cancelled,False,0.7299887
0,1,0.729942,Not Cancelled,Cancelled,False,0.729942
1,0,0.27011785,Cancelled,Not Cancelled,False,0.7298821
0,1,0.72984815,Not Cancelled,Cancelled,False,0.72984815
1,0,0.2705647,Cancelled,Not Cancelled,False,0.7294353
1,0,0.2708552,Cancelled,Not Cancelled,False,0.7291448
1,0,0.27087966,Cancelled,Not Cancelled,False,0.7291204
0,1,0.7290474,Not Cancelled,Cancelled,False,0.7290474
1,0,0.2709934,Cancelled,Not Cancelled,False,0.7290066
0,1,0.7286846,Not Cancelled,Cancelled,False,0.7286846
1,0,0.27136123,Cancelled,Not Cancelled,False,0.72863877
1,0,0.27150413,Cancelled,Not Cancelled,False,0.72849584
1,0,0.2717242,Cancelled,Not Cancelled,False,0.7282758
1,0,0.2717512,Cancelled,Not Cancelled,False,0.72824883
1,0,0.27198333,Cancelled,Not Cancelled,False,0.7280167
0,1,0.7277466,Not Cancelled,Cancelled,False,0.7277466
0,1,0.72770566,Not Cancelled,Cancelled,False,0.72770566
1,0,0.2723473,Cancelled,Not Cancelled,False,0.72765267
0,1,0.72759736,Not Cancelled,Cancelled,False,0.72759736
1,0,0.2725259,Cancelled,Not Cancelled,False,0.7274741
1,0,0.2726162,Cancelled,Not Cancelled,False,0.7273838
1,0,0.2726944,Cancelled,Not Cancelled,False,0.7273056
0,1,0.727246,Not Cancelled,Cancelled,False,0.727246
1,0,0.2728169,Cancelled,Not Cancelled,False,0.7271831
1,0,0.27291837,Cancelled,Not Cancelled,False,0.72708166
0,1,0.7270061,Not Cancelled,Cancelled,False,0.7270061
0,1,0.7268312,Not Cancelled,Cancelled,False,0.7268312
0,1,0.726791,Not Cancelled,Cancelled,False,0.726791
1,0,0.273263,Cancelled,Not Cancelled,False,0.726737
0,1,0.7267233,Not Cancelled,Cancelled,False,0.7267233
0,1,0.7265666,Not Cancelled,Cancelled,False,0.7265666
1,0,0.27348027,Cancelled,Not Cancelled,False,0.7265197
1,0,0.2735106,Cancelled,Not Cancelled,False,0.7264894
1,0,0.2735284,Cancelled,Not Cancelled,False,0.7264716
1,0,0.27368122,Cancelled,Not Cancelled,False,0.7263188
1,0,0.27368164,Cancelled,Not Cancelled,False,0.72631836
0,1,0.7262387,Not Cancelled,Cancelled,False,0.7262387
0,1,0.726084,Not Cancelled,Cancelled,False,0.726084
0,1,0.7260636,Not Cancelled,Cancelled,False,0.7260636
1,0,0.27438232,Cancelled,Not Cancelled,False,0.72561765
1,0,0.2747929,Cancelled,Not Cancelled,False,0.7252071
1,0,0.27488488,Cancelled,Not Cancelled,False,0.7251151
1,0,0.2752955,Cancelled,Not Cancelled,False,0.7247045
1,0,0.2754092,Cancelled,Not Cancelled,False,0.7245908
1,0,0.27554047,Cancelled,Not Cancelled,False,0.7244595
0,1,0.7243968,Not Cancelled,Cancelled,False,0.7243968
0,1,0.72356844,Not Cancelled,Cancelled,False,0.72356844
1,0,0.27666944,Cancelled,Not Cancelled,False,0.72333056
0,1,0.7231725,Not Cancelled,Cancelled,False,0.7231725
1,0,0.27699032,Cancelled,Not Cancelled,False,0.7230097
1,0,0.27703515,Cancelled,Not Cancelled,False,0.7229649
1,0,0.2774302,Cancelled,Not Cancelled,False,0.7225698
1,0,0.2774452,Cancelled,Not Cancelled,False,0.7225548
0,1,0.722513,Not Cancelled,Cancelled,False,0.722513
0,1,0.7223828,Not Cancelled,Cancelled,False,0.7223828
0,1,0.7223509,Not Cancelled,Cancelled,False,0.7223509
0,1,0.72226137,Not Cancelled,Cancelled,False,0.72226137
1,0,0.27811012,Cancelled,Not Cancelled,False,0.72188985
0,1,0.72186226,Not Cancelled,Cancelled,False,0.72186226
1,0,0.27823603,Cancelled,Not Cancelled,False,0.72176397
1,0,0.27824613,Cancelled,Not Cancelled,False,0.72175384
0,1,0.72162753,Not Cancelled,Cancelled,False,0.72162753
1,0,0.27844894,Cancelled,Not Cancelled,False,0.72155106
0,1,0.72143584,Not Cancelled,Cancelled,False,0.72143584
1,0,0.27857164,Cancelled,Not Cancelled,False,0.7214284
0,1,0.7213986,Not Cancelled,Cancelled,False,0.7213986
1,0,0.27861327,Cancelled,Not Cancelled,False,0.72138673
0,1,0.72131324,Not Cancelled,Cancelled,False,0.72131324
0,1,0.7211911,Not Cancelled,Cancelled,False,0.7211911
0,1,0.72110873,Not Cancelled,Cancelled,False,0.72110873
1,0,0.27921164,Cancelled,Not Cancelled,False,0.72078836
1,0,0.27928552,Cancelled,Not Cancelled,False,0.72071445
1,0,0.2793515,Cancelled,Not Cancelled,False,0.7206485
1,0,0.27968633,Cancelled,Not Cancelled,False,0.72031367
0,1,0.7202472,Not Cancelled,Cancelled,False,0.7202472
0,1,0.7200304,Not Cancelled,Cancelled,False,0.7200304
0,1,0.719918,Not Cancelled,Cancelled,False,0.719918
1,0,0.28029457,Cancelled,Not Cancelled,False,0.71970546
1,0,0.28056857,Cancelled,Not Cancelled,False,0.7194314
1,0,0.280684,Cancelled,Not Cancelled,False,0.719316
0,1,0.71891594,Not Cancelled,Cancelled,False,0.71891594
1,0,0.28115192,Cancelled,Not Cancelled,False,0.7188481
0,1,0.7185928,Not Cancelled,Cancelled,False,0.7185928
0,1,0.71845156,Not Cancelled,Cancelled,False,0.71845156
1,0,0.28173843,Cancelled,Not Cancelled,False,0.7182616
1,0,0.28180265,Cancelled,Not Cancelled,False,0.71819735
0,1,0.7179726,Not Cancelled,Cancelled,False,0.7179726
0,1,0.7178958,Not Cancelled,Cancelled,False,0.7178958
0,1,0.717856,Not Cancelled,Cancelled,False,0.717856
1,0,0.28215763,Cancelled,Not Cancelled,False,0.71784234
0,1,0.71761936,Not Cancelled,Cancelled,False,0.71761936
1,0,0.28244048,Cancelled,Not Cancelled,False,0.7175595
1,0,0.28252828,Cancelled,Not Cancelled,False,0.7174717
1,0,0.2830898,Cancelled,Not Cancelled,False,0.71691024
1,0,0.28321528,Cancelled,Not Cancelled,False,0.7167847
1,0,0.28334948,Cancelled,Not Cancelled,False,0.7166505
0,1,0.71664757,Not Cancelled,Cancelled,False,0.71664757
1,0,0.28338805,Cancelled,Not Cancelled,False,0.716612
0,1,0.7164778,Not Cancelled,Cancelled,False,0.7164778
1,0,0.2837986,Cancelled,Not Cancelled,False,0.7162014
0,1,0.71581286,Not Cancelled,Cancelled,False,0.71581286
1,0,0.28428367,Cancelled,Not Cancelled,False,0.71571636
1,0,0.28435194,Cancelled,Not Cancelled,False,0.71564806
1,0,0.28484765,Cancelled,Not Cancelled,False,0.7151524
1,0,0.28494996,Cancelled,Not Cancelled,False,0.71505004
1,0,0.28531763,Cancelled,Not Cancelled,False,0.71468234
1,0,0.28535047,Cancelled,Not Cancelled,False,0.71464956
1,0,0.28535977,Cancelled,Not Cancelled,False,0.71464026
1,0,0.2855547,Cancelled,Not Cancelled,False,0.7144453
0,1,0.7142729,Not Cancelled,Cancelled,False,0.7142729
1,0,0.28608942,Cancelled,Not Cancelled,False,0.7139106
1,0,0.28640884,Cancelled,Not Cancelled,False,0.71359116
1,0,0.28666088,Cancelled,Not Cancelled,False,0.7133391
0,1,0.7133174,Not Cancelled,Cancelled,False,0.7133174
1,0,0.28671837,Cancelled,Not Cancelled,False,0.71328163
1,0,0.2867917,Cancelled,Not Cancelled,False,0.7132083
0,1,0.71284235,Not Cancelled,Cancelled,False,0.71284235
0,1,0.71273774,Not Cancelled,Cancelled,False,0.71273774
0,1,0.712714,Not Cancelled,Cancelled,False,0.712714
0,1,0.71250165,Not Cancelled,Cancelled,False,0.71250165
1,0,0.2875407,Cancelled,Not Cancelled,False,0.7124593
0,1,0.7124381,Not Cancelled,Cancelled,False,0.7124381
1,0,0.28776467,Cancelled,Not Cancelled,False,0.71223533
0,1,0.711897,Not Cancelled,Cancelled,False,0.711897
1,0,0.2883128,Cancelled,Not Cancelled,False,0.7116872
1,0,0.2888513,Cancelled,Not Cancelled,False,0.71114874
0,1,0.71101487,Not Cancelled,Cancelled,False,0.71101487
1,0,0.28925353,Cancelled,Not Cancelled,False,0.71074647
1,0,0.28928748,Cancelled,Not Cancelled,False,0.71071255
1,0,0.28942132,Cancelled,Not Cancelled,False,0.7105787
1,0,0.2895093,Cancelled,Not Cancelled,False,0.7104907
1,0,0.28960162,Cancelled,Not Cancelled,False,0.7103984
1,0,0.2899075,Cancelled,Not Cancelled,False,0.71009254
1,0,0.28997248,Cancelled,Not Cancelled,False,0.7100275
0,1,0.7099393,Not Cancelled,Cancelled,False,0.7099393
0,1,0.7099164,Not Cancelled,Cancelled,False,0.7099164
1,0,0.2901189,Cancelled,Not Cancelled,False,0.70988107
1,0,0.29016545,Cancelled,Not Cancelled,False,0.7098346
1,0,0.29018068,Cancelled,Not Cancelled,False,0.7098193
1,0,0.2902851,Cancelled,Not Cancelled,False,0.7097149
1,0,0.2903752,Cancelled,Not Cancelled,False,0.70962477
1,0,0.2904475,Cancelled,Not Cancelled,False,0.7095525
0,1,0.70954245,Not Cancelled,Cancelled,False,0.70954245
1,0,0.29047418,Cancelled,Not Cancelled,False,0.7095258
0,1,0.709417,Not Cancelled,Cancelled,False,0.709417
0,1,0.70934886,Not Cancelled,Cancelled,False,0.70934886
0,1,0.70917094,Not Cancelled,Cancelled,False,0.70917094
0,1,0.7090973,Not Cancelled,Cancelled,False,0.7090973
1,0,0.2909124,Cancelled,Not Cancelled,False,0.7090876
1,0,0.2913977,Cancelled,Not Cancelled,False,0.7086023
1,0,0.291607,Cancelled,Not Cancelled,False,0.708393
0,1,0.7083748,Not Cancelled,Cancelled,False,0.7083748
0,1,0.7082569,Not Cancelled,Cancelled,False,0.7082569
1,0,0.29213938,Cancelled,Not Cancelled,False,0.7078606
1,0,0.29270434,Cancelled,Not Cancelled,False,0.70729566
1,0,0.29275244,Cancelled,Not Cancelled,False,0.70724756
0,1,0.7070873,Not Cancelled,Cancelled,False,0.7070873
0,1,0.7069579,Not Cancelled,Cancelled,False,0.7069579
1,0,0.29314482,Cancelled,Not Cancelled,False,0.7068552
1,0,0.29341546,Cancelled,Not Cancelled,False,0.7065846
0,1,0.7064449,Not Cancelled,Cancelled,False,0.7064449
0,1,0.7063843,Not Cancelled,Cancelled,False,0.7063843
0,1,0.7063584,Not Cancelled,Cancelled,False,0.7063584
1,0,0.2936425,Cancelled,Not Cancelled,False,0.7063575
1,0,0.293854,Cancelled,Not Cancelled,False,0.706146
1,0,0.2939667,Cancelled,Not Cancelled,False,0.7060333
0,1,0.7060242,Not Cancelled,Cancelled,False,0.7060242
0,1,0.7059937,Not Cancelled,Cancelled,False,0.7059937
0,1,0.705981,Not Cancelled,Cancelled,False,0.705981
1,0,0.29410386,Cancelled,Not Cancelled,False,0.70589614
0,1,0.7057011,Not Cancelled,Cancelled,False,0.7057011
0,1,0.70523876,Not Cancelled,Cancelled,False,0.70523876
1,0,0.29483536,Cancelled,Not Cancelled,False,0.7051647
0,1,0.7051464,Not Cancelled,Cancelled,False,0.7051464
0,1,0.70512176,Not Cancelled,Cancelled,False,0.70512176
1,0,0.29508558,Cancelled,Not Cancelled,False,0.70491445
1,0,0.29516464,Cancelled,Not Cancelled,False,0.70483536
1,0,0.29522076,Cancelled,Not Cancelled,False,0.70477927
1,0,0.29529178,Cancelled,Not Cancelled,False,0.7047082
1,0,0.29533094,Cancelled,Not Cancelled,False,0.70466906
0,1,0.7045048,Not Cancelled,Cancelled,False,0.7045048
1,0,0.29555634,Cancelled,Not Cancelled,False,0.7044437
0,1,0.704415,Not Cancelled,Cancelled,False,0.704415
1,0,0.2956179,Cancelled,Not Cancelled,False,0.70438206
1,0,0.2958776,Cancelled,Not Cancelled,False,0.7041224
0,1,0.70379645,Not Cancelled,Cancelled,False,0.70379645
1,0,0.29629406,Cancelled,Not Cancelled,False,0.7037059
0,1,0.7036055,Not Cancelled,Cancelled,False,0.7036055
1,0,0.2965224,Cancelled,Not Cancelled,False,0.7034776
1,0,0.29663047,Cancelled,Not Cancelled,False,0.7033695
0,1,0.70315075,Not Cancelled,Cancelled,False,0.70315075
1,0,0.29688758,Cancelled,Not Cancelled,False,0.7031124
0,1,0.703003,Not Cancelled,Cancelled,False,0.703003
1,0,0.29706305,Cancelled,Not Cancelled,False,0.70293695
0,1,0.7028481,Not Cancelled,Cancelled,False,0.7028481
1,0,0.29721996,Cancelled,Not Cancelled,False,0.70278
1,0,0.29751626,Cancelled,Not Cancelled,False,0.7024838
0,1,0.7024525,Not Cancelled,Cancelled,False,0.7024525
1,0,0.29760435,Cancelled,Not Cancelled,False,0.7023957
1,0,0.2977333,Cancelled,Not Cancelled,False,0.7022667
0,1,0.70216495,Not Cancelled,Cancelled,False,0.70216495
0,1,0.7021199,Not Cancelled,Cancelled,False,0.7021199
1,0,0.29794708,Cancelled,Not Cancelled,False,0.70205295
1,0,0.29807317,Cancelled,Not Cancelled,False,0.7019268
1,0,0.29829925,Cancelled,Not Cancelled,False,0.70170075
1,0,0.29838645,Cancelled,Not Cancelled,False,0.70161355
0,1,0.7014962,Not Cancelled,Cancelled,False,0.7014962
1,0,0.29881707,Cancelled,Not Cancelled,False,0.70118296
0,1,0.7009583,Not Cancelled,Cancelled,False,0.7009583
1,0,0.2990445,Cancelled,Not Cancelled,False,0.7009555
1,0,0.29949,Cancelled,Not Cancelled,False,0.70051
1,0,0.30006692,Cancelled,Not Cancelled,False,0.69993305
1,0,0.3001613,Cancelled,Not Cancelled,False,0.6998387
1,0,0.30032852,Cancelled,Not Cancelled,False,0.6996715
1,0,0.3004589,Cancelled,Not Cancelled,False,0.6995411
0,1,0.69941205,Not Cancelled,Cancelled,False,0.69941205
1,0,0.30059686,Cancelled,Not Cancelled,False,0.69940317
1,0,0.3006638,Cancelled,Not Cancelled,False,0.6993362
0,1,0.6990565,Not Cancelled,Cancelled,False,0.6990565
1,0,0.3011173,Cancelled,Not Cancelled,False,0.6988827
0,1,0.6987764,Not Cancelled,Cancelled,False,0.6987764
1,0,0.30163708,Cancelled,Not Cancelled,False,0.69836295
1,0,0.30184162,Cancelled,Not Cancelled,False,0.6981584
1,0,0.30185547,Cancelled,Not Cancelled,False,0.69814456
1,0,0.30190647,Cancelled,Not Cancelled,False,0.69809353
0,1,0.6978722,Not Cancelled,Cancelled,False,0.6978722
1,0,0.30214056,Cancelled,Not Cancelled,False,0.6978594
0,1,0.6977049,Not Cancelled,Cancelled,False,0.6977049
0,1,0.69760644,Not Cancelled,Cancelled,False,0.69760644
1,0,0.30246744,Cancelled,Not Cancelled,False,0.69753253
1,0,0.30261433,Cancelled,Not Cancelled,False,0.69738567
0,1,0.69711465,Not Cancelled,Cancelled,False,0.69711465
1,0,0.30295715,Cancelled,Not Cancelled,False,0.6970428
1,0,0.3033018,Cancelled,Not Cancelled,False,0.6966982
1,0,0.30332267,Cancelled,Not Cancelled,False,0.6966773
1,0,0.30337027,Cancelled,Not Cancelled,False,0.69662976
0,1,0.69652474,Not Cancelled,Cancelled,False,0.69652474
1,0,0.303687,Cancelled,Not Cancelled,False,0.696313
1,0,0.30381456,Cancelled,Not Cancelled,False,0.69618547
0,1,0.6961801,Not Cancelled,Cancelled,False,0.6961801
1,0,0.30392087,Cancelled,Not Cancelled,False,0.69607913
1,0,0.30394462,Cancelled,Not Cancelled,False,0.6960554
1,0,0.30441594,Cancelled,Not Cancelled,False,0.69558406
1,0,0.3045306,Cancelled,Not Cancelled,False,0.6954694
1,0,0.3045427,Cancelled,Not Cancelled,False,0.69545734
0,1,0.6954507,Not Cancelled,Cancelled,False,0.6954507
1,0,0.30468616,Cancelled,Not Cancelled,False,0.6953138
0,1,0.6952465,Not Cancelled,Cancelled,False,0.6952465
1,0,0.3048113,Cancelled,Not Cancelled,False,0.6951887
0,1,0.69494104,Not Cancelled,Cancelled,False,0.69494104
1,0,0.30520988,Cancelled,Not Cancelled,False,0.6947901
0,1,0.6947448,Not Cancelled,Cancelled,False,0.6947448
0,1,0.69461757,Not Cancelled,Cancelled,False,0.69461757
1,0,0.3056014,Cancelled,Not Cancelled,False,0.69439864
0,1,0.6942769,Not Cancelled,Cancelled,False,0.6942769
1,0,0.30574054,Cancelled,Not Cancelled,False,0.69425946
1,0,0.30576685,Cancelled,Not Cancelled,False,0.6942332
1,0,0.30587953,Cancelled,Not Cancelled,False,0.69412047
0,1,0.6939657,Not Cancelled,Cancelled,False,0.6939657
0,1,0.6939195,Not Cancelled,Cancelled,False,0.6939195
1,0,0.30622363,Cancelled,Not Cancelled,False,0.69377637
0,1,0.6937686,Not Cancelled,Cancelled,False,0.6937686
1,0,0.30627194,Cancelled,Not Cancelled,False,0.6937281
1,0,0.3063283,Cancelled,Not Cancelled,False,0.6936717
1,0,0.30642897,Cancelled,Not Cancelled,False,0.69357103
1,0,0.30649436,Cancelled,Not Cancelled,False,0.69350564
0,1,0.6934609,Not Cancelled,Cancelled,False,0.6934609
0,1,0.6934392,Not Cancelled,Cancelled,False,0.6934392
1,0,0.30696917,Cancelled,Not Cancelled,False,0.69303083
1,0,0.3071143,Cancelled,Not Cancelled,False,0.6928857
1,0,0.30725586,Cancelled,Not Cancelled,False,0.69274414
0,1,0.6925712,Not Cancelled,Cancelled,False,0.6925712
0,1,0.69228333,Not Cancelled,Cancelled,False,0.69228333
1,0,0.30793914,Cancelled,Not Cancelled,False,0.6920608
1,0,0.30806014,Cancelled,Not Cancelled,False,0.69193983
1,0,0.30856305,Cancelled,Not Cancelled,False,0.69143695
1,0,0.30879882,Cancelled,Not Cancelled,False,0.6912012
0,1,0.6909183,Not Cancelled,Cancelled,False,0.6909183
1,0,0.30918944,Cancelled,Not Cancelled,False,0.69081056
0,1,0.690679,Not Cancelled,Cancelled,False,0.690679
1,0,0.3096823,Cancelled,Not Cancelled,False,0.6903177
1,0,0.30974546,Cancelled,Not Cancelled,False,0.69025457
0,1,0.68983346,Not Cancelled,Cancelled,False,0.68983346
0,1,0.68974906,Not Cancelled,Cancelled,False,0.68974906
1,0,0.31032687,Cancelled,Not Cancelled,False,0.6896731
1,0,0.31034842,Cancelled,Not Cancelled,False,0.6896516
0,1,0.68952256,Not Cancelled,Cancelled,False,0.68952256
1,0,0.31050688,Cancelled,Not Cancelled,False,0.6894931
0,1,0.6893877,Not Cancelled,Cancelled,False,0.6893877
1,0,0.3107941,Cancelled,Not Cancelled,False,0.6892059
0,1,0.68904734,Not Cancelled,Cancelled,False,0.68904734
1,0,0.31097156,Cancelled,Not Cancelled,False,0.68902844
0,1,0.6887094,Not Cancelled,Cancelled,False,0.6887094
1,0,0.31129435,Cancelled,Not Cancelled,False,0.6887057
1,0,0.31155002,Cancelled,Not Cancelled,False,0.68845
0,1,0.6884037,Not Cancelled,Cancelled,False,0.6884037
1,0,0.3116462,Cancelled,Not Cancelled,False,0.6883538
1,0,0.31170678,Cancelled,Not Cancelled,False,0.6882932
1,0,0.3118182,Cancelled,Not Cancelled,False,0.68818176
1,0,0.31210598,Cancelled,Not Cancelled,False,0.687894
1,0,0.31222433,Cancelled,Not Cancelled,False,0.6877757
0,1,0.68761134,Not Cancelled,Cancelled,False,0.68761134
1,0,0.31246695,Cancelled,Not Cancelled,False,0.687533
0,1,0.68719274,Not Cancelled,Cancelled,False,0.68719274
0,1,0.68684494,Not Cancelled,Cancelled,False,0.68684494
0,1,0.6868215,Not Cancelled,Cancelled,False,0.6868215
0,1,0.6866784,Not Cancelled,Cancelled,False,0.6866784
0,1,0.68650967,Not Cancelled,Cancelled,False,0.68650967
1,0,0.3137094,Cancelled,Not Cancelled,False,0.6862906
0,1,0.6858058,Not Cancelled,Cancelled,False,0.6858058
1,0,0.31461796,Cancelled,Not Cancelled,False,0.685382
1,0,0.31468543,Cancelled,Not Cancelled,False,0.68531454
1,0,0.31480592,Cancelled,Not Cancelled,False,0.6851941
0,1,0.68502045,Not Cancelled,Cancelled,False,0.68502045
1,0,0.31498986,Cancelled,Not Cancelled,False,0.68501014
0,1,0.6850055,Not Cancelled,Cancelled,False,0.6850055
0,1,0.6848877,Not Cancelled,Cancelled,False,0.6848877
0,1,0.68488127,Not Cancelled,Cancelled,False,0.68488127
1,0,0.31532437,Cancelled,Not Cancelled,False,0.68467563
0,1,0.6846517,Not Cancelled,Cancelled,False,0.6846517
1,0,0.31542537,Cancelled,Not Cancelled,False,0.6845746
1,0,0.3154489,Cancelled,Not Cancelled,False,0.6845511
1,0,0.31553248,Cancelled,Not Cancelled,False,0.68446755
1,0,0.3156008,Cancelled,Not Cancelled,False,0.6843992
0,1,0.68437093,Not Cancelled,Cancelled,False,0.68437093
1,0,0.31571227,Cancelled,Not Cancelled,False,0.6842877
1,0,0.31578457,Cancelled,Not Cancelled,False,0.6842154
0,1,0.6841971,Not Cancelled,Cancelled,False,0.6841971
0,1,0.6840587,Not Cancelled,Cancelled,False,0.6840587
0,1,0.68403494,Not Cancelled,Cancelled,False,0.68403494
1,0,0.31603244,Cancelled,Not Cancelled,False,0.6839676
1,0,0.31626612,Cancelled,Not Cancelled,False,0.6837339
0,1,0.6831717,Not Cancelled,Cancelled,False,0.6831717
1,0,0.31692663,Cancelled,Not Cancelled,False,0.6830734
1,0,0.3169387,Cancelled,Not Cancelled,False,0.6830613
1,0,0.31739217,Cancelled,Not Cancelled,False,0.6826078
1,0,0.31742,Cancelled,Not Cancelled,False,0.68258
0,1,0.6825575,Not Cancelled,Cancelled,False,0.6825575
1,0,0.31765017,Cancelled,Not Cancelled,False,0.6823498
1,0,0.31765187,Cancelled,Not Cancelled,False,0.68234813
0,1,0.6822857,Not Cancelled,Cancelled,False,0.6822857
0,1,0.6822367,Not Cancelled,Cancelled,False,0.6822367
1,0,0.31805128,Cancelled,Not Cancelled,False,0.6819487
1,0,0.31813374,Cancelled,Not Cancelled,False,0.6818663
0,1,0.68179804,Not Cancelled,Cancelled,False,0.68179804
1,0,0.31830558,Cancelled,Not Cancelled,False,0.6816944
1,0,0.3185223,Cancelled,Not Cancelled,False,0.68147767
0,1,0.68105525,Not Cancelled,Cancelled,False,0.68105525
1,0,0.31907287,Cancelled,Not Cancelled,False,0.68092716
1,0,0.31922546,Cancelled,Not Cancelled,False,0.68077457
1,0,0.31926134,Cancelled,Not Cancelled,False,0.6807387
0,1,0.6807299,Not Cancelled,Cancelled,False,0.6807299
1,0,0.3193206,Cancelled,Not Cancelled,False,0.68067944
1,0,0.31944382,Cancelled,Not Cancelled,False,0.6805562
1,0,0.31970346,Cancelled,Not Cancelled,False,0.68029654
1,0,0.31972575,Cancelled,Not Cancelled,False,0.68027425
1,0,0.31983268,Cancelled,Not Cancelled,False,0.6801673
0,1,0.6801248,Not Cancelled,Cancelled,False,0.6801248
1,0,0.31991476,Cancelled,Not Cancelled,False,0.68008524
0,1,0.6798776,Not Cancelled,Cancelled,False,0.6798776
0,1,0.67980796,Not Cancelled,Cancelled,False,0.67980796
0,1,0.67928845,Not Cancelled,Cancelled,False,0.67928845
0,1,0.6791305,Not Cancelled,Cancelled,False,0.6791305
0,1,0.6789854,Not Cancelled,Cancelled,False,0.6789854
0,1,0.6788988,Not Cancelled,Cancelled,False,0.6788988
0,1,0.67880887,Not Cancelled,Cancelled,False,0.67880887
1,0,0.32120943,Cancelled,Not Cancelled,False,0.67879057
1,0,0.32125074,Cancelled,Not Cancelled,False,0.67874926
0,1,0.67868614,Not Cancelled,Cancelled,False,0.67868614
0,1,0.67813087,Not Cancelled,Cancelled,False,0.67813087
1,0,0.32195923,Cancelled,Not Cancelled,False,0.67804074
1,0,0.32199427,Cancelled,Not Cancelled,False,0.6780057
1,0,0.32205528,Cancelled,Not Cancelled,False,0.6779447
1,0,0.32219505,Cancelled,Not Cancelled,False,0.67780495
0,1,0.6776718,Not Cancelled,Cancelled,False,0.6776718
0,1,0.6776071,Not Cancelled,Cancelled,False,0.6776071
0,1,0.67759466,Not Cancelled,Cancelled,False,0.67759466
0,1,0.6775576,Not Cancelled,Cancelled,False,0.6775576
1,0,0.32267508,Cancelled,Not Cancelled,False,0.6773249
1,0,0.32271177,Cancelled,Not Cancelled,False,0.67728823
0,1,0.67726576,Not Cancelled,Cancelled,False,0.67726576
1,0,0.32281137,Cancelled,Not Cancelled,False,0.67718863
0,1,0.6771292,Not Cancelled,Cancelled,False,0.6771292
0,1,0.67690754,Not Cancelled,Cancelled,False,0.67690754
1,0,0.32314458,Cancelled,Not Cancelled,False,0.67685544
1,0,0.32317343,Cancelled,Not Cancelled,False,0.6768266
1,0,0.32326332,Cancelled,Not Cancelled,False,0.6767367
1,0,0.3232675,Cancelled,Not Cancelled,False,0.67673254
1,0,0.32329544,Cancelled,Not Cancelled,False,0.6767045
0,1,0.67662394,Not Cancelled,Cancelled,False,0.67662394
1,0,0.32353702,Cancelled,Not Cancelled,False,0.676463
0,1,0.6764375,Not Cancelled,Cancelled,False,0.6764375
0,1,0.67628926,Not Cancelled,Cancelled,False,0.67628926
1,0,0.3237182,Cancelled,Not Cancelled,False,0.6762818
0,1,0.676276,Not Cancelled,Cancelled,False,0.676276
1,0,0.3238471,Cancelled,Not Cancelled,False,0.67615294
0,1,0.6760549,Not Cancelled,Cancelled,False,0.6760549
0,1,0.6760343,Not Cancelled,Cancelled,False,0.6760343
0,1,0.6757609,Not Cancelled,Cancelled,False,0.6757609
1,0,0.32427046,Cancelled,Not Cancelled,False,0.6757295
0,1,0.6757213,Not Cancelled,Cancelled,False,0.6757213
1,0,0.32454765,Cancelled,Not Cancelled,False,0.67545235
1,0,0.32456735,Cancelled,Not Cancelled,False,0.6754327
0,1,0.67523384,Not Cancelled,Cancelled,False,0.67523384
1,0,0.32496077,Cancelled,Not Cancelled,False,0.67503923
1,0,0.3250415,Cancelled,Not Cancelled,False,0.67495847
1,0,0.32520944,Cancelled,Not Cancelled,False,0.67479056
1,0,0.32527614,Cancelled,Not Cancelled,False,0.67472386
1,0,0.32530767,Cancelled,Not Cancelled,False,0.67469233
0,1,0.67468345,Not Cancelled,Cancelled,False,0.67468345
1,0,0.32531768,Cancelled,Not Cancelled,False,0.6746823
1,0,0.32533014,Cancelled,Not Cancelled,False,0.67466986
0,1,0.6744196,Not Cancelled,Cancelled,False,0.6744196
0,1,0.67438614,Not Cancelled,Cancelled,False,0.67438614
1,0,0.32561746,Cancelled,Not Cancelled,False,0.67438257
0,1,0.6735992,Not Cancelled,Cancelled,False,0.6735992
0,1,0.67355394,Not Cancelled,Cancelled,False,0.67355394
0,1,0.6734097,Not Cancelled,Cancelled,False,0.6734097
0,1,0.6734051,Not Cancelled,Cancelled,False,0.6734051
1,0,0.32693633,Cancelled,Not Cancelled,False,0.67306364
0,1,0.67298615,Not Cancelled,Cancelled,False,0.67298615
1,0,0.32731837,Cancelled,Not Cancelled,False,0.6726816
1,0,0.32734567,Cancelled,Not Cancelled,False,0.67265433
1,0,0.3275487,Cancelled,Not Cancelled,False,0.67245126
1,0,0.32756045,Cancelled,Not Cancelled,False,0.6724396
0,1,0.672417,Not Cancelled,Cancelled,False,0.672417
1,0,0.3277345,Cancelled,Not Cancelled,False,0.6722655
1,0,0.32782766,Cancelled,Not Cancelled,False,0.6721723
0,1,0.67208695,Not Cancelled,Cancelled,False,0.67208695
0,1,0.67178917,Not Cancelled,Cancelled,False,0.67178917
0,1,0.67142594,Not Cancelled,Cancelled,False,0.67142594
0,1,0.67139983,Not Cancelled,Cancelled,False,0.67139983
1,0,0.32878357,Cancelled,Not Cancelled,False,0.6712164
1,0,0.3288772,Cancelled,Not Cancelled,False,0.6711228
1,0,0.32896256,Cancelled,Not Cancelled,False,0.67103744
0,1,0.6709837,Not Cancelled,Cancelled,False,0.6709837
0,1,0.6708215,Not Cancelled,Cancelled,False,0.6708215
0,1,0.67054796,Not Cancelled,Cancelled,False,0.67054796
1,0,0.32947612,Cancelled,Not Cancelled,False,0.6705239
1,0,0.32970417,Cancelled,Not Cancelled,False,0.67029583
1,0,0.32977086,Cancelled,Not Cancelled,False,0.67022914
0,1,0.67014253,Not Cancelled,Cancelled,False,0.67014253
0,1,0.6700269,Not Cancelled,Cancelled,False,0.6700269
1,0,0.33031148,Cancelled,Not Cancelled,False,0.6696885
1,0,0.3303413,Cancelled,Not Cancelled,False,0.66965866
1,0,0.33034387,Cancelled,Not Cancelled,False,0.66965616
0,1,0.6696173,Not Cancelled,Cancelled,False,0.6696173
1,0,0.33038595,Cancelled,Not Cancelled,False,0.6696141
0,1,0.6695541,Not Cancelled,Cancelled,False,0.6695541
0,1,0.6694659,Not Cancelled,Cancelled,False,0.6694659
1,0,0.3305724,Cancelled,Not Cancelled,False,0.66942763
0,1,0.6693679,Not Cancelled,Cancelled,False,0.6693679
1,0,0.33076385,Cancelled,Not Cancelled,False,0.6692362
0,1,0.6691736,Not Cancelled,Cancelled,False,0.6691736
0,1,0.6690031,Not Cancelled,Cancelled,False,0.6690031
1,0,0.33122244,Cancelled,Not Cancelled,False,0.6687776
0,1,0.668653,Not Cancelled,Cancelled,False,0.668653
0,1,0.6684567,Not Cancelled,Cancelled,False,0.6684567
0,1,0.66836387,Not Cancelled,Cancelled,False,0.66836387
1,0,0.33172968,Cancelled,Not Cancelled,False,0.66827035
0,1,0.66812325,Not Cancelled,Cancelled,False,0.66812325
1,0,0.33206704,Cancelled,Not Cancelled,False,0.667933
0,1,0.66746116,Not Cancelled,Cancelled,False,0.66746116
0,1,0.6674584,Not Cancelled,Cancelled,False,0.6674584
1,0,0.33255392,Cancelled,Not Cancelled,False,0.6674461
0,1,0.667419,Not Cancelled,Cancelled,False,0.667419
1,0,0.33276126,Cancelled,Not Cancelled,False,0.6672387
1,0,0.33278996,Cancelled,Not Cancelled,False,0.66721004
1,0,0.33288303,Cancelled,Not Cancelled,False,0.667117
1,0,0.33304745,Cancelled,Not Cancelled,False,0.66695255
0,1,0.66692877,Not Cancelled,Cancelled,False,0.66692877
1,0,0.33313653,Cancelled,Not Cancelled,False,0.66686344
1,0,0.3333339,Cancelled,Not Cancelled,False,0.6666661
1,0,0.33338955,Cancelled,Not Cancelled,False,0.6666105
1,0,0.33371988,Cancelled,Not Cancelled,False,0.66628015
0,1,0.66613144,Not Cancelled,Cancelled,False,0.66613144
0,1,0.6660163,Not Cancelled,Cancelled,False,0.6660163
0,1,0.6656424,Not Cancelled,Cancelled,False,0.6656424
0,1,0.6653403,Not Cancelled,Cancelled,False,0.6653403
1,0,0.3346842,Cancelled,Not Cancelled,False,0.6653158
1,0,0.33469266,Cancelled,Not Cancelled,False,0.66530734
0,1,0.665287,Not Cancelled,Cancelled,False,0.665287
1,0,0.3347496,Cancelled,Not Cancelled,False,0.6652504
1,0,0.33484393,Cancelled,Not Cancelled,False,0.66515607
1,0,0.33506194,Cancelled,Not Cancelled,False,0.6649381
0,1,0.6647207,Not Cancelled,Cancelled,False,0.6647207
0,1,0.6646319,Not Cancelled,Cancelled,False,0.6646319
1,0,0.33538046,Cancelled,Not Cancelled,False,0.66461957
1,0,0.33547416,Cancelled,Not Cancelled,False,0.66452587
0,1,0.6643519,Not Cancelled,Cancelled,False,0.6643519
1,0,0.33574468,Cancelled,Not Cancelled,False,0.6642553
0,1,0.6641376,Not Cancelled,Cancelled,False,0.6641376
0,1,0.66396296,Not Cancelled,Cancelled,False,0.66396296
1,0,0.33614928,Cancelled,Not Cancelled,False,0.6638507
1,0,0.33616447,Cancelled,Not Cancelled,False,0.6638355
0,1,0.66381943,Not Cancelled,Cancelled,False,0.66381943
0,1,0.6637494,Not Cancelled,Cancelled,False,0.6637494
0,1,0.6636692,Not Cancelled,Cancelled,False,0.6636692
1,0,0.3363767,Cancelled,Not Cancelled,False,0.66362333
0,1,0.66355246,Not Cancelled,Cancelled,False,0.66355246
0,1,0.66350496,Not Cancelled,Cancelled,False,0.66350496
1,0,0.3365477,Cancelled,Not Cancelled,False,0.66345227
1,0,0.336879,Cancelled,Not Cancelled,False,0.663121
0,1,0.6630905,Not Cancelled,Cancelled,False,0.6630905
1,0,0.33697852,Cancelled,Not Cancelled,False,0.66302145
1,0,0.33739987,Cancelled,Not Cancelled,False,0.66260016
1,0,0.33741874,Cancelled,Not Cancelled,False,0.66258126
1,0,0.33746675,Cancelled,Not Cancelled,False,0.6625333
1,0,0.33750632,Cancelled,Not Cancelled,False,0.6624937
1,0,0.3375857,Cancelled,Not Cancelled,False,0.6624143
1,0,0.3377187,Cancelled,Not Cancelled,False,0.6622813
1,0,0.3378976,Cancelled,Not Cancelled,False,0.6621024
0,1,0.6620684,Not Cancelled,Cancelled,False,0.6620684
0,1,0.6620216,Not Cancelled,Cancelled,False,0.6620216
0,1,0.66201115,Not Cancelled,Cancelled,False,0.66201115
1,0,0.33800814,Cancelled,Not Cancelled,False,0.66199183
0,1,0.66196185,Not Cancelled,Cancelled,False,0.66196185
0,1,0.66184825,Not Cancelled,Cancelled,False,0.66184825
0,1,0.66184205,Not Cancelled,Cancelled,False,0.66184205
1,0,0.33849147,Cancelled,Not Cancelled,False,0.66150856
0,1,0.6614825,Not Cancelled,Cancelled,False,0.6614825
1,0,0.33865812,Cancelled,Not Cancelled,False,0.6613419
0,1,0.6611642,Not Cancelled,Cancelled,False,0.6611642
0,1,0.66104186,Not Cancelled,Cancelled,False,0.66104186
0,1,0.660885,Not Cancelled,Cancelled,False,0.660885
0,1,0.66044384,Not Cancelled,Cancelled,False,0.66044384
0,1,0.66042703,Not Cancelled,Cancelled,False,0.66042703
1,0,0.339755,Cancelled,Not Cancelled,False,0.660245
1,0,0.33977908,Cancelled,Not Cancelled,False,0.6602209
1,0,0.33981204,Cancelled,Not Cancelled,False,0.66018796
0,1,0.6601466,Not Cancelled,Cancelled,False,0.6601466
0,1,0.6601157,Not Cancelled,Cancelled,False,0.6601157
1,0,0.3399651,Cancelled,Not Cancelled,False,0.6600349
0,1,0.65999,Not Cancelled,Cancelled,False,0.65999
0,1,0.65986544,Not Cancelled,Cancelled,False,0.65986544
1,0,0.34014636,Cancelled,Not Cancelled,False,0.65985364
1,0,0.34033445,Cancelled,Not Cancelled,False,0.6596656
1,0,0.34075713,Cancelled,Not Cancelled,False,0.65924287
1,0,0.34090322,Cancelled,Not Cancelled,False,0.6590968
1,0,0.34142658,Cancelled,Not Cancelled,False,0.6585734
1,0,0.34151483,Cancelled,Not Cancelled,False,0.6584852
0,1,0.658236,Not Cancelled,Cancelled,False,0.658236
1,0,0.34189504,Cancelled,Not Cancelled,False,0.65810496
0,1,0.65795183,Not Cancelled,Cancelled,False,0.65795183
1,0,0.342175,Cancelled,Not Cancelled,False,0.657825
0,1,0.6576738,Not Cancelled,Cancelled,False,0.6576738
0,1,0.6576304,Not Cancelled,Cancelled,False,0.6576304
0,1,0.65753204,Not Cancelled,Cancelled,False,0.65753204
0,1,0.6575062,Not Cancelled,Cancelled,False,0.6575062
0,1,0.6567879,Not Cancelled,Cancelled,False,0.6567879
1,0,0.34323072,Cancelled,Not Cancelled,False,0.6567693
1,0,0.34324852,Cancelled,Not Cancelled,False,0.6567515
0,1,0.65667814,Not Cancelled,Cancelled,False,0.65667814
0,1,0.6565944,Not Cancelled,Cancelled,False,0.6565944
0,1,0.6565128,Not Cancelled,Cancelled,False,0.6565128
0,1,0.6564925,Not Cancelled,Cancelled,False,0.6564925
0,1,0.65645635,Not Cancelled,Cancelled,False,0.65645635
0,1,0.6563788,Not Cancelled,Cancelled,False,0.6563788
1,0,0.3437457,Cancelled,Not Cancelled,False,0.6562543
1,0,0.34378076,Cancelled,Not Cancelled,False,0.65621924
0,1,0.6560862,Not Cancelled,Cancelled,False,0.6560862
0,1,0.65600574,Not Cancelled,Cancelled,False,0.65600574
1,0,0.34399426,Cancelled,Not Cancelled,False,0.65600574
1,0,0.34399667,Cancelled,Not Cancelled,False,0.65600336
1,0,0.34404138,Cancelled,Not Cancelled,False,0.65595865
1,0,0.34445387,Cancelled,Not Cancelled,False,0.6555461
0,1,0.6554663,Not Cancelled,Cancelled,False,0.6554663
0,1,0.65521055,Not Cancelled,Cancelled,False,0.65521055
1,0,0.34480375,Cancelled,Not Cancelled,False,0.65519625
1,0,0.34494254,Cancelled,Not Cancelled,False,0.65505743
1,0,0.34494543,Cancelled,Not Cancelled,False,0.65505457
1,0,0.34519437,Cancelled,Not Cancelled,False,0.65480566
0,1,0.6545158,Not Cancelled,Cancelled,False,0.6545158
0,1,0.6544957,Not Cancelled,Cancelled,False,0.6544957
1,0,0.34554636,Cancelled,Not Cancelled,False,0.65445364
0,1,0.654452,Not Cancelled,Cancelled,False,0.654452
0,1,0.65421194,Not Cancelled,Cancelled,False,0.65421194
1,0,0.3458946,Cancelled,Not Cancelled,False,0.6541054
1,0,0.34603778,Cancelled,Not Cancelled,False,0.65396225
1,0,0.3463134,Cancelled,Not Cancelled,False,0.65368664
0,1,0.6535379,Not Cancelled,Cancelled,False,0.6535379
1,0,0.3465911,Cancelled,Not Cancelled,False,0.6534089
1,0,0.34679517,Cancelled,Not Cancelled,False,0.6532048
1,0,0.34698495,Cancelled,Not Cancelled,False,0.653015
1,0,0.34699586,Cancelled,Not Cancelled,False,0.65300417
1,0,0.34722888,Cancelled,Not Cancelled,False,0.6527711
0,1,0.6522578,Not Cancelled,Cancelled,False,0.6522578
0,1,0.6520928,Not Cancelled,Cancelled,False,0.6520928
1,0,0.34790763,Cancelled,Not Cancelled,False,0.65209234
1,0,0.34793988,Cancelled,Not Cancelled,False,0.65206015
1,0,0.3480442,Cancelled,Not Cancelled,False,0.65195584
0,1,0.6517786,Not Cancelled,Cancelled,False,0.6517786
1,0,0.34826463,Cancelled,Not Cancelled,False,0.65173537
0,1,0.6516295,Not Cancelled,Cancelled,False,0.6516295
1,0,0.3485816,Cancelled,Not Cancelled,False,0.6514184
0,1,0.6512119,Not Cancelled,Cancelled,False,0.6512119
1,0,0.34901738,Cancelled,Not Cancelled,False,0.6509826
1,0,0.349082,Cancelled,Not Cancelled,False,0.650918
0,1,0.6507792,Not Cancelled,Cancelled,False,0.6507792
1,0,0.34937534,Cancelled,Not Cancelled,False,0.65062463
1,0,0.34952536,Cancelled,Not Cancelled,False,0.65047467
0,1,0.650421,Not Cancelled,Cancelled,False,0.650421
0,1,0.65035874,Not Cancelled,Cancelled,False,0.65035874
0,1,0.65031606,Not Cancelled,Cancelled,False,0.65031606
1,0,0.34969628,Cancelled,Not Cancelled,False,0.6503037
1,0,0.34971622,Cancelled,Not Cancelled,False,0.6502838
0,1,0.6502224,Not Cancelled,Cancelled,False,0.6502224
0,1,0.6502167,Not Cancelled,Cancelled,False,0.6502167
0,1,0.65019023,Not Cancelled,Cancelled,False,0.65019023
0,1,0.6501584,Not Cancelled,Cancelled,False,0.6501584
0,1,0.6498931,Not Cancelled,Cancelled,False,0.6498931
1,0,0.35024503,Cancelled,Not Cancelled,False,0.649755
0,1,0.64955634,Not Cancelled,Cancelled,False,0.64955634
1,0,0.35045865,Cancelled,Not Cancelled,False,0.6495414
1,0,0.35065854,Cancelled,Not Cancelled,False,0.64934146
1,0,0.35094413,Cancelled,Not Cancelled,False,0.64905584
0,1,0.64902544,Not Cancelled,Cancelled,False,0.64902544
1,0,0.35114187,Cancelled,Not Cancelled,False,0.64885813
1,0,0.35130066,Cancelled,Not Cancelled,False,0.64869934
1,0,0.35139617,Cancelled,Not Cancelled,False,0.6486038
1,0,0.35154745,Cancelled,Not Cancelled,False,0.6484525
0,1,0.6484003,Not Cancelled,Cancelled,False,0.6484003
0,1,0.6482934,Not Cancelled,Cancelled,False,0.6482934
0,1,0.648197,Not Cancelled,Cancelled,False,0.648197
1,0,0.35182297,Cancelled,Not Cancelled,False,0.648177
0,1,0.6480279,Not Cancelled,Cancelled,False,0.6480279
1,0,0.3519811,Cancelled,Not Cancelled,False,0.6480189
1,0,0.3520265,Cancelled,Not Cancelled,False,0.64797354
1,0,0.35211608,Cancelled,Not Cancelled,False,0.6478839
1,0,0.35240513,Cancelled,Not Cancelled,False,0.64759487
1,0,0.35257456,Cancelled,Not Cancelled,False,0.6474254
1,0,0.35274705,Cancelled,Not Cancelled,False,0.6472529
0,1,0.6472297,Not Cancelled,Cancelled,False,0.6472297
0,1,0.6471979,Not Cancelled,Cancelled,False,0.6471979
1,0,0.3529649,Cancelled,Not Cancelled,False,0.6470351
0,1,0.6469174,Not Cancelled,Cancelled,False,0.6469174
0,1,0.64632994,Not Cancelled,Cancelled,False,0.64632994
0,1,0.64622426,Not Cancelled,Cancelled,False,0.64622426
0,1,0.646111,Not Cancelled,Cancelled,False,0.646111
1,0,0.35405323,Cancelled,Not Cancelled,False,0.64594674
0,1,0.6458924,Not Cancelled,Cancelled,False,0.6458924
1,0,0.3541781,Cancelled,Not Cancelled,False,0.6458219
1,0,0.35446724,Cancelled,Not Cancelled,False,0.6455327
1,0,0.35449186,Cancelled,Not Cancelled,False,0.64550817
0,1,0.64547795,Not Cancelled,Cancelled,False,0.64547795
1,0,0.35455248,Cancelled,Not Cancelled,False,0.6454475
1,0,0.35473096,Cancelled,Not Cancelled,False,0.64526904
0,1,0.6452119,Not Cancelled,Cancelled,False,0.6452119
1,0,0.35485455,Cancelled,Not Cancelled,False,0.6451454
1,0,0.35486114,Cancelled,Not Cancelled,False,0.64513886
1,0,0.3548621,Cancelled,Not Cancelled,False,0.6451379
0,1,0.64495146,Not Cancelled,Cancelled,False,0.64495146
1,0,0.35518456,Cancelled,Not Cancelled,False,0.64481544
0,1,0.6447239,Not Cancelled,Cancelled,False,0.6447239
1,0,0.35530058,Cancelled,Not Cancelled,False,0.64469945
0,1,0.6446898,Not Cancelled,Cancelled,False,0.6446898
1,0,0.35534975,Cancelled,Not Cancelled,False,0.6446502
0,1,0.6445994,Not Cancelled,Cancelled,False,0.6445994
1,0,0.35559416,Cancelled,Not Cancelled,False,0.64440584
0,1,0.64439154,Not Cancelled,Cancelled,False,0.64439154
0,1,0.6440482,Not Cancelled,Cancelled,False,0.6440482
0,1,0.6438259,Not Cancelled,Cancelled,False,0.6438259
1,0,0.3561788,Cancelled,Not Cancelled,False,0.64382124
1,0,0.35681865,Cancelled,Not Cancelled,False,0.6431813
1,0,0.35713106,Cancelled,Not Cancelled,False,0.64286894
1,0,0.35723493,Cancelled,Not Cancelled,False,0.64276505
1,0,0.35727808,Cancelled,Not Cancelled,False,0.6427219
1,0,0.35745344,Cancelled,Not Cancelled,False,0.64254653
0,1,0.6423237,Not Cancelled,Cancelled,False,0.6423237
0,1,0.6423051,Not Cancelled,Cancelled,False,0.6423051
1,0,0.35805362,Cancelled,Not Cancelled,False,0.6419464
0,1,0.6418799,Not Cancelled,Cancelled,False,0.6418799
0,1,0.6417488,Not Cancelled,Cancelled,False,0.6417488
1,0,0.3583437,Cancelled,Not Cancelled,False,0.6416563
1,0,0.35844183,Cancelled,Not Cancelled,False,0.6415582
1,0,0.35844442,Cancelled,Not Cancelled,False,0.64155555
1,0,0.35876915,Cancelled,Not Cancelled,False,0.6412308
1,0,0.35908833,Cancelled,Not Cancelled,False,0.6409117
1,0,0.3591883,Cancelled,Not Cancelled,False,0.6408117
1,0,0.3593294,Cancelled,Not Cancelled,False,0.6406706
1,0,0.35961798,Cancelled,Not Cancelled,False,0.64038205
1,0,0.35968116,Cancelled,Not Cancelled,False,0.6403189
0,1,0.6400329,Not Cancelled,Cancelled,False,0.6400329
0,1,0.63994944,Not Cancelled,Cancelled,False,0.63994944
1,0,0.360364,Cancelled,Not Cancelled,False,0.63963604
1,0,0.36039716,Cancelled,Not Cancelled,False,0.63960284
1,0,0.36053857,Cancelled,Not Cancelled,False,0.6394614
0,1,0.6392465,Not Cancelled,Cancelled,False,0.6392465
0,1,0.63906866,Not Cancelled,Cancelled,False,0.63906866
0,1,0.6389156,Not Cancelled,Cancelled,False,0.6389156
1,0,0.3611419,Cancelled,Not Cancelled,False,0.6388581
1,0,0.3611518,Cancelled,Not Cancelled,False,0.6388482
0,1,0.6384658,Not Cancelled,Cancelled,False,0.6384658
1,0,0.36155742,Cancelled,Not Cancelled,False,0.6384426
1,0,0.3615669,Cancelled,Not Cancelled,False,0.6384331
1,0,0.36158824,Cancelled,Not Cancelled,False,0.63841176
1,0,0.36173004,Cancelled,Not Cancelled,False,0.63826996
1,0,0.36194593,Cancelled,Not Cancelled,False,0.6380541
1,0,0.3619573,Cancelled,Not Cancelled,False,0.6380427
1,0,0.36195773,Cancelled,Not Cancelled,False,0.6380423
0,1,0.6377138,Not Cancelled,Cancelled,False,0.6377138
0,1,0.6376128,Not Cancelled,Cancelled,False,0.6376128
0,1,0.63758177,Not Cancelled,Cancelled,False,0.63758177
1,0,0.3624263,Cancelled,Not Cancelled,False,0.6375737
0,1,0.63748693,Not Cancelled,Cancelled,False,0.63748693
1,0,0.36270317,Cancelled,Not Cancelled,False,0.6372968
1,0,0.36278763,Cancelled,Not Cancelled,False,0.6372124
1,0,0.36288026,Cancelled,Not Cancelled,False,0.63711977
0,1,0.6368154,Not Cancelled,Cancelled,False,0.6368154
1,0,0.36331496,Cancelled,Not Cancelled,False,0.636685
0,1,0.63662434,Not Cancelled,Cancelled,False,0.63662434
0,1,0.6364475,Not Cancelled,Cancelled,False,0.6364475
1,0,0.36358884,Cancelled,Not Cancelled,False,0.6364112
1,0,0.3636831,Cancelled,Not Cancelled,False,0.6363169
0,1,0.63609207,Not Cancelled,Cancelled,False,0.63609207
1,0,0.36391416,Cancelled,Not Cancelled,False,0.63608587
1,0,0.3640795,Cancelled,Not Cancelled,False,0.6359205
1,0,0.36416382,Cancelled,Not Cancelled,False,0.6358362
1,0,0.3641942,Cancelled,Not Cancelled,False,0.6358058
1,0,0.3643417,Cancelled,Not Cancelled,False,0.63565826
1,0,0.3644156,Cancelled,Not Cancelled,False,0.6355844
1,0,0.36446524,Cancelled,Not Cancelled,False,0.63553476
1,0,0.3646023,Cancelled,Not Cancelled,False,0.6353977
0,1,0.63516,Not Cancelled,Cancelled,False,0.63516
0,1,0.6350924,Not Cancelled,Cancelled,False,0.6350924
0,1,0.635015,Not Cancelled,Cancelled,False,0.635015
1,0,0.3649946,Cancelled,Not Cancelled,False,0.6350054
1,0,0.3649991,Cancelled,Not Cancelled,False,0.63500094
1,0,0.36508527,Cancelled,Not Cancelled,False,0.63491476
0,1,0.6348082,Not Cancelled,Cancelled,False,0.6348082
0,1,0.6345623,Not Cancelled,Cancelled,False,0.6345623
0,1,0.63454753,Not Cancelled,Cancelled,False,0.63454753
0,1,0.6345383,Not Cancelled,Cancelled,False,0.6345383
0,1,0.63424176,Not Cancelled,Cancelled,False,0.63424176
1,0,0.36591804,Cancelled,Not Cancelled,False,0.63408196
1,0,0.36604846,Cancelled,Not Cancelled,False,0.63395154
0,1,0.6339007,Not Cancelled,Cancelled,False,0.6339007
0,1,0.6338236,Not Cancelled,Cancelled,False,0.6338236
1,0,0.366265,Cancelled,Not Cancelled,False,0.633735
0,1,0.63323045,Not Cancelled,Cancelled,False,0.63323045
1,0,0.36682656,Cancelled,Not Cancelled,False,0.63317347
0,1,0.63315326,Not Cancelled,Cancelled,False,0.63315326
1,0,0.36708954,Cancelled,Not Cancelled,False,0.6329105
1,0,0.36720067,Cancelled,Not Cancelled,False,0.6327993
0,1,0.63275295,Not Cancelled,Cancelled,False,0.63275295
0,1,0.63259125,Not Cancelled,Cancelled,False,0.63259125
1,0,0.36744004,Cancelled,Not Cancelled,False,0.63255996
1,0,0.36748448,Cancelled,Not Cancelled,False,0.63251555
1,0,0.3678157,Cancelled,Not Cancelled,False,0.63218427
0,1,0.6321468,Not Cancelled,Cancelled,False,0.6321468
1,0,0.36806694,Cancelled,Not Cancelled,False,0.6319331
1,0,0.3680683,Cancelled,Not Cancelled,False,0.63193166
1,0,0.36814994,Cancelled,Not Cancelled,False,0.63185006
0,1,0.6318458,Not Cancelled,Cancelled,False,0.6318458
0,1,0.6314865,Not Cancelled,Cancelled,False,0.6314865
0,1,0.6314389,Not Cancelled,Cancelled,False,0.6314389
1,0,0.36863357,Cancelled,Not Cancelled,False,0.63136643
0,1,0.6312339,Not Cancelled,Cancelled,False,0.6312339
0,1,0.6309123,Not Cancelled,Cancelled,False,0.6309123
0,1,0.6307824,Not Cancelled,Cancelled,False,0.6307824
0,1,0.63071007,Not Cancelled,Cancelled,False,0.63071007
1,0,0.36939088,Cancelled,Not Cancelled,False,0.63060915
0,1,0.63046366,Not Cancelled,Cancelled,False,0.63046366
0,1,0.63025916,Not Cancelled,Cancelled,False,0.63025916
1,0,0.36996353,Cancelled,Not Cancelled,False,0.6300365
0,1,0.62999076,Not Cancelled,Cancelled,False,0.62999076
1,0,0.3700101,Cancelled,Not Cancelled,False,0.62998986
1,0,0.37007862,Cancelled,Not Cancelled,False,0.6299214
1,0,0.37022462,Cancelled,Not Cancelled,False,0.6297754
0,1,0.62967145,Not Cancelled,Cancelled,False,0.62967145
1,0,0.3704985,Cancelled,Not Cancelled,False,0.62950146
0,1,0.62938106,Not Cancelled,Cancelled,False,0.62938106
1,0,0.3708096,Cancelled,Not Cancelled,False,0.6291904
0,1,0.62911206,Not Cancelled,Cancelled,False,0.62911206
1,0,0.370999,Cancelled,Not Cancelled,False,0.629001
0,1,0.6289798,Not Cancelled,Cancelled,False,0.6289798
1,0,0.3710248,Cancelled,Not Cancelled,False,0.6289752
1,0,0.37126324,Cancelled,Not Cancelled,False,0.62873673
1,0,0.37139323,Cancelled,Not Cancelled,False,0.6286068
1,0,0.37149766,Cancelled,Not Cancelled,False,0.62850237
0,1,0.62839836,Not Cancelled,Cancelled,False,0.62839836
0,1,0.62838316,Not Cancelled,Cancelled,False,0.62838316
1,0,0.37168527,Cancelled,Not Cancelled,False,0.62831473
0,1,0.6283082,Not Cancelled,Cancelled,False,0.6283082
0,1,0.62830704,Not Cancelled,Cancelled,False,0.62830704
0,1,0.6282092,Not Cancelled,Cancelled,False,0.6282092
0,1,0.62804383,Not Cancelled,Cancelled,False,0.62804383
1,0,0.37201375,Cancelled,Not Cancelled,False,0.62798625
1,0,0.37234816,Cancelled,Not Cancelled,False,0.6276518
1,0,0.3723594,Cancelled,Not Cancelled,False,0.6276406
0,1,0.6275115,Not Cancelled,Cancelled,False,0.6275115
1,0,0.37251455,Cancelled,Not Cancelled,False,0.62748545
0,1,0.6274791,Not Cancelled,Cancelled,False,0.6274791
0,1,0.62741464,Not Cancelled,Cancelled,False,0.62741464
1,0,0.37268236,Cancelled,Not Cancelled,False,0.62731767
0,1,0.6272213,Not Cancelled,Cancelled,False,0.6272213
0,1,0.6270009,Not Cancelled,Cancelled,False,0.6270009
1,0,0.3732428,Cancelled,Not Cancelled,False,0.6267572
1,0,0.37328252,Cancelled,Not Cancelled,False,0.62671745
0,1,0.6266992,Not Cancelled,Cancelled,False,0.6266992
0,1,0.62668526,Not Cancelled,Cancelled,False,0.62668526
0,1,0.6265564,Not Cancelled,Cancelled,False,0.6265564
0,1,0.6265539,Not Cancelled,Cancelled,False,0.6265539
1,0,0.37350565,Cancelled,Not Cancelled,False,0.62649435
0,1,0.6264751,Not Cancelled,Cancelled,False,0.6264751
0,1,0.6263953,Not Cancelled,Cancelled,False,0.6263953
1,0,0.3736062,Cancelled,Not Cancelled,False,0.6263938
0,1,0.6263856,Not Cancelled,Cancelled,False,0.6263856
0,1,0.62628466,Not Cancelled,Cancelled,False,0.62628466
1,0,0.37380084,Cancelled,Not Cancelled,False,0.6261991
1,0,0.3738574,Cancelled,Not Cancelled,False,0.6261426
1,0,0.374177,Cancelled,Not Cancelled,False,0.625823
1,0,0.37432986,Cancelled,Not Cancelled,False,0.62567014
0,1,0.62562776,Not Cancelled,Cancelled,False,0.62562776
0,1,0.6255016,Not Cancelled,Cancelled,False,0.6255016
1,0,0.37474278,Cancelled,Not Cancelled,False,0.62525725
0,1,0.6252288,Not Cancelled,Cancelled,False,0.6252288
0,1,0.6249866,Not Cancelled,Cancelled,False,0.6249866
0,1,0.6247207,Not Cancelled,Cancelled,False,0.6247207
0,1,0.62461764,Not Cancelled,Cancelled,False,0.62461764
1,0,0.375714,Cancelled,Not Cancelled,False,0.624286
0,1,0.62403315,Not Cancelled,Cancelled,False,0.62403315
0,1,0.62397206,Not Cancelled,Cancelled,False,0.62397206
1,0,0.37613142,Cancelled,Not Cancelled,False,0.6238686
0,1,0.6238671,Not Cancelled,Cancelled,False,0.6238671
1,0,0.37644944,Cancelled,Not Cancelled,False,0.62355053
0,1,0.62345004,Not Cancelled,Cancelled,False,0.62345004
1,0,0.37656713,Cancelled,Not Cancelled,False,0.6234329
0,1,0.623428,Not Cancelled,Cancelled,False,0.623428
1,0,0.3765748,Cancelled,Not Cancelled,False,0.6234252
0,1,0.62331843,Not Cancelled,Cancelled,False,0.62331843
1,0,0.37671953,Cancelled,Not Cancelled,False,0.62328047
0,1,0.6231745,Not Cancelled,Cancelled,False,0.6231745
0,1,0.6231181,Not Cancelled,Cancelled,False,0.6231181
0,1,0.62299466,Not Cancelled,Cancelled,False,0.62299466
0,1,0.6227979,Not Cancelled,Cancelled,False,0.6227979
1,0,0.3772334,Cancelled,Not Cancelled,False,0.6227666
1,0,0.37727654,Cancelled,Not Cancelled,False,0.62272346
0,1,0.6225233,Not Cancelled,Cancelled,False,0.6225233
0,1,0.6224997,Not Cancelled,Cancelled,False,0.6224997
1,0,0.37752587,Cancelled,Not Cancelled,False,0.62247413
0,1,0.622452,Not Cancelled,Cancelled,False,0.622452
1,0,0.37768388,Cancelled,Not Cancelled,False,0.6223161
0,1,0.6219016,Not Cancelled,Cancelled,False,0.6219016
1,0,0.37810463,Cancelled,Not Cancelled,False,0.6218954
1,0,0.37831512,Cancelled,Not Cancelled,False,0.6216849
1,0,0.37840146,Cancelled,Not Cancelled,False,0.62159854
0,1,0.6215673,Not Cancelled,Cancelled,False,0.6215673
0,1,0.62152773,Not Cancelled,Cancelled,False,0.62152773
1,0,0.37864524,Cancelled,Not Cancelled,False,0.62135476
0,1,0.62119824,Not Cancelled,Cancelled,False,0.62119824
1,0,0.3788328,Cancelled,Not Cancelled,False,0.6211672
0,1,0.6210031,Not Cancelled,Cancelled,False,0.6210031
0,1,0.62099814,Not Cancelled,Cancelled,False,0.62099814
0,1,0.6208691,Not Cancelled,Cancelled,False,0.6208691
0,1,0.6206834,Not Cancelled,Cancelled,False,0.6206834
1,0,0.37939167,Cancelled,Not Cancelled,False,0.6206083
0,1,0.6205623,Not Cancelled,Cancelled,False,0.6205623
1,0,0.37950873,Cancelled,Not Cancelled,False,0.62049127
1,0,0.37952062,Cancelled,Not Cancelled,False,0.62047935
1,0,0.37962517,Cancelled,Not Cancelled,False,0.6203748
1,0,0.37968388,Cancelled,Not Cancelled,False,0.62031615
1,0,0.37969416,Cancelled,Not Cancelled,False,0.62030584
0,1,0.6202108,Not Cancelled,Cancelled,False,0.6202108
1,0,0.379911,Cancelled,Not Cancelled,False,0.620089
0,1,0.6199981,Not Cancelled,Cancelled,False,0.6199981
1,0,0.38010484,Cancelled,Not Cancelled,False,0.61989516
0,1,0.6197558,Not Cancelled,Cancelled,False,0.6197558
0,1,0.61951554,Not Cancelled,Cancelled,False,0.61951554
0,1,0.619145,Not Cancelled,Cancelled,False,0.619145
0,1,0.6191352,Not Cancelled,Cancelled,False,0.6191352
1,0,0.38090682,Cancelled,Not Cancelled,False,0.6190932
1,0,0.38092166,Cancelled,Not Cancelled,False,0.61907834
1,0,0.38093564,Cancelled,Not Cancelled,False,0.61906433
0,1,0.61905754,Not Cancelled,Cancelled,False,0.61905754
1,0,0.38097426,Cancelled,Not Cancelled,False,0.6190257
0,1,0.61902344,Not Cancelled,Cancelled,False,0.61902344
1,0,0.38128054,Cancelled,Not Cancelled,False,0.61871946
0,1,0.6186311,Not Cancelled,Cancelled,False,0.6186311
1,0,0.38153073,Cancelled,Not Cancelled,False,0.61846924
1,0,0.38182506,Cancelled,Not Cancelled,False,0.6181749
0,1,0.61799705,Not Cancelled,Cancelled,False,0.61799705
0,1,0.6179798,Not Cancelled,Cancelled,False,0.6179798
0,1,0.61781883,Not Cancelled,Cancelled,False,0.61781883
0,1,0.61781716,Not Cancelled,Cancelled,False,0.61781716
1,0,0.38220933,Cancelled,Not Cancelled,False,0.6177907
0,1,0.61775047,Not Cancelled,Cancelled,False,0.61775047
0,1,0.6175609,Not Cancelled,Cancelled,False,0.6175609
1,0,0.38260078,Cancelled,Not Cancelled,False,0.6173992
1,0,0.3826108,Cancelled,Not Cancelled,False,0.6173892
1,0,0.38262358,Cancelled,Not Cancelled,False,0.61737645
0,1,0.61733305,Not Cancelled,Cancelled,False,0.61733305
1,0,0.3829169,Cancelled,Not Cancelled,False,0.6170831
1,0,0.38295564,Cancelled,Not Cancelled,False,0.6170443
0,1,0.6169947,Not Cancelled,Cancelled,False,0.6169947
1,0,0.38306132,Cancelled,Not Cancelled,False,0.6169387
1,0,0.38307893,Cancelled,Not Cancelled,False,0.61692107
1,0,0.38318214,Cancelled,Not Cancelled,False,0.61681783
0,1,0.6168098,Not Cancelled,Cancelled,False,0.6168098
1,0,0.38320512,Cancelled,Not Cancelled,False,0.6167949
0,1,0.61668795,Not Cancelled,Cancelled,False,0.61668795
0,1,0.6165861,Not Cancelled,Cancelled,False,0.6165861
1,0,0.38363987,Cancelled,Not Cancelled,False,0.6163601
1,0,0.38389635,Cancelled,Not Cancelled,False,0.61610365
0,1,0.61588496,Not Cancelled,Cancelled,False,0.61588496
1,0,0.3843426,Cancelled,Not Cancelled,False,0.6156574
1,0,0.3844909,Cancelled,Not Cancelled,False,0.6155091
0,1,0.6151675,Not Cancelled,Cancelled,False,0.6151675
0,1,0.61511284,Not Cancelled,Cancelled,False,0.61511284
0,1,0.61491424,Not Cancelled,Cancelled,False,0.61491424
0,1,0.61489534,Not Cancelled,Cancelled,False,0.61489534
0,1,0.61479235,Not Cancelled,Cancelled,False,0.61479235
1,0,0.38527736,Cancelled,Not Cancelled,False,0.6147226
0,1,0.6143692,Not Cancelled,Cancelled,False,0.6143692
1,0,0.38564846,Cancelled,Not Cancelled,False,0.6143515
0,1,0.61418605,Not Cancelled,Cancelled,False,0.61418605
1,0,0.38587874,Cancelled,Not Cancelled,False,0.61412126
1,0,0.38594076,Cancelled,Not Cancelled,False,0.6140592
0,1,0.6140089,Not Cancelled,Cancelled,False,0.6140089
1,0,0.386168,Cancelled,Not Cancelled,False,0.613832
1,0,0.38621834,Cancelled,Not Cancelled,False,0.6137817
0,1,0.6136716,Not Cancelled,Cancelled,False,0.6136716
0,1,0.6136107,Not Cancelled,Cancelled,False,0.6136107
1,0,0.38641968,Cancelled,Not Cancelled,False,0.61358035
0,1,0.61355317,Not Cancelled,Cancelled,False,0.61355317
0,1,0.6135125,Not Cancelled,Cancelled,False,0.6135125
1,0,0.3865205,Cancelled,Not Cancelled,False,0.6134795
1,0,0.3866648,Cancelled,Not Cancelled,False,0.6133352
0,1,0.61325705,Not Cancelled,Cancelled,False,0.61325705
1,0,0.38701218,Cancelled,Not Cancelled,False,0.6129878
1,0,0.38702682,Cancelled,Not Cancelled,False,0.6129732
0,1,0.61277884,Not Cancelled,Cancelled,False,0.61277884
0,1,0.6127316,Not Cancelled,Cancelled,False,0.6127316
0,1,0.6126664,Not Cancelled,Cancelled,False,0.6126664
1,0,0.38750646,Cancelled,Not Cancelled,False,0.6124935
1,0,0.3875995,Cancelled,Not Cancelled,False,0.61240053
0,1,0.61230695,Not Cancelled,Cancelled,False,0.61230695
0,1,0.61224985,Not Cancelled,Cancelled,False,0.61224985
1,0,0.38803166,Cancelled,Not Cancelled,False,0.61196834
1,0,0.3880537,Cancelled,Not Cancelled,False,0.61194634
1,0,0.38815418,Cancelled,Not Cancelled,False,0.61184585
0,1,0.6118361,Not Cancelled,Cancelled,False,0.6118361
1,0,0.38822675,Cancelled,Not Cancelled,False,0.61177325
1,0,0.38842508,Cancelled,Not Cancelled,False,0.6115749
0,1,0.61146057,Not Cancelled,Cancelled,False,0.61146057
1,0,0.388583,Cancelled,Not Cancelled,False,0.611417
0,1,0.6109563,Not Cancelled,Cancelled,False,0.6109563
1,0,0.3890909,Cancelled,Not Cancelled,False,0.6109091
0,1,0.6108434,Not Cancelled,Cancelled,False,0.6108434
0,1,0.61081284,Not Cancelled,Cancelled,False,0.61081284
1,0,0.38935828,Cancelled,Not Cancelled,False,0.6106417
1,0,0.38948786,Cancelled,Not Cancelled,False,0.61051214
1,0,0.3895074,Cancelled,Not Cancelled,False,0.6104926
1,0,0.38964805,Cancelled,Not Cancelled,False,0.6103519
0,1,0.61026084,Not Cancelled,Cancelled,False,0.61026084
0,1,0.6102366,Not Cancelled,Cancelled,False,0.6102366
0,1,0.6100914,Not Cancelled,Cancelled,False,0.6100914
1,0,0.38991487,Cancelled,Not Cancelled,False,0.6100851
1,0,0.39029375,Cancelled,Not Cancelled,False,0.6097063
1,0,0.39034846,Cancelled,Not Cancelled,False,0.60965157
1,0,0.39037025,Cancelled,Not Cancelled,False,0.60962975
1,0,0.39046368,Cancelled,Not Cancelled,False,0.6095363
0,1,0.60936856,Not Cancelled,Cancelled,False,0.60936856
1,0,0.39068505,Cancelled,Not Cancelled,False,0.6093149
1,0,0.3911559,Cancelled,Not Cancelled,False,0.6088441
0,1,0.60883075,Not Cancelled,Cancelled,False,0.60883075
0,1,0.60870045,Not Cancelled,Cancelled,False,0.60870045
0,1,0.60869,Not Cancelled,Cancelled,False,0.60869
0,1,0.60863763,Not Cancelled,Cancelled,False,0.60863763
0,1,0.6080216,Not Cancelled,Cancelled,False,0.6080216
0,1,0.60796285,Not Cancelled,Cancelled,False,0.60796285
1,0,0.39241582,Cancelled,Not Cancelled,False,0.6075842
1,0,0.3925469,Cancelled,Not Cancelled,False,0.6074531
1,0,0.392707,Cancelled,Not Cancelled,False,0.607293
0,1,0.60719,Not Cancelled,Cancelled,False,0.60719
1,0,0.3932936,Cancelled,Not Cancelled,False,0.6067064
1,0,0.39339194,Cancelled,Not Cancelled,False,0.60660803
1,0,0.39339194,Cancelled,Not Cancelled,False,0.60660803
0,1,0.60658014,Not Cancelled,Cancelled,False,0.60658014
1,0,0.39352882,Cancelled,Not Cancelled,False,0.6064712
0,1,0.60629535,Not Cancelled,Cancelled,False,0.60629535
1,0,0.39385924,Cancelled,Not Cancelled,False,0.60614073
1,0,0.39418417,Cancelled,Not Cancelled,False,0.6058158
1,0,0.3943169,Cancelled,Not Cancelled,False,0.6056831
0,1,0.60561836,Not Cancelled,Cancelled,False,0.60561836
1,0,0.39441553,Cancelled,Not Cancelled,False,0.6055845
0,1,0.60557836,Not Cancelled,Cancelled,False,0.60557836
1,0,0.39443502,Cancelled,Not Cancelled,False,0.60556495
1,0,0.39452973,Cancelled,Not Cancelled,False,0.6054703
1,0,0.3946662,Cancelled,Not Cancelled,False,0.6053338
0,1,0.60530037,Not Cancelled,Cancelled,False,0.60530037
0,1,0.6052657,Not Cancelled,Cancelled,False,0.6052657
0,1,0.6051618,Not Cancelled,Cancelled,False,0.6051618
1,0,0.394887,Cancelled,Not Cancelled,False,0.605113
1,0,0.3950237,Cancelled,Not Cancelled,False,0.6049763
1,0,0.39522937,Cancelled,Not Cancelled,False,0.60477066
1,0,0.39532956,Cancelled,Not Cancelled,False,0.6046704
0,1,0.60464215,Not Cancelled,Cancelled,False,0.60464215
0,1,0.6044239,Not Cancelled,Cancelled,False,0.6044239
1,0,0.39566877,Cancelled,Not Cancelled,False,0.60433125
0,1,0.60400015,Not Cancelled,Cancelled,False,0.60400015
0,1,0.6039186,Not Cancelled,Cancelled,False,0.6039186
1,0,0.39608535,Cancelled,Not Cancelled,False,0.6039146
0,1,0.6038592,Not Cancelled,Cancelled,False,0.6038592
0,1,0.60378945,Not Cancelled,Cancelled,False,0.60378945
0,1,0.60343814,Not Cancelled,Cancelled,False,0.60343814
0,1,0.6034088,Not Cancelled,Cancelled,False,0.6034088
0,1,0.6032826,Not Cancelled,Cancelled,False,0.6032826
1,0,0.39677814,Cancelled,Not Cancelled,False,0.6032219
1,0,0.39678103,Cancelled,Not Cancelled,False,0.603219
0,1,0.60315055,Not Cancelled,Cancelled,False,0.60315055
1,0,0.39711657,Cancelled,Not Cancelled,False,0.60288346
1,0,0.3973613,Cancelled,Not Cancelled,False,0.6026387
1,0,0.39736602,Cancelled,Not Cancelled,False,0.60263395
0,1,0.60250765,Not Cancelled,Cancelled,False,0.60250765
0,1,0.60242164,Not Cancelled,Cancelled,False,0.60242164
0,1,0.6023747,Not Cancelled,Cancelled,False,0.6023747
0,1,0.6023346,Not Cancelled,Cancelled,False,0.6023346
0,1,0.6022864,Not Cancelled,Cancelled,False,0.6022864
0,1,0.6021677,Not Cancelled,Cancelled,False,0.6021677
1,0,0.39812875,Cancelled,Not Cancelled,False,0.60187125
0,1,0.6015052,Not Cancelled,Cancelled,False,0.6015052
1,0,0.39849907,Cancelled,Not Cancelled,False,0.6015009
1,0,0.3985826,Cancelled,Not Cancelled,False,0.6014174
1,0,0.3987166,Cancelled,Not Cancelled,False,0.60128343
1,0,0.39890707,Cancelled,Not Cancelled,False,0.60109293
1,0,0.39894134,Cancelled,Not Cancelled,False,0.60105866
1,0,0.3989649,Cancelled,Not Cancelled,False,0.6010351
1,0,0.3989934,Cancelled,Not Cancelled,False,0.6010066
1,0,0.3992801,Cancelled,Not Cancelled,False,0.6007199
1,0,0.39933178,Cancelled,Not Cancelled,False,0.6006682
1,0,0.39938676,Cancelled,Not Cancelled,False,0.60061324
0,1,0.600412,Not Cancelled,Cancelled,False,0.600412
0,1,0.6003019,Not Cancelled,Cancelled,False,0.6003019
0,1,0.60019463,Not Cancelled,Cancelled,False,0.60019463
1,0,0.39996192,Cancelled,Not Cancelled,False,0.60003805
1,0,0.39999038,Cancelled,Not Cancelled,False,0.6000096
1,0,0.40001962,Cancelled,Not Cancelled,False,0.59998035
1,0,0.40003037,Cancelled,Not Cancelled,False,0.5999696
0,1,0.59984237,Not Cancelled,Cancelled,False,0.59984237
1,0,0.40018395,Cancelled,Not Cancelled,False,0.5998161
1,0,0.40023935,Cancelled,Not Cancelled,False,0.59976065
1,0,0.40059108,Cancelled,Not Cancelled,False,0.5994089
0,1,0.5993428,Not Cancelled,Cancelled,False,0.5993428
1,0,0.4006821,Cancelled,Not Cancelled,False,0.5993179
1,0,0.40074304,Cancelled,Not Cancelled,False,0.599257
1,0,0.40078208,Cancelled,Not Cancelled,False,0.5992179
0,1,0.59918374,Not Cancelled,Cancelled,False,0.59918374
1,0,0.40082613,Cancelled,Not Cancelled,False,0.5991739
1,0,0.4008821,Cancelled,Not Cancelled,False,0.5991179
1,0,0.40116653,Cancelled,Not Cancelled,False,0.59883344
0,1,0.5988253,Not Cancelled,Cancelled,False,0.5988253
1,0,0.4014145,Cancelled,Not Cancelled,False,0.5985855
0,1,0.5985495,Not Cancelled,Cancelled,False,0.5985495
0,1,0.5985222,Not Cancelled,Cancelled,False,0.5985222
1,0,0.4015524,Cancelled,Not Cancelled,False,0.59844756
0,1,0.5984164,Not Cancelled,Cancelled,False,0.5984164
0,1,0.5982814,Not Cancelled,Cancelled,False,0.5982814
0,1,0.5982256,Not Cancelled,Cancelled,False,0.5982256
1,0,0.4018302,Cancelled,Not Cancelled,False,0.5981698
0,1,0.59809434,Not Cancelled,Cancelled,False,0.59809434
1,0,0.40201926,Cancelled,Not Cancelled,False,0.59798074
1,0,0.40216786,Cancelled,Not Cancelled,False,0.59783214
1,0,0.40224835,Cancelled,Not Cancelled,False,0.5977516
0,1,0.5976018,Not Cancelled,Cancelled,False,0.5976018
0,1,0.59756166,Not Cancelled,Cancelled,False,0.59756166
1,0,0.4027354,Cancelled,Not Cancelled,False,0.5972646
1,0,0.4028178,Cancelled,Not Cancelled,False,0.5971822
1,0,0.403055,Cancelled,Not Cancelled,False,0.596945
0,1,0.5969428,Not Cancelled,Cancelled,False,0.5969428
1,0,0.4031348,Cancelled,Not Cancelled,False,0.5968652
1,0,0.40321013,Cancelled,Not Cancelled,False,0.59678984
0,1,0.5967508,Not Cancelled,Cancelled,False,0.5967508
0,1,0.59628433,Not Cancelled,Cancelled,False,0.59628433
0,1,0.59622824,Not Cancelled,Cancelled,False,0.59622824
0,1,0.59612805,Not Cancelled,Cancelled,False,0.59612805
1,0,0.4039321,Cancelled,Not Cancelled,False,0.5960679
0,1,0.59589946,Not Cancelled,Cancelled,False,0.59589946
1,0,0.4041256,Cancelled,Not Cancelled,False,0.5958744
0,1,0.5957948,Not Cancelled,Cancelled,False,0.5957948
1,0,0.40428528,Cancelled,Not Cancelled,False,0.5957147
0,1,0.5955324,Not Cancelled,Cancelled,False,0.5955324
1,0,0.4045183,Cancelled,Not Cancelled,False,0.5954817
0,1,0.59533906,Not Cancelled,Cancelled,False,0.59533906
0,1,0.59533894,Not Cancelled,Cancelled,False,0.59533894
0,1,0.5952536,Not Cancelled,Cancelled,False,0.5952536
0,1,0.5951789,Not Cancelled,Cancelled,False,0.5951789
1,0,0.40482503,Cancelled,Not Cancelled,False,0.59517497
1,0,0.404891,Cancelled,Not Cancelled,False,0.595109
1,0,0.40500158,Cancelled,Not Cancelled,False,0.5949984
0,1,0.59499437,Not Cancelled,Cancelled,False,0.59499437
1,0,0.40502518,Cancelled,Not Cancelled,False,0.5949748
0,1,0.594973,Not Cancelled,Cancelled,False,0.594973
1,0,0.40511388,Cancelled,Not Cancelled,False,0.5948861
0,1,0.5946734,Not Cancelled,Cancelled,False,0.5946734
1,0,0.40541387,Cancelled,Not Cancelled,False,0.59458613
1,0,0.40543225,Cancelled,Not Cancelled,False,0.5945678
0,1,0.5942855,Not Cancelled,Cancelled,False,0.5942855
1,0,0.40579408,Cancelled,Not Cancelled,False,0.5942059
1,0,0.40594098,Cancelled,Not Cancelled,False,0.594059
0,1,0.5939927,Not Cancelled,Cancelled,False,0.5939927
1,0,0.40611684,Cancelled,Not Cancelled,False,0.59388316
0,1,0.5938824,Not Cancelled,Cancelled,False,0.5938824
1,0,0.40620792,Cancelled,Not Cancelled,False,0.5937921
1,0,0.40627372,Cancelled,Not Cancelled,False,0.5937263
1,0,0.40647534,Cancelled,Not Cancelled,False,0.5935247
1,0,0.4065481,Cancelled,Not Cancelled,False,0.59345186
1,0,0.406582,Cancelled,Not Cancelled,False,0.593418
0,1,0.5933974,Not Cancelled,Cancelled,False,0.5933974
0,1,0.5932847,Not Cancelled,Cancelled,False,0.5932847
1,0,0.40682513,Cancelled,Not Cancelled,False,0.5931749
1,0,0.40694547,Cancelled,Not Cancelled,False,0.59305453
1,0,0.40731046,Cancelled,Not Cancelled,False,0.5926895
1,0,0.40732503,Cancelled,Not Cancelled,False,0.592675
1,0,0.40733206,Cancelled,Not Cancelled,False,0.59266794
0,1,0.59253913,Not Cancelled,Cancelled,False,0.59253913
0,1,0.5922473,Not Cancelled,Cancelled,False,0.5922473
1,0,0.4077785,Cancelled,Not Cancelled,False,0.5922215
0,1,0.592199,Not Cancelled,Cancelled,False,0.592199
1,0,0.40787014,Cancelled,Not Cancelled,False,0.5921298
0,1,0.59206873,Not Cancelled,Cancelled,False,0.59206873
1,0,0.4079549,Cancelled,Not Cancelled,False,0.59204507
1,0,0.4081901,Cancelled,Not Cancelled,False,0.59180987
1,0,0.40833893,Cancelled,Not Cancelled,False,0.5916611
1,0,0.408346,Cancelled,Not Cancelled,False,0.591654
0,1,0.5915951,Not Cancelled,Cancelled,False,0.5915951
1,0,0.40843597,Cancelled,Not Cancelled,False,0.59156406
1,0,0.40855753,Cancelled,Not Cancelled,False,0.59144247
0,1,0.59134156,Not Cancelled,Cancelled,False,0.59134156
1,0,0.408763,Cancelled,Not Cancelled,False,0.591237
0,1,0.59083056,Not Cancelled,Cancelled,False,0.59083056
0,1,0.59070647,Not Cancelled,Cancelled,False,0.59070647
0,1,0.5904448,Not Cancelled,Cancelled,False,0.5904448
1,0,0.4096355,Cancelled,Not Cancelled,False,0.59036446
1,0,0.40965042,Cancelled,Not Cancelled,False,0.59034956
1,0,0.4101152,Cancelled,Not Cancelled,False,0.58988476
1,0,0.41017753,Cancelled,Not Cancelled,False,0.5898225
1,0,0.41032913,Cancelled,Not Cancelled,False,0.5896709
1,0,0.4105604,Cancelled,Not Cancelled,False,0.58943963
1,0,0.4105837,Cancelled,Not Cancelled,False,0.58941627
1,0,0.41076797,Cancelled,Not Cancelled,False,0.589232
1,0,0.4108395,Cancelled,Not Cancelled,False,0.5891605
0,1,0.58895427,Not Cancelled,Cancelled,False,0.58895427
0,1,0.5889275,Not Cancelled,Cancelled,False,0.5889275
0,1,0.58884203,Not Cancelled,Cancelled,False,0.58884203
0,1,0.58852947,Not Cancelled,Cancelled,False,0.58852947
0,1,0.5884569,Not Cancelled,Cancelled,False,0.5884569
0,1,0.5884482,Not Cancelled,Cancelled,False,0.5884482
0,1,0.58814794,Not Cancelled,Cancelled,False,0.58814794
1,0,0.4118553,Cancelled,Not Cancelled,False,0.58814466
0,1,0.5877451,Not Cancelled,Cancelled,False,0.5877451
1,0,0.41232213,Cancelled,Not Cancelled,False,0.58767784
0,1,0.5875791,Not Cancelled,Cancelled,False,0.5875791
0,1,0.5873442,Not Cancelled,Cancelled,False,0.5873442
1,0,0.41286346,Cancelled,Not Cancelled,False,0.5871365
0,1,0.5869866,Not Cancelled,Cancelled,False,0.5869866
1,0,0.41304043,Cancelled,Not Cancelled,False,0.5869596
0,1,0.586862,Not Cancelled,Cancelled,False,0.586862
0,1,0.58668315,Not Cancelled,Cancelled,False,0.58668315
1,0,0.4134687,Cancelled,Not Cancelled,False,0.5865313
0,1,0.58640736,Not Cancelled,Cancelled,False,0.58640736
1,0,0.4137152,Cancelled,Not Cancelled,False,0.58628476
1,0,0.4137172,Cancelled,Not Cancelled,False,0.5862828
1,0,0.41374308,Cancelled,Not Cancelled,False,0.5862569
0,1,0.5861159,Not Cancelled,Cancelled,False,0.5861159
0,1,0.5860727,Not Cancelled,Cancelled,False,0.5860727
1,0,0.4142209,Cancelled,Not Cancelled,False,0.5857791
0,1,0.58573973,Not Cancelled,Cancelled,False,0.58573973
0,1,0.5857171,Not Cancelled,Cancelled,False,0.5857171
1,0,0.41437197,Cancelled,Not Cancelled,False,0.58562803
1,0,0.41450074,Cancelled,Not Cancelled,False,0.5854993
1,0,0.41467252,Cancelled,Not Cancelled,False,0.5853275
1,0,0.41470745,Cancelled,Not Cancelled,False,0.5852926
0,1,0.5846675,Not Cancelled,Cancelled,False,0.5846675
1,0,0.41539043,Cancelled,Not Cancelled,False,0.58460957
0,1,0.58460283,Not Cancelled,Cancelled,False,0.58460283
1,0,0.4154795,Cancelled,Not Cancelled,False,0.58452046
1,0,0.41572165,Cancelled,Not Cancelled,False,0.58427835
0,1,0.58426017,Not Cancelled,Cancelled,False,0.58426017
0,1,0.58424014,Not Cancelled,Cancelled,False,0.58424014
1,0,0.41598842,Cancelled,Not Cancelled,False,0.58401155
1,0,0.4162964,Cancelled,Not Cancelled,False,0.58370364
0,1,0.58346975,Not Cancelled,Cancelled,False,0.58346975
1,0,0.41655833,Cancelled,Not Cancelled,False,0.5834417
0,1,0.58326477,Not Cancelled,Cancelled,False,0.58326477
1,0,0.41703475,Cancelled,Not Cancelled,False,0.58296525
1,0,0.4171276,Cancelled,Not Cancelled,False,0.5828724
1,0,0.41722852,Cancelled,Not Cancelled,False,0.5827715
0,1,0.582461,Not Cancelled,Cancelled,False,0.582461
1,0,0.4175566,Cancelled,Not Cancelled,False,0.58244336
1,0,0.41762742,Cancelled,Not Cancelled,False,0.58237255
0,1,0.5823698,Not Cancelled,Cancelled,False,0.5823698
0,1,0.58224297,Not Cancelled,Cancelled,False,0.58224297
1,0,0.41779935,Cancelled,Not Cancelled,False,0.58220065
1,0,0.41783527,Cancelled,Not Cancelled,False,0.58216476
1,0,0.41800624,Cancelled,Not Cancelled,False,0.58199376
0,1,0.58189666,Not Cancelled,Cancelled,False,0.58189666
1,0,0.41810617,Cancelled,Not Cancelled,False,0.5818938
1,0,0.41831458,Cancelled,Not Cancelled,False,0.5816854
1,0,0.4184408,Cancelled,Not Cancelled,False,0.5815592
0,1,0.5815079,Not Cancelled,Cancelled,False,0.5815079
0,1,0.58134973,Not Cancelled,Cancelled,False,0.58134973
1,0,0.41870812,Cancelled,Not Cancelled,False,0.5812919
0,1,0.5809439,Not Cancelled,Cancelled,False,0.5809439
0,1,0.58088934,Not Cancelled,Cancelled,False,0.58088934
0,1,0.58077717,Not Cancelled,Cancelled,False,0.58077717
0,1,0.58050734,Not Cancelled,Cancelled,False,0.58050734
1,0,0.41973528,Cancelled,Not Cancelled,False,0.5802647
1,0,0.41990128,Cancelled,Not Cancelled,False,0.58009875
0,1,0.5800199,Not Cancelled,Cancelled,False,0.5800199
0,1,0.5796665,Not Cancelled,Cancelled,False,0.5796665
1,0,0.4203737,Cancelled,Not Cancelled,False,0.5796263
0,1,0.579486,Not Cancelled,Cancelled,False,0.579486
0,1,0.57947063,Not Cancelled,Cancelled,False,0.57947063
1,0,0.42055446,Cancelled,Not Cancelled,False,0.57944554
1,0,0.4206022,Cancelled,Not Cancelled,False,0.5793978
0,1,0.5792267,Not Cancelled,Cancelled,False,0.5792267
1,0,0.42081496,Cancelled,Not Cancelled,False,0.579185
0,1,0.5790426,Not Cancelled,Cancelled,False,0.5790426
0,1,0.5790343,Not Cancelled,Cancelled,False,0.5790343
0,1,0.57900536,Not Cancelled,Cancelled,False,0.57900536
0,1,0.57894415,Not Cancelled,Cancelled,False,0.57894415
0,1,0.57885164,Not Cancelled,Cancelled,False,0.57885164
1,0,0.42123827,Cancelled,Not Cancelled,False,0.5787617
1,0,0.42131698,Cancelled,Not Cancelled,False,0.578683
1,0,0.42137128,Cancelled,Not Cancelled,False,0.5786287
0,1,0.5781252,Not Cancelled,Cancelled,False,0.5781252
1,0,0.4218957,Cancelled,Not Cancelled,False,0.57810426
1,0,0.42196357,Cancelled,Not Cancelled,False,0.5780364
0,1,0.5779679,Not Cancelled,Cancelled,False,0.5779679
1,0,0.42229614,Cancelled,Not Cancelled,False,0.57770383
1,0,0.42238307,Cancelled,Not Cancelled,False,0.57761693
0,1,0.57758397,Not Cancelled,Cancelled,False,0.57758397
0,1,0.57758313,Not Cancelled,Cancelled,False,0.57758313
0,1,0.5775223,Not Cancelled,Cancelled,False,0.5775223
1,0,0.42261156,Cancelled,Not Cancelled,False,0.5773884
0,1,0.5773282,Not Cancelled,Cancelled,False,0.5773282
0,1,0.5772602,Not Cancelled,Cancelled,False,0.5772602
0,1,0.5772568,Not Cancelled,Cancelled,False,0.5772568
0,1,0.5770003,Not Cancelled,Cancelled,False,0.5770003
0,1,0.57684577,Not Cancelled,Cancelled,False,0.57684577
1,0,0.42317995,Cancelled,Not Cancelled,False,0.57682
0,1,0.5765535,Not Cancelled,Cancelled,False,0.5765535
0,1,0.5765453,Not Cancelled,Cancelled,False,0.5765453
1,0,0.42360675,Cancelled,Not Cancelled,False,0.57639325
1,0,0.4236668,Cancelled,Not Cancelled,False,0.57633317
0,1,0.5762052,Not Cancelled,Cancelled,False,0.5762052
0,1,0.5761467,Not Cancelled,Cancelled,False,0.5761467
1,0,0.42401433,Cancelled,Not Cancelled,False,0.57598567
0,1,0.5758276,Not Cancelled,Cancelled,False,0.5758276
0,1,0.5756134,Not Cancelled,Cancelled,False,0.5756134
0,1,0.57543796,Not Cancelled,Cancelled,False,0.57543796
0,1,0.5753781,Not Cancelled,Cancelled,False,0.5753781
1,0,0.42495024,Cancelled,Not Cancelled,False,0.57504976
0,1,0.57498217,Not Cancelled,Cancelled,False,0.57498217
1,0,0.42516544,Cancelled,Not Cancelled,False,0.5748346
0,1,0.5748103,Not Cancelled,Cancelled,False,0.5748103
1,0,0.4253618,Cancelled,Not Cancelled,False,0.5746382
1,0,0.42549974,Cancelled,Not Cancelled,False,0.57450026
1,0,0.4264273,Cancelled,Not Cancelled,False,0.5735727
1,0,0.42643425,Cancelled,Not Cancelled,False,0.5735657
1,0,0.42655838,Cancelled,Not Cancelled,False,0.5734416
1,0,0.42669877,Cancelled,Not Cancelled,False,0.5733012
0,1,0.57319194,Not Cancelled,Cancelled,False,0.57319194
1,0,0.42698574,Cancelled,Not Cancelled,False,0.57301426
1,0,0.42738497,Cancelled,Not Cancelled,False,0.572615
0,1,0.572589,Not Cancelled,Cancelled,False,0.572589
0,1,0.5725033,Not Cancelled,Cancelled,False,0.5725033
1,0,0.42771083,Cancelled,Not Cancelled,False,0.57228917
0,1,0.5722866,Not Cancelled,Cancelled,False,0.5722866
0,1,0.5719805,Not Cancelled,Cancelled,False,0.5719805
0,1,0.571852,Not Cancelled,Cancelled,False,0.571852
0,1,0.5717472,Not Cancelled,Cancelled,False,0.5717472
0,1,0.5717449,Not Cancelled,Cancelled,False,0.5717449
0,1,0.57172775,Not Cancelled,Cancelled,False,0.57172775
0,1,0.57171565,Not Cancelled,Cancelled,False,0.57171565
0,1,0.5713984,Not Cancelled,Cancelled,False,0.5713984
1,0,0.42863894,Cancelled,Not Cancelled,False,0.57136106
1,0,0.42865628,Cancelled,Not Cancelled,False,0.5713437
1,0,0.4289092,Cancelled,Not Cancelled,False,0.5710908
1,0,0.42892992,Cancelled,Not Cancelled,False,0.5710701
1,0,0.42898643,Cancelled,Not Cancelled,False,0.57101357
1,0,0.42898992,Cancelled,Not Cancelled,False,0.5710101
0,1,0.57094127,Not Cancelled,Cancelled,False,0.57094127
1,0,0.42938924,Cancelled,Not Cancelled,False,0.57061076
1,0,0.4294171,Cancelled,Not Cancelled,False,0.57058287
1,0,0.42948252,Cancelled,Not Cancelled,False,0.5705175
0,1,0.5703781,Not Cancelled,Cancelled,False,0.5703781
0,1,0.570271,Not Cancelled,Cancelled,False,0.570271
0,1,0.57016194,Not Cancelled,Cancelled,False,0.57016194
1,0,0.42993852,Cancelled,Not Cancelled,False,0.57006145
1,0,0.43020445,Cancelled,Not Cancelled,False,0.56979555
1,0,0.43048513,Cancelled,Not Cancelled,False,0.5695149
1,0,0.43056622,Cancelled,Not Cancelled,False,0.5694338
1,0,0.43064314,Cancelled,Not Cancelled,False,0.56935686
0,1,0.56929356,Not Cancelled,Cancelled,False,0.56929356
1,0,0.4308207,Cancelled,Not Cancelled,False,0.5691793
0,1,0.5691726,Not Cancelled,Cancelled,False,0.5691726
1,0,0.4308657,Cancelled,Not Cancelled,False,0.5691343
1,0,0.4308707,Cancelled,Not Cancelled,False,0.5691293
1,0,0.43096945,Cancelled,Not Cancelled,False,0.5690305
0,1,0.5690217,Not Cancelled,Cancelled,False,0.5690217
1,0,0.43099356,Cancelled,Not Cancelled,False,0.56900644
1,0,0.4311966,Cancelled,Not Cancelled,False,0.5688034
1,0,0.43120116,Cancelled,Not Cancelled,False,0.56879884
0,1,0.5683533,Not Cancelled,Cancelled,False,0.5683533
0,1,0.5681844,Not Cancelled,Cancelled,False,0.5681844
1,0,0.43183264,Cancelled,Not Cancelled,False,0.5681673
0,1,0.5680358,Not Cancelled,Cancelled,False,0.5680358
1,0,0.43198484,Cancelled,Not Cancelled,False,0.56801516
0,1,0.5680109,Not Cancelled,Cancelled,False,0.5680109
1,0,0.43201447,Cancelled,Not Cancelled,False,0.56798553
1,0,0.4320916,Cancelled,Not Cancelled,False,0.5679084
1,0,0.43209305,Cancelled,Not Cancelled,False,0.567907
0,1,0.56783897,Not Cancelled,Cancelled,False,0.56783897
0,1,0.5678296,Not Cancelled,Cancelled,False,0.5678296
1,0,0.43234792,Cancelled,Not Cancelled,False,0.5676521
1,0,0.43246195,Cancelled,Not Cancelled,False,0.567538
0,1,0.56746966,Not Cancelled,Cancelled,False,0.56746966
0,1,0.5670427,Not Cancelled,Cancelled,False,0.5670427
1,0,0.43304545,Cancelled,Not Cancelled,False,0.56695455
0,1,0.5669266,Not Cancelled,Cancelled,False,0.5669266
0,1,0.5669042,Not Cancelled,Cancelled,False,0.5669042
0,1,0.5668498,Not Cancelled,Cancelled,False,0.5668498
0,1,0.56683016,Not Cancelled,Cancelled,False,0.56683016
1,0,0.4333899,Cancelled,Not Cancelled,False,0.5666101
0,1,0.56654215,Not Cancelled,Cancelled,False,0.56654215
1,0,0.43353117,Cancelled,Not Cancelled,False,0.56646883
1,0,0.4336185,Cancelled,Not Cancelled,False,0.5663815
0,1,0.5663458,Not Cancelled,Cancelled,False,0.5663458
0,1,0.56627196,Not Cancelled,Cancelled,False,0.56627196
1,0,0.43392792,Cancelled,Not Cancelled,False,0.5660721
1,0,0.4340585,Cancelled,Not Cancelled,False,0.5659415
1,0,0.4340801,Cancelled,Not Cancelled,False,0.5659199
1,0,0.4340842,Cancelled,Not Cancelled,False,0.5659158
0,1,0.5659016,Not Cancelled,Cancelled,False,0.5659016
1,0,0.43419465,Cancelled,Not Cancelled,False,0.5658053
0,1,0.56572986,Not Cancelled,Cancelled,False,0.56572986
0,1,0.56545234,Not Cancelled,Cancelled,False,0.56545234
1,0,0.43473652,Cancelled,Not Cancelled,False,0.5652635
0,1,0.5650589,Not Cancelled,Cancelled,False,0.5650589
1,0,0.43504238,Cancelled,Not Cancelled,False,0.5649576
0,1,0.5649206,Not Cancelled,Cancelled,False,0.5649206
1,0,0.43523934,Cancelled,Not Cancelled,False,0.5647607
0,1,0.5647166,Not Cancelled,Cancelled,False,0.5647166
1,0,0.43542016,Cancelled,Not Cancelled,False,0.56457984
1,0,0.43546897,Cancelled,Not Cancelled,False,0.564531
0,1,0.5644976,Not Cancelled,Cancelled,False,0.5644976
0,1,0.5644968,Not Cancelled,Cancelled,False,0.5644968
0,1,0.5643554,Not Cancelled,Cancelled,False,0.5643554
0,1,0.564291,Not Cancelled,Cancelled,False,0.564291
0,1,0.5642508,Not Cancelled,Cancelled,False,0.5642508
0,1,0.56423634,Not Cancelled,Cancelled,False,0.56423634
0,1,0.5639033,Not Cancelled,Cancelled,False,0.5639033
1,0,0.4361936,Cancelled,Not Cancelled,False,0.5638064
1,0,0.4362359,Cancelled,Not Cancelled,False,0.5637641
1,0,0.43629566,Cancelled,Not Cancelled,False,0.5637044
1,0,0.43669632,Cancelled,Not Cancelled,False,0.5633037
1,0,0.43678337,Cancelled,Not Cancelled,False,0.5632166
1,0,0.43697885,Cancelled,Not Cancelled,False,0.5630212
1,0,0.4370405,Cancelled,Not Cancelled,False,0.5629595
0,1,0.5629091,Not Cancelled,Cancelled,False,0.5629091
0,1,0.5627732,Not Cancelled,Cancelled,False,0.5627732
1,0,0.43727598,Cancelled,Not Cancelled,False,0.562724
0,1,0.5627075,Not Cancelled,Cancelled,False,0.5627075
0,1,0.56263596,Not Cancelled,Cancelled,False,0.56263596
1,0,0.4373686,Cancelled,Not Cancelled,False,0.56263137
0,1,0.5626153,Not Cancelled,Cancelled,False,0.5626153
1,0,0.43739313,Cancelled,Not Cancelled,False,0.5626069
1,0,0.4374239,Cancelled,Not Cancelled,False,0.56257606
0,1,0.56253994,Not Cancelled,Cancelled,False,0.56253994
0,1,0.5623942,Not Cancelled,Cancelled,False,0.5623942
1,0,0.4377676,Cancelled,Not Cancelled,False,0.5622324
1,0,0.43779364,Cancelled,Not Cancelled,False,0.5622064
1,0,0.4378779,Cancelled,Not Cancelled,False,0.5621221
1,0,0.43791085,Cancelled,Not Cancelled,False,0.56208915
1,0,0.43805006,Cancelled,Not Cancelled,False,0.56194997
1,0,0.43809307,Cancelled,Not Cancelled,False,0.56190693
0,1,0.5618518,Not Cancelled,Cancelled,False,0.5618518
0,1,0.561663,Not Cancelled,Cancelled,False,0.561663
1,0,0.43858692,Cancelled,Not Cancelled,False,0.56141305
1,0,0.43861666,Cancelled,Not Cancelled,False,0.56138337
0,1,0.5612374,Not Cancelled,Cancelled,False,0.5612374
1,0,0.43891782,Cancelled,Not Cancelled,False,0.5610822
1,0,0.4389291,Cancelled,Not Cancelled,False,0.5610709
0,1,0.5610327,Not Cancelled,Cancelled,False,0.5610327
0,1,0.5606846,Not Cancelled,Cancelled,False,0.5606846
0,1,0.5605921,Not Cancelled,Cancelled,False,0.5605921
1,0,0.43945104,Cancelled,Not Cancelled,False,0.56054896
0,1,0.5605053,Not Cancelled,Cancelled,False,0.5605053
1,0,0.43961248,Cancelled,Not Cancelled,False,0.5603875
0,1,0.56012034,Not Cancelled,Cancelled,False,0.56012034
1,0,0.44013232,Cancelled,Not Cancelled,False,0.5598677
0,1,0.5598183,Not Cancelled,Cancelled,False,0.5598183
0,1,0.55968916,Not Cancelled,Cancelled,False,0.55968916
0,1,0.5595475,Not Cancelled,Cancelled,False,0.5595475
1,0,0.4407699,Cancelled,Not Cancelled,False,0.5592301
0,1,0.55922365,Not Cancelled,Cancelled,False,0.55922365
0,1,0.5592123,Not Cancelled,Cancelled,False,0.5592123
0,1,0.55905473,Not Cancelled,Cancelled,False,0.55905473
0,1,0.5586869,Not Cancelled,Cancelled,False,0.5586869
0,1,0.5586406,Not Cancelled,Cancelled,False,0.5586406
0,1,0.5586133,Not Cancelled,Cancelled,False,0.5586133
1,0,0.44142497,Cancelled,Not Cancelled,False,0.55857503
0,1,0.5585669,Not Cancelled,Cancelled,False,0.5585669
1,0,0.44161046,Cancelled,Not Cancelled,False,0.55838954
1,0,0.44175547,Cancelled,Not Cancelled,False,0.5582445
0,1,0.55797035,Not Cancelled,Cancelled,False,0.55797035
0,1,0.55795467,Not Cancelled,Cancelled,False,0.55795467
0,1,0.55792916,Not Cancelled,Cancelled,False,0.55792916
1,0,0.44240558,Cancelled,Not Cancelled,False,0.5575944
1,0,0.44267976,Cancelled,Not Cancelled,False,0.55732024
0,1,0.5572724,Not Cancelled,Cancelled,False,0.5572724
0,1,0.5568771,Not Cancelled,Cancelled,False,0.5568771
0,1,0.55686164,Not Cancelled,Cancelled,False,0.55686164
0,1,0.5568321,Not Cancelled,Cancelled,False,0.5568321
0,1,0.5567652,Not Cancelled,Cancelled,False,0.5567652
0,1,0.556754,Not Cancelled,Cancelled,False,0.556754
0,1,0.5565985,Not Cancelled,Cancelled,False,0.5565985
1,0,0.4436688,Cancelled,Not Cancelled,False,0.55633116
1,0,0.4436893,Cancelled,Not Cancelled,False,0.5563107
1,0,0.44424617,Cancelled,Not Cancelled,False,0.5557538
1,0,0.4442992,Cancelled,Not Cancelled,False,0.5557008
0,1,0.55546683,Not Cancelled,Cancelled,False,0.55546683
1,0,0.4446231,Cancelled,Not Cancelled,False,0.5553769
0,1,0.5553316,Not Cancelled,Cancelled,False,0.5553316
0,1,0.55526286,Not Cancelled,Cancelled,False,0.55526286
0,1,0.5552187,Not Cancelled,Cancelled,False,0.5552187
1,0,0.44478416,Cancelled,Not Cancelled,False,0.55521584
1,0,0.4448221,Cancelled,Not Cancelled,False,0.5551779
1,0,0.44497433,Cancelled,Not Cancelled,False,0.5550257
1,0,0.44499114,Cancelled,Not Cancelled,False,0.5550089
1,0,0.44512442,Cancelled,Not Cancelled,False,0.5548756
0,1,0.55456996,Not Cancelled,Cancelled,False,0.55456996
1,0,0.4455048,Cancelled,Not Cancelled,False,0.5544952
0,1,0.55407125,Not Cancelled,Cancelled,False,0.55407125
0,1,0.55398387,Not Cancelled,Cancelled,False,0.55398387
1,0,0.44606784,Cancelled,Not Cancelled,False,0.5539322
1,0,0.4461084,Cancelled,Not Cancelled,False,0.5538916
1,0,0.44634578,Cancelled,Not Cancelled,False,0.5536542
1,0,0.44647524,Cancelled,Not Cancelled,False,0.55352473
0,1,0.55345947,Not Cancelled,Cancelled,False,0.55345947
0,1,0.55320936,Not Cancelled,Cancelled,False,0.55320936
0,1,0.5531055,Not Cancelled,Cancelled,False,0.5531055
0,1,0.553015,Not Cancelled,Cancelled,False,0.553015
1,0,0.4469865,Cancelled,Not Cancelled,False,0.5530135
0,1,0.55300164,Not Cancelled,Cancelled,False,0.55300164
0,1,0.552823,Not Cancelled,Cancelled,False,0.552823
0,1,0.55269676,Not Cancelled,Cancelled,False,0.55269676
0,1,0.5526831,Not Cancelled,Cancelled,False,0.5526831
1,0,0.44753087,Cancelled,Not Cancelled,False,0.55246913
0,1,0.5524329,Not Cancelled,Cancelled,False,0.5524329
1,0,0.447794,Cancelled,Not Cancelled,False,0.55220604
0,1,0.55215263,Not Cancelled,Cancelled,False,0.55215263
1,0,0.44808474,Cancelled,Not Cancelled,False,0.5519153
1,0,0.44810566,Cancelled,Not Cancelled,False,0.5518943
0,1,0.55189157,Not Cancelled,Cancelled,False,0.55189157
1,0,0.4482649,Cancelled,Not Cancelled,False,0.5517351
0,1,0.55164593,Not Cancelled,Cancelled,False,0.55164593
0,1,0.5515779,Not Cancelled,Cancelled,False,0.5515779
1,0,0.4484445,Cancelled,Not Cancelled,False,0.5515555
0,1,0.5515412,Not Cancelled,Cancelled,False,0.5515412
1,0,0.44876108,Cancelled,Not Cancelled,False,0.5512389
0,1,0.55116415,Not Cancelled,Cancelled,False,0.55116415
0,1,0.5511077,Not Cancelled,Cancelled,False,0.5511077
0,1,0.5510232,Not Cancelled,Cancelled,False,0.5510232
0,1,0.5508841,Not Cancelled,Cancelled,False,0.5508841
1,0,0.4491531,Cancelled,Not Cancelled,False,0.55084693
0,1,0.55079246,Not Cancelled,Cancelled,False,0.55079246
0,1,0.5507906,Not Cancelled,Cancelled,False,0.5507906
0,1,0.5507442,Not Cancelled,Cancelled,False,0.5507442
0,1,0.550734,Not Cancelled,Cancelled,False,0.550734
1,0,0.44942716,Cancelled,Not Cancelled,False,0.5505729
0,1,0.5503647,Not Cancelled,Cancelled,False,0.5503647
1,0,0.44988504,Cancelled,Not Cancelled,False,0.550115
0,1,0.5499277,Not Cancelled,Cancelled,False,0.5499277
1,0,0.45009184,Cancelled,Not Cancelled,False,0.54990816
1,0,0.45055553,Cancelled,Not Cancelled,False,0.54944444
0,1,0.5492837,Not Cancelled,Cancelled,False,0.5492837
0,1,0.5491928,Not Cancelled,Cancelled,False,0.5491928
1,0,0.45095912,Cancelled,Not Cancelled,False,0.5490409
1,0,0.45099577,Cancelled,Not Cancelled,False,0.5490042
0,1,0.5487533,Not Cancelled,Cancelled,False,0.5487533
1,0,0.4513928,Cancelled,Not Cancelled,False,0.54860723
1,0,0.45143104,Cancelled,Not Cancelled,False,0.54856896
0,1,0.5482921,Not Cancelled,Cancelled,False,0.5482921
1,0,0.45174605,Cancelled,Not Cancelled,False,0.54825395
1,0,0.45209488,Cancelled,Not Cancelled,False,0.5479051
1,0,0.45279408,Cancelled,Not Cancelled,False,0.5472059
0,1,0.5470227,Not Cancelled,Cancelled,False,0.5470227
1,0,0.45307532,Cancelled,Not Cancelled,False,0.5469247
1,0,0.45315364,Cancelled,Not Cancelled,False,0.5468464
1,0,0.45329523,Cancelled,Not Cancelled,False,0.54670477
0,1,0.5466609,Not Cancelled,Cancelled,False,0.5466609
1,0,0.45335573,Cancelled,Not Cancelled,False,0.5466443
1,0,0.45339426,Cancelled,Not Cancelled,False,0.5466057
1,0,0.45379472,Cancelled,Not Cancelled,False,0.5462053
0,1,0.5461487,Not Cancelled,Cancelled,False,0.5461487
0,1,0.5460707,Not Cancelled,Cancelled,False,0.5460707
1,0,0.45411664,Cancelled,Not Cancelled,False,0.54588336
1,0,0.45425257,Cancelled,Not Cancelled,False,0.5457474
0,1,0.5457214,Not Cancelled,Cancelled,False,0.5457214
1,0,0.45439512,Cancelled,Not Cancelled,False,0.5456049
1,0,0.4545479,Cancelled,Not Cancelled,False,0.5454521
0,1,0.5454474,Not Cancelled,Cancelled,False,0.5454474
1,0,0.45457417,Cancelled,Not Cancelled,False,0.54542583
0,1,0.5454063,Not Cancelled,Cancelled,False,0.5454063
1,0,0.4546057,Cancelled,Not Cancelled,False,0.5453943
1,0,0.4548073,Cancelled,Not Cancelled,False,0.5451927
1,0,0.4550237,Cancelled,Not Cancelled,False,0.5449763
0,1,0.54493517,Not Cancelled,Cancelled,False,0.54493517
1,0,0.45512158,Cancelled,Not Cancelled,False,0.5448784
1,0,0.4559074,Cancelled,Not Cancelled,False,0.5440926
1,0,0.45590782,Cancelled,Not Cancelled,False,0.5440922
0,1,0.54399544,Not Cancelled,Cancelled,False,0.54399544
1,0,0.45613632,Cancelled,Not Cancelled,False,0.54386365
0,1,0.5437836,Not Cancelled,Cancelled,False,0.5437836
0,1,0.5437775,Not Cancelled,Cancelled,False,0.5437775
0,1,0.543564,Not Cancelled,Cancelled,False,0.543564
1,0,0.456537,Cancelled,Not Cancelled,False,0.543463
1,0,0.45657372,Cancelled,Not Cancelled,False,0.5434263
0,1,0.54318815,Not Cancelled,Cancelled,False,0.54318815
0,1,0.54307526,Not Cancelled,Cancelled,False,0.54307526
1,0,0.45697188,Cancelled,Not Cancelled,False,0.5430281
0,1,0.54294944,Not Cancelled,Cancelled,False,0.54294944
1,0,0.45717216,Cancelled,Not Cancelled,False,0.54282784
0,1,0.54263586,Not Cancelled,Cancelled,False,0.54263586
0,1,0.54256004,Not Cancelled,Cancelled,False,0.54256004
1,0,0.457523,Cancelled,Not Cancelled,False,0.542477
0,1,0.54227066,Not Cancelled,Cancelled,False,0.54227066
1,0,0.45781118,Cancelled,Not Cancelled,False,0.5421888
1,0,0.45785215,Cancelled,Not Cancelled,False,0.5421479
1,0,0.45786196,Cancelled,Not Cancelled,False,0.54213804
0,1,0.54209155,Not Cancelled,Cancelled,False,0.54209155
1,0,0.45797256,Cancelled,Not Cancelled,False,0.5420275
1,0,0.4580172,Cancelled,Not Cancelled,False,0.54198277
1,0,0.45823142,Cancelled,Not Cancelled,False,0.54176855
1,0,0.45828363,Cancelled,Not Cancelled,False,0.54171634
1,0,0.45839503,Cancelled,Not Cancelled,False,0.541605
1,0,0.45843107,Cancelled,Not Cancelled,False,0.54156893
1,0,0.4584999,Cancelled,Not Cancelled,False,0.5415001
0,1,0.54145205,Not Cancelled,Cancelled,False,0.54145205
1,0,0.45863128,Cancelled,Not Cancelled,False,0.5413687
1,0,0.45900106,Cancelled,Not Cancelled,False,0.54099894
1,0,0.45943087,Cancelled,Not Cancelled,False,0.5405691
0,1,0.54043436,Not Cancelled,Cancelled,False,0.54043436
1,0,0.45960382,Cancelled,Not Cancelled,False,0.5403962
0,1,0.54035234,Not Cancelled,Cancelled,False,0.54035234
0,1,0.54020274,Not Cancelled,Cancelled,False,0.54020274
0,1,0.54017514,Not Cancelled,Cancelled,False,0.54017514
0,1,0.5401614,Not Cancelled,Cancelled,False,0.5401614
1,0,0.46006897,Cancelled,Not Cancelled,False,0.53993106
1,0,0.4600865,Cancelled,Not Cancelled,False,0.53991354
0,1,0.53983325,Not Cancelled,Cancelled,False,0.53983325
0,1,0.5398131,Not Cancelled,Cancelled,False,0.5398131
1,0,0.4602215,Cancelled,Not Cancelled,False,0.5397785
1,0,0.46024543,Cancelled,Not Cancelled,False,0.53975457
0,1,0.5397411,Not Cancelled,Cancelled,False,0.5397411
1,0,0.46051285,Cancelled,Not Cancelled,False,0.5394871
1,0,0.46061167,Cancelled,Not Cancelled,False,0.5393883
0,1,0.5393095,Not Cancelled,Cancelled,False,0.5393095
1,0,0.46095395,Cancelled,Not Cancelled,False,0.53904605
1,0,0.4609944,Cancelled,Not Cancelled,False,0.53900564
1,0,0.46134928,Cancelled,Not Cancelled,False,0.53865075
1,0,0.46141127,Cancelled,Not Cancelled,False,0.53858876
1,0,0.46172628,Cancelled,Not Cancelled,False,0.5382737
1,0,0.4619248,Cancelled,Not Cancelled,False,0.5380752
1,0,0.46197584,Cancelled,Not Cancelled,False,0.5380242
0,1,0.5380203,Not Cancelled,Cancelled,False,0.5380203
1,0,0.4621282,Cancelled,Not Cancelled,False,0.53787184
0,1,0.5378531,Not Cancelled,Cancelled,False,0.5378531
1,0,0.46217248,Cancelled,Not Cancelled,False,0.5378275
0,1,0.53775764,Not Cancelled,Cancelled,False,0.53775764
0,1,0.5377393,Not Cancelled,Cancelled,False,0.5377393
0,1,0.5374787,Not Cancelled,Cancelled,False,0.5374787
1,0,0.46252385,Cancelled,Not Cancelled,False,0.5374762
1,0,0.46271065,Cancelled,Not Cancelled,False,0.5372894
1,0,0.46275935,Cancelled,Not Cancelled,False,0.5372406
1,0,0.4627598,Cancelled,Not Cancelled,False,0.5372402
1,0,0.46286812,Cancelled,Not Cancelled,False,0.5371319
1,0,0.46288532,Cancelled,Not Cancelled,False,0.5371147
1,0,0.46299306,Cancelled,Not Cancelled,False,0.537007
0,1,0.53690875,Not Cancelled,Cancelled,False,0.53690875
1,0,0.4630954,Cancelled,Not Cancelled,False,0.5369046
0,1,0.53683007,Not Cancelled,Cancelled,False,0.53683007
1,0,0.46327892,Cancelled,Not Cancelled,False,0.5367211
0,1,0.5366241,Not Cancelled,Cancelled,False,0.5366241
0,1,0.5366215,Not Cancelled,Cancelled,False,0.5366215
1,0,0.46338558,Cancelled,Not Cancelled,False,0.5366144
0,1,0.53648895,Not Cancelled,Cancelled,False,0.53648895
1,0,0.46354198,Cancelled,Not Cancelled,False,0.536458
0,1,0.536159,Not Cancelled,Cancelled,False,0.536159
0,1,0.5360983,Not Cancelled,Cancelled,False,0.5360983
1,0,0.46420562,Cancelled,Not Cancelled,False,0.5357944
0,1,0.5357701,Not Cancelled,Cancelled,False,0.5357701
0,1,0.53563744,Not Cancelled,Cancelled,False,0.53563744
1,0,0.46436983,Cancelled,Not Cancelled,False,0.53563017
0,1,0.5354853,Not Cancelled,Cancelled,False,0.5354853
0,1,0.53542995,Not Cancelled,Cancelled,False,0.53542995
0,1,0.53542525,Not Cancelled,Cancelled,False,0.53542525
0,1,0.53540176,Not Cancelled,Cancelled,False,0.53540176
1,0,0.4646207,Cancelled,Not Cancelled,False,0.5353793
1,0,0.46466178,Cancelled,Not Cancelled,False,0.5353382
0,1,0.53524125,Not Cancelled,Cancelled,False,0.53524125
1,0,0.46476477,Cancelled,Not Cancelled,False,0.5352352
0,1,0.53505516,Not Cancelled,Cancelled,False,0.53505516
0,1,0.535053,Not Cancelled,Cancelled,False,0.535053
1,0,0.46518135,Cancelled,Not Cancelled,False,0.53481865
0,1,0.53476864,Not Cancelled,Cancelled,False,0.53476864
1,0,0.4652528,Cancelled,Not Cancelled,False,0.53474724
0,1,0.5347113,Not Cancelled,Cancelled,False,0.5347113
1,0,0.4653332,Cancelled,Not Cancelled,False,0.5346668
0,1,0.5343506,Not Cancelled,Cancelled,False,0.5343506
1,0,0.4656816,Cancelled,Not Cancelled,False,0.5343184
1,0,0.4658555,Cancelled,Not Cancelled,False,0.5341445
1,0,0.46585563,Cancelled,Not Cancelled,False,0.5341444
1,0,0.46586597,Cancelled,Not Cancelled,False,0.53413403
0,1,0.53412807,Not Cancelled,Cancelled,False,0.53412807
0,1,0.53406495,Not Cancelled,Cancelled,False,0.53406495
0,1,0.53402203,Not Cancelled,Cancelled,False,0.53402203
1,0,0.46610457,Cancelled,Not Cancelled,False,0.53389543
0,1,0.53381413,Not Cancelled,Cancelled,False,0.53381413
1,0,0.46640813,Cancelled,Not Cancelled,False,0.53359187
0,1,0.5335242,Not Cancelled,Cancelled,False,0.5335242
1,0,0.46664238,Cancelled,Not Cancelled,False,0.5333576
1,0,0.46669322,Cancelled,Not Cancelled,False,0.5333068
1,0,0.46678272,Cancelled,Not Cancelled,False,0.5332173
1,0,0.46679547,Cancelled,Not Cancelled,False,0.53320456
1,0,0.46711692,Cancelled,Not Cancelled,False,0.53288305
1,0,0.4671507,Cancelled,Not Cancelled,False,0.5328493
0,1,0.5328453,Not Cancelled,Cancelled,False,0.5328453
1,0,0.46716452,Cancelled,Not Cancelled,False,0.5328355
0,1,0.5325597,Not Cancelled,Cancelled,False,0.5325597
0,1,0.5323343,Not Cancelled,Cancelled,False,0.5323343
1,0,0.46769837,Cancelled,Not Cancelled,False,0.53230166
0,1,0.53229743,Not Cancelled,Cancelled,False,0.53229743
0,1,0.53201544,Not Cancelled,Cancelled,False,0.53201544
0,1,0.53201216,Not Cancelled,Cancelled,False,0.53201216
1,0,0.46807134,Cancelled,Not Cancelled,False,0.53192866
0,1,0.53181934,Not Cancelled,Cancelled,False,0.53181934
1,0,0.46826178,Cancelled,Not Cancelled,False,0.5317382
0,1,0.5316917,Not Cancelled,Cancelled,False,0.5316917
0,1,0.53161055,Not Cancelled,Cancelled,False,0.53161055
1,0,0.46847287,Cancelled,Not Cancelled,False,0.53152716
1,0,0.46858814,Cancelled,Not Cancelled,False,0.5314119
0,1,0.5313023,Not Cancelled,Cancelled,False,0.5313023
1,0,0.4687205,Cancelled,Not Cancelled,False,0.5312795
0,1,0.5311803,Not Cancelled,Cancelled,False,0.5311803
0,1,0.5311122,Not Cancelled,Cancelled,False,0.5311122
1,0,0.46896502,Cancelled,Not Cancelled,False,0.53103495
1,0,0.46912467,Cancelled,Not Cancelled,False,0.5308753
0,1,0.5308258,Not Cancelled,Cancelled,False,0.5308258
1,0,0.46917832,Cancelled,Not Cancelled,False,0.5308217
0,1,0.5307444,Not Cancelled,Cancelled,False,0.5307444
0,1,0.53072685,Not Cancelled,Cancelled,False,0.53072685
0,1,0.53017485,Not Cancelled,Cancelled,False,0.53017485
1,0,0.46982884,Cancelled,Not Cancelled,False,0.53017116
1,0,0.46992528,Cancelled,Not Cancelled,False,0.5300747
1,0,0.4699572,Cancelled,Not Cancelled,False,0.53004277
0,1,0.52985907,Not Cancelled,Cancelled,False,0.52985907
1,0,0.47014847,Cancelled,Not Cancelled,False,0.52985156
1,0,0.4701799,Cancelled,Not Cancelled,False,0.5298201
1,0,0.47019142,Cancelled,Not Cancelled,False,0.5298086
0,1,0.5297801,Not Cancelled,Cancelled,False,0.5297801
1,0,0.47024676,Cancelled,Not Cancelled,False,0.5297532
0,1,0.52965856,Not Cancelled,Cancelled,False,0.52965856
1,0,0.47040057,Cancelled,Not Cancelled,False,0.5295994
1,0,0.47043237,Cancelled,Not Cancelled,False,0.5295676
1,0,0.47043917,Cancelled,Not Cancelled,False,0.5295608
1,0,0.4704475,Cancelled,Not Cancelled,False,0.52955246
1,0,0.47063792,Cancelled,Not Cancelled,False,0.5293621
1,0,0.47073042,Cancelled,Not Cancelled,False,0.5292696
0,1,0.5291373,Not Cancelled,Cancelled,False,0.5291373
0,1,0.52912337,Not Cancelled,Cancelled,False,0.52912337
0,1,0.529022,Not Cancelled,Cancelled,False,0.529022
0,1,0.52892476,Not Cancelled,Cancelled,False,0.52892476
1,0,0.47110856,Cancelled,Not Cancelled,False,0.52889144
0,1,0.5287492,Not Cancelled,Cancelled,False,0.5287492
0,1,0.5287326,Not Cancelled,Cancelled,False,0.5287326
1,0,0.47148266,Cancelled,Not Cancelled,False,0.52851737
0,1,0.5284043,Not Cancelled,Cancelled,False,0.5284043
1,0,0.47179514,Cancelled,Not Cancelled,False,0.52820486
1,0,0.47184193,Cancelled,Not Cancelled,False,0.52815807
1,0,0.47186202,Cancelled,Not Cancelled,False,0.528138
1,0,0.4720596,Cancelled,Not Cancelled,False,0.5279404
0,1,0.5279087,Not Cancelled,Cancelled,False,0.5279087
1,0,0.47230962,Cancelled,Not Cancelled,False,0.5276904
0,1,0.5276186,Not Cancelled,Cancelled,False,0.5276186
0,1,0.52743196,Not Cancelled,Cancelled,False,0.52743196
1,0,0.4726454,Cancelled,Not Cancelled,False,0.5273546
1,0,0.47273356,Cancelled,Not Cancelled,False,0.52726644
0,1,0.52696663,Not Cancelled,Cancelled,False,0.52696663
1,0,0.47305506,Cancelled,Not Cancelled,False,0.52694494
1,0,0.47309542,Cancelled,Not Cancelled,False,0.5269046
1,0,0.47318533,Cancelled,Not Cancelled,False,0.5268147
1,0,0.47333226,Cancelled,Not Cancelled,False,0.5266677
1,0,0.47333375,Cancelled,Not Cancelled,False,0.5266663
1,0,0.4734341,Cancelled,Not Cancelled,False,0.5265659
0,1,0.52639866,Not Cancelled,Cancelled,False,0.52639866
0,1,0.52632725,Not Cancelled,Cancelled,False,0.52632725
0,1,0.52623224,Not Cancelled,Cancelled,False,0.52623224
1,0,0.47414696,Cancelled,Not Cancelled,False,0.52585304
1,0,0.4741982,Cancelled,Not Cancelled,False,0.5258018
1,0,0.47433314,Cancelled,Not Cancelled,False,0.52566683
1,0,0.47433695,Cancelled,Not Cancelled,False,0.525663
1,0,0.4744973,Cancelled,Not Cancelled,False,0.5255027
1,0,0.47458124,Cancelled,Not Cancelled,False,0.52541876
1,0,0.47458658,Cancelled,Not Cancelled,False,0.5254134
1,0,0.4746482,Cancelled,Not Cancelled,False,0.52535176
1,0,0.47479576,Cancelled,Not Cancelled,False,0.52520424
1,0,0.4748621,Cancelled,Not Cancelled,False,0.5251379
1,0,0.47491285,Cancelled,Not Cancelled,False,0.5250871
1,0,0.47508198,Cancelled,Not Cancelled,False,0.524918
0,1,0.5248556,Not Cancelled,Cancelled,False,0.5248556
1,0,0.47523388,Cancelled,Not Cancelled,False,0.5247661
1,0,0.47544834,Cancelled,Not Cancelled,False,0.52455163
1,0,0.4754818,Cancelled,Not Cancelled,False,0.5245182
0,1,0.5243862,Not Cancelled,Cancelled,False,0.5243862
1,0,0.47566327,Cancelled,Not Cancelled,False,0.5243367
1,0,0.47589684,Cancelled,Not Cancelled,False,0.52410316
1,0,0.4760361,Cancelled,Not Cancelled,False,0.5239639
0,1,0.5239148,Not Cancelled,Cancelled,False,0.5239148
1,0,0.4763949,Cancelled,Not Cancelled,False,0.5236051
1,0,0.4764091,Cancelled,Not Cancelled,False,0.5235909
0,1,0.5235282,Not Cancelled,Cancelled,False,0.5235282
0,1,0.5234525,Not Cancelled,Cancelled,False,0.5234525
1,0,0.47668764,Cancelled,Not Cancelled,False,0.52331233
0,1,0.5230412,Not Cancelled,Cancelled,False,0.5230412
1,0,0.47733757,Cancelled,Not Cancelled,False,0.5226624
1,0,0.4773581,Cancelled,Not Cancelled,False,0.5226419
1,0,0.4773619,Cancelled,Not Cancelled,False,0.5226381
0,1,0.52250546,Not Cancelled,Cancelled,False,0.52250546
1,0,0.4775072,Cancelled,Not Cancelled,False,0.52249277
0,1,0.5224353,Not Cancelled,Cancelled,False,0.5224353
0,1,0.5224127,Not Cancelled,Cancelled,False,0.5224127
0,1,0.5223866,Not Cancelled,Cancelled,False,0.5223866
1,0,0.4776319,Cancelled,Not Cancelled,False,0.5223681
0,1,0.5223111,Not Cancelled,Cancelled,False,0.5223111
0,1,0.5222815,Not Cancelled,Cancelled,False,0.5222815
0,1,0.5220988,Not Cancelled,Cancelled,False,0.5220988
0,1,0.5220925,Not Cancelled,Cancelled,False,0.5220925
0,1,0.5219631,Not Cancelled,Cancelled,False,0.5219631
1,0,0.47820583,Cancelled,Not Cancelled,False,0.5217942
0,1,0.5216702,Not Cancelled,Cancelled,False,0.5216702
1,0,0.47839218,Cancelled,Not Cancelled,False,0.5216078
0,1,0.5214332,Not Cancelled,Cancelled,False,0.5214332
1,0,0.47864932,Cancelled,Not Cancelled,False,0.5213507
0,1,0.52134335,Not Cancelled,Cancelled,False,0.52134335
0,1,0.52125037,Not Cancelled,Cancelled,False,0.52125037
0,1,0.5212466,Not Cancelled,Cancelled,False,0.5212466
0,1,0.5212292,Not Cancelled,Cancelled,False,0.5212292
1,0,0.47896585,Cancelled,Not Cancelled,False,0.5210341
0,1,0.5207808,Not Cancelled,Cancelled,False,0.5207808
0,1,0.5207168,Not Cancelled,Cancelled,False,0.5207168
1,0,0.47957605,Cancelled,Not Cancelled,False,0.52042395
0,1,0.5203814,Not Cancelled,Cancelled,False,0.5203814
1,0,0.47988552,Cancelled,Not Cancelled,False,0.5201145
0,1,0.51995766,Not Cancelled,Cancelled,False,0.51995766
0,1,0.51990676,Not Cancelled,Cancelled,False,0.51990676
0,1,0.51989704,Not Cancelled,Cancelled,False,0.51989704
1,0,0.48034677,Cancelled,Not Cancelled,False,0.5196532
1,0,0.4803599,Cancelled,Not Cancelled,False,0.5196401
0,1,0.51963955,Not Cancelled,Cancelled,False,0.51963955
0,1,0.51946986,Not Cancelled,Cancelled,False,0.51946986
1,0,0.48059666,Cancelled,Not Cancelled,False,0.51940334
1,0,0.4806044,Cancelled,Not Cancelled,False,0.5193956
0,1,0.5192667,Not Cancelled,Cancelled,False,0.5192667
1,0,0.4807428,Cancelled,Not Cancelled,False,0.5192572
0,1,0.5192062,Not Cancelled,Cancelled,False,0.5192062
1,0,0.48100743,Cancelled,Not Cancelled,False,0.51899254
1,0,0.48101437,Cancelled,Not Cancelled,False,0.5189856
0,1,0.51893747,Not Cancelled,Cancelled,False,0.51893747
1,0,0.48106602,Cancelled,Not Cancelled,False,0.518934
0,1,0.51890004,Not Cancelled,Cancelled,False,0.51890004
1,0,0.48112652,Cancelled,Not Cancelled,False,0.51887345
1,0,0.48142505,Cancelled,Not Cancelled,False,0.51857495
1,0,0.4814806,Cancelled,Not Cancelled,False,0.5185194
1,0,0.48155218,Cancelled,Not Cancelled,False,0.5184478
1,0,0.48155957,Cancelled,Not Cancelled,False,0.5184404
1,0,0.48160037,Cancelled,Not Cancelled,False,0.5183996
1,0,0.48164773,Cancelled,Not Cancelled,False,0.51835227
0,1,0.5182914,Not Cancelled,Cancelled,False,0.5182914
1,0,0.4817551,Cancelled,Not Cancelled,False,0.51824486
1,0,0.48178288,Cancelled,Not Cancelled,False,0.5182171
1,0,0.4818186,Cancelled,Not Cancelled,False,0.51818144
1,0,0.48187152,Cancelled,Not Cancelled,False,0.5181285
1,0,0.48231924,Cancelled,Not Cancelled,False,0.51768076
1,0,0.48272625,Cancelled,Not Cancelled,False,0.5172738
0,1,0.51722443,Not Cancelled,Cancelled,False,0.51722443
0,1,0.5171717,Not Cancelled,Cancelled,False,0.5171717
0,1,0.517131,Not Cancelled,Cancelled,False,0.517131
1,0,0.48298883,Cancelled,Not Cancelled,False,0.51701117
1,0,0.48307115,Cancelled,Not Cancelled,False,0.51692885
0,1,0.5168125,Not Cancelled,Cancelled,False,0.5168125
1,0,0.4832848,Cancelled,Not Cancelled,False,0.51671517
1,0,0.483303,Cancelled,Not Cancelled,False,0.516697
1,0,0.48331487,Cancelled,Not Cancelled,False,0.5166851
1,0,0.48339775,Cancelled,Not Cancelled,False,0.5166023
0,1,0.51650816,Not Cancelled,Cancelled,False,0.51650816
1,0,0.4835588,Cancelled,Not Cancelled,False,0.5164412
0,1,0.51637757,Not Cancelled,Cancelled,False,0.51637757
0,1,0.5163608,Not Cancelled,Cancelled,False,0.5163608
1,0,0.483891,Cancelled,Not Cancelled,False,0.516109
0,1,0.51603144,Not Cancelled,Cancelled,False,0.51603144
0,1,0.5159974,Not Cancelled,Cancelled,False,0.5159974
0,1,0.5158777,Not Cancelled,Cancelled,False,0.5158777
1,0,0.48423845,Cancelled,Not Cancelled,False,0.51576155
0,1,0.515678,Not Cancelled,Cancelled,False,0.515678
0,1,0.5156123,Not Cancelled,Cancelled,False,0.5156123
0,1,0.5154932,Not Cancelled,Cancelled,False,0.5154932
0,1,0.5152393,Not Cancelled,Cancelled,False,0.5152393
0,1,0.51506686,Not Cancelled,Cancelled,False,0.51506686
0,1,0.5150607,Not Cancelled,Cancelled,False,0.5150607
1,0,0.48501113,Cancelled,Not Cancelled,False,0.5149889
1,0,0.4850887,Cancelled,Not Cancelled,False,0.5149113
0,1,0.51469946,Not Cancelled,Cancelled,False,0.51469946
1,0,0.48556527,Cancelled,Not Cancelled,False,0.5144347
1,0,0.48561227,Cancelled,Not Cancelled,False,0.5143877
0,1,0.5141882,Not Cancelled,Cancelled,False,0.5141882
1,0,0.485833,Cancelled,Not Cancelled,False,0.514167
1,0,0.4858967,Cancelled,Not Cancelled,False,0.5141033
1,0,0.4860262,Cancelled,Not Cancelled,False,0.51397383
1,0,0.48620322,Cancelled,Not Cancelled,False,0.5137968
1,0,0.4862372,Cancelled,Not Cancelled,False,0.51376283
0,1,0.5137564,Not Cancelled,Cancelled,False,0.5137564
0,1,0.5134051,Not Cancelled,Cancelled,False,0.5134051
0,1,0.5133994,Not Cancelled,Cancelled,False,0.5133994
0,1,0.5130941,Not Cancelled,Cancelled,False,0.5130941
1,0,0.48708105,Cancelled,Not Cancelled,False,0.51291895
0,1,0.51273155,Not Cancelled,Cancelled,False,0.51273155
1,0,0.48728877,Cancelled,Not Cancelled,False,0.5127112
0,1,0.51270556,Not Cancelled,Cancelled,False,0.51270556
1,0,0.48729992,Cancelled,Not Cancelled,False,0.5127001
1,0,0.48733598,Cancelled,Not Cancelled,False,0.512664
1,0,0.487511,Cancelled,Not Cancelled,False,0.51248896
1,0,0.48759517,Cancelled,Not Cancelled,False,0.5124048
0,1,0.5122147,Not Cancelled,Cancelled,False,0.5122147
1,0,0.48786077,Cancelled,Not Cancelled,False,0.5121392
1,0,0.4880012,Cancelled,Not Cancelled,False,0.5119988
1,0,0.4880505,Cancelled,Not Cancelled,False,0.51194954
0,1,0.51192725,Not Cancelled,Cancelled,False,0.51192725
1,0,0.48818642,Cancelled,Not Cancelled,False,0.5118136
1,0,0.48822412,Cancelled,Not Cancelled,False,0.51177585
0,1,0.51176983,Not Cancelled,Cancelled,False,0.51176983
0,1,0.51175356,Not Cancelled,Cancelled,False,0.51175356
0,1,0.51155454,Not Cancelled,Cancelled,False,0.51155454
1,0,0.4886691,Cancelled,Not Cancelled,False,0.5113309
0,1,0.51118886,Not Cancelled,Cancelled,False,0.51118886
1,0,0.48883614,Cancelled,Not Cancelled,False,0.51116383
1,0,0.48885065,Cancelled,Not Cancelled,False,0.51114935
0,1,0.5111469,Not Cancelled,Cancelled,False,0.5111469
1,0,0.48893425,Cancelled,Not Cancelled,False,0.5110657
1,0,0.48913795,Cancelled,Not Cancelled,False,0.51086205
1,0,0.48921433,Cancelled,Not Cancelled,False,0.5107857
0,1,0.5107262,Not Cancelled,Cancelled,False,0.5107262
0,1,0.5106903,Not Cancelled,Cancelled,False,0.5106903
0,1,0.51067775,Not Cancelled,Cancelled,False,0.51067775
0,1,0.51066136,Not Cancelled,Cancelled,False,0.51066136
0,1,0.51061296,Not Cancelled,Cancelled,False,0.51061296
0,1,0.5105219,Not Cancelled,Cancelled,False,0.5105219
0,1,0.51048917,Not Cancelled,Cancelled,False,0.51048917
0,1,0.5100386,Not Cancelled,Cancelled,False,0.5100386
1,0,0.49015066,Cancelled,Not Cancelled,False,0.5098493
1,0,0.49021322,Cancelled,Not Cancelled,False,0.5097868
0,1,0.5096629,Not Cancelled,Cancelled,False,0.5096629
0,1,0.509653,Not Cancelled,Cancelled,False,0.509653
1,0,0.49036023,Cancelled,Not Cancelled,False,0.50963974
0,1,0.50946516,Not Cancelled,Cancelled,False,0.50946516
1,0,0.49056223,Cancelled,Not Cancelled,False,0.5094378
1,0,0.49067402,Cancelled,Not Cancelled,False,0.509326
1,0,0.49072087,Cancelled,Not Cancelled,False,0.50927913
1,0,0.49088868,Cancelled,Not Cancelled,False,0.5091113
0,1,0.50904113,Not Cancelled,Cancelled,False,0.50904113
0,1,0.5088971,Not Cancelled,Cancelled,False,0.5088971
1,0,0.49124628,Cancelled,Not Cancelled,False,0.5087537
1,0,0.49162424,Cancelled,Not Cancelled,False,0.50837576
0,1,0.50833684,Not Cancelled,Cancelled,False,0.50833684
1,0,0.49180633,Cancelled,Not Cancelled,False,0.5081937
0,1,0.5081862,Not Cancelled,Cancelled,False,0.5081862
1,0,0.4919991,Cancelled,Not Cancelled,False,0.5080009
0,1,0.507944,Not Cancelled,Cancelled,False,0.507944
0,1,0.50784874,Not Cancelled,Cancelled,False,0.50784874
1,0,0.49215472,Cancelled,Not Cancelled,False,0.5078453
1,0,0.49238425,Cancelled,Not Cancelled,False,0.50761575
0,1,0.5075972,Not Cancelled,Cancelled,False,0.5075972
0,1,0.50759715,Not Cancelled,Cancelled,False,0.50759715
0,1,0.507545,Not Cancelled,Cancelled,False,0.507545
0,1,0.507306,Not Cancelled,Cancelled,False,0.507306
0,1,0.50724965,Not Cancelled,Cancelled,False,0.50724965
1,0,0.49282065,Cancelled,Not Cancelled,False,0.5071794
0,1,0.5067167,Not Cancelled,Cancelled,False,0.5067167
0,1,0.5062587,Not Cancelled,Cancelled,False,0.5062587
1,0,0.4938255,Cancelled,Not Cancelled,False,0.5061745
0,1,0.506097,Not Cancelled,Cancelled,False,0.506097
1,0,0.4939542,Cancelled,Not Cancelled,False,0.5060458
1,0,0.49405092,Cancelled,Not Cancelled,False,0.5059491
1,0,0.4940739,Cancelled,Not Cancelled,False,0.50592613
0,1,0.5058942,Not Cancelled,Cancelled,False,0.5058942
1,0,0.4941079,Cancelled,Not Cancelled,False,0.5058921
1,0,0.4943428,Cancelled,Not Cancelled,False,0.5056572
1,0,0.49440506,Cancelled,Not Cancelled,False,0.50559497
1,0,0.49449703,Cancelled,Not Cancelled,False,0.50550294
0,1,0.5054362,Not Cancelled,Cancelled,False,0.5054362
1,0,0.49467328,Cancelled,Not Cancelled,False,0.50532675
1,0,0.49471587,Cancelled,Not Cancelled,False,0.50528413
1,0,0.49474025,Cancelled,Not Cancelled,False,0.50525975
0,1,0.5050321,Not Cancelled,Cancelled,False,0.5050321
1,0,0.49497584,Cancelled,Not Cancelled,False,0.5050242
0,1,0.5048077,Not Cancelled,Cancelled,False,0.5048077
0,1,0.50473076,Not Cancelled,Cancelled,False,0.50473076
0,1,0.50454456,Not Cancelled,Cancelled,False,0.50454456
1,0,0.49545547,Cancelled,Not Cancelled,False,0.5045445
1,0,0.49551255,Cancelled,Not Cancelled,False,0.50448745
0,1,0.50443554,Not Cancelled,Cancelled,False,0.50443554
1,0,0.49585307,Cancelled,Not Cancelled,False,0.50414693
1,0,0.49586573,Cancelled,Not Cancelled,False,0.5041343
0,1,0.5040604,Not Cancelled,Cancelled,False,0.5040604
1,0,0.49600375,Cancelled,Not Cancelled,False,0.50399625
1,0,0.49608037,Cancelled,Not Cancelled,False,0.5039196
1,0,0.49612075,Cancelled,Not Cancelled,False,0.50387925
0,1,0.5038395,Not Cancelled,Cancelled,False,0.5038395
1,0,0.4962069,Cancelled,Not Cancelled,False,0.5037931
0,1,0.50370365,Not Cancelled,Cancelled,False,0.50370365
0,1,0.5036847,Not Cancelled,Cancelled,False,0.5036847
0,1,0.50348336,Not Cancelled,Cancelled,False,0.50348336
0,1,0.5034827,Not Cancelled,Cancelled,False,0.5034827
1,0,0.49662876,Cancelled,Not Cancelled,False,0.50337124
1,0,0.49667662,Cancelled,Not Cancelled,False,0.5033234
0,1,0.5032897,Not Cancelled,Cancelled,False,0.5032897
0,1,0.5030865,Not Cancelled,Cancelled,False,0.5030865
1,0,0.49699336,Cancelled,Not Cancelled,False,0.50300664
1,0,0.49719074,Cancelled,Not Cancelled,False,0.5028093
1,0,0.4971995,Cancelled,Not Cancelled,False,0.50280046
0,1,0.5027799,Not Cancelled,Cancelled,False,0.5027799
1,0,0.49759254,Cancelled,Not Cancelled,False,0.50240743
0,1,0.5023405,Not Cancelled,Cancelled,False,0.5023405
0,1,0.502303,Not Cancelled,Cancelled,False,0.502303
1,0,0.49772918,Cancelled,Not Cancelled,False,0.5022708
1,0,0.49775326,Cancelled,Not Cancelled,False,0.50224674
1,0,0.497771,Cancelled,Not Cancelled,False,0.502229
0,1,0.5020688,Not Cancelled,Cancelled,False,0.5020688
0,1,0.5020595,Not Cancelled,Cancelled,False,0.5020595
1,0,0.49806517,Cancelled,Not Cancelled,False,0.5019348
1,0,0.49812308,Cancelled,Not Cancelled,False,0.50187695
0,1,0.5018417,Not Cancelled,Cancelled,False,0.5018417
1,0,0.4981968,Cancelled,Not Cancelled,False,0.50180316
0,1,0.50180227,Not Cancelled,Cancelled,False,0.50180227
1,0,0.49824664,Cancelled,Not Cancelled,False,0.50175333
1,0,0.498256,Cancelled,Not Cancelled,False,0.50174403
0,1,0.5017345,Not Cancelled,Cancelled,False,0.5017345
0,1,0.5017168,Not Cancelled,Cancelled,False,0.5017168
0,1,0.5015763,Not Cancelled,Cancelled,False,0.5015763
1,0,0.4985827,Cancelled,Not Cancelled,False,0.5014173
1,0,0.49859288,Cancelled,Not Cancelled,False,0.50140715
1,0,0.49873227,Cancelled,Not Cancelled,False,0.50126773
1,0,0.4987824,Cancelled,Not Cancelled,False,0.5012176
1,0,0.49878263,Cancelled,Not Cancelled,False,0.50121737
0,1,0.50104475,Not Cancelled,Cancelled,False,0.50104475
1,0,0.49927542,Cancelled,Not Cancelled,False,0.50072455
1,0,0.4992791,Cancelled,Not Cancelled,False,0.50072086
0,1,0.500417,Not Cancelled,Cancelled,False,0.500417
1,0,0.49973407,Cancelled,Not Cancelled,False,0.50026596
1,0,0.4997596,Cancelled,Not Cancelled,False,0.5002404
0,1,0.5002007,Not Cancelled,Cancelled,False,0.5002007
0,1,0.5001383,Not Cancelled,Cancelled,False,0.5001383
